Timer,ID,Station,Code Station,Ebikes,Mechanical Bikes,Bikes Available,Docks Available,Capacity,Coordonnees Geo
2026-02-06 02:33:22,490430e4f3afebf3ecfa4c30ebce229e4143844c,,32304,1,1,2,23,,
2026-02-06 02:33:22,f1e9c8e58c5a9c52fa715586544c7d72788d9ae9,,11104,9,1,10,10,,
2026-02-06 02:33:22,4b4f167fe4ca6a55bfe3a6d6cd132a754a7d436b,,6003,1,9,10,10,,
2026-02-06 02:33:22,18d5f3da7586f56836c51a260ea0bdb842b56664,,5110,3,1,4,19,,
2026-02-06 02:33:22,75e72537429ce6c478d6860e20c144a67a997b74,,6108,2,3,5,12,,
2026-02-06 02:33:22,c1d9681d0eafaee2a52a1bc0f2d864fdaf37591b,,25006,6,1,7,15,,
2026-02-06 02:33:22,b341fee5f2b25bac413e9284b70b804e08afad60,,30002,12,4,16,20,,
2026-02-06 02:33:22,f4daf54a97ef7b80ca62b857d51ff218d0d41428,,7003,2,0,2,58,,
2026-02-06 02:33:22,56250b6dd7341e8b8a46ebf10b5fc921f9fae8eb,,17041,3,17,20,13,,
2026-02-06 02:33:22,e8d130d7a33ce8bf58c8084d1a4c98536918dcfe,,11025,5,31,36,7,,
2026-02-06 02:33:22,bc84832bf812862823e2f7c8fe8b9657504fb35b,,15047,2,5,7,44,,
2026-02-06 02:33:22,d5a2c2c104a12ff8a234ce68b2aaa7828f2f53ea,,6021,0,7,7,12,,
2026-02-06 02:33:22,6b18ea4f82b20bc900b881ee82d0e942c8932328,,13007,8,9,17,30,,
2026-02-06 02:33:22,0ad330c3b95c9529f37ea32f60f6fc2cd9da1439,,21010,4,2,6,18,,
2026-02-06 02:33:22,5d46924a269dd7d3fc3efab0556dc1b8126d70d0,,13101,2,7,9,24,,
2026-02-06 02:33:22,849899444c57837fdf040aeca209415fe741976f,,21108,17,21,38,10,,
2026-02-06 02:33:22,ec48a78291256bde0eb58d44ae46841d0a257e55,,2022,3,3,6,28,,
2026-02-06 02:33:22,9f4df633de23ee890f75be919ba607673b8277c3,,17044,1,0,1,39,,
2026-02-06 02:33:22,fec222edcb3f6011dd4b41c40860a5fa1441f747,,17025,7,12,19,16,,
2026-02-06 02:33:22,211ac106199c2e3359edfa5c0c033a27fe68935e,,21326,7,2,9,11,,
2026-02-06 02:33:22,a5e8ceaf5ce6722312e0bf74c32cb1825fe04dfc,,20143,9,2,11,33,,
2026-02-06 02:33:22,d34a78b1d9f85687246a0848d435dabd185bcd37,,43002,5,3,8,18,,
2026-02-06 02:33:22,98eb1d9582e61f6690a36cc70003b9d2a251a96a,,21216,7,1,8,17,,
2026-02-06 02:33:22,9856e63356d0a7235a42a6a7b240279eb39454e9,,92002,5,1,6,16,,
2026-02-06 02:33:22,3b4ce9d6657b2c52954de91d7efe8c50be1d5700,,8103,0,0,0,37,,
2026-02-06 02:33:22,df0a129d4368e08bfcc6375c1bdb27541dc9a28e,,44017,10,14,24,4,,
2026-02-06 02:33:22,b2156b21d54d4289c625e73389a51c7e12233a00,,44010,1,24,25,3,,
2026-02-06 02:33:22,5e61db68a6e2373321b034c6b9b2a790140e3256,,16118,2,12,14,11,,
2026-02-06 02:33:22,416eb31e1de533e4d575bd3f47af79860cadf84a,,8048,0,1,1,20,,
2026-02-06 02:33:22,b28d4a4d25414302feab640980837cf409863060,,13118,7,51,58,1,,
2026-02-06 02:33:22,ba8e215df05e589a21bd015abd6448eb1447b304,,15112,5,3,8,15,,
2026-02-06 02:33:22,d2fb1176551e4f795c27d4c8b4be8847774b3182,,9002,3,6,9,3,,
2026-02-06 02:33:22,9f909bf757ff20613e6ecc796397ffb0114f61e4,,43009,24,7,31,16,,
2026-02-06 02:33:22,5153a4174edeaec397c6282ec8e1c02f9091d722,,8016,1,6,7,19,,
2026-02-06 02:33:22,5328d2c3afaaa848aa7d736f44148fef600afb31,,10115,9,0,9,17,,
2026-02-06 02:33:22,ac93974b397b08218da02008ba2b1ed580f6d1ad,,41303,7,1,8,23,,
2026-02-06 02:33:22,5be3a24ba352c835c431ec18aa34792453124713,,13104,1,12,13,12,,
2026-02-06 02:33:22,057007279c607154f36cccbbf0c07ba5a564dc2d,,31103,8,1,9,22,,
2026-02-06 02:33:22,f22b6665690f83ed8d0b6edced1e5a302a135629,,7018,6,2,8,10,,
2026-02-06 02:33:22,21d14808eb263310c2cf68de79d84ec2509468da,,5005,0,2,2,37,,
2026-02-06 02:33:22,00db51bf38e7296e842f7f303cda9a7eef5b529d,,8053,0,1,1,28,,
2026-02-06 02:33:22,9deccdc1d10310b6eb7b94018f4faf7f06f90035,,9106,0,7,7,21,,
2026-02-06 02:33:22,5a3e1ff951e7550fedfb1071a5b9f343bd5d3e7a,,19105,2,1,3,13,,
2026-02-06 02:33:22,fb7b55a45de5868e5f69eaabda6b1b7bb4a101f9,,31706,3,2,5,17,,
2026-02-06 02:33:22,7fe3126e7c5e2049e5cb3345e295ba09c043cdd1,,22409,8,2,10,6,,
2026-02-06 02:33:22,6f6f8eaa9a7dd48128087af82b135f6a2760b0cf,,51006,0,0,0,26,,
2026-02-06 02:33:22,6900b4aef4fcc86a7b7af6f05f30ef7660556852,,19015,14,8,22,1,,
2026-02-06 02:33:22,82528bec6d135426ca6692c764ca3f0402900234,,9022,1,3,4,27,,
2026-02-06 02:33:22,2b158f486bf7120c69cc640ac482ab1e5b205f8a,,19003,0,1,1,23,,
2026-02-06 02:33:22,6c5cc810f5c24d006152e37bbee577d354e6a26e,,12151,1,17,18,40,,
2026-02-06 02:33:22,88085d3377a4d672d3cd1b3f56347ec89bbc09f5,,16026,7,1,8,15,,
2026-02-06 02:33:22,df0239c973dc6cd3831f124a63557e4c6eb5d37d,,17043,3,7,10,29,,
2026-02-06 02:33:22,025f73b8a1a2414705da697915456ec982efc94b,,16039,4,10,14,35,,
2026-02-06 02:33:22,7c73b969c18409b296a0db1b3a9102c7a7da6b67,,11002,1,10,11,12,,
2026-02-06 02:33:22,7f6e064e973c2e53045aea553b768890540ae90a,,12111,8,7,15,29,,
2026-02-06 02:33:22,b3a0858bd9420dab2869ff8b76991899bce069f9,,8034,1,3,4,44,,
2026-02-06 02:33:22,cf7eab28f9bb899ab5aab9e78d15360da54d139c,,19043,12,7,19,32,,
2026-02-06 02:33:22,d4083abe2dc8f53a3ec060507901b4706fc0aba3,,18107,4,2,6,27,,
2026-02-06 02:33:22,e3779545b8801b1a97c7ffb62be2dc29bb46bb36,,15067,4,1,5,7,,
2026-02-06 02:33:22,814089835b6cd2ae75cc1df87ab34b0da907a204,,16108,0,1,1,37,,
2026-02-06 02:33:22,a1f2d81e6777650966e52115a81ed97067bfc6f0,,6006,0,1,1,17,,
2026-02-06 02:33:22,41137c7751e23a32be01bd2b79cbc85717246385,,12128,1,1,2,32,,
2026-02-06 02:33:22,30b775ab2f7b616f83439eb21d137d7a7611dabb,,31022,10,5,15,37,,
2026-02-06 02:33:22,3b7103bb166c57068e8d8fb74ec8f825e6a01e45,,41302,7,4,11,38,,
2026-02-06 02:33:22,a7a9529e45787ac5b919554000fb7dce049343fc,,14020,3,16,19,39,,
2026-02-06 02:33:22,8551abd5b53a5b6efb18863b5e5829a4e991e220,,15042,0,0,0,14,,
2026-02-06 02:33:22,0cbc6f5e7189de46b97cc5d70350377f3dc5f92c,,18011,19,4,23,14,,
2026-02-06 02:33:22,0589fd9c85f73041fe8af472580c2f0c99459284,,33102,10,5,15,0,,
2026-02-06 02:33:22,dcdcefcb24fd4d57c73d5fecb33b2e79907f21f5,,42706,5,0,5,18,,
2026-02-06 02:33:22,c074fa3ae98312a3328caf6b0aceda5f07323956,,44006,5,1,6,26,,
2026-02-06 02:33:22,4797658e933630f0c602fd2888b4048b766ea26f,,20042,5,9,14,24,,
2026-02-06 02:33:22,3f9f581751e1137b17b06a69b3c5d10b31f448f8,,15104,0,49,49,29,,
2026-02-06 02:33:22,255b34a09f0ae34effaffabeb99bfb28a4d9ef75,,43008,8,8,16,8,,
2026-02-06 02:33:22,7b959e9107ffa2d2ab535cea4b6f389af3e57e09,,19101,3,0,3,17,,
2026-02-06 02:33:22,c5469d8440ea78102dd3b2ba6f83ebebe24bb183,,17204,3,23,26,4,,
2026-02-06 02:33:22,466f8d44efc1b8b10a2556ea7fc0fdba2f3f0d8b,,14138,1,0,1,31,,
2026-02-06 02:33:22,8915f3b89ec77c4cede902837756b6e9c3fc89fe,,12114,5,3,8,20,,
2026-02-06 02:33:22,f567a4613450787f9ae2cd8e8134163a3c3219f3,,41209,4,0,4,11,,
2026-02-06 02:33:22,2360cf86e18d292855dcbeb2a741529006dba605,,21312,11,0,11,19,,
2026-02-06 02:33:22,5a70656872ec12500ebf42f9a7b28cea74edd1f3,,4016,1,25,26,31,,
2026-02-06 02:33:22,9efb142b48cc08e8ab946e23a326b345ef29e216,,8017,2,2,4,60,,
2026-02-06 02:33:22,19ada6edb5c54e7470da6494273a0572ea37494b,,5124,1,1,2,21,,
2026-02-06 02:33:22,e937c9004dc18c8cbf9f31df61d64d081730be9f,,14106,1,0,1,20,,
2026-02-06 02:33:22,0a4b23ca206a6ea735c0468409ec4d343230a2b5,,2111,2,6,8,20,,
2026-02-06 02:33:22,170544d408cdec5762ab245eb4d58d39f72fe106,,8054,0,1,1,31,,
2026-02-06 02:33:22,a9ebd0a2e6d4b966f31e0c426006848bfe88ec2f,,15109,3,24,27,1,,
2026-02-06 02:33:22,70bf6328ff83dd4b5fb7710355c1a68890107f05,,10042,5,5,10,21,,
2026-02-06 02:33:22,a64279bdd935dd3c883fdce31d10493a8b7227d9,,19103,4,2,6,13,,
2026-02-06 02:33:22,66d7fc552704626653b10fe20efb5757b5fb5492,,17203,7,6,13,14,,
2026-02-06 02:33:22,aa7d0c7782be0b9a838426cf566f1cc5ed3c04b3,,42014,5,22,27,3,,
2026-02-06 02:33:22,ee16b9f3fc05c4a886299edae4cd336ee0cd90a9,,21005,7,13,20,6,,
2026-02-06 02:33:22,0980ba658156dba7d45647ec7e346100e5b8f7c7,,5203,3,0,3,16,,
2026-02-06 02:33:22,a907e1777bd2dda1b81e0bd8a084bebfd71faafe,,15133,3,21,24,2,,
2026-02-06 02:33:22,ff292a88bbb2c200bd20dda1ed7d36fcde3c3121,,15110,2,19,21,2,,
2026-02-06 02:33:22,a711d1d8ce8f50723203061f39ca2bd470c81408,,21006,5,7,12,14,,
2026-02-06 02:33:22,1adf9ac899326bf321df797629a58c9279c17a76,,35010,12,5,17,2,,
2026-02-06 02:33:22,518adc8234902b640ea8e64932a2b21c7bedaef3,,44003,7,12,19,1,,
2026-02-06 02:33:22,61a0d4364ba0a18e417e1497a94a2c5b163d267c,,5028,4,20,24,0,,
2026-02-06 02:33:22,4b9e9ef186b0a5d75afec3ebdbd5aa968c2f2d20,,20115,12,6,18,1,,
2026-02-06 02:33:22,6251a0321e32edbe4cb15dadc7ad7020330c7ccf,,9116,2,4,6,17,,
2026-02-06 02:33:22,89b34c80fd872db71d3ed0f8a7006feb6ee97726,,4201,1,4,5,7,,
2026-02-06 02:33:22,57f0ddcd10cc1416563f0a2ff82bdf0ed993edcf,,11026,12,20,32,12,,
2026-02-06 02:33:22,c3fb19daf37dd149c683421b90690c760af31818,,32604,4,0,4,44,,
2026-02-06 02:33:22,70ac6a9cd1700920e93679d28caafe102c4d573a,,23006,11,4,15,10,,
2026-02-06 02:33:22,7ccd755eef0d29b5a82f344a047470e993531314,,15021,11,46,57,5,,
2026-02-06 02:33:22,390fb53ed23a126f216709ea20fa71cc5ad25160,,9010,2,4,6,18,,
2026-02-06 02:33:22,79c02d56fd2d99d319f869241fb355ffe518d4b8,,18009,6,1,7,14,,
2026-02-06 02:33:22,d25151170e72cdf69ced30e6e381cba4b6825ab6,,43005,6,0,6,45,,
2026-02-06 02:33:22,ab0962eed17103541a81c3b9afbb3b3332fa47b2,,21701,10,2,12,17,,
2026-02-06 02:33:22,49168a10a36ae4bddcda648a956a79814e4a7317,,16008,1,1,2,28,,
2026-02-06 02:33:22,cd29395053fcc9257c2bd3d9073862d1335df709,,22003,6,4,10,16,,
2026-02-06 02:33:22,d5f4917659826a752930b22f1ccbc41e9185fc01,,11024,6,26,32,18,,
2026-02-06 02:33:22,a86cb5bf58642b67a7951378be00444738ad57b7,,19022,5,5,10,14,,
2026-02-06 02:33:22,19c349de8ec0d928ede5d19bd1ea8a44e79344c3,,11105,3,12,15,32,,
2026-02-06 02:33:22,dcb6d2376ccbafb9bc2594d09fc06940bc73fe2b,,21008,10,23,33,1,,
2026-02-06 02:33:22,7fdf0225d3c02f66a3bdbcf3ec243176f258ca76,,8056,1,1,2,27,,
2026-02-06 02:33:22,2ec2998dfb67c4c5b1423e185dbe8efce3634c16,,22016,6,3,9,17,,
2026-02-06 02:33:22,5aae640c1d07edfd9b97f8be6adde791bc222fb3,,32302,4,0,4,11,,
2026-02-06 02:33:22,7cf6035bf66340afcf27cebc10cbcfa9ff74a1b2,,11035,9,13,22,29,,
2026-02-06 02:33:22,48347edaf92007baf97021fcdf0c7ffcb7d4db1a,,15046,14,6,20,7,,
2026-02-06 02:33:22,7fbca8b2a8cc7ca1c3cad33fb1a266c07131250b,,46001,5,1,6,13,,
2026-02-06 02:33:22,c766062ca544d6b3e6517e67ac8c01311a9dc9c8,,16040,4,5,9,23,,
2026-02-06 02:33:22,501411a1a7aa9e586baebed53c9c2a5903d1ddd3,,17028,2,13,15,22,,
2026-02-06 02:33:22,377e346c12c202451d94da1b5a2a468bf560eb17,,42302,6,3,9,12,,
2026-02-06 02:33:22,9b9287a406c94db6a2e9c223f3a1e4081f9135bd,,19016,10,4,14,16,,
2026-02-06 02:33:22,10a4346719a98fe483df1eb91049be008cde167f,,1013,1,34,35,31,,
2026-02-06 02:33:22,e1363cbbc985e750b676ae3d3ac47bfb2f60a848,,7102,3,6,9,37,,
2026-02-06 02:33:22,62cca361658ff6850b69e0485c0a22dad30e90e0,,8050,2,1,3,40,,
2026-02-06 02:33:22,ba83a292b4558fd72853da7783ce2a5f21982255,,42301,5,2,7,19,,
2026-02-06 02:33:22,64754f7120bc5705546778248fe33f0f967e9ad3,,43003,5,3,8,16,,
2026-02-06 02:33:22,226818d479c162b2456c5081790b7a0cc907ac4d,,42504,13,1,14,15,,
2026-02-06 02:33:22,d4baeacdda4b99522c9640300176cde981799f9e,,20043,7,0,7,19,,
2026-02-06 02:33:22,4de92089aac9dff4a50de4ddc2d3074f8d975269,,42015,12,8,20,3,,
2026-02-06 02:33:22,2e3ed091bb5e2f154bcd6f1516e761687e40558b,,15201,8,4,12,25,,
2026-02-06 02:33:22,4b535d955f451854669d9651307984d655e967f3,,31010,14,1,15,26,,
2026-02-06 02:33:22,8b4282c322b2cd0347ea3aba94b6f350ce09003b,,51004,13,5,18,11,,
2026-02-06 02:33:22,e8cd87a76dad8673c68f1d08211adcfed17b0839,,19125,15,10,25,1,,
2026-02-06 02:33:22,e421bea6ff29779d1cb22ffadc3821028ef039ca,,12009,1,15,16,2,,
2026-02-06 02:33:22,629445a0bbedfa29dc04d47e294a58216ef69ded,,19205,14,1,15,6,,
2026-02-06 02:33:22,536065621992421da95e72c872ee70f60d3bcc77,,5123,0,17,17,12,,
2026-02-06 02:33:22,c65e0fdd941f85d10a4e60fd03daf671ae981b4a,,4015,3,12,15,26,,
2026-02-06 02:33:22,8d8576979caf6af17654233f24ab7dfa7d45af38,,9021,2,7,9,13,,
2026-02-06 02:33:22,71e1e06b6a2ca734bdc5b0e0e34fb7de1a2cb579,,23009,0,2,2,47,,
2026-02-06 02:33:22,514cc9957a6592a29d4cb600593d56ab77d93448,,12027,4,8,12,2,,
2026-02-06 02:33:22,9287d5d6809be51946780e8396e9058b15237e93,,8035,2,2,4,32,,
2026-02-06 02:33:22,13c726b17a7f82b49f9433739af9b585c87c0ecf,,17102,4,15,19,9,,
2026-02-06 02:33:22,27618a05e963b9ba42d04c2573be5e2bb5c4278b,,28001,9,7,16,10,,
2026-02-06 02:33:22,9bd90a6d3f4d6de782f771cbb93ea4fc5fb9737d,,35018,3,3,6,16,,
2026-02-06 02:33:22,c90a9e8e90491f271fdcb0dde388cdfad25d382b,,18110,10,3,13,5,,
2026-02-06 02:33:22,eae18796aea93b4f4313f82d093cba22c1962117,,41606,8,1,9,9,,
2026-02-06 02:33:22,37793ec87a0b9eedf7742f77bed95103c2e58bfe,,17011,1,50,51,3,,
2026-02-06 02:33:22,5718712b8040d242079ef5ceb06cc1c8ba85c849,,17045,5,7,12,33,,
2026-02-06 02:33:22,f476e20bcc0d2d846cc339b2814e5184b710742d,,43402,4,22,26,13,,
2026-02-06 02:33:22,2c4a758318b4134b86c146957eaaa0f46c30a5c6,,12013,3,2,5,9,,
2026-02-06 02:33:22,d466d84d3e0a8e498c8ae8cf617cacb3241c9f43,,5021,3,9,12,27,,
2026-02-06 02:33:22,d553fec4cc7b3dc3fcd71e5b27bc2a0872b3d369,,7015,1,1,2,44,,
2026-02-06 02:33:22,37c39b62934ac9f276e9e41326c8ae6ec4c5f3f5,,8033,1,1,2,39,,
2026-02-06 02:33:22,a676e17abb16bef97791073a5184e07ec5c34674,,16121,4,14,18,14,,
2026-02-06 02:33:22,3dc3f41be84a412ad34a5c012acdc193335e58a3,,23001,8,4,12,26,,
2026-02-06 02:33:22,380c54712f27063da278203ef83f8f6ebfda1f1b,,33003,15,10,25,22,,
2026-02-06 02:33:22,9ca6c50fbd791f552aa594922ba0d47a2fbcd2ad,,25005,12,5,17,8,,
2026-02-06 02:33:22,83972c8c5dafabc665e9acad10ba0a8215884a7c,,22505,5,7,12,8,,
2026-02-06 02:33:22,9585322a6311e9445fac2460bb2097eb10ffe76d,,32010,3,1,4,34,,
2026-02-06 02:33:22,e57b43ef07f4e6981d7f63e497d6e03ce32f63fd,,16018,9,9,18,0,,
2026-02-06 02:33:22,6319184467437d76818eec72770b99855e8376cb,,12034,0,21,21,28,,
2026-02-06 02:33:22,ac950228af67ea9252544eb0785bce3d432da54c,,24002,8,8,16,18,,
2026-02-06 02:33:22,0f6af47b2c6f32c22787aaa65b78904bc89ce213,,14117,3,1,4,37,,
2026-02-06 02:33:22,4e6d493ddc43e675fb9a15c5e5fca4c6707ff178,,20132,4,1,5,21,,
2026-02-06 02:33:22,1584e4e2ff4c4259f350a1b281bf96a8a879f774,,42707,0,0,0,24,,
2026-02-06 02:33:22,d0d7aff734e1f9416aa84ed5dcf0c5fbabb14b2e,,8055,3,2,5,24,,
2026-02-06 02:33:22,b2e82d52757316f9d4d20dd914cc279cb589d868,,27002,7,13,20,7,,
2026-02-06 02:33:22,78816166ac443d6a6a2b2eb763eed7d23759258f,,23701,1,14,15,8,,
2026-02-06 02:33:22,e12e70f98a53f0995592b579db1028e06503ef3c,,17007,8,7,15,39,,
2026-02-06 02:33:22,234b98c761aa9f163ac23137a774333c0614eda3,,31012,1,5,6,19,,
2026-02-06 02:33:22,4bbe92b4d7eb479733188c28d992c99ab28c7712,,12024,2,20,22,12,,
2026-02-06 02:33:22,d25f182870c07365024d0d036d9f2d2358f12e1a,,16129,2,7,9,32,,
2026-02-06 02:33:22,b793030caeeefe92e88c4e8e291cb3865d149f6a,,35019,9,11,20,6,,
2026-02-06 02:33:22,ae8df3716338363df6b80bdef82fc4d1419e4f17,,20119,5,0,5,20,,
2026-02-06 02:33:22,30f8807a2bd48aefbbc49c05a2b670c8f305c552,,6030,2,5,7,26,,
2026-02-06 02:33:22,3c37d4eea326672bdf68c8038977ab3678cc2dd8,,23802,8,2,10,13,,
2026-02-06 02:33:22,79d78d058c2b9d74beb6225df14a6837f95bacf1,,19019,9,5,14,7,,
2026-02-06 02:33:22,af7e8ee2dd874f10606eecac8d708ca02640e4b5,,17018,3,1,4,13,,
2026-02-06 02:33:22,8a9ef235f7761799af637699cefd0b4cd7507d74,,18005,5,0,5,12,,
2026-02-06 02:33:22,4c711d697cec6ee7539a99bef9973b2023da3661,,8102,1,3,4,35,,
2026-02-06 02:33:22,5d2e1ae2285ce8044a16d13cbbb54cf03b4e7798,,18020,13,3,16,3,,
2026-02-06 02:33:22,05e95346ed6c2287873b2ec720678da0ab3d5e97,,20136,8,1,9,17,,
2026-02-06 02:33:22,b755da7299a3b9ed624793fd749b2029ff28d599,,5026,9,30,39,7,,
2026-02-06 02:33:22,9fb307fd3fc856649d872737ca8c3ee52f806147,,43006,4,15,19,10,,
2026-02-06 02:33:22,6b3b66c4d2a23a9c8c000e1041fecd62c280ea05,,14018,5,0,5,43,,
2026-02-06 02:33:22,851fc959e40f92f378e7d77b85a218ae3e88e8f6,,21013,8,10,18,3,,
2026-02-06 02:33:22,808ec864ec15c1474c71d116a7206e787fb3ad50,,42503,11,2,13,16,,
2026-02-06 02:33:22,09ac65c26c1a6d69ce7b21854506e4270a89ae9e,,2010,4,0,4,22,,
2026-02-06 02:33:22,fbbaed3065860b533cb135d8c7362fa4d72dbbb3,,5116,2,36,38,12,,
2026-02-06 02:33:22,95791bba62280560415e9bb65fbecc691b6a8ebe,,7014,1,3,4,38,,
2026-02-06 02:33:22,235079d70464437df5c9a24b236961b2036e9d68,,8012,2,2,4,42,,
2026-02-06 02:33:22,bb6e765aa315176b3401cc1d25c174ab9b9c5080,,5002,4,5,9,22,,
2026-02-06 02:33:22,d87e19b92f053c2c190e6d85ce708a7aa028c2e8,,22508,11,3,14,3,,
2026-02-06 02:33:22,688b4d1dea84dff886064917a0363a11186d3e9d,,20040,8,15,23,3,,
2026-02-06 02:33:22,43b0c160207c52cbfdbe1431c06ac71e813f1865,,17017,3,4,7,26,,
2026-02-06 02:33:22,93a865aff1fc641a448c22174c0e3bd316f7ec86,,10023,3,1,4,10,,
2026-02-06 02:33:22,80e613056abf080cf4ef03e61dd3a465c2fdbab0,,34002,4,16,20,7,,
2026-02-06 02:33:22,0e36058876e8a9a330a01374611f138019b6d54c,,13026,9,0,9,26,,
2026-02-06 02:33:22,a074f3cba7020dde79cf205b1274c31010b869a2,,13102,1,2,3,45,,
2026-02-06 02:33:22,2bb3a9337d4b22c25558cc5334fd77f6317b455d,,10204,3,0,3,32,,
2026-02-06 02:33:22,ac40268adbc248b1cdab42d9adea12c1e59fd291,,15055,3,43,46,3,,
2026-02-06 02:33:22,583b455fe17dc08333118f7596d8246c5206037d,,14130,5,3,8,22,,
2026-02-06 02:33:22,5e4b9136b3a39e53dee690873529df0e44b505ca,,41207,15,6,21,6,,
2026-02-06 02:33:22,9eb7428e56e3a138bb57ca5fc9eac0a9831e9fd4,,21308,3,13,16,42,,
2026-02-06 02:33:22,2bebc2b545d8b48156c57f6922b598579d06726e,,19037,3,1,4,24,,
2026-02-06 02:33:22,8cb30be485b00cafa39654b0c1a7ead21fb5e666,,7005,8,6,14,38,,
2026-02-06 02:33:22,5e82e3d528c691c4cbf7e79fc3d2eb7659696bdc,,21019,3,20,23,4,,
2026-02-06 02:33:22,7a0f89c2d9b830b1096ebc4a456cfc1be222af59,,21105,9,15,24,1,,
2026-02-06 02:33:22,56a733041b1b85c1d668a742a89d19977a664acf,,21032,0,8,8,19,,
2026-02-06 02:33:22,7aa358f5294ab4ad0b84152b87dab6833f75eaf5,,31019,10,1,11,26,,
2026-02-06 02:33:22,9115e1c7aacade62dc4dba26d06f0c1990715cbe,,31016,9,0,9,26,,
2026-02-06 02:33:22,5b73f4582f9bb53afd7c625ecaa3d6d614226107,,13016,1,20,21,11,,
2026-02-06 02:33:22,1bc310950421c9e171021bbf0c2ec7f002b9f716,,13043,6,5,11,40,,
2026-02-06 02:33:22,cdf27b3a868fe1aad2b2db6273797a4aa8f19a7e,,19039,6,1,7,17,,
2026-02-06 02:33:22,be44e3f17b208a6717dce97761796d52cb1e68bb,,16032,8,1,9,12,,
2026-02-06 02:33:22,0a130971b04a8b68a77a71c8fcd07b16b991d0f5,,18025,4,1,5,34,,
2026-02-06 02:33:22,4bfc6a52dca5f42d5bf40d54fa65eeded9d76731,,17122,6,3,9,19,,
2026-02-06 02:33:22,6c9ba683cb10291d7ffde2a9dfdb9a670ec8dd0c,,20027,1,1,2,13,,
2026-02-06 02:33:22,0cb95f7965e318f787c5699486663e070a75631a,,9023,2,0,2,29,,
2026-02-06 02:33:22,03baa52747a420d5b02d3b2aa12cab214af1e8be,,14122,4,0,4,15,,
2026-02-06 02:33:22,3a3eb0235aab222d8410a17cff4c343021e007dd,,16123,12,1,13,12,,
2026-02-06 02:33:22,f01dd7e70d975afbf8fbab61c2471da55efab62d,,8051,1,0,1,13,,
2026-02-06 02:33:22,f5851cc61618a460b08e57b2eb5de0b0c32a7a79,,15108,2,29,31,3,,
2026-02-06 02:33:22,721765b3919ce04ef159e7cf0883fe7ca5020822,,19040,3,1,4,36,,
2026-02-06 02:33:22,1b9154e06e445a868d8ddff5e20c7e18cdcf1a8b,,17047,5,5,10,11,,
2026-02-06 02:33:22,71636b3aba9b51e69567de183b1f40bd44c81e4a,,19009,2,4,6,22,,
2026-02-06 02:33:22,5362156097003bb48e7d99205f8f9b75b602d55c,,21703,5,3,8,15,,
2026-02-06 02:33:22,4fc3332677427a793232873311890cb29a84b955,,35017,3,2,5,13,,
2026-02-06 02:33:22,9d1cd1e149b93944b191c34b44a347bcea1781d4,,9031,1,14,15,10,,
2026-02-06 02:33:22,fcdfa106d4003b7e5c038ec9a9a44a51480a918b,,14002,4,6,10,34,,
2026-02-06 02:33:22,fce001de985a96711e30b24c8ff23a1f6f594fb5,,18049,4,13,17,37,,
2026-02-06 02:33:22,c57d1529c400c42e45fc1a29d81283dfd62180d3,,18113,1,0,1,23,,
2026-02-06 02:33:22,73f2c4028f7bf92deae9c83396791130e3c2c7b2,,34010,6,3,9,35,,
2026-02-06 02:33:22,0e9e618c4f59fdc9d58de7886b104dc8d562abac,,17046,8,4,12,12,,
2026-02-06 02:33:22,db94bc1b8d500c7d82fa5c65b97b53c68bd6c1f0,,92004,9,0,9,11,,
2026-02-06 02:33:22,6408b3a66ab3321fc12343980e41ff5280f16892,,31703,5,0,5,21,,
2026-02-06 02:33:22,75a9e81d0092c84c89e3a798c0a29923fc793af5,,35003,6,16,22,0,,
2026-02-06 02:33:22,814788c37fbfc3fd867a9e0e03246d9d301332f5,,15031,1,49,50,1,,
2026-02-06 02:33:22,6d235be2dbf28495a3c609d29934388a315063f5,,17040,4,10,14,34,,
2026-02-06 02:33:22,a22fd742cb4a3eff9eb99ab4501097a721f7ec1c,,21001,4,10,14,13,,
2026-02-06 02:33:22,97b83e0ec65469d162b9720f9c88b5ae9817be75,,15002,0,2,2,15,,
2026-02-06 02:33:22,0436b5cc8371336c39815f6b3614c8ec1b919608,,21310,2,6,8,16,,
2026-02-06 02:33:22,78d2376aa7742d34384f26db773891c9e2ff823f,,23007,15,9,24,2,,
2026-02-06 02:33:22,cde9bcea074233ed6a97992a3a542a51d1cf117c,,32015,18,18,36,2,,
2026-02-06 02:33:22,0e5a84c2510210a4bed84b0b4e234ee4eee9fe8b,,16027,4,0,4,58,,
2026-02-06 02:33:22,7c6005d2c5a75ee4b49dbffb88c43a719e23c86e,,8019,0,0,0,26,,
2026-02-06 02:33:22,760f290830759cf0b40e2837fffc0780236e5c14,,9017,6,3,9,20,,
2026-02-06 02:33:22,0aa753242d61e5be812bd45e2ed5c41fff4e1170,,18008,3,4,7,26,,
2026-02-06 02:33:22,4408386f1b74082dc77b6ee6fa2bacd919f7a3ab,,7008,2,1,3,13,,
2026-02-06 02:33:22,47e48ed49c612b34802723ac011e9487af778613,,16112,5,14,19,16,,
2026-02-06 02:33:22,70459decade86e59c56450a73cbb3f21fea781ef,,14030,2,2,4,27,,
2026-02-06 02:33:22,e01c329cfc4392805169e9cf63f09ce380549549,,13046,1,10,11,32,,
2026-02-06 02:33:22,13d1c6e985046d730b25ff217dcf07abdcfc6286,,6032,4,11,15,7,,
2026-02-06 02:33:22,dcfe6b515497c00488247f8e373785aa64bfa813,,7020,1,4,5,34,,
2026-02-06 02:33:22,cc6f98bc333cbb6100d268ccc33a3aede3e903c9,,12161,1,19,20,22,,
2026-02-06 02:33:22,a7edaa6cf12b2a457fab7a01523f3becd4636776,,18017,6,1,7,35,,
2026-02-06 02:33:22,7dac43361dea583d394bfdc2a10c266e8544b1ba,,11043,1,3,4,14,,
2026-02-06 02:33:22,201e89f2b3655d3cad0adcc4b69749c96d63c869,,1117,3,11,14,10,,
2026-02-06 02:33:22,41afa2a6469c7d7bbd29e77919389f623ac4f70d,,15059,1,32,33,31,,
2026-02-06 02:33:22,fe8f4018651435e90456763ccc9192390f3da7f8,,10163,0,0,0,30,,
2026-02-06 02:33:22,aa8fa9c04261b9ccab1b28863b92c2097d6b91ef,,31704,5,0,5,24,,
2026-02-06 02:33:22,9cf84b90248832c821d4cc83516fa1c8fd58fb52,,32603,3,0,3,27,,
2026-02-06 02:33:22,f530e65e46fd396c0c7324e0768519e9ff26955e,,23403,1,3,4,18,,
2026-02-06 02:33:22,f53df5d8d25ed66b66229dc5110a3920daadbdca,,23903,13,5,18,11,,
2026-02-06 02:33:22,d8904fc1f9febbfbf680f1247828912635f38d68,,4013,7,12,19,7,,
2026-02-06 02:33:22,5e1eb56b26695b5c5d9de8e60302239048237a00,,45001,2,1,3,18,,
2026-02-06 02:33:22,4910f8db0f7d3846cbee369a68834a670b64d057,,18209,0,0,0,1,,
2026-02-06 02:33:22,96581949e5f14320da48b8d5db097cadae95ef4a,,19023,4,1,5,20,,
2026-02-06 02:33:22,ff90c4ebf8ba4aeb8eacdbf1a529f10fc7977d3c,,20019,1,0,1,29,,
2026-02-06 02:33:22,ddd6cb8d1799402cc5318ea170b85a04b90a7c29,,18137,5,0,5,22,,
2026-02-06 02:33:22,6f79e7d76c029310b2adc85b279124af28e93911,,18138,3,2,5,14,,
2026-02-06 02:33:22,de1c8ef5f2b3a9e9d8ae52bc36e8fb89600f6481,,17116,1,6,7,19,,
2026-02-06 02:33:22,be3fd728fc41562cdc49b4534568c738c4a19fff,,7016,11,25,36,17,,
2026-02-06 02:33:22,b2175cf2e1241be1b3e025d53f01bda8cdebf534,,12108,4,37,41,22,,
2026-02-06 02:33:22,508d68404d517b84ff8f9b122ad818ac9f513855,,10207,7,1,8,15,,
2026-02-06 02:33:22,3a461ebd86c2d349e9b4ff6a27a9b6bcb0862abd,,21114,10,16,26,3,,
2026-02-06 02:33:22,674d55b25fc2c7340c08b77d3586709f628b465e,,32018,10,13,23,2,,
2026-02-06 02:33:22,be71fef618312a466dace07c2162e407be4d4468,,18019,12,5,17,34,,
2026-02-06 02:33:22,c7b5e2f0a522a47efe3c59af0285ccef9c8b62cf,,10203,0,0,0,0,,
2026-02-06 02:33:22,a5675e46cf0a41f2167f378ac02652be559c0621,,9012,2,20,22,18,,
2026-02-06 02:33:22,25071997edcbf1f0ec4a4eab34d570a7d7379cfa,,15020,5,41,46,0,,
2026-02-06 02:33:22,b0c4c787de0a41f36ae924f91fe837e1604c0705,,41206,10,6,16,18,,
2026-02-06 02:33:22,28adb8e4b697df3ab527dbc684cf6b87d07f7611,,19031,16,5,21,1,,
2026-02-06 02:33:22,4fc361fe64018bd78b4589c366e346c7c1eb995f,,13114,2,1,3,19,,
2026-02-06 02:33:22,36a81157e2495130f2d27fac02df5c5febc0f47f,,15061,5,15,20,1,,
2026-02-06 02:33:22,e7da9ee48b95124bf9e14a4778da0ef586dc3b60,,20017,10,0,10,17,,
2026-02-06 02:33:22,2c3f04d5bcdf543070921d26b9de5fbee9940a86,,23008,5,18,23,3,,
2026-02-06 02:33:22,e9be5a45164bdbf80a328614ad7efe1dfabe7e92,,6014,6,11,17,5,,
2026-02-06 02:33:22,8cafaacb4bbf129db8b28284451d30dafd232f6b,,33005,15,7,22,8,,
2026-02-06 02:33:22,65305b5ff5b1945b16b5e9629c535449884efa08,,2110,4,2,6,20,,
2026-02-06 02:33:22,fecf2618292afcd2aae48f79e26372b27a4bcd62,,7026,1,8,9,15,,
2026-02-06 02:33:22,e197bcc87cb0d49075562e618712b999262f2e2c,,1016,1,7,8,16,,
2026-02-06 02:33:22,259640f40be4742f3014990b8a0dee6def89f172,,11107,3,16,19,24,,
2026-02-06 02:33:22,0c45f6c62fd2d2858ef23a1b23beb21b1b2e0ba5,,9113,1,10,11,18,,
2026-02-06 02:33:22,914ea1d514ccb9b582baa4131e935dd96f4e334e,,2014,1,4,5,25,,
2026-02-06 02:33:22,e1848aa27534b965fa0eeab394494e693fa781b8,,3101,7,7,14,13,,
2026-02-06 02:33:22,c1fd9a96bfd05d18485b9e6e92e33abd274f52e8,,8105,0,1,1,28,,
2026-02-06 02:33:22,388ebbd7fab8e92db64da39ecad4d8924fe74c74,,8029,1,5,6,50,,
2026-02-06 02:33:22,ef8c6ebd81bafa32bb422a7258024e5a63d042c7,,11048,4,18,22,18,,
2026-02-06 02:33:22,61fbf2d665756cdfbafc74998fbe02d845242153,,2101,2,22,24,6,,
2026-02-06 02:33:22,8688b75ef4cdd97405c3138ee100f3723fdf83df,,19021,10,2,12,14,,
2026-02-06 02:33:22,048a7ec54d5418dd163cc7f3a5e8a05c2e83a23f,,21004,4,10,14,17,,
2026-02-06 02:33:22,db2a691912fcffb60296b50026ae9a300d128c7b,,35008,5,1,6,24,,
2026-02-06 02:33:22,32c4ffc4aef24c46c954e60121d2c7f8df624fd9,,16041,4,17,21,24,,
2026-02-06 02:33:22,9c50b3af9665294e94c4eca2f51362efad950b7a,,21952,3,3,6,35,,
2026-02-06 02:33:22,055ec4493558e7b78b7c900f751a00b8972ec61e,,9015,10,17,27,0,,
2026-02-06 02:33:22,80a20a5b9b4399f908be3c44f67acd2ed06631a5,,16031,1,2,3,18,,
2026-02-06 02:33:22,13d21c9ef6a400320be2c687bf747b95709bbb92,,12153,1,25,26,29,,
2026-02-06 02:33:22,9b8675eafa9f38504a49419d21b306ae66c1f07f,,14016,11,2,13,42,,
2026-02-06 02:33:22,23717d5cc0a68eefb4894c4aa814d0904d0907ea,,12033,3,40,43,22,,
2026-02-06 02:33:22,a77ae9df92fed6c7735184dda233dacc17b79ff0,,22012,7,4,11,14,,
2026-02-06 02:33:22,fc6e6f2337e0b302d5a992bf9114fdd2445fc080,,18142,9,1,10,18,,
2026-02-06 02:33:22,220293fbfc9b433f40612ac6cc692852bd361768,,18035,7,16,23,13,,
2026-02-06 02:33:22,f034108a8b0d36ed85de19c9420d1a91affa9d05,,13110,7,1,8,14,,
2026-02-06 02:33:22,f2915dbc29a09206f3d7b935c6f52ea76e785469,,23105,7,0,7,26,,
2026-02-06 02:33:22,6cb474d3fad9893009c47d0ca07b3eef3c2188de,,15009,1,32,33,12,,
2026-02-06 02:33:22,daa276096c78757ca85ce95a83b88f4081b22a90,,23005,4,8,12,13,,
2026-02-06 02:33:22,9c46a0e023ebb3102ce495098c6e202ec5bb7b10,,21120,7,21,28,1,,
2026-02-06 02:33:22,feed3753cc0a9bbbad35a502e3eb1abd8889b831,,20117,3,15,18,13,,
2026-02-06 02:33:22,f3901acb33e56bc370b1b42f168be4262ab76e76,,21009,1,4,5,39,,
2026-02-06 02:33:22,dca9876bceefea825c0dd6a4ae3274381cf2daf5,,31017,5,0,5,15,,
2026-02-06 02:33:22,e752e364ffd14758c3ef53858624e21a10c592ec,,13047,5,36,41,5,,
2026-02-06 02:33:22,1c6c3c39781f246a953a1ae0ad17da0073daae8b,,4107,1,4,5,10,,
2026-02-06 02:33:22,c8ea161331226bc6ae304d103924a9811ea510a6,,22403,6,2,8,16,,
2026-02-06 02:33:22,cd731262c9f0d05f84a9d8e6e6440bcc0eb92d73,,42011,9,12,21,7,,
2026-02-06 02:33:22,6bf8b7f5746da2716729030f01c06506ede40c3f,,20047,1,1,2,45,,
2026-02-06 02:33:22,ba6ad2ac5981c1e10b53688cc4feee2f409899b3,,18114,1,0,1,21,,
2026-02-06 02:33:22,b03a182ee00aa633a7d26ba99ca6a0b1c4d714c1,,92005,6,13,19,21,,
2026-02-06 02:33:22,651c4c6fa53286f0fb707c13ef980e282731967c,,22103,3,6,9,12,,
2026-02-06 02:33:22,abbf84634ec2c8c5f15adc428d1206068f69bccc,,19113,4,0,4,23,,
2026-02-06 02:33:22,421ea424a67a2c7d449ec4cf1b7f00b1ea6a610d,,17001,4,10,14,35,,
2026-02-06 02:33:22,515a61621fda36480742207e217bb300ead98d32,,12129,0,2,2,33,,
2026-02-06 02:33:22,9e92a0fc1f0f4dd7e827d25a5db87b61bba62114,,31707,8,1,9,39,,
2026-02-06 02:33:22,f4da1efaee43cd2755fe64c8688c5364e2185803,,13020,2,2,4,37,,
2026-02-06 02:33:22,e2ebe739ad8788c7a87feb4f942416ac72fea70b,,19124,7,1,8,22,,
2026-02-06 02:33:22,b696049bc7d31d6c647b8a74b53512e802bce002,,14113,6,8,14,20,,
2026-02-06 02:33:22,839aa52d0f9fe31e5f2393b157a3b0887ec96ff0,,35015,10,7,17,2,,
2026-02-06 02:33:22,1b6ec95fe95b2fd1729dea02ad98d70d4540a134,,32021,10,11,21,40,,
2026-02-06 02:33:22,e8955786e27c28de0bde342cb658cad6ede129ad,,43203,0,0,0,1,,
2026-02-06 02:33:22,5ad2f68d9fe0c3ccd90473479445e8d3da9f3b5d,,12150,2,11,13,13,,
2026-02-06 02:33:22,2266a97c6a5c08d12d5cbee51f25f3bc2ec3dc0a,,13515,8,8,16,43,,
2026-02-06 02:33:22,039214201426b4742a74de3a4865493d8b33fd8d,,31026,6,0,6,12,,
2026-02-06 02:33:22,313320c933fcdbfa9add060f18049b0af2b9c1c9,,15131,10,33,43,1,,
2026-02-06 02:33:22,a494b2aed1e72e5e2b2fa53284228da0b1c04554,,9036,2,0,2,18,,
2026-02-06 02:33:22,bc7d79d6c928c6739a80465aea47dbab0c0bda2c,,13117,9,5,14,26,,
2026-02-06 02:33:22,aa8b943ffe5b3cc012840e398482d526ddc40e77,,13027,6,5,11,4,,
2026-02-06 02:33:22,2e18a49029e1b4c89daea6d3cbac7f46162d66de,,17029,2,11,13,23,,
2026-02-06 02:33:22,041e4cc8988ed263ac476e54ac6ce6112951e15a,,10004,2,27,29,16,,
2026-02-06 02:33:22,0c097000266d48ba1c929ded4e54ab7b4392de31,,21203,7,1,8,19,,
2026-02-06 02:33:22,1c67c1731aa4acf7f25c85149b71cc12eea1ff7b,,5034,1,44,45,22,,
2026-02-06 02:33:22,a4cf799f9014ee62facd4889050314a6836a4b8c,,21029,3,6,9,20,,
2026-02-06 02:33:22,7a38804cfd2ce5c3317a40635c5554afac44306f,,19208,4,0,4,11,,
2026-02-06 02:33:22,e8004fc0fffc564f36a3a2c49f570b510b7b80b8,,16014,3,0,3,20,,
2026-02-06 02:33:22,43ad0f9447597142f274dbd36c7575662891ad9e,,11103,1,31,32,4,,
2026-02-06 02:33:22,43cd852fb4123ed4809fe2696657236a2cf6c230,,16007,1,0,1,9,,
2026-02-06 02:33:22,06d68e05bd10cb805e60c21f15e6bcd3b1cbd316,,21115,4,14,18,14,,
2026-02-06 02:33:22,600830f0ea5f0ba588eac5c51ff95b2ca0143a7b,,20002,7,10,17,27,,
2026-02-06 02:33:22,ed91ab3d6e487d987ddcf6dde8422f8667708565,,21708,2,2,4,26,,
2026-02-06 02:33:22,165f4b2c1625ee37e2ad221d34827040049bb128,,21307,11,17,28,2,,
2026-02-06 02:33:22,eb7fe204913fabb056841530acdf0d466bedd847,,11109,5,14,19,2,,
2026-02-06 02:33:22,2e74f916f588980d539d62f7da0bb804ac6429e8,,44002,5,11,16,9,,
2026-02-06 02:33:22,37221c02cbeb91029bd019946a1d03e974aa2bfc,,15123,2,36,38,5,,
2026-02-06 02:33:22,06aaa7b983ab01a0c883ba4db0668c2e93127dc5,,21031,6,6,12,28,,
2026-02-06 02:33:22,1d7a76c12051aec0ec4d6ef884df3202ef923eb6,,16024,1,12,13,9,,
2026-02-06 02:33:22,7e161e867b1cb26066bead6808f42c2f9f74ee39,,11032,28,11,39,6,,
2026-02-06 02:33:22,737411e760dfc784979854fc872e883d9fbbcb6a,,21955,1,21,22,4,,
2026-02-06 02:33:22,5f1cb56c38472c0dc438ca85670847c0e0b5a026,,13048,6,19,25,3,,
2026-02-06 02:33:22,a3bbeb5e39a2f93807758989d5999985a7769365,,20108,1,1,2,21,,
2026-02-06 02:33:22,c8dd99b10d8cc7fa0f814b2a18da4c6d70c98bf2,,21219,4,0,4,32,,
2026-02-06 02:33:22,127fed6fb8eac1854f97c9c0c542b07b2378a93c,,4001,2,11,13,17,,
2026-02-06 02:33:22,3878c7821c82f030c2bf1333da9238aac4a04322,,20122,5,0,5,17,,
2026-02-06 02:33:22,91653318f71a1cf7cb663766ce39ccb3a1135a4e,,16020,1,13,14,20,,
2026-02-06 02:33:22,130395c9fb55ae0f4207674a3358fe942954f286,,14101,0,0,0,30,,
2026-02-06 02:33:22,ee85ae1a337fd8d0ea0224d5931604f3d99f18c9,,22501,7,0,7,13,,
2026-02-06 02:33:22,e8ee3da1c51943c15bd19cbc107075dd670f4c5e,,13011,4,1,5,5,,
2026-02-06 02:33:22,8d7e2d52f8c712fba18207885a1b235c1630d52b,,15072,2,26,28,4,,
2026-02-06 02:33:22,8d9ac04191e16b82314d5f93d99e3ec9bbd0a3cd,,14131,4,2,6,24,,
2026-02-06 02:33:22,9e4d09ee164c11792bc107fff6ac025242d575ec,,4002,0,2,2,20,,
2026-02-06 02:33:22,9044d3259dc42fc36a70a8a968a3d17747698b5f,,10105,6,7,13,8,,
2026-02-06 02:33:22,c10797f90020d95dbfbb1b47f84ec02f4d6a70ea,,21204,6,2,8,23,,
2026-02-06 02:33:22,e84b869e6fcb62f9c3962dd8c59a8cf725458c10,,42209,4,9,13,4,,
2026-02-06 02:33:22,7016c271b75c5a9782e8dcaf01101412330741a2,,11021,6,4,10,13,,
2026-02-06 02:33:22,d15b9fad12feeff6f3f6a34e388efa60c9fba210,,21217,6,5,11,15,,
2026-02-06 02:33:22,a9b6b6ffd14b522178efdb33921519e323cc22bd,,9114,4,9,13,15,,
2026-02-06 02:33:22,85c574b77dc7bcfdfc924b68b5dd759b39ea694f,,12007,2,32,34,8,,
2026-02-06 02:33:22,47b1589b2d5fa02a82d9ba54ed0d84c1c5b7c3b8,,25001,0,6,6,23,,
2026-02-06 02:33:22,eec90681ec5c17aa1518955829d3f417ce2d788b,,15064,5,37,42,1,,
2026-02-06 02:33:22,119da0573e929a23760b4b60daf9900b0459aa1d,,43001,3,1,4,18,,
2026-02-06 02:33:22,b0352131d960a9dddb25ed94e3651f8b4cab8536,,13128,1,16,17,12,,
2026-02-06 02:33:22,f0e70ad073e5699fdd49c28453390402b865ab16,,8020,11,2,13,31,,
2026-02-06 02:33:22,e01e690c3e3bc59845322fca94132bd035ff6983,,18003,4,0,4,38,,
2026-02-06 02:33:22,69c031ac5a82fdc744352023b9dd09bf585dfd14,,22303,7,3,10,16,,
2026-02-06 02:33:22,c77e28884344376a89b218fb2454ba3cb525f3ed,,92001,11,0,11,8,,
2026-02-06 02:33:22,1b1d8fc48228456b114cec1b908e1100dcdb394e,,23010,3,3,6,21,,
2026-02-06 02:33:22,e284f5d6c647d5fbd757dcdc38ff23abfdb8eee1,,6027,0,2,2,29,,
2026-02-06 02:33:22,f08dfd496cf27b43b7dc0135044c623408de550a,,19128,10,4,14,15,,
2026-02-06 02:33:22,bf54e75cd0d411ee35048f774eebc3f1e1fcf107,,15005,0,3,3,40,,
2026-02-06 02:33:22,152e82c0a61a4ef860516c13e39aac3587ddee6c,,21401,8,1,9,20,,
2026-02-06 02:33:22,46a5b9370b94f1fad8b69bca6f4f668ee987e52f,,9027,3,0,3,21,,
2026-02-06 02:33:22,20c32d62160d8ba7663274146d178a9a6b0b1168,,8037,9,5,14,24,,
2026-02-06 02:33:22,beb3a2f424a550b92152195175e05ff8f218a9e0,,5012,3,0,3,11,,
2026-02-06 02:33:22,3c960383cad1236c7a53c9839a06297108c34646,,43010,16,6,22,3,,
2026-02-06 02:33:22,81908a50d5526c66b7991bde4cbf8bd2032d3daa,,11017,15,7,22,25,,
2026-02-06 02:33:22,096b2007fdb5b1219824013861cf7b504439c8c2,,33015,9,6,15,14,,
2026-02-06 02:33:22,823be2c40f7539c05be64b0eb1510469c653fc78,,41205,1,0,1,19,,
2026-02-06 02:33:22,971836c4059ba19af153d3e6347bc2829fcbdc27,,22015,13,7,20,2,,
2026-02-06 02:33:22,61a57d0180cf8f6a8241d30bc929019cdd80f3f3,,12018,9,1,10,22,,
2026-02-06 02:33:22,f83a1716388c86153aeea392ac49e9c23bc2285f,,44005,16,4,20,2,,
2026-02-06 02:33:22,5c0d391665e384ed6b8729448b8c40486bddce37,,15011,15,36,51,11,,
2026-02-06 02:33:22,c4246fc3db3c61ca04e5e0dae8bb32278c0f9854,,51002,14,8,22,1,,
2026-02-06 02:33:22,a5681aacf07369322b31b55cc45a73bbfebd5947,,10162,5,1,6,17,,
2026-02-06 02:33:22,2ffba686bf7b8e29a347c5470806676f80c654a3,,27005,10,8,18,2,,
2026-02-06 02:33:22,4b466ecd55f9ef68f4487e9a39d9611366e21cd4,,44016,7,6,13,15,,
2026-02-06 02:33:22,34714c471466d94eb15c6fe994bc65b0f24c6842,,8201,1,0,1,27,,
2026-02-06 02:33:22,217fd82c7d968c8c77d259bfef459032c7044b83,,15311,0,9,9,19,,
2026-02-06 02:33:22,5661373abd7d4c790731179f7c24cf556585ecd5,,46003,3,8,11,14,,
2026-02-06 02:33:22,f3ddf091b49c3ef7d2704c5ae18fa9f060a81219,,17111,4,10,14,10,,
2026-02-06 02:33:22,300e8ebffbb937695c1894231433fcb2774eecd0,,9102,2,0,2,22,,
2026-02-06 02:33:22,0ccfa9f8e39c609398db75d69d0e6f2ed740e3ce,,18030,4,3,7,30,,
2026-02-06 02:33:22,f8ab4ef47d9a86e06427f06d0d3123cb27a0150b,,21314,1,25,26,3,,
2026-02-06 02:33:22,7e9ac0449289d80b4e164b85dc581a7d0f65f792,,13516,2,9,11,27,,
2026-02-06 02:33:22,1aca14eab9e282b263d9ceccc3b3a6c8b3d1d0cc,,12155,9,26,35,6,,
2026-02-06 02:33:22,a5d4b06b3a11e221c74f8367e2850405ed77e9c4,,9011,3,9,12,6,,
2026-02-06 02:33:22,27c9da124e03fa34117ca540717e18d243fade9c,,12028,5,1,6,20,,
2026-02-06 02:33:22,7b6b9024a38880e28034befd2d2654888eb55448,,41211,11,5,16,18,,
2026-02-06 02:33:22,ad4d584cc26db458a6909ef3c2b084cef93db974,,44011,7,0,7,19,,
2026-02-06 02:33:22,e53d2ccca1ee34ea860236e9a62ec8bf6d094cb7,,8116,0,0,0,25,,
2026-02-06 02:33:22,de71649556c50f9152e6a755d3de4abc8088bcd5,,4019,3,10,13,19,,
2026-02-06 02:33:22,b52e1f858df18564fe797dab07e0c0484c692765,,47009,6,11,17,11,,
2026-02-06 02:33:22,1b20784ee9c80fd9390a28ffef8acc8c2fc76fa4,,5001,0,36,36,9,,
2026-02-06 02:33:22,645b3a0e6f4753247128bc6412b6332958638e06,,15129,1,24,25,14,,
2026-02-06 02:33:22,79f78ef27da0053193fc55d38b5cc863f318f3a9,,3102,2,45,47,8,,
2026-02-06 02:33:22,2ac55b1494ed523b72584f2e4bfaccf4b176b97d,,13206,6,21,27,22,,
2026-02-06 02:33:22,19619716f6aa01bcdacaa870350532f95a32aed4,,6022,1,8,9,11,,
2026-02-06 02:33:22,5439b2cf1ef2c5b4b25c6d6b5b211915a2cfefdc,,15006,2,0,2,36,,
2026-02-06 02:33:22,3fc0f61882d35502c18e36ded843d476b5635baa,,41403,7,8,15,4,,
2026-02-06 02:33:22,2b8c12617925a3b9774e8a28895fc18dce1eb453,,15127,5,26,31,3,,
2026-02-06 02:33:22,535c1046498862ca558997bc5e847459f2757dff,,20105,4,2,6,23,,
2026-02-06 02:33:22,57670d26ffeb41f6a85c6667e65c66bdabacf1ae,,33103,15,2,17,6,,
2026-02-06 02:33:22,8bb9b61a82ecab0693c777cd9a2056b2b0e45a4d,,14032,6,2,8,23,,
2026-02-06 02:33:22,ef60b9abe5e7c4afca4261c7b3d947a982297615,,14011,5,4,9,30,,
2026-02-06 02:33:22,fb4f4b6d7936eac51d450a8e9a2c22f7a7474be4,,41401,14,11,25,2,,
2026-02-06 02:33:22,077f3a37b4071e9f925c692ce9f6d3a680d85a18,,6002,2,4,6,17,,
2026-02-06 02:33:22,33e125cc2f16d79176fa15b87888e14272b5be75,,14031,4,3,7,13,,
2026-02-06 02:33:22,2c9d013de2c70dc797c46494a4ec26eec91c077b,,20044,4,5,9,17,,
2026-02-06 02:33:22,e20e3e8a13aa9325b3be14e5907454273b9d4f96,,16019,1,0,1,35,,
2026-02-06 02:33:22,9af0323da8c11a72162f6ad7ca050e7fb7e6f9f3,,33012,9,15,24,1,,
2026-02-06 02:33:22,83dd1b536004ab096098b746d9068a5d56dca28c,,2013,3,1,4,12,,
2026-02-06 02:33:22,ea11da5f6229babbab1d042402d32e19f363d518,,17024,2,4,6,16,,
2026-02-06 02:33:22,9ce383b3ac7bb5490b2d342d6e56a67edc4bc257,,21021,0,3,3,37,,
2026-02-06 02:33:22,36d8390067c94e923831d7d79da74a1c18b2decc,,10019,2,19,21,8,,
2026-02-06 02:33:22,ee9f3dadcd3d62429a90b5980cc2cd05e9b05411,,10033,1,1,2,22,,
2026-02-06 02:33:22,0a02a6f446f1e353a31c8b9c14c732a1da89b066,,40006,9,7,16,28,,
2026-02-06 02:33:22,02ecc09accac1e3937b3947624ff101ebc9ad119,,14026,12,16,28,17,,
2026-02-06 02:33:22,07b804f3b5c6d0f4d6170b364bccada3694407fe,,10008,5,8,13,2,,
2026-02-06 02:33:22,c05d7cde838b33e03d83dbe4b6c76860ee4d77df,,10032,6,9,15,16,,
2026-02-06 02:33:22,10688f9312d3ac61b9af6e9e955b4519ef855f67,,12015,3,2,5,30,,
2026-02-06 02:33:22,f2a9a2fc5183f2ccf08ccbd10f4f44ee63cacdf1,,48004,3,1,4,15,,
2026-02-06 02:33:22,9a80be9bb9f95fb1e631c91b86c8a16d3ac98d02,,14001,2,0,2,24,,
2026-02-06 02:33:22,6bd1467402ad4947ed04f1e1a38b82d74de9dc05,,18139,5,2,7,20,,
2026-02-06 02:33:22,171b47299bb0e2b69f555c6d02fe1fa980d5e212,,15008,1,39,40,20,,
2026-02-06 02:33:22,3ddee8d767ad91779b127f16a9aed43719141c8a,,22201,6,1,7,22,,
2026-02-06 02:33:22,77e60664c82e89d9c0a0c50d0f4c7cac96bec75a,,16105,2,1,3,28,,
2026-02-06 02:33:22,254e498c7cf22e1098031f69a82ff27f7cb234b3,,4006,3,46,49,1,,
2026-02-06 02:33:22,cd260acb4dd77bec46a539707a6ba38792c0716c,,3008,0,24,24,10,,
2026-02-06 02:33:22,d2e15317ad9f7bd75a0f524feb6b7dd9e285a312,,45002,4,4,8,19,,
2026-02-06 02:33:22,fc3d2c04cfb2c1163572480b18f940d10cbb80bf,,44014,3,14,17,8,,
2026-02-06 02:33:22,41593e468cac514f0631f35da3eb62e0a8cb1fe0,,1007,1,0,1,11,,
2026-02-06 02:33:22,0b6c5d98649539a768bf2adcc599e00ecef0fa95,,18004,1,0,1,11,,
2026-02-06 02:33:22,80bb82bffb53f234091f28502137b712b5a59a02,,7012,4,3,7,19,,
2026-02-06 02:33:22,20353f60b4cf34fea9f7aea5ef492ab7908eb0dd,,18034,7,3,10,22,,
2026-02-06 02:33:22,ba6067911c5e8438501f0820f5f730fe05cd863a,,12019,1,11,12,15,,
2026-02-06 02:33:22,82ce455338a86b594b9adc8c0ee8a60f8db755e0,,14135,3,1,4,35,,
2026-02-06 02:33:22,cf4a664b1c598038e21cd7aade1537533d10fa98,,8110,1,0,1,31,,
2026-02-06 02:33:22,837c1a8abf236e0c89329f1fc45a5c7210c78a78,,20024,7,1,8,21,,
2026-02-06 02:33:22,30403eb68e5b7ecc074a85a38764f4970867ba91,,19002,16,11,27,11,,
2026-02-06 02:33:22,e48057f8422a5bad41a5f4e3df831137a7ee14fe,,9009,2,4,6,15,,
2026-02-06 02:33:22,f50deacaf61faec0b383bcbc03a397c5bf7438c1,,6104,3,3,6,50,,
2026-02-06 02:33:22,aae46dc02eec5a7e0d093e0f99932ddd3ee67245,,16102,9,3,12,15,,
2026-02-06 02:33:22,1f09c393ae42a06da51d8dfc25f9e8e3d8f43fd6,,4021,0,13,13,11,,
2026-02-06 02:33:22,d3002df5a3ee21a5f4eca4847a54a5e21ee40c19,,20034,4,2,6,18,,
2026-02-06 02:33:22,d932ce10d7b4c76edf0a52e966f278c03f13728d,,20001,3,1,4,32,,
2026-02-06 02:33:22,0bf348a61998c3a715e96eb92fd24d9acde96e92,,17019,3,1,4,15,,
2026-02-06 02:33:22,2bd89b9496341473abe79b0cbeedc4ed3e007e9b,,19201,2,3,5,17,,
2026-02-06 02:33:22,715b64f6e2b11d96f6740025020106e995cdda87,,22301,5,3,8,12,,
2026-02-06 02:33:22,b4ffb1142e5de76c02f0facc8b7c420b2e1ed6ea,,15132,1,9,10,10,,
2026-02-06 02:33:22,a95e869996f72dc0742fc075edd6058965fe17f5,,41405,4,9,13,11,,
2026-02-06 02:33:22,5b07e590e1d19ce1a98d644f9b462f52164685ac,,10011,0,7,7,8,,
2026-02-06 02:33:22,6e9192bc93c3ffffd2bb966d0fb93388d58ef6d8,,14137,1,0,1,29,,
2026-02-06 02:33:22,ec995737eac1a1dd91c70677a732a4a4160d9d38,,3011,4,10,14,15,,
2026-02-06 02:33:22,c2b6132548fc3c00f732f0c91d763858503f1022,,31709,12,1,13,6,,
2026-02-06 02:33:22,0938ce36684661318af418d59db78c38caab3f28,,10027,2,1,3,14,,
2026-02-06 02:33:22,ac32aef09355fe6914ea06c770c8bdfc5df8813b,,10006,6,5,11,15,,
2026-02-06 02:33:22,5a37704b456df68296b2c8abc3a9e041b6cfaefe,,14103,4,5,9,16,,
2026-02-06 02:33:22,351e34d170f353b804d1222107a8b90a2145ba1b,,3001,7,34,41,6,,
2026-02-06 02:33:22,9eb9983ff58bbd52ec1dab2e76b75a9fef2e4385,,9037,0,6,6,17,,
2026-02-06 02:33:22,3c589ba1acdd8cc92049dd1a26dd1d21f743b12f,,21026,0,0,0,28,,
2026-02-06 02:33:22,c20434a3012fe7f0dc370660ccdff22c996001a7,,1102,0,28,28,8,,
2026-02-06 02:33:22,957d58baf90845bd7f468df9b0a81504bfc97aec,,13017,4,2,6,27,,
2026-02-06 02:33:22,197a089b81e7c9aee38caf328b5e5220f4b99ae0,,12020,1,14,15,28,,
2026-02-06 02:33:22,4843a4282f31ad460ef465f9a3a6a28e3a4394c9,,2021,4,4,8,50,,
2026-02-06 02:33:22,be2cb68e2848ed1ff88dc6d6337346ef70f6e774,,21110,6,15,21,13,,
2026-02-06 02:33:22,d5a6ab0e8de82fdf82fba27d6ec96b7e76c79431,,23702,3,7,10,10,,
2026-02-06 02:33:22,53168967b336d0fd204456abfe5fe8b9e5b04f06,,14022,5,1,6,29,,
2026-02-06 02:33:22,e6c62cd594491034dd69d24561bf6683f16bbd6c,,2002,2,11,13,15,,
2026-02-06 02:33:22,200d9a83bbad81b5276340b62dfed12f98ddb1c3,,19012,6,3,9,17,,
2026-02-06 02:33:22,befa1168d162ceca7d9c0716d5bdfc782eacc7d4,,3012,2,11,13,9,,
2026-02-06 02:33:22,e5ca90053f5930879061601ebcffc8220938e7d2,,19111,1,4,5,30,,
2026-02-06 02:33:22,5e5a384a4aaab426d531b04b6c004adc7509d292,,5122,9,3,12,17,,
2026-02-06 02:33:22,27acaab152354f534c3bdaaf1ae6798461df33ad,,13125,0,13,13,61,,
2026-02-06 02:33:22,ddf880f340194538fc47729f7719bd4730b04b70,,3005,2,23,25,6,,
2026-02-06 02:33:22,eff3eaeb7dd59e3d4c51e27511f46c89f16f520c,,8036,4,1,5,42,,
2026-02-06 02:33:22,519cb442ffa7b87875fc825c52f766603f0bdc24,,6031,3,17,20,12,,
2026-02-06 02:33:22,1607292f66e694a9f1421176ea4aa7f82085afb3,,48005,0,0,0,23,,
2026-02-06 02:33:22,0cdb06171367da637bd9c26571516ab6145d8997,,4012,0,4,4,23,,
2026-02-06 02:33:22,7a46b13c484b0ec46c5c920e5efcc5afdc79f0b3,,21215,4,5,9,24,,
2026-02-06 02:33:22,537d485fcb5d564ddacf9a96477282106dfef9c9,,21706,1,0,1,47,,
2026-02-06 02:33:22,5ae9fdece9f22b250ffbb25347abb11d50a52e60,,26006,2,12,14,16,,
2026-02-06 02:33:22,2392dd53860700af215f7eeb11300d0cfcb6077f,,42026,9,16,25,14,,
2026-02-06 02:33:22,c6e028bb007ac9283eea082ce02de4950b1d60d9,,21509,1,2,3,21,,
2026-02-06 02:33:22,0387f821a32ec707e57d140c461c9da48129d470,,35012,8,6,14,9,,
2026-02-06 02:33:22,458d2c63651952f7cf8c4ef043e99ebdfc850c53,,21505,2,3,5,17,,
2026-02-06 02:33:22,9926ede1187d3f0637554fcdcd9703c86aad38de,,2004,2,1,3,14,,
2026-02-06 02:33:22,528ed7bca5e400ab2246e16a35e853eab3de8e4c,,4018,2,25,27,2,,
2026-02-06 02:33:22,1e37a875614542a1401d06b8185551558ad574a0,,16044,5,20,25,6,,
2026-02-06 02:33:22,6fc8f92f130f47319d914cbf964f4f66fac92a14,,44001,4,11,15,12,,
2026-02-06 02:33:22,37bfc7814c2cc01fc2a041a4da3d367b18e69378,,16202,2,3,5,25,,
2026-02-06 02:33:22,8700d4c82d08f840320855e7fd315026a8c0545e,,5004,4,0,4,12,,
2026-02-06 02:33:22,929e1a3c187c422b421da9a698c1464b3d741881,,4009,0,11,11,14,,
2026-02-06 02:33:22,9bd4e6be3a083198b895c36aaa3e30905856adb9,,2012,1,0,1,8,,
2026-02-06 02:33:22,19ee7c9e3f8c0a470dabd934818a130d746e1f53,,4101,2,10,12,5,,
2026-02-06 02:33:22,b18446ad912a9dd0e2fbd06d40a7f6f7da6a400e,,33020,7,1,8,21,,
2026-02-06 02:33:22,f118789afc3c8fead12220f0f58ea99c344a1d39,,32019,13,11,24,4,,
2026-02-06 02:33:22,57e7b77bb865f0920bdb572cd179f9cae7317d69,,1018,0,1,1,19,,
2026-02-06 02:33:22,9e8cea204d2691325572aa8c5388e52f011f8b41,,2008,2,2,4,22,,
2026-02-06 02:33:22,2b0a40f42afd564c9c4845d7e1c801ed4df2127d,,23101,6,9,15,10,,
2026-02-06 02:33:22,7b4ee85c4aa337a3dc6acfa9577a9baf0e0c369d,,17106,1,6,7,15,,
2026-02-06 02:33:22,d9076a9ce279c109e58ebafb4f0ea8100c10dcf6,,1116,0,2,2,19,,
2026-02-06 02:33:22,e1032d94861a3dfcbfe720b7aa8270438a8431ea,,32024,9,4,13,10,,
2026-02-06 02:33:22,9cd2b44f82d315784409336667a32556537ebd8a,,15040,9,3,12,24,,
2026-02-06 02:33:22,35dd7ecdfef2dd67fed813b355f11017dfbd6501,,23107,3,0,3,19,,
2026-02-06 02:33:22,39820001b9ce03cc1c40f78aa3b4efa56afe4aed,,6201,4,3,7,12,,
2026-02-06 02:33:22,3dfa702b5be4d68764f9dbbde5476e04ef070e03,,6026,3,10,13,52,,
2026-02-06 02:33:22,1af3bf108cee95ffa111fb05ee6aa47c7a81e06b,,42018,13,3,16,15,,
2026-02-06 02:33:22,fbcd8b63939eb4ab5d4e9e0b6bb216c7276af877,,1023,1,5,6,23,,
2026-02-06 02:33:22,91d9e4e9aac394c0c00a63d808869d5432cdc56d,,48008,2,2,4,26,,
2026-02-06 02:33:22,a578ae2e937efd454265ca77adcd83af8d092812,,19202,8,10,18,27,,
2026-02-06 02:33:22,cdf5795b43ceb1f3239cbfe23f2619e3481d4e0f,,14201,4,10,14,13,,
2026-02-06 02:33:22,dc87bfbaeea1d29702d13aef0c499afdc7222172,,17021,1,0,1,32,,
2026-02-06 02:33:22,b046d963f56315ea2bc12fb9e89e4dbebc8fac87,,31020,6,1,7,27,,
2026-02-06 02:33:22,bf98364692a80b9c721b760dc82e19167f71afed,,28005,3,3,6,22,,
2026-02-06 02:33:22,38e7c42d23e311d86928e79c84e9e0ce12a8112b,,12166,12,9,21,4,,
2026-02-06 02:33:22,b08cc5d8e7433267861f3d937e121c69548152b4,,23042,0,10,10,20,,
2026-02-06 02:33:22,e510586a1986534492ade85569b10c41b657a5ea,,42019,9,33,42,0,,
2026-02-06 02:33:22,131f64f0c9760048d68f47758f74b174e376faaa,,32020,3,5,8,8,,
2026-02-06 02:33:22,cb103e639bdc3cdd33bc54f9762abf7a19a980cb,,1015,5,7,12,25,,
2026-02-06 02:33:22,1c86f4909a5c17aa605a6b5adbf4cd6da0ac9098,,1008,1,10,11,20,,
2026-02-06 02:33:22,6b2bea419039b435a714c99a1420df89ee30e3ff,,44004,1,22,23,2,,
2026-02-06 02:33:22,2b2019a743bb1ae5af6386775cf1965bab34ec57,,1024,6,4,10,10,,
2026-02-06 02:33:22,227aca21cd521f96022f32a83cb60552ed10fd4e,,10201,8,2,10,11,,
2026-02-06 02:33:22,54d479d6c4771141ef47d8fe89c9c1c74265e034,,12016,1,10,11,22,,
2026-02-06 02:33:22,1db644bb65cbe198a859b6d30cdac0200f43a334,,23301,5,3,8,17,,
2026-02-06 02:33:22,98bdc26a3df3a4abc7bb0220d2a77eb0998f7f6a,,34013,10,18,28,0,,
2026-02-06 02:33:22,74fd148eccf69f1be2b71c4d9fead159d50a24fe,,44008,13,12,25,4,,
2026-02-06 02:33:22,c58c657e70d66ad63246bd15534bfa29618ce949,,23104,5,12,17,10,,
2026-02-06 02:33:22,d9835956f950f2ff62343d74c541d7be53936837,,48012,2,0,2,24,,
2026-02-06 02:33:22,4e2f5ca01cac333438170d97e5310ded0312d950,,23303,1,2,3,27,,
2026-02-06 02:33:22,bf62167f503da78cba199ead1c132a1541dc6520,,20010,4,12,16,18,,
2026-02-06 02:33:22,5237a5dfb2d06f89acb2ff211a062df9788f2cb7,,26012,8,8,16,1,,
2026-02-06 02:33:22,62cf5469d4034eaaf7b97a9547b93354248d18a1,,45004,9,4,13,24,,
2026-02-06 02:33:22,4e958bcab996733641ca0523c1e8951b6dff9d67,,13049,1,1,2,20,,
2026-02-06 02:33:22,7f57f225de7334efa6eeeddbe315eba60f385029,,6015,4,24,28,25,,
2026-02-06 02:33:22,a19682f6bece5b8d3d992703572869d31925b2c0,,32605,2,13,15,4,,
2026-02-06 02:33:22,74e7fdf0abbf7ff5cf57ff847719be6ae14759e0,,17202,2,2,4,16,,
2026-02-06 02:33:22,a7f61b8d27032a99e43fe98fb75bf3421cd0623d,,8202,1,1,2,23,,
2026-02-06 02:33:22,a8c927af3083c234d22c1a195f97474b8797e0f9,,32011,1,1,2,42,,
2026-02-06 02:33:22,4016263a0133743b494e55794c130b56446bd9ae,,17020,2,6,8,18,,
2026-02-06 02:33:22,c5a710f6247939a07e76f6f3e7855a85c1e4c9b8,,12202,5,33,38,0,,
2026-02-06 02:33:22,d4fd2ac24e5f2bfcacd4bea334ca6c146db457bf,,10202,5,7,12,18,,
2026-02-06 02:33:22,8b702674e5864d5c1b28ac8035af712496701ff9,,8018,1,3,4,41,,
2026-02-06 02:33:22,afc062da6d572b1ace1f74dadda8c40eb88845df,,20142,2,1,3,17,,
2026-02-06 02:33:22,0ddd64b048a8215c4bf515110203002c0feeeb30,,18135,7,1,8,16,,
2026-02-06 02:33:22,817504ac0bc1ac5e1096138826bf8495941b331d,,34011,7,7,14,8,,
2026-02-06 02:33:22,9162e75a013f128ff92b5b6fb3b66cb58d23f543,,19121,4,1,5,30,,
2026-02-06 02:33:22,c600c834afbab752d4ac5cbe748af1342a3287c8,,25007,4,16,20,4,,
2026-02-06 02:33:22,f4749c4d56d0d6b068a559ed9fb0d8d179fff591,,19114,5,0,5,14,,
2026-02-06 02:33:22,0675f3fb3308f4aec9034b522d8a7ede668e098f,,21002,3,17,20,0,,
2026-02-06 02:33:22,1f964f0ba33324b45a6a9032d52fafc337f3c278,,13024,8,8,16,16,,
2026-02-06 02:33:22,506deed406399dcc2b7c3540482cd2fbf06daba6,,24005,6,1,7,25,,
2026-02-06 02:33:22,ea404554ba2fe68381c53ebc15e01e54336ebd24,,8040,1,2,3,23,,
2026-02-06 02:33:22,0078d2ce8aa97fc882ca6fa9abbabc3719b3c54b,,31104,14,1,15,13,,
2026-02-06 02:33:22,c1257e7f704545813bbe3c856995266857c7d5af,,5027,6,31,37,2,,
2026-02-06 02:33:22,ac10fef79d7364945b15b50f8b055d8542e31646,,13116,8,3,11,39,,
2026-02-06 02:33:22,7140123c87ac21faf51e960eb1c5f614b62d85ed,,48006,0,0,0,17,,
2026-02-06 02:33:22,db2c290e0f7fbc6edd8dca22f24923ea4abfccc7,,15012,11,55,66,0,,
2026-02-06 02:33:22,264f55c548942376b752f4f6bf685a4ec98deda7,,15053,5,39,44,1,,
2026-02-06 02:33:22,8cdae468e98f64f4946da02ca4ac9cf2328f9d01,,20003,6,2,8,10,,
2026-02-06 02:33:22,9027879094f20e02f1d794df35453d7cad0126b7,,15041,10,4,14,19,,
2026-02-06 02:33:22,f932dfc775e85c4ae9d3a9bd36c52a45232bba3a,,10003,7,5,12,2,,
2026-02-06 02:33:22,a6d4f3dd7f3ccf448f26710d7a516ac00f90d9ab,,11022,3,11,14,1,,
2026-02-06 02:33:22,9f0ff5dc4d9b0bdcc456d2f5cd9188234edf7bd9,,20012,4,4,8,9,,
2026-02-06 02:33:22,8e40a8d7b47f14137ad37f656e0b901523201de1,,14027,9,0,9,45,,
2026-02-06 02:33:22,b62b41e3f425b660ddd0c70e61171898e37025e2,,48002,13,8,21,13,,
2026-02-06 02:33:22,b7044b16e46d945a36a8477fd4c29de29ce0ea05,,35013,11,1,12,6,,
2026-02-06 02:33:22,aebbb61cc648fa792af84afbce05f6313f9ed65a,,20020,3,0,3,26,,
2026-02-06 02:33:22,ddbe843f6241f11c73356a1cabddc66c589b49f6,,12008,3,46,49,4,,
2026-02-06 02:33:22,452d96c9975dadefda91424e6246fb7ad0f4c92e,,12102,3,12,15,14,,
2026-02-06 02:33:22,31bae1425c0592b29131fe94b34c25e868184ec2,,13120,9,8,17,1,,
2026-02-06 02:33:22,becfc898297efc6c414b19ea190d7e56d944db0b,,10009,2,11,13,4,,
2026-02-06 02:33:22,ae53d5d3534defb7835d72f044807e20d4478552,,14004,3,7,10,13,,
2026-02-06 02:33:22,3752c9a416ed8a6e2ba13b2b0878b52891581fc1,,11111,9,12,21,17,,
2026-02-06 02:33:22,6a7f40d3f33c63e316475fa53a500936f8827318,,43007,2,1,3,24,,
2026-02-06 02:33:22,f51cbf87bd72e75e4df9dbc44ef5b43eac1aa691,,16025,6,36,42,22,,
2026-02-06 02:33:22,4c15ef2ea403c6d0cd668c6028e8b1f29cb2b267,,17117,6,2,8,24,,
2026-02-06 02:33:22,e8d5eaa17deb70090cc01943b9e11a21a832f696,,18021,1,0,1,38,,
2026-02-06 02:33:22,1ccf568bd32d567bbf0104b6e1b4d7c03099c5aa,,16116,4,12,16,13,,
2026-02-06 02:33:22,25728f0fb4d5832e5f31350aadded7c08d27a7b1,,5033,3,12,15,15,,
2026-02-06 02:33:22,7dcabed1c4e941b87b73e159256decaa7af8836e,,31105,5,7,12,6,,
2026-02-06 02:33:22,0d3df838eddb6c7712e25873929da864a2ac31bb,,20032,3,1,4,22,,
2026-02-06 02:33:22,0eeaf518bcf41c46730ac2a9d64480c630d5b0fc,,14035,8,1,9,41,,
2026-02-06 02:33:22,f368a9a32e865da450d58e8b7edc757d068ec703,,14005,2,0,2,33,,
2026-02-06 02:33:22,7faddf76b3024705208080e24ffb50c41845a2bc,,8046,0,0,0,31,,
2026-02-06 02:33:22,c5698180bf84b6a6888bcf2a8b9e86e8c234c069,,32306,2,0,2,27,,
2026-02-06 02:33:22,e82a3714fae195246a5e71988dcc0479758e6063,,21218,5,1,6,12,,
2026-02-06 02:33:22,4f6c70a1e15bfda1119164f4e2fe4ab40b4ef26e,,17006,12,9,21,14,,
2026-02-06 02:33:22,e1d24ef533b22be4f6d4004c7ea6c6553d8b7a35,,18101,7,3,10,12,,
2026-02-06 02:33:22,dbd96e9be22b5937fd492554e4ca97134f046dcd,,20005,3,3,6,13,,
2026-02-06 02:33:22,69208b29b522c6e13757f8af2444d99ed7fdce82,,15120,4,18,22,5,,
2026-02-06 02:33:22,84a39b0b25ec3e5cbf94152dd82f6ebb5f5c663d,,16033,5,5,10,21,,
2026-02-06 02:33:22,e72a51e7888b97fb709197b65838ece38f2ba2f1,,16023,2,13,15,17,,
2026-02-06 02:33:22,44b1550da0ba41f6897f6702e866644c00947519,,24007,5,2,7,13,,
2026-02-06 02:33:22,3c615426510d7fdf3a7f9a6936e5cac95b4aa09a,,6004,0,3,3,43,,
2026-02-06 02:33:22,1ecd1c4e8c0381f94086478d941b06b971d0eca7,,11029,11,7,18,21,,
2026-02-06 02:33:22,e12d12912896e5339317c1227cdc66fe22befc69,,13055,10,12,22,51,,
2026-02-06 02:33:22,71e7b7c9f7f91b7d8fa1487a40d6336417a11c66,,22014,4,6,10,15,,
2026-02-06 02:33:22,85734eb98bf8ac8590e1f182c4ea0a383af6f23f,,20011,5,6,11,8,,
2026-02-06 02:33:22,785dfcd4bcbd7d94759fb3f84a5cebabb1fbccae,,13023,7,0,7,19,,
2026-02-06 02:33:22,3f9f4665288ffb735d3d2e73b18ef6aba9f66fff,,12040,26,2,28,38,,
2026-02-06 02:33:22,cebeba5d8b0e93e85c34f763e712786942e7232e,,20106,4,0,4,23,,
2026-02-06 02:33:22,e007140e2cfc768fd2ce336ef5190788779782ad,,5105,6,7,13,3,,
2026-02-06 02:33:22,8ccc9b7786130c741d9008b5ccefe5dd68115a3a,,11018,7,11,18,30,,
2026-02-06 02:33:22,d01fd0f478439da3f69926cd621d451dedfec61f,,21107,4,14,18,3,,
2026-02-06 02:33:22,55d3d1e73413bb1c0babd4fd9999a257af109073,,13037,5,2,7,11,,
2026-02-06 02:33:22,41c12c9db7b4627c7d1176a2486d289bc2103c52,,5031,5,7,12,40,,
2026-02-06 02:33:22,a678efa7d6a97cd76c2816573792c41e770b0a1a,,14025,5,0,5,25,,
2026-02-06 02:33:22,30386a257030efd02db74ad52e618d75c9402d0a,,6009,1,12,13,23,,
2026-02-06 02:33:22,cd3e6451c00d0b17fdfe054240ecdb26c3d445ff,,8044,2,0,2,31,,
2026-02-06 02:33:22,7ca5b2a6ba86c5b728abdb108506148e5ed26e29,,51007,10,6,16,11,,
2026-02-06 02:33:22,7114a1a01e4c731d8df62065a7cd0a87a57f2f24,,21033,2,11,13,5,,
2026-02-06 02:33:22,a270f54601fc4a9ef7f01c72bc1c3863e326c9c1,,24010,6,2,8,19,,
2026-02-06 02:33:22,7da752d1f5560b9668a60d7f5e7662559e23e53d,,25009,5,5,10,10,,
2026-02-06 02:33:22,93db01daeb969d051b7293e0d3bb94675f7a0d53,,16140,6,11,17,11,,
2026-02-06 02:33:22,71cbc076b435d9663ea5fa9bebf05377beb8afb2,,3201,0,21,21,2,,
2026-02-06 02:33:22,d2e008ea04b99daf877fcb22bb443f8ade20127c,,23106,4,5,9,11,,
2026-02-06 02:33:22,5b86951eb8bcb7dd8defb98649123f29c2b9911b,,21508,6,14,20,4,,
2026-02-06 02:33:22,e8760edd1ed8ef257cd131daf85b9cdc93084bb2,,15032,5,40,45,10,,
2026-02-06 02:33:22,b16f3ead2f0b099e2c23b5b6452d6e5ec81391dd,,20037,5,1,6,17,,
2026-02-06 02:33:22,7358335b8571b0f38715589333f13dbcc2e2affa,,19045,6,0,6,60,,
2026-02-06 02:33:22,80d2e704ace079fed97c6027b80c5d7ed90a92ce,,13053,7,3,10,24,,
2026-02-06 02:33:22,404149271f3eb2e9d1ca537d0c4563c4988ec774,,8031,2,5,7,40,,
2026-02-06 02:33:22,17ea32c9d673933b6c235e84024e622aa17c921f,,15039,7,10,17,11,,
2026-02-06 02:33:22,dcffb8507e714833e0e0afad1815cdb2376c5a77,,26011,11,7,18,1,,
2026-02-06 02:33:22,2c2f77d2bbe8e66a7cb32483310fa1e6def36695,,22208,2,0,2,18,,
2026-02-06 02:33:22,02f0687e351bc5f72e19cfbae9999eedfc72b063,,14110,5,1,6,19,,
2026-02-06 02:33:22,b1b5008f254ebe5e41b4f60ccba14ede3e406a98,,18018,13,5,18,1,,
2026-02-06 02:33:22,36e4835e8170bb72b4cc3252d38a72854b62416f,,11201,1,2,3,13,,
2026-02-06 02:33:22,e1422478ce6b9baaca2efda89182099c42a70721,,22602,4,4,8,22,,
2026-02-06 02:33:22,42f3e0f75ca45d469e03159cc8661b4489eca2ad,,12106,6,47,53,11,,
2026-02-06 02:33:22,e2697db8f64c5ba6497796afe1d2ef9b65b80ebd,,12001,3,47,50,10,,
2026-02-06 02:33:22,91b2c6250cc67b130960787791d0bd2090ab497f,,21320,0,5,5,34,,
2026-02-06 02:33:22,fc7c83a26790d0dca556b0c81337fadfdd20f0fc,,11001,1,31,32,19,,
2026-02-06 02:33:22,6ace35d03456a2c3ab2f782f882b8592a420f4ce,,23203,4,2,6,18,,
2026-02-06 02:33:22,aff30e2640e08b3c4d95fe74e8bcc00b72916c1b,,9035,3,4,7,35,,
2026-02-06 02:33:22,96da95fdbb9674ccea3c1b84370f377b427f1e27,,17127,9,27,36,2,,
2026-02-06 02:33:22,69cccec6cfed651071d449197f2ee582a2d25586,,26008,15,13,28,5,,
2026-02-06 02:33:22,2a805a894bea530703c68ee985f11eca834231cd,,26009,7,19,26,0,,
2026-02-06 02:33:22,81af09af54889f3049f50b01cb466695ad8a07b6,,34012,8,6,14,10,,
2026-02-06 02:33:22,51cfa725a2fab46e1e1ba0d9d276600a2908885f,,21514,4,0,4,19,,
2026-02-06 02:33:22,f3e9538a957a5166fc4f4185e614fe5fe5f7e861,,15052,8,44,52,4,,
2026-02-06 02:33:22,6b73cfc09867ed094f071be0f30950f617169e48,,5107,3,10,13,8,,
2026-02-06 02:33:22,93bef53800e8ca2bd4865b87fee0bd54d98477fd,,18023,7,0,7,28,,
2026-02-06 02:33:22,d262dc446819465b56821ea8d5973d94753b2515,,18026,14,6,20,32,,
2026-02-06 02:33:22,fcd60625de5287d85aa846040c1b88d60bc3b588,,16006,2,1,3,16,,
2026-02-06 02:33:22,88e743cc47f91f56caeb221c1ddedb93ae7154e4,,2108,0,3,3,48,,
2026-02-06 02:33:22,b28821d6d6c826a908b2b8e696f25980a2427e94,,8008,0,7,7,24,,
2026-02-06 02:33:22,1cb8b9fbe9d5573acc82851bbb8a67cf448bec16,,31202,5,8,13,11,,
2026-02-06 02:33:22,29ede6a31e9a52da60cf473d3f422ee9065293d2,,20112,2,1,3,19,,
2026-02-06 02:33:22,dcd2aa8474c131f5f60e8e7a59ecda845910c042,,7201,2,4,6,11,,
2026-02-06 02:33:22,2e3904d47f8ec7c583d9a6af0f1d279fe9a90d47,,22019,3,7,10,5,,
2026-02-06 02:33:22,aef00147c8c61c4c9bea347f4487d9a89ed645c5,,15013,14,14,28,0,,
2026-02-06 02:33:22,2b77f0d1914d1cbb8b8619544d5643fba4e4768c,,10114,5,10,15,43,,
2026-02-06 02:33:22,50164051efb5e6e103b096cc75a5b46f2fcb057e,,18134,1,1,2,23,,
2026-02-06 02:33:22,6bce53628c36c782bd5f7100cbee1242c6ff2c23,,47007,2,6,8,12,,
2026-02-06 02:33:22,46473a50750fd4efcc435d0674398fd21eaa9307,,13051,2,0,2,35,,
2026-02-06 02:33:22,fd81ab3cb1b3d0d566cc684e28723038a65ce9bb,,5201,1,0,1,15,,
2026-02-06 02:33:22,3c1505994b8da66c95bb17fa7f6a71e2d9ae037b,,18044,7,1,8,22,,
2026-02-06 02:33:22,461f09937956171720b04f7e43141d23b646643f,,12157,1,3,4,62,,
2026-02-06 02:33:22,84ecef6e9fcfbade37965703b67729d6e9a9d295,,21213,4,1,5,20,,
2026-02-06 02:33:22,2be45c11184b726e9068f01e8a4219a6f4779e1b,,11046,2,7,9,8,,
2026-02-06 02:33:22,2372947125c170cf86909c810018aae83eb91a9d,,11037,3,25,28,9,,
2026-02-06 02:33:22,aa6515c63ac5cc610b38513d21cb7f9fd072205f,,11009,4,11,15,22,,
2026-02-06 02:33:22,898c8637901ad40a41f121faa989d32240d22918,,3004,1,6,7,9,,
2026-02-06 02:33:22,d00efdcc4ac49fdf82046f9a4ed1a2f6b557c9e4,,11020,6,43,49,2,,
2026-02-06 02:33:22,a2a7cf1315fdceca7574c0ad8da0eaf4192fcfef,,7111,1,2,3,23,,
2026-02-06 02:33:22,3f4fe4479ef4edde97fb51e93a43b17ed637adf0,,16103,4,2,6,16,,
2026-02-06 02:33:22,1b78bb8e34af3066a78b50958a2d8ade01b41c48,,7025,3,8,11,21,,
2026-02-06 02:33:22,186a0767df8f24fcfafbe904d3c2271715a4f346,,40012,5,0,5,11,,
2026-02-06 02:33:22,116eb4502823c47f21ce9bae70e7bc06775a00fb,,23011,10,10,20,6,,
2026-02-06 02:33:22,e49bffd3ac4e4e3e7f922b84ddd59f8cc91ecb1f,,16005,2,1,3,22,,
2026-02-06 02:33:22,0d5227e98a41e66033dde451752d67d0575a1955,,40003,0,5,5,12,,
2026-02-06 02:33:22,97f893d022e8f16be3dea90d892e515c62bfdda7,,40004,2,6,8,16,,
2026-02-06 02:33:22,4bd7724dc6cee8426e2f7adb1195557c9e59f27a,,2202,0,0,0,1,,
2026-02-06 02:33:22,52097bed757f40e40e400a35e315d0decaccc115,,40008,2,3,5,39,,
2026-02-06 02:33:22,dc5de79f0ee365faa1eaf5d58997400cef384d87,,14021,5,3,8,50,,
2026-02-06 02:33:22,c65b263126e1171ea81f12d046c450e3889f7d03,,6010,0,0,0,14,,
2026-02-06 02:33:22,c229f1c4cc8fd9c62e8fa103e70b9277f04f64e2,,15001,1,0,1,41,,
2026-02-06 02:33:22,8da21d8988b84ed1f73c014770bcb2a4a4987612,,35014,5,1,6,17,,
2026-02-06 02:33:22,f5281baa95f908c1bd9aa6db1a838b1f56c0b363,,31708,7,0,7,15,,
2026-02-06 02:33:22,fdfdb4ddac4bda752786c75fe1dd20df6560d6fa,,27004,6,1,7,21,,
2026-02-06 02:33:22,df765c5bae891f372ef6be62b94057368f5ae81d,,31029,2,0,2,22,,
2026-02-06 02:33:22,45cd69b249e996d6faaa79f2095eb1fbc80a76e4,,15103,9,21,30,21,,
2026-02-06 02:33:22,e8e52bc2952e13f8f093f2b01f52163c008afc3a,,1022,1,0,1,35,,
2026-02-06 02:33:22,f17c39045ffea191b1f425f23f31056438ce6370,,19203,1,0,1,25,,
2026-02-06 02:33:22,42edbb76476736b69bac3a1fd456408fd78c68eb,,21404,7,1,8,12,,
2026-02-06 02:33:22,978f8639b1713b6af746d3a229838f7896cfac87,,6001,0,3,3,13,,
2026-02-06 02:33:22,40540454ee4406a3adc1b910988ba99a5e0ffa04,,1002,4,3,7,11,,
2026-02-06 02:33:22,aef02ef72627d9a78da7e2aead1250db659d7414,,17038,1,1,2,60,,
2026-02-06 02:33:22,56694cbffa2a0f934a86bb652f17ba083b06608c,,43102,2,4,6,12,,
2026-02-06 02:33:22,08e9be17e0af548477dc38eca76972b8c4a6ca9b,,23904,0,0,0,19,,
2026-02-06 02:33:22,cdff640c4090dead83a5d1add54df4f2b5975a3f,,5020,7,22,29,11,,
2026-02-06 02:33:22,1403186429f7c464f954507a20000f38fad57ec8,,30001,10,4,14,19,,
2026-02-06 02:33:22,a66b72658220089dce23e3f51d3030eeffea0d68,,35022,0,0,0,1,,
2026-02-06 02:33:22,1d2272b34ccf1963be6fdebc75d44d3b6f103a3e,,40018,0,0,0,1,,
2026-02-06 02:33:22,8f6ef3969ccb2428c2dc54813af540063fc00178,,32001,16,3,19,9,,
2026-02-06 02:33:22,cf1009553c2ef22f632b28ff80295b08c7ae0b56,,4104,3,3,6,7,,
2026-02-06 02:33:22,112071540f63453356a15178873cc401186a1629,,13123,5,38,43,2,,
2026-02-06 02:33:22,81cf07323cf603829d50d20349d4af052cb5cd3d,,10208,0,0,0,30,,
2026-02-06 02:33:22,fffa40d68641284bca2ff3396c0984e163cc29c2,,23806,2,1,3,13,,
2026-02-06 02:33:22,9af5182087c31a0a2f40ae0909cd4b8cc5f527bb,,34015,0,0,0,1,,
2026-02-06 02:33:22,1c88285cb04d65cdab6abdbeba7b78075a0faebd,,21302,3,20,23,2,,
2026-02-06 02:33:22,34a2b55e867fd23cc27c0e0d797d6a79aa5796cd,,40002,4,3,7,11,,
2026-02-06 02:33:22,fe12d09f921009655876c37872c898895d6f9ca7,,33019,3,1,4,29,,
2026-02-06 02:33:22,926db68ab08176402377a19ae3bc9b7cdb61511c,,22304,5,5,10,22,,
2026-02-06 02:33:22,59a84313e382475ba75533061a7069cd6c43d3f7,,15204,2,14,16,7,,
2026-02-06 02:33:22,b7b0a015768e4c3dc8204fac76f2f523592b1090,,1003,5,16,21,23,,
2026-02-06 02:33:22,0a2bf369dc8b056f49d100923d74540bbdd7d0c4,,4010,4,9,13,6,,
2026-02-06 02:33:22,42f4144f66ad000c7de740ddc04e271fd0488a44,,19018,5,9,14,41,,
2026-02-06 02:33:22,376308162a92ae631b4894767574b0a4f12aa8df,,18043,4,2,6,13,,
2026-02-06 02:33:22,4ad0a1c8f00cb7adac6e4db626b356b0bb29f9a0,,5202,8,5,13,19,,
2026-02-06 02:33:22,abb43e806b5e3b385381b8e33a5182a06fc95e2f,,15056,3,8,11,14,,
2026-02-06 02:33:22,03cb285066f7851529ae8594fac148be83fe8604,,12105,5,2,7,27,,
2026-02-06 02:33:22,4387b2c90f18c79b53126ae23f610fd1fa457cf9,,16107,5,14,19,15,,
2026-02-06 02:33:22,07a52cb5389e0d07d4bfde4c7e8b4127aa204f57,,40001,3,8,11,16,,
2026-02-06 02:33:22,8c686556faa1c0ed951a9e021ff65a2132f1f2c3,,9020,0,0,0,20,,
2026-02-06 02:33:22,dfd2c123e5bb747c174f9f8b53a63a3c359a211f,,14111,6,2,8,16,,
2026-02-06 02:33:22,c359ced9b48ab12671fde9dcf9d88e7193af0eac,,14014,8,7,15,43,,
2026-02-06 02:33:22,1001c0bfcf85b084e72a0298d71f347d20b6c3a6,,32017,6,2,8,14,,
2026-02-06 02:33:22,649919ed891c85dc0b0932c6ba63b8033e84f4eb,,8026,2,1,3,9,,
2026-02-06 02:33:22,78f062d887fa17d4f62d35bb4bfe2e7f2d6ccd06,,7002,5,12,17,14,,
2026-02-06 02:33:22,3feb81af5d060b0b4a03608add0870b04b25ce40,,33006,14,10,24,4,,
2026-02-06 02:33:22,319189dcb3f462ad5fa376c5e5eb813cf1382896,,42016,9,3,12,13,,
2026-02-06 02:33:22,1058abc30dc70d4e52ce986f6a16b1842b2109f6,,40011,4,7,11,16,,
2026-02-06 02:33:22,7c71dc51d28d3c85920aec4b9cbbee9a806d20f2,,17026,4,9,13,25,,
2026-02-06 02:33:22,736a0fcfe0a3e51eee84e62cc42609d3286c9440,,12109,5,22,27,0,,
2026-02-06 02:33:22,72fdaf3289e2613f0ce846f943a20ce708dca2a3,,15202,6,0,6,23,,
2026-02-06 02:33:22,61c6faa35aa429e5ad9308779aa0d9907aa582dc,,42208,9,3,12,22,,
2026-02-06 02:33:22,e6c04a308c5e9e96f776c9cd24fc79eb5e57ee12,,5016,0,0,0,15,,
2026-02-06 02:33:22,26619e7e7f8be4e3361e2f5339ae81bf4ffdf8e1,,14108,14,1,15,6,,
2026-02-06 02:33:22,bce794e31a3124cfd7c0b0cbc1efe26b13f1c545,,31024,2,4,6,31,,
2026-02-06 02:33:22,c5cbd14784da3e250c6de9f9ef140490f9b7c826,,19033,5,8,13,27,,
2026-02-06 02:33:22,51f9bb9af0c89f3e2d38e9a50ab3158caa3e105f,,16138,0,4,4,24,,
2026-02-06 02:33:22,bb3f1fc3023e775d99c6f694073b22bf409af318,,15068,2,0,2,13,,
2026-02-06 02:33:22,8c39510583de3146d1d37b81092d84ef29e80c34,,22207,4,1,5,17,,
2026-02-06 02:33:22,f55c172f65746fa608b9badf7bfdb1c386ae2ebb,,31028,7,5,12,15,,
2026-02-06 02:33:22,6b828490de6da5f3a743cf6f7776fa9b1069dade,,17048,2,15,17,13,,
2026-02-06 02:33:22,3e074ecb4de219b7beb290d14365afaa7276c6cb,,2017,1,10,11,27,,
2026-02-06 02:33:22,95b72cb35dd986a578e808963938735dd59efee9,,9008,1,1,2,15,,
2026-02-06 02:33:22,f9d6af3be6d2007129178b098487de8cd5e0aecd,,14013,0,7,7,20,,
2026-02-06 02:33:22,007fe2980a667041678019806e0f305056133065,,13030,7,2,9,11,,
2026-02-06 02:33:22,cf42277d77f987ccdff676f55ca7b20ac192784b,,40016,7,0,7,15,,
2026-02-06 02:33:22,a1b6c7ce3a62cf2a0085e18f291c443d5952859a,,18111,9,1,10,14,,
2026-02-06 02:33:22,20a870bc0acfe007ac944cb6775cf3ab9caa2418,,48003,10,5,15,6,,
2026-02-06 02:33:22,b0386bc25c351f54656134e565a69d1b338e2653,,16110,3,0,3,18,,
2026-02-06 02:33:22,5a604bf455c57905c0c0e4deeb1cc25ab84da967,,44015,3,3,6,14,,
2026-02-06 02:33:22,c53ce123454e2dc4b6f7c70274eec7948eb40b79,,9001,3,7,10,6,,
2026-02-06 02:33:22,ff80dcd8a571e5955aab0ccbcf9749601a973114,,17032,2,2,4,17,,
2026-02-06 02:33:22,ec1404b2fa4ef0431286e64872569612c5719840,,10029,0,0,0,24,,
2026-02-06 02:33:22,b27105799c9c2df4c4cf7c093d84ea907dae83b7,,10161,2,13,15,15,,
2026-02-06 02:33:22,233863bd176075f5e02334d3b080430826f0327f,,12031,0,36,36,0,,
2026-02-06 02:33:22,7eeba19cd3e2f387e9ecbbc1f39063580f794cd4,,1001,5,4,9,5,,
2026-02-06 02:33:22,6ca82aac6e90463452dde6569b3d800b8769db33,,5022,1,1,2,17,,
2026-02-06 02:33:22,10aa7d259a211264b9b5f11d4f350da3dde3e49c,,21328,6,0,6,23,,
2026-02-06 02:33:22,2f43f2a5492fd6e7d04c53915d0c5bc3f5a5902e,,9038,4,1,5,21,,
2026-02-06 02:33:22,712e61f0bff9afc40c48acfd2d63f31cc4b6344c,,8009,0,2,2,24,,
2026-02-06 02:33:22,6e0de996a47a322a6dbb2002c2274884993849aa,,17008,4,4,8,14,,
2026-02-06 02:33:22,76c3f6aeadbe59aa92af36b5ea5e53b700852fa8,,19207,2,3,5,24,,
2026-02-06 02:33:22,d4321b04316fd04934ec14a7b4f5f253c8d3b4ca,,9014,3,19,22,12,,
2026-02-06 02:33:22,083d039b774309929ccb697412beaaaccbc44d00,,17004,13,6,19,18,,
2026-02-06 02:33:22,d8ffbb069916ebc8109ea9d7baef852b462c391a,,26003,3,9,12,3,,
2026-02-06 02:33:22,77e5454449e4e3d081b7ad5952d8be11dcf61bee,,92007,0,1,1,21,,
2026-02-06 02:33:22,b5582c65937b6244179717bc1e1828c880e05fb0,,9028,2,1,3,13,,
2026-02-06 02:33:22,135f3867e71837275dbb31732f46f720429095e5,,10107,0,1,1,48,,
2026-02-06 02:33:22,784eeb74c929d0623b12cc27c317e9245b5b6955,,26002,10,25,35,4,,
2026-02-06 02:33:22,7d621e85bb3a301059080de3193ab614bfd820e1,,19026,3,1,4,24,,
2026-02-06 02:33:22,552228e1c0dc5b0d4515745f027d32afa0e889e1,,11023,11,29,40,4,,
2026-02-06 02:33:22,e3044e407021ea80a779b5084aefbd550b677df2,,45003,8,3,11,23,,
2026-02-06 02:33:22,b86514e77bc0afd8e83ba15ad99634e1ff3c9fda,,11047,6,18,24,5,,
2026-02-06 02:33:22,004c5795f98b24fbcc02ee18f4896d1f5d918762,,5032,1,0,1,50,,
2026-02-06 02:33:22,aaa35e500f34ef3ad49bb4825b355bb4d8410ca8,,17030,4,7,11,12,,
2026-02-06 02:33:22,d0df1f2a389e30c66bede03a24ccbbef9745d7c2,,11027,7,15,22,13,,
2026-02-06 02:33:22,023a635d72d1729bc34e6bfeba3aad4cb69f89a2,,8010,0,0,0,16,,
2026-02-06 02:33:22,9a62f1801cfb7cc9da790a959541f5507ddcc3cb,,46002,9,2,11,22,,
2026-02-06 02:33:22,42c4319e6ec2f52cb8255b5c526bda209d61dbac,,10016,2,2,4,13,,
2026-02-06 02:33:22,64bfd3ab728550dd0794899da2208e16ea4915dc,,31009,7,1,8,17,,
2026-02-06 02:33:22,d319aa1f6242d4d6136f9580fec650d236d72a73,,33017,24,3,27,0,,
2026-02-06 02:33:22,c5193e7b382979525b2cfa54a379c6914d42ac77,,21212,2,1,3,19,,
2026-02-06 02:33:22,9a7c5853dad020c98bbaeb44f754337950067208,,19120,7,0,7,20,,
2026-02-06 02:33:22,f20855b8b19f9dfedc4a434f46769361b82429a6,,11113,6,10,16,38,,
2026-02-06 02:33:22,b6aa1ecb522e897368f214eff6c6df70de9fa15e,,14003,1,0,1,48,,
2026-02-06 02:33:22,f8a1f931a6e62e67323c99bbb7e1d7604d581de3,,5018,5,21,26,9,,
2026-02-06 02:33:22,f2b2e9a02bd9cbce9c27b3a4468a7a0c84880c81,,14008,4,2,6,20,,
2026-02-06 02:33:22,c9df43c1b75f6dba46439e539aa7988d65efe31f,,15054,1,18,19,0,,
2026-02-06 02:33:22,2c5a0d2b0c4b63b764040ca443332c58d5829212,,15106,3,28,31,3,,
2026-02-06 02:33:22,b1d734c573de98fb1f6bbc93c3d38fa0431bbeed,,18046,4,1,5,28,,
2026-02-06 02:33:22,8a3a4626076b435c04a1de11cf320057cdce0a7b,,22406,3,1,4,18,,
2026-02-06 02:33:22,9376ce6a3e07e7cf701eb144e704e53cf0becde0,,31102,5,0,5,14,,
2026-02-06 02:33:22,706b62408ceef23ee979383d770f976dc65fb26f,,18022,5,1,6,31,,
2026-02-06 02:33:22,f0388e82629b3f248cdc7fb746e459a4bb31d383,,21209,7,4,11,18,,
2026-02-06 02:33:22,8b21953bcfae5b3fcbc4ff5d1a01f694410ea7b7,,14012,5,6,11,26,,
2026-02-06 02:33:22,22c63e010532775c2d82d1aa8cc4db53c76e1df7,,8045,3,3,6,48,,
2026-02-06 02:33:22,b7c3318e5e638f1e4dfb6c3f581214deed51c622,,8028,0,0,0,0,,
2026-02-06 02:33:22,9fc9df15ebc509ffbabb1393a377f50ff6f1c9c9,,14124,4,1,5,16,,
2026-02-06 02:33:22,8ce7f63100641b5dd06b76e51143a283f56ae141,,44013,4,0,4,24,,
2026-02-06 02:33:22,94e37fb1abf855c9faeea31f65ddde014daac185,,20131,3,2,5,28,,
2026-02-06 02:33:22,a37648dfc008651f0b79e42a7f99862beadecd4d,,21015,0,4,4,19,,
2026-02-06 02:33:22,85fa47ae35b1b7e89fe8bb859daae7593acac4f6,,15034,3,46,49,1,,
2026-02-06 02:33:22,806ee0c3dfdf217404478e462a1b611eb78b9af5,,48010,0,1,1,15,,
2026-02-06 02:33:22,0a496ea94c06b1a9cea25d50982a44a79d61a14d,,22203,8,0,8,20,,
2026-02-06 02:33:22,de585aac157843a6381e91b9be51351e30bb64ae,,41202,1,5,6,55,,
2026-02-06 02:33:22,2ecc3765ee80806aab6c0f2daa8991f3a11a39e7,,42021,7,17,24,8,,
2026-02-06 02:33:22,f1e1c8f2e53fec13a7dec15d49009fa7173df86b,,1119,1,0,1,20,,
2026-02-06 02:33:22,606714e6273a9b1b62ec59620b0e692d302c7f47,,35020,9,0,9,11,,
2026-02-06 02:33:22,eb72271cb01729776a28b76054783d375d20d4c7,,25003,2,4,6,17,,
2026-02-06 02:33:22,34cce5763f593415be20018aaa2a7a0ac9232043,,31003,11,2,13,16,,
2026-02-06 02:33:22,d627140cb83aac61a19e5a9e6585d9caa79ce87c,,22402,8,3,11,32,,
2026-02-06 02:33:22,951d70743a2f635fa96f9f9ee886bb18ac22cfd2,,6025,1,15,16,15,,
2026-02-06 02:33:22,20a04518f78f8b0ced48cf5a49ffec1bf8fc0d53,,11030,6,2,8,15,,
2026-02-06 02:33:22,78fb3719348cdf7b2ec7e5bd8a44646a683ef066,,1020,6,1,7,32,,
2026-02-06 02:33:22,8f44141e8e83b0b33fc0bc3b2b3e4516f59758a4,,11039,3,12,15,19,,
2026-02-06 02:33:22,ed6722273ad2cd6dd8cae593553daa03f21debe2,,17013,4,4,8,15,,
2026-02-06 02:33:22,64ec5c99c28041ad728c7d8d9fb8ca488e1c6915,,19024,4,1,5,14,,
2026-02-06 02:33:22,bad1db19e34214bff3837be8b555673177ba9cc8,,41601,12,9,21,2,,
2026-02-06 02:33:22,be89558123f478a7c74fe6705f1c35d08dd51cf0,,17105,1,0,1,40,,
2026-02-06 02:33:22,d9e4c4aa531ede8a38d3d89f3fc1abf45871f758,,18028,8,9,17,16,,
2026-02-06 02:33:22,c931bd57e2a47e5ff4308dc09a355f0f73ed3a3b,,17033,7,5,12,18,,
2026-02-06 02:33:22,41472523faf0a53d3cd847f96aa6fccfc626f73e,,19032,6,6,12,33,,
2026-02-06 02:33:22,c13b2030a5b7018d1d68840f8fcf480b3989eed3,,17125,3,0,3,28,,
2026-02-06 02:33:22,e6ea3d7a2983811c343d98cfa10fba92399e72ec,,16030,2,42,44,10,,
2026-02-06 02:33:22,bdcc5dc588568627a875f9df2ce6175c6cfb5efd,,16136,5,17,22,7,,
2026-02-06 02:33:22,a2cc6315bf675a552c71e4223445f0c487f4fda5,,13050,4,34,38,17,,
2026-02-06 02:33:22,bf4ad4b778930f600170d8d1862cd9dd7bfa00a5,,20134,4,13,17,2,,
2026-02-06 02:33:22,7c333fc1bf03d3fb016a3b0ac7253473748e0591,,24001,8,2,10,18,,
2026-02-06 02:33:22,18939d31485b240f7c82d0d250f8d308d21331cc,,14136,5,2,7,33,,
2026-02-06 02:33:22,cfe940461d6689970a321bb8f8ed403ae34fd0fe,,10014,4,46,50,3,,
2026-02-06 02:33:22,cfbfe1d60ae947e0ce32b28aecd7df2fae542333,,42010,10,41,51,2,,
2026-02-06 02:33:22,a4d3a7a49a6b30bc3d81982b788735c9717bca20,,22006,2,13,15,13,,
2026-02-06 02:33:22,4975b2106aeece97cb8d8a0d64eab8853616c827,,21301,3,12,15,18,,
2026-02-06 02:33:22,19401cbbe67557cea02f37cd988edbd705a98031,,19029,5,2,7,11,,
2026-02-06 02:33:22,6f71d2d306468c5ef9dc55b3ca48894dd8cb769c,,9032,4,8,12,22,,
2026-02-06 02:33:22,511c4e336716ca2d68076f15b5e9827f22d56e86,,32003,8,16,24,4,,
2026-02-06 02:33:22,a853d8eefbc03bc39020fe1b5ebe5e6cc0c02781,,21104,2,1,3,19,,
2026-02-06 02:33:22,d67d89cf87c9ffcc218a65f8ae9c90a183fcb178,,11042,3,43,46,3,,
2026-02-06 02:33:22,0b5d92592bbaf9620f588dbb543349ddf96dcd41,,32026,5,4,9,16,,
2026-02-06 02:33:22,d1bdfcc89891a33cbc17eab91797e46489710ecc,,9005,2,0,2,28,,
2026-02-06 02:33:22,a5d75b2496a05e3de02b463d8d54784d018af94d,,8025,1,3,4,31,,
2026-02-06 02:33:22,b53c35ed2ff167bff28ef9b77ccb60181870a806,,13002,8,14,22,4,,
2026-02-06 02:33:22,3fb898e13a89d021b17366d39fcd896dd17468fe,,12204,2,26,28,5,,
2026-02-06 02:33:22,bd6c8a7e5ea8cd71aa2ad9051c1b8f8b75940de0,,20121,5,0,5,14,,
2026-02-06 02:33:22,1680ceb23356d3de91ccae00b35c36550d2aa0ea,,19013,10,5,15,16,,
2026-02-06 02:33:22,d02ce15cd60485501a53502d30530104d96d05f9,,26013,3,5,8,18,,
2026-02-06 02:33:22,a1461cc8b9adb2f3503ce3340e644b1764fa968b,,20111,11,1,12,8,,
2026-02-06 02:33:22,5d9199819d325503f5d75f397422d5ea63a0f820,,32016,3,6,9,27,,
2026-02-06 02:33:22,04bc273a3c6b8fb97e3e1467908bad54e89770c5,,11004,2,15,17,17,,
2026-02-06 02:33:22,03fb54b409513374a6bb8c5d11b7b4ac1d23d974,,18201,2,1,3,30,,
2026-02-06 02:33:22,1eef9b2164e0795d199a98631902f70cc9a6ca47,,92008,7,6,13,24,,
2026-02-06 02:33:22,970922f615f5106fd17f8638c41280d754018f60,,41402,9,15,24,1,,
2026-02-06 02:33:22,cb46e5be8d12cf80e5b552add5d4763966e06994,,18012,14,3,17,18,,
2026-02-06 02:33:22,ca59fff04f0d0b9cdd3d89dc31423a1ca250d8b0,,14036,7,3,10,34,,
2026-02-06 02:33:22,1ff05de1e13f88945ddf1d0cc35fb0217eb7d95d,,31203,3,10,13,16,,
2026-02-06 02:33:22,5c8725e5d7ff035416fd12f50260a81c713d7c2c,,19008,6,9,15,10,,
2026-02-06 02:33:22,9062db50b0a5104126b04d0c64132aad879dfb4a,,42029,9,1,10,13,,
2026-02-06 02:33:22,7ebe2b470900ef5132b79cb3426c3fe3bd8ac235,,21313,3,18,21,4,,
2026-02-06 02:33:22,45e84e1c0055e6f35f3a2c4ce09c7fb2de959f56,,26007,6,0,6,13,,
2026-02-06 02:33:22,b34fbfaadcf868ef952df38b2d3812232fbbd47e,,15025,4,42,46,0,,
2026-02-06 02:33:22,0c6f4f46bd99793f3f42a41a5266d62299c47be5,,19005,4,2,6,12,,
2026-02-06 02:33:22,af9eeeae9a77877bb556655f2270a11e778635f9,,10113,14,9,23,15,,
2026-02-06 02:33:22,aff97c4d1f538af6fec66acc346394ba8f734587,,33018,13,3,16,2,,
2026-02-06 02:33:22,c96d32a103afad315c74257f643481c8a0fcdb3b,,11115,13,7,20,3,,
2026-02-06 02:33:22,30a52768ece121238739097db8aa5855c3309462,,16111,4,2,6,25,,
2026-02-06 02:33:22,61e8251ed63347d5a6b8269736e918f852a21fe9,,11007,8,65,73,4,,
2026-02-06 02:33:22,86567e4df3e82fe1286b6165e8d54752db4c4a85,,6013,2,15,17,6,,
2026-02-06 02:33:22,6ad6bd01ed265126b73c76a92b7daf27598a76c0,,12115,1,8,9,23,,
2026-02-06 02:33:22,8541935546a5f4a4f4e474889cf73660bad7344f,,21305,0,15,15,10,,
2026-02-06 02:33:22,2614eb9463412d2828402a16c0351a9a20a772e6,,18204,1,9,10,42,,
2026-02-06 02:33:22,4ea0b19af8e4555309b6db64c15a5eb40898f5d4,,15010,5,31,36,21,,
2026-02-06 02:33:22,64d7797dc629ef49e2cd65d128a97891d3c2ece9,,41102,2,3,5,36,,
2026-02-06 02:33:22,19b93ddc3853d609c790147a1ea2c00060a20647,,17037,2,9,11,11,,
2026-02-06 02:33:22,e405b35c8db0312b56a8ee9fe7c12248b80ca565,,18141,6,0,6,12,,
2026-02-06 02:33:22,cbab1f94e082b31792a104865e2785da29a976eb,,16124,18,25,43,20,,
2026-02-06 02:33:22,034eda236db7c61837391ec52d05a1077a7e71a8,,33009,10,3,13,19,,
2026-02-06 02:33:22,8c87b0fe5bb653a99b895638c45750a9ec78ab33,,15033,5,37,42,3,,
2026-02-06 02:33:22,3b62f0b0ca030ea926ace9e4207717c0b2e1ead7,,13045,10,2,12,22,,
2026-02-06 02:33:22,9e267648cd00839c295205b377dcba44d6074fa6,,19115,3,11,14,11,,
2026-02-06 02:33:22,112f8d19024bac8e78a22ab53fdc444ee7b2cd64,,14034,7,1,8,15,,
2026-02-06 02:33:22,9ad2637523294762e74e713ed257e738cd84bef1,,25008,8,0,8,8,,
2026-02-06 02:33:22,4fad5923a60e8bd70218c93efa789d59cbd920aa,,19044,3,17,20,29,,
2026-02-06 02:33:22,cbb7fb377145404a2f71b78c9726cacac83678f9,,33001,2,2,4,27,,
2026-02-06 02:33:22,dfea3090b5727ea2f7a56dcab2b1698d6578d571,,16034,3,2,5,27,,
2026-02-06 02:33:22,2e99373b436353d97c36b0508c1e8d0df5835c95,,41404,9,1,10,16,,
2026-02-06 02:33:22,38938be5dd39a6eae28fb22cbaf4dcde945e7ad8,,11036,2,51,53,2,,
2026-02-06 02:33:22,dc98cd10eff069ecd7b30de74fb18111ee3fbd27,,7009,1,2,3,70,,
2026-02-06 02:33:22,efb245ce12952d4390323b1ddbe5c3868f9d4682,,10152,2,1,3,38,,
2026-02-06 02:33:22,1659d7f4f9c431e5d0f8db83f562872e1c8204b5,,92003,5,8,13,12,,
2026-02-06 02:33:22,269303dac04af487d49d694e091380869fc7bded,,5119,5,0,5,34,,
2026-02-06 02:33:22,a8d367488f3212f2f094f057409865e739721cb9,,35009,10,7,17,4,,
2026-02-06 02:33:22,908e5bffbb8f14edb4247782202a62ac9c80131d,,10206,3,24,27,5,,
2026-02-06 02:33:22,6b2708855043edc766013e97a93566377d03cdb2,,21109,7,16,23,3,,
2026-02-06 02:33:22,e006afd5429edb258adca3e95b7bb61ba878eb38,,21502,2,6,8,17,,
2026-02-06 02:33:22,5c508fdcee4aee96e8c325af95bf268fc557b33a,,14104,3,1,4,19,,
2026-02-06 02:33:22,ee7b6de78611863f309cb084c2a6703290d6e592,,20113,1,0,1,20,,
2026-02-06 02:33:22,418f1111517744d4a69a4eba19736595a48393ab,,31705,7,1,8,40,,
2026-02-06 02:33:22,c7e1728a79f318818d8e6e7f8b7b70d311ac6e96,,12126,14,7,21,30,,
2026-02-06 02:33:22,c2dc04c25c28c5f5b033c6a026650d244db4753a,,20036,2,0,2,30,,
2026-02-06 02:33:22,9e66ab20402d2fa9bd956d9d53cb5135850693bc,,41604,3,2,5,26,,
2026-02-06 02:33:22,1d617c05bc7be75db4663e5c316bb90a36732c9b,,15029,3,35,38,9,,
2026-02-06 02:33:22,979d8cd5112365b9b2e6765c2705d1907b2acaa1,,10005,1,2,3,13,,
2026-02-06 02:33:22,3e22f3b135e3ae86aa67990aa352c4d2a2c71135,,26001,8,7,15,5,,
2026-02-06 02:33:22,ee000f6236ccb71491613fb452372eed7431ddca,,15017,11,6,17,6,,
2026-02-06 02:33:22,e333e7c23a2b526b67de79366a99cdf7a6f311a9,,15028,3,54,57,11,,
2026-02-06 02:33:22,1875bb39d01f307c3c50cdcd34d5ec661419a277,,31702,4,2,6,11,,
2026-02-06 02:33:22,c0baccb9120267d2e9bc0eed082f90f30ea3084d,,7004,1,4,5,12,,
2026-02-06 02:33:22,b25cdc5b12cd5ed1653b5edb3d287fa3eb9245a9,,21111,7,12,19,28,,
2026-02-06 02:33:22,bd3efcf42a79c51716f394d7b7b10acde0a41537,,11114,2,5,7,24,,
2026-02-06 02:33:22,70fcc323bdbf07dbc9d62f7873cefae80fdf904d,,7006,5,12,17,13,,
2026-02-06 02:33:22,c1cda4f3cfa2b2476de1008c6d8e5aca089a08c0,,23002,1,6,7,43,,
2026-02-06 02:33:22,c37ddfbeed49f895666ea510c5bbd88f84deab9e,,14139,5,1,6,24,,
2026-02-06 02:33:22,a90d212982697770c8cf08b9da2a2b8e32df302b,,11101,8,40,48,0,,
2026-02-06 02:33:22,7eff9c556fa11641ac94f060c96b675c218b8103,,10015,3,9,12,30,,
2026-02-06 02:33:22,3508fce6c57683ef58cd04e5f559a40e886745cb,,12011,4,27,31,3,,
2026-02-06 02:33:22,d7cbd0410b9938de33bd4c7bb92ce8a33583f2ff,,12032,7,2,9,27,,
2026-02-06 02:33:22,74e1e413269c6f85a25de0d5f3c301dfcd9fd51a,,6103,1,36,37,17,,
2026-02-06 02:33:22,f003b0b3a7c26774e117910e4b351ea84622685d,,15038,12,47,59,1,,
2026-02-06 02:33:22,61a0e1cebb81a99818080c22bd6e0ced1df34a2a,,20021,11,0,11,27,,
2026-02-06 02:33:22,e6ee43350004fe4456b71a31f86c375b17585319,,6018,3,3,6,12,,
2026-02-06 02:33:22,db14d7fe82fa83e6663bc8237ed38c14f95d3bc4,,27008,15,7,22,2,,
2026-02-06 02:33:22,207fef809b5e04968839a425c10b0adf77dd4613,,19109,3,3,6,13,,
2026-02-06 02:33:22,45109b4af4cfa699186967fcbcf0fe630ecf748b,,32014,0,0,0,33,,
2026-02-06 02:33:22,b0b79f7b4c219ea3e6458c9cd5c4861ee1a1b697,,18032,7,11,18,36,,
2026-02-06 02:33:22,0f17f6a5865a6106f42145ffb6aacba99fceabc9,,17124,2,2,4,22,,
2026-02-06 02:33:22,31c518d1fd2fc4d625918ccf865fdee2fbe81473,,44012,2,3,5,14,,
2026-02-06 02:33:22,bd4784b144f2a297f1d3fa0258280e249cb0adf6,,17027,2,9,11,35,,
2026-02-06 02:33:22,53a60d99281c25f99740a5646bca8daae0ab7b5c,,2009,0,2,2,54,,
2026-02-06 02:33:22,49ae43ae478c7660eee7d260191cf6cd5eaab859,,51003,9,20,29,0,,
2026-02-06 02:33:22,b0fa31dd2d4081523ee3f25bf687f7fd75050e80,,22101,2,8,10,19,,
2026-02-06 02:33:22,7d065cf4489111c9beb22a9093e2ee7194e9265c,,44102,9,7,16,9,,
2026-02-06 02:33:22,905de326da1917635a4884c5ad40bc9ab2964f1b,,9115,2,4,6,16,,
2026-02-06 02:33:22,f4f72018825707fd08dc428469163029f01276bd,,21003,7,11,18,19,,
2026-02-06 02:33:22,b3ea8adbe03d842b02d483a34b000c87f4b57e47,,22001,5,3,8,15,,
2026-02-06 02:33:22,9390137af5ea633d6c213ab6b1af4e4fa6c04fed,,31007,14,1,15,32,,
2026-02-06 02:33:22,bab40c90a24ea1664e0e69318edbde62e9e18e98,,41204,13,2,15,5,,
2026-02-06 02:33:22,8d8a0959332c00f0ba71745c743bf33f181e0678,,17121,8,8,16,3,,
2026-02-06 02:33:22,8b4efc07728be180801e2ca3403a6a095bf4ad69,,18109,5,2,7,40,,
2026-02-06 02:33:22,96db3acafc9207bdb8f1b03e06edd677f8bc077e,,19038,8,0,8,12,,
2026-02-06 02:33:22,52d5c25fce8b5ad3c37c40d2bc9474875a3e8db1,,18029,4,6,10,28,,
2026-02-06 02:33:22,013f4f255f7a82245bb49638fb27ab06bb315f6d,,20118,3,1,4,20,,
2026-02-06 02:33:22,e636867f1709f30a981bdcde22fcee5ef4df107d,,9117,6,5,11,19,,
2026-02-06 02:33:22,2005660deef485bee6edc34fc6f235b6c96e334f,,20023,3,0,3,11,,
2026-02-06 02:33:22,d824806f81484736bb63ee3b25c814905353d0e9,,15035,1,41,42,1,,
2026-02-06 02:33:22,be02ab5bfb7756a9efb37ffaeb8c8c688492f2af,,10020,1,4,5,4,,
2026-02-06 02:33:22,16e47f9466fc6a4d1d0aee333a0d82fc620cc6cc,,11041,7,24,31,12,,
2026-02-06 02:33:22,4d56a0592bda67b9db78e3168ba32b4dbcbadf24,,31025,9,0,9,26,,
2026-02-06 02:33:22,f9204e9091ecd799c39197c345b330a7b6d0e80d,,21014,7,10,17,4,,
2026-02-06 02:33:22,b8b3f25433e5da489a1bab2a44f981008e23f00f,,5121,3,19,22,25,,
2026-02-06 02:33:22,7d4f55572614d4e307aad887c014cc7af4ad188a,,11006,3,31,34,2,,
2026-02-06 02:33:22,fb5f8bd43fb05e575550c52e27aafd12d3ae7136,,47005,3,22,25,10,,
2026-02-06 02:33:22,a54c9c12112112217e3cafe10c2ff93e0bbb5fc5,,19127,3,1,4,14,,
2026-02-06 02:33:22,0c25863727454ac3a0af1476c50f71a05f13689c,,16015,1,0,1,14,,
2026-02-06 02:33:22,9063d8161a705e4a4fe8cfcba252de6f72c341a1,,1120,4,8,12,13,,
2026-02-06 02:33:22,5b889af5c84e7f6b205159dcf273d6207652ab65,,14112,2,0,2,13,,
2026-02-06 02:33:22,56b35acea9b8a1b4ee3f45f18d0991399c8a46fe,,47004,3,14,17,4,,
2026-02-06 02:33:22,c2ca032362aeeb0c800fe17bf0eccc256e1b6ff5,,9026,0,2,2,14,,
2026-02-06 02:33:22,b3e0639b1fc00471f78a8962edf7f474d1d0d17a,,18033,1,4,5,28,,
2026-02-06 02:33:22,be5fe9010dde7042fe064bd08ee4d9120c761870,,11010,10,5,15,28,,
2026-02-06 02:33:22,c259c228b74ad252791689bbb4d92d38b1147c68,,16122,4,38,42,3,,
2026-02-06 02:33:22,4d6c2abbe28a98d4e7058a244a22ede6933bffeb,,20016,5,2,7,24,,
2026-02-06 02:33:22,395de7d12a42c7e967ea0e87d90ce91cfbfe4814,,10010,1,20,21,10,,
2026-02-06 02:33:22,bd5489aa835c974096bca0b4e8bebbf3e47d0353,,16043,2,0,2,12,,
2026-02-06 02:33:22,f9dfb5fb9c49f496c15b1856153bb71ac867888d,,20116,9,3,12,9,,
2026-02-06 02:33:22,60dd9c0d0b2e84766d7a3659b7042e73a677f34f,,6107,0,15,15,7,,
2026-02-06 02:33:22,37ce53feee61c25ea8b63dd8ef566b5251da85e1,,16029,3,22,25,19,,
2026-02-06 02:33:22,5dd1e0d8e6b2dd02571f89cff45f484f0dca9ab1,,42703,2,5,7,38,,
2026-02-06 02:33:22,9dcbda5222a656092cd7a69720c0e6ae2d84fd7e,,20201,8,0,8,12,,
2026-02-06 02:33:22,1ce862138284d1389865679a04732cb71f643b6e,,22102,8,2,10,13,,
2026-02-06 02:33:22,2aaeecbce1ee4a6d9f747dde1a70943948973a56,,15003,2,3,5,59,,
2026-02-06 02:33:22,a860a1e7cfd247cd0ed663879fa280be8b51fd95,,4110,8,8,16,3,,
2026-02-06 02:33:22,3ff7e41848c5a9749f8fa94c5973c8f41c423a4c,,17022,5,10,15,31,,
2026-02-06 02:33:22,2ea8b28ae9545ff55b545f1458b0a3588a4bef0e,,10036,6,4,10,18,,
2026-02-06 02:33:22,cd4c3ae0629b644f1886beb5c9ebaaa31ed1258e,,23304,3,2,5,27,,
2026-02-06 02:33:22,f5b2452d1d1cc4a444c16b84e6d097f1a33cae1c,,6017,4,10,14,18,,
2026-02-06 02:33:22,aecb60df8a3d822a8a1ed8b4fe72b64b980ee851,,15107,4,4,8,14,,
2026-02-06 02:33:22,154a0aa32b70e5021663499ab89cead0227a433c,,9101,1,7,8,10,,
2026-02-06 02:33:22,11e01a89ed54b25114a2ac3a085edf51d813f593,,19041,4,0,4,37,,
2026-02-06 02:33:22,3e58c35e1169df0b84b6e18502a2ae364005e53c,,13103,0,3,3,46,,
2026-02-06 02:33:22,b83cf8370b544258bf700b065382b18400a1b77c,,17201,10,1,11,37,,
2026-02-06 02:33:22,e731582a996fb1256a4214a8ef51d4e2c309cdc0,,31023,3,2,5,29,,
2026-02-06 02:33:22,ae6083eaa1f92b61017085290737a8beb4b86c1c,,9118,1,0,1,34,,
2026-02-06 02:33:22,e7f57c1f639a22687ab29362b589b92e7203a8ea,,21024,6,5,11,9,,
2026-02-06 02:33:22,fe7ea84ba1aa5820fa0ba0d3818fb71ca5c92e40,,2001,3,19,22,6,,
2026-02-06 02:33:22,613bc4f62d8d354644db24046ed4591b4b4610bc,,7101,1,9,10,37,,
2026-02-06 02:33:22,32137f42407acffb730b621c764511b689ccb690,,18208,2,0,2,14,,
2026-02-06 02:33:22,68eacfd7429fd715b7d3a61a7c0a2c216c951bc5,,13041,12,2,14,35,,
2026-02-06 02:33:22,f95bd59ddc190f671dac7d983521550687ed6e15,,4011,1,12,13,21,,
2026-02-06 02:33:22,b7c201f483d8a04b3d2535555d1d0fa85e021218,,12041,13,6,19,41,,
2026-02-06 02:33:22,4b9bf10833b5614a36ea542f8652b45fa51f9501,,14006,3,0,3,19,,
2026-02-06 02:33:22,dca5dcf8ea9716c58bb32346715bc0b3e1ac58c8,,7013,1,30,31,10,,
2026-02-06 02:33:22,fac7d50873f9683c79f77321d1d352a341c0df82,,21311,5,47,52,2,,
2026-02-06 02:33:22,7b56687123baf1f22a06257a96f1eed16dffec49,,31013,13,2,15,28,,
2026-02-06 02:33:22,9ed408d647c7d51ea79133b14fbb92c2863ab4a3,,17016,17,2,19,9,,
2026-02-06 02:33:22,4ebf6c7ebeb493d4f7275ff3184d0f2383ccf13b,,20202,6,2,8,23,,
2026-02-06 02:33:22,841d4aa18e34cc6dbbe27d7af801058c55e61297,,11003,3,26,29,4,,
2026-02-06 02:33:22,ccedafbc3f8d1fc63073fcd6abf9abe37c7eca8e,,11034,5,31,36,12,,
2026-02-06 02:33:22,46052c61a6e65257f43f5e400673e21aa870fd04,,13113,9,1,10,22,,
2026-02-06 02:33:22,75644752f00c87265f2701efca47a710f9b69bce,,11019,14,9,23,8,,
2026-02-06 02:33:22,a55cd002f22c805ad9795ec057394251594b644a,,15063,1,16,17,6,,
2026-02-06 02:33:22,feacecfbfc73c78a1659772fdaece2be9330bb27,,14116,6,2,8,17,,
2026-02-06 02:33:22,16191941edb4dbbfeefd019fe091c3efb572288f,,31018,9,3,12,20,,
2026-02-06 02:33:22,c23147b61741b8f589227d2425fe6d7856424813,,47002,14,5,19,1,,
2026-02-06 02:33:22,cd10af0d162d9a0712365587670dc7a0742ff4df,,8015,0,11,11,40,,
2026-02-06 02:33:22,f26797239606a09829f30596ea880ff42ff399b5,,5019,0,5,5,20,,
2026-02-06 02:33:22,8ddeabf2b48bf88f10e37f25d365e50d309cc4fd,,14007,4,2,6,26,,
2026-02-06 02:33:22,6569cbd7bfc2a22624943fb04517ee73572c96cc,,10164,8,5,13,21,,
2026-02-06 02:33:22,a448054347f058fa9355318919030cf679901ebf,,20103,4,1,5,20,,
2026-02-06 02:33:22,3a07f4607e3eebc5c0db91e4127be031dc1a48d8,,4109,2,10,12,2,,
2026-02-06 02:33:22,4569fc9cdf072f517eb87d90cce49fcb1c5bc545,,12154,11,9,20,17,,
2026-02-06 02:33:22,32a534236f899ab28acc5b5818c26417bb6d6fb6,,22017,2,13,15,13,,
2026-02-06 02:33:22,7f95759632239fe04cc36c73335f164e068ce3fe,,17104,0,5,5,17,,
2026-02-06 02:33:22,5bb97a821e3c5253d0dcff931a59529cf04b3fb2,,19030,11,0,11,16,,
2026-02-06 02:33:22,db61e39fe6ff6fb6cf0fa25a8916343cd7c23b1d,,22002,4,13,17,8,,
2026-02-06 02:33:22,3ba1bfea4c22b1a77d738b7ae50d0d7fe639fabb,,13022,7,0,7,26,,
2026-02-06 02:33:22,c6c7eecb5eb28c5609036f5ace62429923710f69,,20045,1,11,12,18,,
2026-02-06 02:33:22,e17ac8dd5a8d1d4d45e54037b381a5217bea3b97,,13019,2,9,11,23,,
2026-02-06 02:33:22,6af21358308f5d212de766d6b7774ee60be3ab30,,11044,4,7,11,6,,
2026-02-06 02:33:22,116bb50bd3c06a17220d84d8a32029b6e7064a27,,5030,8,0,8,59,,
2026-02-06 02:33:22,07b98960b18f4e944bd14a5d2169910455824c82,,8049,0,0,0,21,,
2026-02-06 02:33:22,3fd46af1b8f631a9c304cbb3dbe0f229226bb07b,,12507,1,3,4,96,,
2026-02-06 02:33:22,6e74cae41386c1cdb07b1f5202e218d4bfa2e8c9,,11110,7,5,12,40,,
2026-02-06 02:33:22,84514239fc5110a1b4b671877b2886cc592210c1,,2201,0,0,0,30,,
2026-02-06 02:33:22,b668e92c255fa608af2c5f6212e06e1151043d06,,17005,15,5,20,33,,
2026-02-06 02:33:22,2783a09e2b3fb1e53024bfedc1a1911a45089ac5,,12120,3,2,5,45,,
2026-02-06 02:33:22,d6392d35d2674a41a19858b906ca7ee3443568aa,,48009,1,5,6,23,,
2026-02-06 02:33:22,df1066f2005951f41e1391084372e7d2b656a050,,14125,8,3,11,13,,
2026-02-06 02:33:22,2d1a21617a43547fe146a2f604e6c45b8e0e85f9,,44103,3,7,10,8,,
2026-02-06 02:33:22,bc91da0c5c1c920dd794ee0ed52575463bee691e,,9013,0,8,8,15,,
2026-02-06 02:33:22,7ff18a8e5d17ab772e8203b65fb27a506988a6b1,,20204,6,3,9,26,,
2026-02-06 02:33:22,1e78d0eaee4fd93a93716e73ece66a4717e7cd11,,14127,0,0,0,39,,
2026-02-06 02:33:22,f4ba518a064a59ead81eb4dcaa09536f488b65ab,,21017,0,10,10,46,,
2026-02-06 02:33:22,a3c5a9c31fb49e86db686d99ac4c69d946cb9694,,21951,0,7,7,15,,
2026-02-06 02:33:22,c1347f3fdff52ec3794bc5082a2d89cdb609220e,,14128,7,0,7,22,,
2026-02-06 02:33:22,d9aba07bf1cfd17e3bd424011aa377d3b9c00ebe,,10039,10,9,19,5,,
2026-02-06 02:33:22,4fa62018d043b2264279cd26d43cfebd635a377d,,19036,2,0,2,26,,
2026-02-06 02:33:22,ac398c61d650fcbb2b1e93789128dbfcb9fe89d6,,31101,3,0,3,15,,
2026-02-06 02:33:22,71a16b144818605d7f48fb090f7547b07b998022,,35004,3,2,5,55,,
2026-02-06 02:33:22,b6ed672ae791ac5f94cd2650d5b7d85c66b5a472,,8011,6,5,11,4,,
2026-02-06 02:33:22,5d6835d236633e3f551020252db742f8144ddd56,,7010,1,17,18,44,,
2026-02-06 02:33:22,580d379387f2198fb42d265e84a3b024037fd3bd,,15019,8,20,28,8,,
2026-02-06 02:33:22,9e4585f8c7318359f0e144f4cb6419463fa76adf,,20203,3,0,3,16,,
2026-02-06 02:33:22,f25b735f5659fa105801c53dabaad2772ee35d56,,7024,7,10,17,11,,
2026-02-06 02:33:22,83bf81caff8c4c60c89faa9a055368af2a9bb480,,20004,2,8,10,7,,
2026-02-06 02:33:22,88d331661d4e3157a84998a7f360cc0244e26b48,,11031,6,23,29,6,,
2026-02-06 02:33:22,742f2dac198a62609d382781b53aa3908a4cdf42,,12125,8,8,16,34,,
2026-02-06 02:33:22,5e3e7a1aed58cc6df1552dbe737b9e448d7c18f8,,9016,4,20,24,3,,
2026-02-06 02:33:22,8ee6dcda728f834501947e4cb5cbf2d4d7db16ad,,10037,2,3,5,21,,
2026-02-06 02:33:22,d61177493963332bccb1c7c1ca88c44bc81f62e5,,21316,9,1,10,14,,
2026-02-06 02:33:22,a77fb19769fa996e987f32b5e4d45be15857ac84,,15125,1,0,1,50,,
2026-02-06 02:33:22,79d9e7553d858dc7126a3c0c6ec1824b30be5e73,,21118,6,2,8,8,,
2026-02-06 02:33:22,78942b87f2a8248e4f467fde6dac4883eb35249d,,20039,13,4,17,33,,
2026-02-06 02:33:22,8bb69a1b51b54eb7243348adaa9d25f459c17850,,10017,5,2,7,4,,
2026-02-06 02:33:22,d8591f958b841478bdcdaa3d30267792fe9efcec,,19025,10,0,10,10,,
2026-02-06 02:33:22,6428ca3476132121753016a02fa7099e16e4eb3d,,16009,3,0,3,14,,
2026-02-06 02:33:22,5dc191a567f1b35e94398955269e85d56b96fbd1,,12006,0,0,0,0,,
2026-02-06 02:33:22,bc75b125046d3eb21f2590187bb38e74cec69011,,16003,3,4,7,22,,
2026-02-06 02:33:22,085e68eccefc0f6e3ddaf2d15f882994dd6e1540,,22013,5,6,11,19,,
2026-02-06 02:33:22,97b84c25471c97d946fbdbd0916747973b912bbb,,10110,1,7,8,23,,
2026-02-06 02:33:22,25555264378fe62371c612eb28a641a5cb5913a0,,41210,5,0,5,15,,
2026-02-06 02:33:22,d764ee386e544dcb9c7fa8c5e52569c1f27686e9,,21702,7,5,12,39,,
2026-02-06 02:33:22,72c309cd8a01b863064d3d38403aec574443fb9e,,42304,2,6,8,16,,
2026-02-06 02:33:22,f683c39aa4ab67f8d9f40cc96c888d2e8bd9c689,,31021,9,0,9,20,,
2026-02-06 02:33:22,5f6b53d44279aff5ac0552305cfd0bf54c933af4,,16115,2,0,2,37,,
2026-02-06 02:33:22,8cea3132820acd0e00adad7f2689850212755fc5,,13039,3,1,4,14,,
2026-02-06 02:33:22,45fa9144a1b1fdb3e1e63f96e04a63e62baa9077,,21030,5,13,18,1,,
2026-02-06 02:33:22,cf922c427d3baa379ef8f4d078441e65bd6a72fc,,15043,3,0,3,8,,
2026-02-06 02:33:22,0febb6295a49147449c1b19437178b18945f33e0,,17039,1,0,1,37,,
2026-02-06 02:33:22,c5e9e777ee9ac25d4aea45cdbd64c0840c0aa606,,22604,7,4,11,22,,
2026-02-06 02:33:22,1869dd77b1103e0b0f44c534bc7376d440dd7a57,,20009,1,3,4,15,,
2026-02-06 02:33:22,77864e2d664a0a8fce386a297951bb34830ba366,,42305,3,0,3,17,,
2026-02-06 02:33:22,a4573febb19384ff7fa845db1907dd26415a6f5a,,16101,0,1,1,26,,
2026-02-06 02:33:22,b682a7b620d78dd36d3778ece847f17b5a564f1b,,13121,6,33,39,7,,
2026-02-06 02:33:22,1b1128096928746ca23556cd65cd7f6a90f2cf8b,,8001,8,9,17,25,,
2026-02-06 02:33:22,eeb4bc708f8c20a38fc98cbc0313db445c68aabc,,10012,7,16,23,1,,
2026-02-06 02:33:22,fcf288929fad9f5ce68ad9c22d856bca731fe0e8,,7203,0,0,0,24,,
2026-02-06 02:33:22,0928b251a28d035779740250999bf555cfd714bf,,21028,5,12,17,18,,
2026-02-06 02:33:22,fb2d7a4f3bf839cecef0191c5f550133760fa23c,,4003,2,8,10,9,,
2026-02-06 02:33:22,75647302259835b2c1dd058b2ebd7aa06a035e16,,10018,5,16,21,6,,
2026-02-06 02:33:22,e3a9bf3e5dc803e061714d893327a8facf4a14bc,,32301,5,4,9,5,,
2026-02-06 02:33:22,abad410592afbca433fa9f042f33a5b4c1a11f87,,8013,1,1,2,61,,
2026-02-06 02:33:22,03277fe3b09ed7ac8afc8be9deb3a298173e9ac3,,5014,4,1,5,23,,
2026-02-06 02:33:22,fa9f0a295357481c07096db6932b8d566cab10ec,,23902,6,16,22,23,,
2026-02-06 02:33:22,050e82c69317784382a335ec21c60d5d58d98d9c,,20007,8,2,10,39,,
2026-02-06 02:33:22,2e5bc7d365cacba851aba1134883a2692d29e28f,,13033,2,0,2,11,,
2026-02-06 02:33:22,6abeef520fc6702a68544e1578de57ea9796942f,,42701,4,1,5,24,,
2026-02-06 02:33:22,60aa8b6772a0526bb591845a9e80d27371b66cff,,13126,5,4,9,9,,
2026-02-06 02:33:22,446e455450827140ba4535f62be273aa5792b8f8,,17015,2,0,2,43,,
2026-02-06 02:33:22,342c36aac58f91fdc8ef703d0af45e4f731180d8,,15023,2,20,22,12,,
2026-02-06 02:33:22,6e883463f036d8d398a9a2db173d0b5e6c1197ee,,42003,18,9,27,3,,
2026-02-06 02:33:22,f9da4412cd2239dc106762454c449adc40927bad,,8549,0,0,0,24,,
2026-02-06 02:33:22,89fb687965bbd42363c62ee8b6d42fb2e6be6038,,40009,12,10,22,8,,
2026-02-06 02:33:22,12c79a547b518f2d19bce60a9f1dc5412526cee4,,12043,5,31,36,4,,
2026-02-06 02:33:22,0b26dd894113af5773f64c8adfb1362ab5838faf,,23003,5,7,12,15,,
2026-02-06 02:33:22,8b99b3d468ead5d5f706ee139b92d5ef1c2cfbbf,,17023,10,13,23,10,,
2026-02-06 02:33:22,3c9bdfc6a887c46fc2ccad1f3547b6e425b1fde2,,19108,4,2,6,27,,
2026-02-06 02:33:22,3ae3302075e4adc81f828641552ffc7b837c9599,,44007,0,8,8,14,,
2026-02-06 02:33:22,bbc6a91c0a402579ef95579554a5923281924392,,17003,17,14,31,14,,
2026-02-06 02:33:22,38665619ec649dd549d10e51c9328128b2761a43,,42501,2,14,16,11,,
2026-02-06 02:33:22,07d1caedd233349eab17d8b427285de45f02bffe,,6008,1,0,1,32,,
2026-02-06 02:33:22,45782558816b96dae1d3d72560a7e71c065ec209,,13109,4,8,12,8,,
2026-02-06 02:33:22,476f88456d798b8320a40e215debe7c02716f3eb,,22206,6,7,13,17,,
2026-02-06 02:33:22,2cd83621323531cea1fd080753a3e50b2e74aac2,,15030,2,66,68,3,,
2026-02-06 02:33:22,fcf46c33611a488acd39cbc56782675edfe0223b,,16011,4,0,4,37,,
2026-02-06 02:33:22,2e52649ba616a47bee58087263fbe40cf875a4ba,,35007,8,2,10,9,,
2026-02-06 02:33:22,e5df5831e04e45a54b5ecc82688eebeff361c3cf,,47001,4,39,43,1,,
2026-02-06 02:33:22,6e543156ccdf50ab3f2f1c4ce6bfcb44882d9e24,,44101,9,30,39,0,,
2026-02-06 02:33:22,ad97c9de1fe77ddebdff3e0601c6e721d8b3d44b,,13032,2,6,8,17,,
2026-02-06 02:33:22,fcd47efd5a9a6e0bef8c3a0bfedb338d8a31180d,,10165,3,6,9,30,,
2026-02-06 02:33:22,aecd8de37af68aaa27febc99a424bc4b5faac56f,,14010,4,1,5,35,,
2026-02-06 02:33:22,efd7d34a29d6fa0e4a8dd5be0f0bf916f24d1358,,40005,11,5,16,10,,
2026-02-06 02:33:22,3aa3b63a5b77c18348f441a0f5f52d6c426e9d43,,17107,4,14,18,18,,
2026-02-06 02:33:22,5639643b8e946eb79c5c3f15cc04cc7e965d9cd5,,15057,0,8,8,31,,
2026-02-06 02:33:22,21f5263bf5fddf51fc4ada7009e971f257f43db6,,16002,0,2,2,36,,
2026-02-06 02:33:22,5f4fde29cd5f569b392e3741dc97cc7a2bfe023d,,15004,0,0,0,20,,
2026-02-06 02:33:22,55c1044dfc19097c4a76c31163b1b9ac73b4517c,,18007,6,8,14,6,,
2026-02-06 02:33:22,2cf74af914be92ba9d010255f089e67170b22bac,,18006,10,6,16,19,,
2026-02-06 02:33:22,1c83a24d5fefc6f99f58e334976b5f8a2b99d5bc,,13044,9,8,17,18,,
2026-02-06 02:33:22,d949987cce42604673688ad788e897a1630cc267,,17108,5,15,20,12,,
2026-02-06 02:33:22,86d0d7daaa440ad4e09d020c531b0a2373bef036,,4020,4,16,20,2,,
2026-02-06 02:33:22,5026c9f978e83564950ab97493f7a418d9975bd3,,15022,7,34,41,1,,
2026-02-06 02:33:22,33b8cb214f64c3b8c49878796f4692acd3b8972f,,23004,6,3,9,27,,
2026-02-06 02:33:22,d176d816aa3f3dea721c7f3a328eb03357da343e,,22408,2,1,3,19,,
2026-02-06 02:33:22,ca53ed972e5aa307c17fd93a414503eb923b1800,,21306,1,15,16,45,,
2026-02-06 02:33:22,ed1607a66e790f5e00542093b08613fbb2c4a850,,1021,3,6,9,10,,
2026-02-06 02:33:22,435419ecb9fe05fbc5a06f066042ecae1a568016,,7017,4,13,17,21,,
2026-02-06 02:33:22,21228f105baa955287a03b65a17fce8b319ae290,,35006,3,4,7,13,,
2026-02-06 02:33:22,db57a308f40f1bde4118b862f29e06a1cfb77847,,17119,8,9,17,16,,
2026-02-06 02:33:22,56413f7d5bd77e4e6e2f88a7a1b6bb29925f7402,,9004,1,1,2,19,,
2026-02-06 02:33:22,9cd76122f8ff126ba466bc335f53326da32932bd,,32601,4,1,5,33,,
2026-02-06 02:33:22,604abef4d9f927e3f7daa9fe632c13f9bd5d1283,,33016,3,6,9,10,,
2026-02-06 02:33:22,3f86650b85c722ecd0785610ec339c5a3420cc2e,,12026,4,41,45,4,,
2026-02-06 02:33:22,2f583ab987e1c21de75d08bea6258d45a14df3c5,,6012,2,2,4,12,,
2026-02-06 02:33:22,9fc91fb675b3e27f4e0f5b15204758bc1bc085cb,,13009,3,3,6,20,,
2026-02-06 02:33:22,43c777804ca83fbe4681c813ab01ec9daee3e0fb,,15071,5,4,9,14,,
2026-02-06 02:33:22,e1b6200a2b9475b17ff44d949c273d75804f1e8a,,9024,1,13,14,34,,
2026-02-06 02:33:22,804e9640318d5ae45dbec367d5db9454ad8db4d9,,19210,2,0,2,27,,
2026-02-06 02:33:22,0df65cb5a358ce4abb0a0879c4fe370d2f559763,,9006,3,1,4,5,,
2026-02-06 02:33:22,0a81731430f4bcd950d044d3a5db8fdaa6bf0389,,92006,2,1,3,27,,
2026-02-06 02:33:22,510b412f652ccc90fb47ee5c6403ffcd28662c19,,5024,0,2,2,19,,
2026-02-06 02:33:22,4656aeeaddc3ad4ed0478067348f6df52b1847fd,,31005,6,2,8,37,,
2026-02-06 02:33:22,37892bbd6e80422c5bdc5421c5929fcff42ab993,,12038,6,7,13,44,,
2026-02-06 02:33:22,cb80e0f9838c366aa16992768b46335cc3e22052,,12005,2,32,34,7,,
2026-02-06 02:33:22,be3464ed98a365a98fae54c2c0f3e3f08b5a82d0,,9034,2,1,3,19,,
2026-02-06 02:33:22,01d60631017386ca49b646ab9a64c019d00ffa7e,,12035,8,15,23,22,,
2026-02-06 02:33:22,c1108d8d2bcc36d07e0d49c99f2b1b27f1b87877,,10021,1,1,2,11,,
2026-02-06 02:33:22,141fe96fa6380b6d46f80cdd4c196ce1201532a7,,7202,0,19,19,11,,
2026-02-06 02:33:22,2441e503155017d67f136d6298641a3964635599,,5115,1,7,8,21,,
2026-02-06 02:33:22,d92f5b78277d75eeb02249c0d1e3e6ba832da7ff,,12101,6,15,21,5,,
2026-02-06 02:33:22,bc094081fedbdb61b553ab7d7651a08fdc7545d7,,21707,1,2,3,21,,
2026-02-06 02:33:22,cf947688e1b90616d0430510f569f5b85121a340,,21319,0,17,17,10,,
2026-02-06 02:33:22,c604533f406f518b8aab7611d88c35673ad2d307,,51001,12,4,16,24,,
2026-02-06 02:33:22,837ba832b829749001105289469be971eb08dbab,,21315,11,2,13,11,,
2026-02-06 02:33:22,82964e93d6225c471c46f08f2a34c0f47857f3a8,,23102,4,12,16,14,,
2026-02-06 02:33:22,2f78daf2912aa0aac86ae9f24645a27b753c3dce,,21402,2,13,15,12,,
2026-02-06 02:33:22,a2a3877e7d1d10a47ba9b46c9b43045c09b56e82,,13052,5,13,18,23,,
2026-02-06 02:33:22,1eaec57242ebfa929aeb939286e1df431523b3d9,,13018,2,1,3,21,,
2026-02-06 02:33:22,146b0d5f43ca47724076210922669e4e04fc5b65,,21303,2,10,12,20,,
2026-02-06 02:33:22,eb900f6009ffacf7b16c9e1ac45ae595a317def5,,33014,9,7,16,2,,
2026-02-06 02:33:22,600f79622aa2c3f1a8739b0641817c1e7783ec4e,,9007,6,3,9,9,,
2026-02-06 02:33:22,095f9d4c092d3657f7735f36caeb5a2c93d55af6,,15070,2,12,14,22,,
2026-02-06 02:33:22,ad3a10c42ad923ed5d42b24c5f2aa8ef5623d280,,43202,4,9,13,7,,
2026-02-06 02:33:22,5b33704158aa997c40aa91adcbe4049566a4c0ab,,11033,4,21,25,5,,
2026-02-06 02:33:22,9951d5809eb80ae0d2a292b4d1de6ccdba588fed,,41203,16,5,21,29,,
2026-02-06 02:33:22,bd2c653a68a1df1f731ddb88c87f3ce6ed6df420,,43201,17,0,17,4,,
2026-02-06 02:33:22,7a492f7cf3c25ab0f68d207337f2e7201a5d47e0,,18039,10,6,16,3,,
2026-02-06 02:33:22,6bc2ad43012a79530f1ca0858a1b63b22ff26250,,20022,3,15,18,13,,
2026-02-06 02:33:22,f697d71f73a01135533eb14648c1914e47c59bf8,,12036,8,2,10,31,,
2026-02-06 02:33:22,35276801dfbb5107c3cb13754a024cfa0d6c6cd8,,16012,3,1,4,35,,
2026-02-06 02:33:22,77200881af5e9293e1d278e5f2f267d5fde57619,,16036,7,38,45,11,,
2026-02-06 02:33:22,7712ee16e27ae3e8a5b353ecb4adad0abdf51ddf,,42505,10,16,26,4,,
2026-02-06 02:33:22,9277ff659e908e7075a154c7de5a1e8b9bb63fc4,,26004,7,4,11,10,,
2026-02-06 02:33:22,979a5961fe3804f1e6c93fb500df5da6f6e7c936,,16042,4,10,14,24,,
2026-02-06 02:33:22,86d3bd6356726a61ce16b6fd3793fa3dfa930010,,1006,0,13,13,15,,
2026-02-06 02:33:22,72a6abb45291a526b5718361144d9cb5c0d124a5,,19110,1,3,4,24,,
2026-02-06 02:33:22,b0fd51b1b7b1d7da8dd559a7cca51ef80f5c7541,,11112,3,15,18,4,,
2026-02-06 02:33:22,326d22b4129e88a4d2acba2d944a88d9383d1a93,,8117,3,2,5,34,,
2026-02-06 02:33:22,4d0e1403c5491f749e37fe8cfdc11ee536a596ea,,5007,5,2,7,28,,
2026-02-06 02:33:22,da4bd7189b9a87b58cb8fae3c4a2db2e250faf02,,18202,15,1,16,22,,
2026-02-06 02:33:22,20610ecfaeb257b4a573ef6b10d00e92cc6da2d6,,5015,3,3,6,56,,
2026-02-06 02:33:22,351fef6614d513b148df719a1afeac61b1cb4de8,,15128,6,30,36,0,,
2026-02-06 02:33:22,6ebdd455e27f2203e1370e3b6f1a8a02367434da,,12037,10,5,15,21,,
2026-02-06 02:33:22,1aa2d6771fe1e9eb36867ba6f5fc1253587f6649,,21309,6,20,26,13,,
2026-02-06 02:33:22,63c8d409c8a6078b3df63a5918b594fc397900d0,,16013,3,0,3,32,,
2026-02-06 02:33:22,d335159edd4b1bbac3560cf8bfc4a58e209b4fd5,,20008,6,4,10,20,,
2026-02-06 02:33:22,4551155f4ece1dd3833e857827f1998a5fbe65b9,,20104,1,3,4,18,,
2026-02-06 02:33:22,dc606fbe9dbbe1b45de48034bf830212a036ffe5,,3010,6,10,16,1,,
2026-02-06 02:33:22,11b06b75587562567e6ef682e110c16c040bef43,,12156,6,7,13,10,,
2026-02-06 02:33:22,aa24fb06b0559b4e94ce47aef0fe6397456f44cf,,18140,15,9,24,14,,
2026-02-06 02:33:22,e26d6eaebeae6b3f83c39272ab2e3e1060d64cff,,10034,13,5,18,3,,
2026-02-06 02:33:22,53e49b26c4e62afb862ffa11b18d28e3e6250d3c,,13005,6,53,59,0,,
2026-02-06 02:33:22,e6478dcb61402b384f1427406b19958bec5ff841,,19010,17,1,18,2,,
2026-02-06 02:33:22,7316b0277b9609b1e3ab4e52e88ac7b9a66f291c,,20006,0,2,2,9,,
2026-02-06 02:33:22,89d887690b1ea0d59df68e69ead59e394783e282,,21953,3,15,18,2,,
2026-02-06 02:33:22,54050227036d8f4229bc3d46867dcd0f8236c055,,14019,8,3,11,11,,
2026-02-06 02:33:22,9593d4186b230fb7bd4831f2842b618a2d51a7c1,,8027,0,1,1,27,,
2026-02-06 02:33:22,99accecadc9c6e96977843bcbd2c74cde1e43650,,22401,1,0,1,32,,
2026-02-06 02:33:22,5469c878b5b73c1e089fa9c75be91980bf48244d,,12002,5,11,16,0,,
2026-02-06 02:33:22,43e81122e7b39980333388563a52a9dbefb3ae2c,,21506,8,3,11,10,,
2026-02-06 02:33:22,e731e67999c731e61040d711840eb7a9ed509f3a,,4103,2,8,10,14,,
2026-02-06 02:33:22,c8c61f08ac4826a46e0e3f274850419a9371d21b,,7021,6,9,15,11,,
2026-02-06 02:33:22,7ab368ceed73baed3a5a5029a3586774ba99efdd,,2015,2,3,5,26,,
2026-02-06 02:33:22,ef266f9a23cba8d33963f959852f537cc42b73e1,,32013,3,0,3,16,,
2026-02-06 02:33:22,5b2f583d08fbf75c5613697d38b0ed9f9ae33f63,,20029,6,5,11,12,,
2026-02-06 02:33:22,ecce664d8a11627f3960050ad1e53ac2cfd7cb27,,2003,3,8,11,20,,
2026-02-06 02:33:22,e11d361a4fe140762b6060c3376f35b4801bccc3,,22503,5,4,9,10,,
2026-02-06 02:33:22,af543dcc321de2aba62b8fa0491e81940945994e,,15111,17,7,24,0,,
2026-02-06 02:33:22,7b42c775c6755233738558c5aff48ca4a1fc0f0c,,24006,20,8,28,11,,
2026-02-06 02:33:22,ba0cbb09a3bf275c01cd0c6b7a648b370a5d1a74,,3009,4,2,6,7,,
2026-02-06 02:33:22,58677fa0891dc046bdbd29136f3e3a4f6638b33e,,14132,2,5,7,22,,
2026-02-06 02:33:22,f33b7815cc6564c1a5851c2c9882a4b7365faa3b,,4014,3,10,13,14,,
2026-02-06 02:33:22,930bde8ea6045a1b771b9f66179a4676d5fec748,,2005,5,4,9,7,,
2026-02-06 02:33:22,7cee8d86bf0be1f2890fdc88dfd15d0aa218b067,,31001,3,4,7,20,,
2026-02-06 02:33:22,e43f49b18e1b9c367d2ae0001d32e1f85caa6361,,21507,10,6,16,2,,
2026-02-06 02:33:22,2b6e5d251608501361347e494bb423d3708b0eca,,22306,6,4,10,10,,
2026-02-06 02:33:22,8efb454650d6d15c6042d7257fbcb4a9c1d9b394,,14023,1,4,5,47,,
2026-02-06 02:33:22,07f6f638be754d02dbd348cbc40208e8b19e1fd1,,22502,0,5,5,15,,
2026-02-06 02:33:22,9cc6844579cad8ef3e47edc948acec9e5d11b045,,3006,7,17,24,6,,
2026-02-06 02:33:22,2151e9661e26b390eb654108e6931e46e2b4a911,,20205,0,0,0,22,,
2026-02-06 02:33:22,034fc18094c2609a2bb7bf320f58ef998c2b0a7b,,3003,1,20,21,8,,
2026-02-06 02:33:22,8732c2386569a5559b8f286914ad85ac9235946e,,9111,3,3,6,13,,
2026-02-06 02:33:22,ec77017daa9dd948716e88f6d8a19ec506290e17,,14133,4,13,17,14,,
2026-02-06 02:33:22,124ac03888b6977323dd9c013f9cc170672f73ab,,41208,3,3,6,15,,
2026-02-06 02:33:22,475724fb5db62661b24d5da9c0616e7642ab49a9,,42704,4,3,7,18,,
2026-02-06 02:33:22,e8bf7bc42e7685b93b49d3f6bccda1cc39b37a14,,1014,5,1,6,18,,
2026-02-06 02:33:22,a284ac897017d29f710eb8310f6ad8bd8922b0c5,,4017,3,7,10,3,,
2026-02-06 02:33:22,24bf29e244d6c4c156ff421cea75329accbe12c6,,42211,7,1,8,17,,
2026-02-06 02:33:22,0594d30af3bbb68050d30e002dcd40a3a217c821,,12163,2,0,2,39,,
2026-02-06 02:33:22,f25fffcdbb4dc6d1eb379c7664f5fabae82a0064,,3002,1,2,3,13,,
2026-02-06 02:33:22,aa673678b6e5bd6d6715b9dbab7311e460368769,,13054,0,7,7,71,,
2026-02-06 02:33:22,b691c090763156087162966c063eafc052b7484d,,1012,1,13,14,6,,
2026-02-06 02:33:22,2c2d2db4fdd6e2bc92774f54fd57ac2a15a4d64a,,19130,3,6,9,33,,
2026-02-06 02:33:22,bf14a3fefaa7c7f719423ef48563887a6532aa2d,,2016,0,6,6,14,,
2026-02-06 02:33:22,af8a1eb8cfc3d0623a9d99b4118bdabf694a5075,,4007,6,12,18,15,,
2026-02-06 02:33:22,b0850b4339f3549a55bd6ddf4a3d3ff2ada76a66,,10041,4,12,16,2,,
2026-02-06 02:33:22,78b1cfa83c6c010f78d37c80de17fa33d9ab3799,,9039,2,11,13,14,,
2026-02-06 02:33:22,21b4cde0ab21187633c960c2312da4956501ec54,,22506,13,5,18,0,,
2026-02-06 02:33:22,d6b95f855e91fb4f00540861951c8b91d29c9c12,,1025,1,9,10,8,,
2026-02-06 02:33:22,c567d573b150a21afd7fc4535956e05cfd52a39a,,27001,10,7,17,2,,
2026-02-06 02:33:22,8ed6c95969f5ce3681af357607f68bad07f67ebf,,1026,3,1,4,26,,
2026-02-06 02:33:22,8a055bfaf160e158bf4ecf0ac14bbdcea6fa8fde,,18015,6,4,10,30,,
2026-02-06 02:33:22,b73fb6dc91b8495f908a9264be4a22c72a73dc7c,,1017,2,0,2,17,,
2026-02-06 02:33:22,d392f1faed86dc47b750cd48252ebc44ad450b9a,,22601,8,2,10,12,,
2026-02-06 02:33:22,faf4b959a747a26aa7cdf7235b25881010658bd9,,5003,4,0,4,29,,
2026-02-06 02:33:22,6797fda755c4500f90819acf222948f2bb582afc,,21323,1,30,31,0,,
2026-02-06 02:33:22,4023b209ee9541d1df7e94c37239044f8a97bcf8,,43403,0,0,0,40,,
2026-02-06 02:33:22,215a4a0059ecb044447eac125513f21209d4f2f4,,12164,13,1,14,12,,
2026-02-06 02:33:22,d7df9d39f613f875e2496e0014bb8d051e264dd2,,12203,13,22,35,8,,
2026-02-06 02:33:22,e71fb8f54e52bbee38f3cd381049c11a01b9d414,,3007,7,9,16,8,,
2026-02-06 02:33:22,93b638276bdc1775735e49497332b063d25ce078,,35005,4,3,7,15,,
2026-02-06 02:33:22,4db02212e369aacd1c83b785b22f093112a11cef,,18112,5,1,6,20,,
2026-02-06 02:33:22,85504508c698bdac34037af3f5ed6118c01e1d61,,16139,2,1,3,26,,
2026-02-06 02:33:22,7bc5e228b1e2f19e4e7c5add061106353692de31,,42028,3,4,7,21,,
2026-02-06 02:33:22,707c742c52e313d1b4c0977eeee53639f87c12b7,,22603,3,11,14,20,,
2026-02-06 02:33:22,4644d95781c8be9f10ecb8ea015fb03626269642,,12113,4,12,16,30,,
2026-02-06 02:33:22,acbccb669b9ffa71e5f4fa8ab800a37f8b96228d,,21119,7,13,20,3,,
2026-02-06 02:33:22,52ff4da6f0d599983f639d87fc3c622c27853067,,16010,1,2,3,20,,
2026-02-06 02:33:22,cc871df96a2bc2160003c83b6eebab64275ddebc,,16201,0,3,3,62,,
2026-02-06 02:33:22,42cd886a1b5a9a6ba2728cfdbbc7827cf4304fa8,,32022,9,8,17,17,,
2026-02-06 02:33:22,6d504d759baf72f02065c45f8fc5da2704d9227b,,27006,15,6,21,0,,
2026-02-06 02:33:22,418bd92f528e26cd1d2f1c178ef7a4e20cbbec28,,2006,2,3,5,19,,
2026-02-06 02:33:22,1a1c548c48dad93bb7e4bbbe96b527c17ad470ff,,9019,1,5,6,11,,
2026-02-06 02:33:22,471f27096062b077cc87ed665243f45cd62beb14,,19046,5,0,5,27,,
2026-02-06 02:33:22,f5133177b1a45a6f423be393d1a2652aeb768021,,2102,3,3,6,28,,
2026-02-06 02:33:22,480038935c57c6e574d20ebbbeb8fe9f9fb8809a,,2020,0,5,5,14,,
2026-02-06 02:33:22,07d6d98284d07e9781e9ff932687eac733cd6b97,,6007,3,1,4,19,,
2026-02-06 02:33:22,aa54d6739bfef2eab6deead348742a7ecc026f55,,6029,1,1,2,22,,
2026-02-06 02:33:22,add5ea99f10c82827a2117b408d5092b0011cb57,,23202,5,0,5,23,,
2026-02-06 02:33:22,2d7c274e68d4cc5b206b34bc198644f623783783,,42210,3,17,20,11,,
2026-02-06 02:33:22,f9d900cd5c233c7c7d341e1ff522f3787601f708,,21011,2,7,9,13,,
2026-02-06 02:33:22,f4c6b788e2f701bccc6ccc1b36a78a1d8f18a652,,20140,2,1,3,18,,
2026-02-06 02:33:22,de6ef5850870664d4a8acbe8d6878c97abfb96db,,42022,7,18,25,12,,
2026-02-06 02:33:22,6d21bb0b16434f090bf326e8692c5ab032f502b5,,15018,10,10,20,35,,
2026-02-06 02:33:22,edbe7447fe9038f9c205cb0faa5462d232cb0928,,20048,3,5,8,19,,
2026-02-06 02:33:22,4c880ccd2cb8098a4080e9f48b168a063cb0b3d4,,10166,6,1,7,6,,
2026-02-06 02:33:22,4d53b6acd92995b9097c3bd78492f87a536ada77,,23206,4,1,5,22,,
2026-02-06 02:33:22,0070de7200428ab01c08f4c967b874246498c5ba,,42030,10,15,25,3,,
2026-02-06 02:33:22,996761564024e685dcdd82d28dafcc4ed97ec743,,18010,11,5,16,16,,
2026-02-06 02:33:22,8bb291ece5343eb14a0af334eb0c4319e6084152,,48001,1,0,1,24,,
2026-02-06 02:33:22,56463027ec6e9445091de9a84688b992853012bf,,51008,13,5,18,15,,
2026-02-06 02:33:22,f25f5c9f7ed8752b0c07f812b2873c78942882ba,,24101,1,2,3,21,,
2026-02-06 02:33:22,8ff4985d177746f322fc155cef9afe71e42906d0,,21329,5,21,26,1,,
2026-02-06 02:33:22,72305f433c2ac3c22ae1f317d92cd5ab119a5108,,21704,9,11,20,7,,
2026-02-06 02:33:22,86ef195d97e590b10b6787f40a45153e40a2076d,,13015,0,0,0,35,,
2026-02-06 02:33:22,a165689c5088e67723de49e2e290fc60d94aa3ab,,12123,8,3,11,41,,
2026-02-06 02:33:22,d9e9156ba9ee1098a539ceee8fd779a4d9e3f342,,16021,1,0,1,21,,
2026-02-06 02:33:22,a89dc129e1a1e4b38c24695d84c7fe085e9e0733,,23041,0,7,7,18,,
2026-02-06 02:33:22,4e9596ccf5ead99ec94416cc682ebaad359cec03,,42024,12,15,27,1,,
2026-02-06 02:33:22,df85159af18384fa73ba10ddf7bc17317dc53a7a,,15203,4,7,11,14,,
2026-02-06 02:33:22,e8e6f3fa309f3682232b465dbe1d64c3806af193,,18016,16,4,20,13,,
2026-02-06 02:33:22,9ef01aa9012b793a7ef4a59390b36fa8a2045761,,19117,3,7,10,18,,
2026-02-06 02:33:22,284dadc2faaa2bba3831434f8ae908c4ccbcce91,,21022,6,5,11,13,,
2026-02-06 02:33:22,0d609189dae213f9b68f8626160925de7995bd5b,,41103,7,3,10,15,,
2026-02-06 02:33:22,c901116ae47a40d350c9fdde821adbc96178ecb7,,41602,5,8,13,19,,
2026-02-06 02:33:22,bc01098a126851441e1e56b9fe423def7cb29488,,13028,4,23,27,5,,
2026-02-06 02:33:22,4c3156b9d0304edb1ddd4dc3e27df5c6ea218fc2,,15069,4,30,34,3,,
2026-02-06 02:33:22,f58a8afd2aa8df1fc76b549264660acac63caa1d,,42303,3,2,5,14,,
2026-02-06 02:33:22,c0d49198c0f935f89647a7cd7331edf776ea226f,,41605,9,8,17,4,,
2026-02-06 02:33:22,8e9465a4f4aea7a422e6cdb72b37f5789cfb8212,,30003,18,4,22,7,,
2026-02-06 02:33:22,d3bd4de2519ba0ddeda2c525aae0822beb19f69b,,15024,4,4,8,14,,
2026-02-06 02:33:22,07b01fbcb52f1e587df19df1d97979bff0b9e56d,,12119,8,5,13,34,,
2026-02-06 02:33:22,7925b20d40ea52ab9f9ce7fda44c39ece90cf28a,,13006,5,21,26,14,,
2026-02-06 02:33:22,bca692c3952ea1d107e3ed1526c46fd6ddc3c3a1,,23803,7,3,10,10,,
2026-02-06 02:33:22,c5dd5a3187c22057ea5491a1feb03e413a5c0d56,,15050,4,16,20,0,,
2026-02-06 02:33:22,7dda3f0e97ef038e39c80d9c8f8d2824eff3d6b6,,13036,3,0,3,31,,
2026-02-06 02:33:22,2c41a36e05f3b758a26e06eae787c4ac0ec051c8,,43004,5,4,9,13,,
2026-02-06 02:33:22,e7d74cb3452982ccd5639c9da6c2b9b87db41861,,14009,13,4,17,18,,
2026-02-06 02:33:22,7408da33cea8fc990c0517de6775e127bd77605a,,16017,4,4,8,8,,
2026-02-06 02:33:22,6fcf3daa4404e5d3425610bf881b619ea5bab3d6,,20013,12,0,12,33,,
2026-02-06 02:33:22,173214ce43c9c3bdca04c343b01685bb9130f637,,15045,4,0,4,31,,
2026-02-06 02:33:22,ba67349ae81ed8689f4713fdf0830eae0bf5bbb6,,25004,4,7,11,12,,
2026-02-06 02:33:22,f24b5684190015e696bc7ab7d531f6690808f0be,,12022,6,11,17,29,,
2026-02-06 02:33:22,545b4d2c3bffac723feadf9f81ac6b5aaa3bc097,,15027,5,13,18,2,,
2026-02-06 02:33:22,5610fa87c4c6752e268cc11c9bf5325d3d5afe64,,21023,0,9,9,16,,
2026-02-06 02:33:22,bbdb41e723da1ce1b9a8398a81607b71b39e85c5,,42205,13,5,18,17,,
2026-02-06 02:33:22,f544a3405957529ddd226c04358f198b4e7a9e94,,22701,5,17,22,5,,
2026-02-06 02:33:22,3ad1cde38d10bc71ccd32634a89ee185d7ef1755,,17110,7,9,16,11,,
2026-02-06 02:33:22,3a193c105b24484b1065af0dae793d8cf90dc3e3,,31701,8,0,8,17,,
2026-02-06 02:33:22,9ab467c657876d270586e8c2efa6bbc3bc17e0f0,,22404,7,4,11,14,,
2026-02-06 02:33:22,069fc0e7cc3670c87c1a9c3b591eab73305e062a,,20014,8,1,9,25,,
2026-02-06 02:33:22,c8b2a5af3533bfedc170f7f539a128dff7706f8f,,30004,17,0,17,11,,
2026-02-06 02:33:22,5de82bdd7034a03acdbabfbca407ce1a870754cf,,20110,1,0,1,19,,
2026-02-06 02:33:22,f1703ac0f3bcce712f3fca13a63fee67875c3630,,8007,1,17,18,11,,
2026-02-06 02:33:22,0929b839f7fe647a67be92ee563ea33c1dbbdfa4,,6028,5,17,22,13,,
2026-02-06 02:33:22,2fd3644929b0aa509f8a7d7c1e1e770b1cbfb592,,21207,6,3,9,20,,
2026-02-06 02:33:22,40bd1f544e1ac5cde8deefb7cb7e97f5015a3e6f,,11016,2,7,9,38,,
2026-02-06 02:33:22,f3ca2552e75c916e52f263f12a8338d1dbfd2377,,12122,5,3,8,43,,
2026-02-06 02:33:22,24a169e13b734dd2238c008f1c58ad9fa90abca9,,21205,1,0,1,23,,
2026-02-06 02:33:22,1bd05a8ed5de1498459d4ee35ca16f102e5a4137,,15114,2,1,3,28,,
2026-02-06 02:33:22,2960be16cdf72be88f5fcaca8aa5eb4aad7c1eb0,,19014,13,2,15,1,,
2026-02-06 02:33:22,bf15eda6f37e6c0e0c5b843e91b8768618082a5e,,15014,6,7,13,17,,
2026-02-06 02:33:22,656611e1a281e62fd106e4c4c4d0cb9c052d366a,,11028,13,6,19,18,,
2026-02-06 02:33:22,b6e841c628727edbda677a17f40a5579c84b02d9,,21027,6,3,9,14,,
2026-02-06 02:33:22,7b0e226abdd8649312183418ea355c4db144122c,,28002,8,3,11,11,,
2026-02-06 02:33:22,7f8783042508d4b847d0261145dd144735f51c83,,25002,3,15,18,1,,
2026-02-06 02:33:22,7abe4809ebe2b12b4c0d4749f42c36a878f35df8,,15113,8,8,16,7,,
2026-02-06 02:33:22,171e99e1d2dc0745889115335e1699546918ff1f,,16022,1,0,1,18,,
2026-02-06 02:33:22,e3887debc0f6e833c54dc2aca947509aa5ac588e,,19001,9,10,19,37,,
2026-02-06 02:33:22,7fe638eef1981fb676b9b96fcc2e1a116ce7130f,,15044,2,3,5,28,,
2026-02-06 02:33:22,86a49c67009729144e399ad8d600ddbd355ba2a6,,6005,0,0,0,48,,
2026-02-06 02:33:22,0b880cb031aa1b13351183dd9bd17513b55dc7ef,,6020,1,23,24,12,,
2026-02-06 02:33:22,83eabdb44d79a1ec1dcf1c82b9ed771938e1856e,,21007,0,8,8,44,,
2026-02-06 02:33:22,e887d7a9340642893dd7345d998a82b842801c5d,,19007,12,11,23,5,,
2026-02-06 02:33:22,1f9afa22169037304467b314deea5e53c35d7fb0,,21016,6,33,39,0,,
2026-02-06 02:33:22,8814632b001a557d233ac41b42e61dff3d216d21,,19123,7,5,12,18,,
2026-02-06 02:33:22,d694a3a4582d1d477a4ca6c7d1a738beabe82750,,22007,13,11,24,6,,
2026-02-06 02:33:22,f6b03c74c1a5cd9d66c2196817f86a69dba3d2b7,,12017,1,9,10,43,,
2026-02-06 02:33:22,d0ded49434d4d82c3e6db956668124d2f3d4bbb1,,42027,3,2,5,21,,
2026-02-06 02:33:22,894a0f7553df5b5eed62f4ae6cc1bbb01e67c6fd,,16104,1,1,2,15,,
2026-02-06 02:33:22,b9a49c1b22f72a85dafa7be8ec9ec086b6ec1665,,20033,7,6,13,33,,
2026-02-06 02:33:22,393731c0f7f2eec9285e86967a0f9e226d55e05f,,30005,10,0,10,22,,
2026-02-06 02:33:22,96d9c8a35a11264841be3cd0219b13dd365e0f39,,17050,3,0,3,24,,
2026-02-06 02:33:22,606145a48521ee7298a2aae467c01a894b186ecf,,13013,8,3,11,9,,
2026-02-06 02:33:22,fbcab0552f33ebb6a9a09db322e1f07c941f08d6,,21510,0,7,7,17,,
2026-02-06 02:33:22,9ea1ebb670362e9de12c1628a737aa02522b5f26,,17036,4,7,11,15,,
2026-02-06 02:33:22,648c0a2833d0a389d4d9fab14ad195f357da24d2,,11040,2,21,23,12,,
2026-02-06 02:33:22,797cae719971cba136619b04a84e6061a86bef6c,,13008,4,2,6,44,,
2026-02-06 02:33:22,a6a9daf4efdd7674dba615198904eea76e537686,,11038,2,29,31,12,,
2026-02-06 02:33:22,101d5b83cb3d00574fc03283e3f7e7f9f08d1983,,1201,1,13,14,11,,
2026-02-06 02:33:22,e2466c77db834b893c911e3c6ec150152f46cfb7,,12039,8,34,42,8,,
2026-02-06 02:33:22,18e2bbc72b97d6f41b33174d51becd910734f60a,,21511,4,22,26,18,,
2026-02-06 02:33:22,3b8e3fdc79026791720488e37b3093fb73a45ba8,,21112,10,17,27,25,,
2026-02-06 02:33:22,ef8347ccd21189f6c94a98d62a1253dc329cd60a,,8003,0,0,0,47,,
2026-02-06 02:33:22,6b073f29a1bbd14d10effe4378222545a4ea6e04,,22703,18,11,29,1,,
2026-02-06 02:33:22,e1eee8d5547697296f3d22f07f15d0afbd24b22e,,41101,2,2,4,20,,
2026-02-06 02:33:22,d7f625cc34b01c4f8b74717e5e455d82c64a6dda,,26010,3,9,12,9,,
2026-02-06 02:33:22,3a98a11f28467125772846810d31912a74f0065c,,20030,2,0,2,37,,
2026-02-06 02:33:22,2a485d897cdaf63c72e5681daaf4b8d9cc9350b2,,20035,7,0,7,19,,
2026-02-06 02:33:22,b04490fb693462af9839151b0b9f52b78c39944c,,22302,23,10,33,7,,
2026-02-06 02:33:22,3dcb1d2eeecfdf8c240b9bcd28fb424eed30451d,,9029,2,17,19,19,,
2026-02-06 02:33:22,bda14ec75190596db092e16bb9aa6bda31e21dd0,,48011,5,2,7,12,,
2026-02-06 02:33:22,7c4c8016b11237f4243c05a1e00b85a0ebfca7fd,,41212,10,3,13,8,,
2026-02-06 02:33:22,ca2cda11ef7fd6bf949f461297dd04e7fdae0438,,34009,5,0,5,23,,
2026-02-06 02:33:22,871237cfbbede53879a9709506300f9ed7c38514,,41304,8,20,28,2,,
2026-02-06 02:33:22,392f29bf074303104018a2f39086189487941a2f,,7007,2,14,16,49,,
2026-02-06 02:33:22,c4b1d70ebaac1ff6e5c29b7e251716648f47e9e6,,45005,12,8,20,4,,
2026-02-06 02:33:22,1e32dc656a5f1aed3c28e9e886bbbf23e3749af8,,35021,5,6,11,19,,
2026-02-06 02:33:22,899514e96b50000a1e0131d5576e363cf47fa1b4,,18045,1,0,1,14,,
2026-02-06 02:33:22,d7540090be29b97b2d07f80b0c04592a03d9910f,,10025,6,4,10,4,,
2026-02-06 02:33:22,04f9b536c44e2b72bfeebd735f843c41ed3dc6fe,,32305,5,0,5,24,,
2026-02-06 02:33:22,d9f9f66930044dcceabbee985da8146a0076034a,,22305,5,5,10,25,,
2026-02-06 02:33:22,8d1d7a29d57259235debbefb13a033196f7f43b3,,21954,5,2,7,15,,
2026-02-06 02:33:22,0e4c6c41efcb7dd6eaf32b65d4830a256835110b,,22507,13,7,20,3,,
2026-02-06 02:33:22,d87936f69853886a4bd2eae1c69559b841269cde,,25010,21,1,22,8,,
2026-02-06 02:33:22,834794b3e9986256e99050ecc633f1c25c1fc8be,,23205,9,1,10,13,,
2026-02-06 02:33:22,b82e01eef045913fca5b8449a2fed2c8e676ed99,,32023,3,4,7,22,,
2026-02-06 02:33:22,dd396096cb3823873e8f2c9799c6081787d9e222,,23201,4,0,4,39,,
2026-02-06 02:33:22,92550f2231a3a5227cbfb9bd0ed97fafe5269d13,,12165,0,17,17,14,,
2026-02-06 02:33:22,b30aef207c5569956e84a05e19a9950cbc2496e1,,22018,2,15,17,18,,
2026-02-06 02:33:22,02eca3e7a066a2d8eeea0101ebc929d4304c5e45,,21327,3,21,24,5,,
2026-02-06 02:33:22,792e1dbab1c65a752a8ccd07690be5b6a05cc961,,17126,6,5,11,19,,
2026-02-06 02:33:22,41c052cae99bbc113b3bbe25c53199bc3b0eeefa,,34005,11,8,19,11,,
2026-02-06 02:33:22,7ad8ebffd5bb2fe4d329b11ede0a82fcf5e75865,,34008,7,18,25,0,,
2026-02-06 02:33:22,257eacb04b9855f6180788d188852a5974c86ee8,,23204,3,1,4,23,,
2026-02-06 02:33:22,1e0df91cbb2dbfe18f7427f4d1640ee80ee0cf92,,31301,14,5,19,11,,
2026-02-06 02:33:22,38fd7c0f51a0e887bcfba0c59e72f6cb27fe5ad9,,31303,25,1,26,2,,
2026-02-06 02:33:22,8c76bdc02605a1bc5531db7fc5e54fa2c9241cf3,,10026,7,2,9,47,,
2026-02-06 02:33:22,7c767c48fb485e98e17d4f680e4126c66476e1d1,,17010,10,34,44,9,,
2026-02-06 02:33:22,88ad3dfa22221dde5714e66769102d332e04915b,,18024,5,5,10,25,,
2026-02-06 02:33:22,c19b9c73a24e571b9dc974f77cdb896f29754724,,13205,1,0,1,22,,
2026-02-06 02:33:22,6d6505d3abbd55ec6b8f1652b540c65d09b79260,,31201,4,9,13,19,,
2026-02-06 02:33:22,bee0d1983bdb8546986bc0f43c9a4d18f292cf38,,13204,8,21,29,9,,
2026-02-06 02:33:22,4ad7bc325eedb0caa101fd0f83fb6a93aaf95420,,13035,1,1,2,17,,
2026-02-06 02:33:22,f3d4473023899528fcc28f0d8e6c5790c7c20d2c,,42004,8,13,21,4,,
2026-02-06 02:33:22,283b1b7771d44cea5f9a7e01983716aaa35a8f23,,15062,5,31,36,0,,
2026-02-06 02:33:22,7f81d382126eb04149aa3487031d76f3729d8594,,13203,4,0,4,19,,
2026-02-06 02:33:22,bc10a323d9e042d71d61b1c6f3d5e1d9d8847026,,13202,4,5,9,17,,
2026-02-06 02:33:22,68a57ac3d9bceff99959f6af01cd95a2106ec472,,47008,5,13,18,2,,
2026-02-06 02:33:22,b325fae054c59db8698b732a3ef124942e3c574a,,21501,2,5,7,7,,
2026-02-06 02:33:22,4bde3534bd8064f04cc353f1ea17c3a8ed3f0009,,8038,6,7,13,37,,
2026-02-06 02:33:22,d98e70aa7efb181aa4d4f94e5d25a3c1a1768da9,,19204,7,0,7,11,,
2026-02-06 02:33:22,633729879d6a65b345c3eb520c6533114c793cbd,,18206,8,6,14,24,,
2026-02-06 02:33:22,7622de080dfa3429be95c27194b1f5ae0cac35c3,,18042,4,0,4,17,,
2026-02-06 02:33:22,77ac4105b7e6424c4a34d7cb97c39f3f1dde2575,,18041,6,1,7,12,,
2026-02-06 02:33:22,b2a87419cf2f9b3ccfe3c4872935f4526dd80c2a,,35002,12,3,15,13,,
2026-02-06 02:33:22,1a7d4f1a71ff748680328ea67f18c48461d75c4b,,8039,1,2,3,13,,
2026-02-06 02:33:22,c729414850daa2260bcf8861f4022643efc2d84f,,7109,4,5,9,25,,
2026-02-06 02:33:22,b7cb85c2e4e2ccf62340274baf8c1b266893da28,,11102,6,13,19,54,,
2026-02-06 02:33:22,02be89d6db792ed1d14b5948d684397acef0b691,,11012,3,6,9,25,,
2026-02-06 02:33:22,94761029f875332063f802f9a52c7d050135a835,,8057,0,3,3,29,,
2026-02-06 02:33:22,704118bfc6a9afe499cf73d405aac5163045ecd3,,11014,2,0,2,44,,
2026-02-06 02:33:22,ca8f6cc93535ffe599bcda081cb5201fefd83f02,,35001,10,3,13,7,,
2026-02-06 02:33:22,7ce58a848c8c2f88253ca868788cccfefcf48ca6,,15060,3,12,15,5,,
2026-02-06 02:33:22,44824ae78b76a4bcc2d29a7caa354f2f5f626241,,7023,6,37,43,15,,
2026-02-06 02:33:22,afdcf70161b2b7810887513a6f09fd2c96f23632,,11011,2,20,22,1,,
2026-02-06 02:33:22,625bcbbba3c83750d9a05ebaae580d269b284144,,15105,4,12,16,5,,
2026-02-06 02:33:22,97001c8fd06cb329f0189210fd5112781105e454,,18205,1,2,3,28,,
2026-02-06 02:33:22,04b82daea840c7af369f3fc59c791584ecc086a9,,9025,5,24,29,22,,
2026-02-06 02:33:22,420eb4031a057f0b8d96642862cd56ffbb55b70a,,4108,5,15,20,3,,
2026-02-06 02:33:22,05c3b55bf77a4a3a2797ffb7a7134e452e3d3b02,,40007,9,2,11,15,,
2026-02-06 02:33:22,c8a356fb39167920c92ad595ebb5feaf1e68f1c0,,40010,14,4,18,3,,
2026-02-06 02:33:22,7098fa4cabd4038dd7d9b0876fc87f47903a6a81,,40013,24,8,32,4,,
2026-02-06 02:33:22,b599f8042929b44325d3564fea70b64af91d40d4,,12107,1,3,4,17,,
2026-02-06 02:33:22,ca181339886c72a0e4d1ad772eada7c781eedfb4,,40014,3,3,6,18,,
2026-02-06 02:33:22,5ac21f7cc65c421ab4a365321106eaf2a47e49d7,,15122,13,10,23,0,,
2026-02-06 02:33:22,0b119d33a557c6f1f3d2f3480cecfdf16e5414ba,,12201,6,24,30,20,,
2026-02-06 02:33:22,1055695379a6e5813b141aa782e1f0c0bec74df6,,26005,11,18,29,1,,
2026-02-06 02:33:22,d4af08bd4efe33aa21324aa4418b1ea568700cfe,,23801,7,9,16,4,,
2026-02-06 02:33:22,a02eca3e166ef66372fd60eb1deb7826fab11d5e,,23703,3,2,5,13,,
2026-02-06 02:33:22,1a79f274d1b52212b0e2dfb20942f788253e2fac,,40015,3,15,18,6,,
2026-02-06 02:33:22,80b109fd1dd1e01659d3788b59aee2b7b316015b,,13106,5,1,6,17,,
2026-02-06 02:33:22,624b0ac354c19807b157024f0817ad6030a91258,,51005,10,1,11,24,,
2026-02-06 02:33:22,49128b88a1924149b19679d489188af55ae1598e,,30006,0,0,0,1,,
2026-02-06 02:33:22,35591bf486b9e75d76a4cd5fe2025e103750d1ea,,10031,2,10,12,23,,
2026-02-06 02:33:22,acbd4f1da6ed480f71d53178d186ed5706d8cf56,,32004,0,0,0,39,,
2026-02-06 02:33:22,20bf4e78b8879c7f01050f95c5e070607076a917,,20137,4,0,4,21,,
2026-02-06 02:33:22,3c1a8c47d5205cd51725fceaf7d7d09715e1c559,,13001,7,8,15,1,,
2026-02-06 02:33:22,517882c9a04829a373214af80d9b0e4b84020c17,,13010,4,1,5,35,,
2026-02-06 02:33:22,f39db57c68338dd0b928400fff23456f86e7e936,,10013,9,36,45,14,,
2026-02-06 02:33:22,f91a39da5e19bfdd47c5708d62327124c956e8fb,,15026,6,4,10,21,,
2026-02-06 02:33:22,5759737c7740925fd8e3a3cef4ec4c551dbb70e3,,41301,4,2,6,44,,
2026-02-06 02:33:22,a5757c543e2078028a67c3f9395395bda4159a39,,34014,13,16,29,1,,
2026-02-06 02:33:22,6cce2c941bc3e9254c7b243cd544e90213cb94d5,,17123,3,0,3,14,,
2026-02-06 02:33:22,4face2045e7fa7bc27b57e49a2ab041f0a2fb68c,,32308,0,0,0,1,,
2026-02-06 02:33:22,337d0f8ebe1526a5dc32d374cbfd8165a1c44c6e,,23805,1,0,1,15,,
2026-02-06 02:33:22,666fae9d599839efbe10a16c5c55554a2906f391,,34501,5,6,11,11,,
2026-02-06 02:33:22,d6b6f634d87ce28ace61e0929ecaa6a0ef638ce0,,43103,2,1,3,15,,
2026-02-06 02:33:22,1a872fc363e27d7ee6660b1f1b76ecbcf74f802f,,32012,10,5,15,52,,
2026-02-06 02:33:22,62b27d70d09b85d155fcb2173f7eaffb8a685f38,,43101,5,14,19,11,,
2026-02-06 02:33:22,fe2ddb53d2b8955e2ffde24de3bd4eff6e06bada,,6016,2,28,30,4,,
2026-02-06 02:33:22,6813c68be7d6eed27a777da1c746d1c84ac9d270,,8052,0,0,0,30,,
2026-02-06 02:33:22,5834d8244a28c51da69eb69a038c306f55fc488b,,18014,9,2,11,1,,
