Timer,ID,Station,Code Station,Ebikes,Mechanical Bikes,Bikes Available,Docks Available,Capacity,Coordonnees Geo
2026-09-03 03:47:43,82b01ab2e99c402da76bbb1ea6c91a2a29f12cec,,16107,18,7,25,10,,
2026-09-03 03:47:43,b7ff5e6558456b81799a0351514a83bb2282cc0f,,32304,4,1,5,21,,
2026-09-03 03:47:43,21e191172b65d67d813483f94ea33449d53dd20a,,14014,1,3,4,54,,
2026-09-03 03:47:43,9f47e5a5b3cfbac5880bdd076b6b76ab294992e0,,32017,5,1,6,12,,
2026-09-03 03:47:43,50982ddf456b7831e8c393c610e3372d42112f2d,,8026,4,1,5,7,,
2026-09-03 03:47:43,9cbef6960451f34c56cff42d27338e52b5c10a8d,,6003,1,3,4,17,,
2026-09-03 03:47:43,7b8c3052e367a9efcbda46c7e0a54fb507509100,,7002,3,30,33,2,,
2026-09-03 03:47:43,97fc2b590db042be4743defb5cc892f2440ec29d,,42016,21,6,27,0,,
2026-09-03 03:47:43,9e0faa6d21dd22a3aebde65223fdb56844f32e02,,40011,3,10,13,14,,
2026-09-03 03:47:43,7daf2ace1dc3b48bf883cbbd4ac812e063505377,,7003,1,8,9,48,,
2026-09-03 03:47:43,c7ee74120393f174f760ab418fc08a80df416d63,,15047,9,5,14,36,,
2026-09-03 03:47:43,e3b2ec545ef73a8f3a90cccecc7b49ddf03d2722,,17026,19,10,29,11,,
2026-09-03 03:47:43,ee6d95e005310a3a56b676ba4919f0e22a3e9531,,6021,1,16,17,3,,
2026-09-03 03:47:43,750fbaa6775c53c8f0f48258dde1a1ebdc4ca763,,13007,9,7,16,32,,
2026-09-03 03:47:43,8593b3ee962e8ff06666aa24cb30d16b1b822ef9,,5016,2,2,4,12,,
2026-09-03 03:47:43,2ec2ef80966c88de3651995650d612656bf5cf03,,21010,4,18,22,3,,
2026-09-03 03:47:43,952acefc5af3256b575c8d96aceb06973ae811fa,,14108,8,0,8,11,,
2026-09-03 03:47:43,d17a471834cfbc12904419a826e74dde7a83a52c,,2022,0,0,0,35,,
2026-09-03 03:47:43,c170ad7f884fd95db83931093d76871ee391eb67,,19033,2,1,3,38,,
2026-09-03 03:47:43,0e8fde9cdbc0d2d3e33a8712e6200d8515b05c99,,17025,1,2,3,31,,
2026-09-03 03:47:43,c84aafa61d7d5f7b75e14d89334a6e7cc64996fa,,21326,9,1,10,10,,
2026-09-03 03:47:43,7e5c0f1b310358c138e2cc29a3ef261e2c566bf3,,16138,1,6,7,22,,
2026-09-03 03:47:43,21cc84e3812ea2232198b29d3c6f6dcb49cc43b3,,16118,7,10,17,9,,
2026-09-03 03:47:43,efebea3353869812ceef75c300dc388c62e6f465,,9008,2,1,3,14,,
2026-09-03 03:47:43,8b0e36ad79fe945201261a8feb1ac81baf3cfc46,,8048,1,0,1,19,,
2026-09-03 03:47:43,3f48f41b401b407874b91b5dfd8d3962b70842a0,,15112,5,1,6,17,,
2026-09-03 03:47:43,3dec05c9c4d9146551420fa169f1c49eae902e63,,13030,7,2,9,11,,
2026-09-03 03:47:43,81d626c3e692f794d5551d2feb764460607d00c2,,44015,11,3,14,4,,
2026-09-03 03:47:43,940bdbad36633feb5570fe7ba7d663cdf1c58686,,43009,17,6,23,27,,
2026-09-03 03:47:43,eabaaf7759b93e5d3ff14c15fd94c0f2e43af6e3,,9001,1,3,4,12,,
2026-09-03 03:47:43,54bbafeac40d3df03b91c9e6f81208f26db59dab,,17032,0,0,0,20,,
2026-09-03 03:47:43,9289a67db6ed9edacb2a59c2afcb924e4fabfab9,,10161,0,0,0,31,,
2026-09-03 03:47:43,1e629b24d7cea42a41a19591127bf61ac6d2326d,,41303,8,1,9,21,,
2026-09-03 03:47:43,6a65df9f0ff708d107303cc7c7d01ad9a66213bd,,12031,3,31,34,1,,
2026-09-03 03:47:43,ad7b87c551c543e985ff93909af661eed3a95c07,,21328,7,0,7,22,,
2026-09-03 03:47:43,6334be7454f5c4129dc44ffa8cc38f9ff01852e5,,31103,25,3,28,6,,
2026-09-03 03:47:43,c47719092fb24f49cad07e79784b7f918dead59f,,17008,2,1,3,17,,
2026-09-03 03:47:43,01f411754e799cabc3ca1eb0c4f4f59d14f95a71,,8053,1,0,1,28,,
2026-09-03 03:47:43,ddfeb09a2743300916ed797a6f039796ce277390,,9038,0,1,1,26,,
2026-09-03 03:47:43,377dd08e96dcacdd67fc0e9958d7559e59c225c3,,1001,0,0,0,17,,
2026-09-03 03:47:43,4e0abe11074e5ab5ac4b5a02121cfa6b73ef33cc,,26003,6,7,13,1,,
2026-09-03 03:47:43,391168deac76be76937a084c1ef4acabb76770d4,,92007,2,0,2,19,,
2026-09-03 03:47:43,3a9f9ba3c82a400e850625791964a64f6a902544,,16026,2,5,7,16,,
2026-09-03 03:47:43,01c67d653ac5e502c3de187fc10f15c8fbb5a468,,9028,1,2,3,13,,
2026-09-03 03:47:43,fb3498a624268b7972da52a19c264a44293fb6e8,,10107,6,2,8,40,,
2026-09-03 03:47:43,07b0127cec4fb4c25b6193bab74aedd7f23504cb,,26002,22,10,32,7,,
2026-09-03 03:47:43,2982ac456236d414c4eebca2c0ea3214fc4f244e,,17043,12,1,13,26,,
2026-09-03 03:47:43,99e6ad15b0cf545d52f9157e1074d08dc75f6c93,,16039,7,26,33,14,,
2026-09-03 03:47:43,b09ead68a628d1ebde64e990e57d42f2df528dfc,,11002,0,23,23,0,,
2026-09-03 03:47:43,5fd39477724271f46356b3b519294e710b95e9f0,,11047,6,14,20,8,,
2026-09-03 03:47:43,64624ec5e94b0a666cfc9446763f3c8772873067,,18107,3,3,6,28,,
2026-09-03 03:47:43,825639ef07d99c844f59d386d9d84e59caddbe82,,8031,1,1,2,47,,
2026-09-03 03:47:43,b9e96d0bbf9d17f2a4fb545e7bc8045190f2952b,,15067,1,7,8,3,,
2026-09-03 03:47:43,d7f98f21a0923d653af382e588bab3fa7ce61343,,6006,2,0,2,15,,
2026-09-03 03:47:43,80ea766a1e53ff7ae33f89e259d65d597e380503,,12128,23,5,28,6,,
2026-09-03 03:47:43,7ef62de4daf87ab7b662aa6a910d0d9435b84a21,,31022,2,3,5,47,,
2026-09-03 03:47:43,8db6c7b162ea45e11e3405356b8fdf1df5711b4b,,10016,1,3,4,12,,
2026-09-03 03:47:43,00e8aa5641470243f066797851d3d8261d9a55af,,14020,2,11,13,43,,
2026-09-03 03:47:43,2367258fca622792cf6df175ea4ae772e5b65c45,,33102,15,2,17,0,,
2026-09-03 03:47:43,286418aae09c23a17cbb4eb58e1c22cae8e38418,,42706,7,4,11,14,,
2026-09-03 03:47:43,54f5762c9ec9577dd292b330b902eb0cc74cec45,,21212,8,0,8,14,,
2026-09-03 03:47:43,3d2794aba0f4dcf6e992a6f8d2ee53d1166250f7,,44006,26,4,30,5,,
2026-09-03 03:47:43,081b9f6dbd73b956f562ecc2c7399a3092c464d6,,19120,8,0,8,19,,
2026-09-03 03:47:43,914908e4c8a5279a73e27f560105df1c54e4c81c,,11113,2,28,30,28,,
2026-09-03 03:47:43,d82565f3b9b2bc61d4bbc53dceea27fa1663e09a,,15104,0,12,12,66,,
2026-09-03 03:47:43,6ab5e9c79910e1e27ac99514d7343f148177d528,,19101,17,1,18,6,,
2026-09-03 03:47:43,bb7d696a930c91c79dc3522d0d5033bd72da5b8c,,17030,3,5,8,15,,
2026-09-03 03:47:43,9abeff48e1a653e978cf7bafba1d4f712ee2a2f2,,16108,3,1,4,34,,
2026-09-03 03:47:43,4aa16a538f3916dc228dc72e8f9c2c51344dea5b,,12114,8,6,14,13,,
2026-09-03 03:47:43,f569651dc0df507ac023ca79a878b2f65e2dd988,,41209,6,0,6,9,,
2026-09-03 03:47:43,f2a977beb80639bb1b9c4acfc805083c5eb02066,,8017,1,1,2,63,,
2026-09-03 03:47:43,61a000086ec8e305c4da7367e36db91911d95da7,,15106,5,20,25,10,,
2026-09-03 03:47:43,e89a93f5b0d2045ed6b6badb21a04bb31dc4ea4e,,18046,12,3,15,18,,
2026-09-03 03:47:43,15196e0c7a7bfbaf1c19325b39ac39ac7d878a9c,,22406,13,3,16,7,,
2026-09-03 03:47:43,8b9e4a42023b758f6d0573035f927323587a3123,,2111,1,4,5,25,,
2026-09-03 03:47:43,8e53fe39f7747746b9438ee958ff97bd1efbf0a6,,15109,5,21,26,3,,
2026-09-03 03:47:43,978df9e405a4bd84009fc38263032a6d0076059f,,14012,2,6,8,29,,
2026-09-03 03:47:43,4c84a30af96e5d1357748fa9ab0a978ba4dfa77d,,19103,8,4,12,8,,
2026-09-03 03:47:43,375c37e1eb17d3a88215c3773d9a3dbaafa46f44,,17203,4,0,4,22,,
2026-09-03 03:47:43,907a467dfc29bbb12cf73ce3a4ee5fcb893db42f,,21005,2,19,21,4,,
2026-09-03 03:47:43,40a7719d0e363b27c1e4c8b0b58ef01087f24461,,21006,9,18,27,0,,
2026-09-03 03:47:43,b18499dd505701ae26b7b0776b56755fb8f22d49,,44013,10,0,10,20,,
2026-09-03 03:47:43,144dc2f5a87d13bff43c95349f7e7e2e49ec41d3,,35010,7,6,13,8,,
2026-09-03 03:47:43,5b42542233d93d680a8634e22f3128faf5075697,,21015,0,16,16,7,,
2026-09-03 03:47:43,8393724292fff29bb66906b3b9a7b94ff7c2fe7b,,44003,13,6,19,1,,
2026-09-03 03:47:43,365838b53c5cb7f71313740cc1689db316a62128,,15034,1,23,24,28,,
2026-09-03 03:47:43,9c8c545302b1314f22ede7abcfa0615755abd85c,,5028,1,24,25,2,,
2026-09-03 03:47:43,6b46f1f01eb8dc34a43971103fda943264a078a8,,48010,1,0,1,15,,
2026-09-03 03:47:43,2d3ce12644bd2551849dad8604c05562627721a4,,23404,0,0,0,0,,
2026-09-03 03:47:43,bcf8078dae9eb0301e175dd9bd7f9bd1b40e93bd,,31003,17,1,18,12,,
2026-09-03 03:47:43,35120a8eac564b0f317da6faee265a0d037da752,,22402,4,6,10,33,,
2026-09-03 03:47:43,ecee2d6caf52754e60ff505ee64371b0265a8787,,9116,1,0,1,23,,
2026-09-03 03:47:43,ed6016d846fa91196e114392654b576147c9dba0,,11030,3,11,14,10,,
2026-09-03 03:47:43,3e7158125f2abb4c32d8df7652ce5083e779ab2d,,18028,10,4,14,18,,
2026-09-03 03:47:43,ea691bf599bf23fb8ea6d8b6af778851438465b0,,18009,10,7,17,4,,
2026-09-03 03:47:43,d33beed00c39b0973ce0b62769e136edfe8ed031,,19032,2,1,3,43,,
2026-09-03 03:47:43,bdb71ba33f3a91ddab71c95bb21aeda5c8f3757e,,17125,1,1,2,30,,
2026-09-03 03:47:43,a0b948e50e211311faeba5195272a7ff0d526c3c,,16030,9,39,48,5,,
2026-09-03 03:47:43,a95e888c67e93027eedefe3d410be247bc6457e0,,16136,2,26,28,2,,
2026-09-03 03:47:43,d0e19a41eef3d1242b766bcc27ddfd8813dbde2c,,22003,3,0,3,21,,
2026-09-03 03:47:43,150b8481ff66747dcdfa8fd4783dc10bf2287183,,11024,5,33,38,13,,
2026-09-03 03:47:43,7a8fffa57faf436608784f39de656cb9de21fb67,,11105,8,26,34,15,,
2026-09-03 03:47:43,8fcff3d2faeeae6a607a97dc38e1d6284cb7058d,,14136,9,7,16,22,,
2026-09-03 03:47:43,3951b802aa2b5123820b60cad3a00ce7dc35ee50,,10014,0,21,21,32,,
2026-09-03 03:47:43,de904fd3f921a8460f4df48b1a94a45a4b43114d,,11035,9,19,28,23,,
2026-09-03 03:47:43,21950e20f89c26ff8459997a669c165386c034a1,,42010,5,47,52,1,,
2026-09-03 03:47:43,4f120551e0cd68272ec02c154ffe33c18e2fc9a1,,46001,12,3,15,4,,
2026-09-03 03:47:43,5ca6c945187db2595b0427988c0907c39c104eab,,17028,2,1,3,31,,
2026-09-03 03:47:43,34e7eff540c64b5d25064f7eb3f863fe2273f47d,,19029,7,3,10,9,,
2026-09-03 03:47:43,07fc4b123ef0b395e3f024ac59923b334a1e10f4,,9032,1,1,2,33,,
2026-09-03 03:47:43,11ce346e64307746c1cdc70f974a6a4ec374c5b0,,19016,5,6,11,20,,
2026-09-03 03:47:43,73b387294244bdc3443fb26e61d57b90e266173c,,32003,10,2,12,15,,
2026-09-03 03:47:43,17f4f309568e4f9f2954283fd174c5281a4b86a4,,21104,7,1,8,12,,
2026-09-03 03:47:43,08f7f3dbe207887ea64fdb497843b0acce304ea7,,11042,1,47,48,0,,
2026-09-03 03:47:43,b7dae31e542f00fde57ecc59759ee331d102dcce,,32026,5,0,5,20,,
2026-09-03 03:47:43,8b4a4a57daa86f626c590ce19fa8b3892a7a147d,,9005,4,1,5,26,,
2026-09-03 03:47:43,e7aa0ed0c8a970a50219e8fe0565bd7a4cf18366,,13002,3,12,15,12,,
2026-09-03 03:47:43,9920a6a4c3de74a4493609d69d4a928dda1eb76a,,12204,2,26,28,1,,
2026-09-03 03:47:43,c751b2ee8c4475c7d5f0b7f646f30415a960322c,,20121,2,0,2,17,,
2026-09-03 03:47:43,9ac9ab7d64fe695459e792624a61357e8e693d7d,,26013,7,4,11,15,,
2026-09-03 03:47:43,55838bb6c47151320f1bd3a0dc16f6ee9f90385c,,42015,7,7,14,10,,
2026-09-03 03:47:43,9bbe275ff12d59feacd04e11a2a96e284a42ced4,,31010,14,6,20,21,,
2026-09-03 03:47:43,395353c61aa37b99782bb0549c9e84d690cd4857,,92008,5,5,10,26,,
2026-09-03 03:47:43,38a787a73ce6db2b77d3fdd1fcfc829ad2766e25,,41402,11,14,25,0,,
2026-09-03 03:47:43,fc07a728851ffd65123693be2cf0aa483211b97c,,19125,15,8,23,4,,
2026-09-03 03:47:43,fe849de374322ff51de0456b68f717829bf6739d,,5123,0,8,8,21,,
2026-09-03 03:47:43,744c98cc8d5a2c7fbea45c27c122141068de950b,,4015,2,27,29,13,,
2026-09-03 03:47:43,175fa5349d346d7d2e1a8cf73921e40086a50756,,31203,8,1,9,20,,
2026-09-03 03:47:43,1f7fa9d806130f2c52ebbf73392ea723225830e1,,9021,0,2,2,20,,
2026-09-03 03:47:43,9ca783e9b6a98b0e6c693c010544e98be0a6626d,,42029,23,4,27,0,,
2026-09-03 03:47:43,d2bc19be3e42e0fa0b8d9398f04e68a93196cce8,,21313,3,16,19,7,,
2026-09-03 03:47:43,ca8b5820a812e775916532297cc2d9e6f99ad3f4,,1020,2,0,2,36,,
2026-09-03 03:47:43,ec3d6de7ef7f74622f876e9d59149208f8bc7a4e,,15025,8,32,40,7,,
2026-09-03 03:47:43,4e850270ce703841bd664a9486b909178fbe4ce4,,19005,7,4,11,9,,
2026-09-03 03:47:43,bffdb400b4ba52f7ea9b770c2fa87705f039ce5b,,41606,3,2,5,14,,
2026-09-03 03:47:43,5eddf18648406a655651c1f679e6ea29ad6c1328,,21305,6,11,17,6,,
2026-09-03 03:47:43,999044cb2003106de5138207c32cc18c57324c88,,12013,5,8,13,2,,
2026-09-03 03:47:43,29b9b029e983a7f6827aec3458d0a168400bcd90,,16111,4,12,16,16,,
2026-09-03 03:47:43,1dc0471c1b6258024769f28f4549fb59e8cb5b31,,11007,3,67,70,5,,
2026-09-03 03:47:43,cddc63c8d378e10fc064b6b5b3c4390217c0d4d1,,5021,0,22,22,17,,
2026-09-03 03:47:43,a9bc883094b1a063b5fe65d1ac14cd1f5a511967,,6013,1,23,24,4,,
2026-09-03 03:47:43,00eb58039cf738d2ef1a9c2cfd6aa1f06cd73692,,7015,1,0,1,46,,
2026-09-03 03:47:43,7934a6dc6542a22982ab5f3d8d44767474d708ae,,23001,15,7,22,14,,
2026-09-03 03:47:43,2e6204b122cdb480652f92f11bd4122538156903,,15010,5,39,44,14,,
2026-09-03 03:47:43,3fb92b629ab9f699079332214745020b867016d5,,16124,19,38,57,8,,
2026-09-03 03:47:43,f39341cb3f07e49efc9c393ff5b6f1ad5e1f4aaf,,33003,15,10,25,23,,
2026-09-03 03:47:43,b6f45ba5cfc20923d61ea547304b08ef440af677,,33009,3,5,8,22,,
2026-09-03 03:47:43,8d411f9866d36ec4279e0c01e74cba46bc53ae5d,,13045,10,2,12,24,,
2026-09-03 03:47:43,638e9a4258460fe06be0dc83e943caf201bc70ab,,14034,2,2,4,36,,
2026-09-03 03:47:43,29211ec1d0ef69d203eb38872ec17c13bfab861a,,11036,1,51,52,4,,
2026-09-03 03:47:43,338153a79194d126d61cd0484d2d5d0e3a836691,,7009,2,0,2,72,,
2026-09-03 03:47:43,dd10e60fa484317fae122295a72a9f2cb8b413b7,,14117,0,2,2,39,,
2026-09-03 03:47:43,8f718061e98f2bd317ae0800ee46af4561fcaaa6,,10152,2,2,4,38,,
2026-09-03 03:47:43,6c9f6452e4aed3ec04c3f54ec6df4b156bc335ef,,5119,0,1,1,39,,
2026-09-03 03:47:43,982fe021e31ff97a722a6b588f91b412d8f245dd,,35009,9,1,10,10,,
2026-09-03 03:47:43,ed621bb6ebc45161443f00c99811a336c915b30f,,10206,0,6,6,25,,
2026-09-03 03:47:43,ab5ebcb964784082f40265dd717388f993f93f0b,,21502,0,0,0,0,,
2026-09-03 03:47:43,f625d7080876a4b5cddb390ca0ca60ecbfa64cee,,27002,14,4,18,10,,
2026-09-03 03:47:43,52de06847eddfe20f1b2113ee6ee0e43da2621e2,,23701,15,6,21,3,,
2026-09-03 03:47:43,18f024980980e3fc833d4af806b193a1c3c7a790,,31012,11,8,19,4,,
2026-09-03 03:47:43,c8ad5cbb99dd7764af097ab7e23791dfff242898,,12024,0,19,19,16,,
2026-09-03 03:47:43,ce89537d532212f20ddaf7931ea87928ad53d179,,16129,1,3,4,38,,
2026-09-03 03:47:43,c818ac5211b01453adba2fa5067b761488ed0f71,,31705,6,2,8,41,,
2026-09-03 03:47:43,1168f874bd3adc52ee840978edbc3a07f803ea3e,,6030,1,3,4,30,,
2026-09-03 03:47:43,31400cc2695a19e825fd4650854d5bb0a31870b4,,23802,3,9,12,11,,
2026-09-03 03:47:43,89c2e71f0b737a77c22e4dc26f0b8a0a8f391a3f,,12126,14,8,22,28,,
2026-09-03 03:47:43,af6c3efee582db340c91b6652796cb7bd622ad86,,20036,5,0,5,26,,
2026-09-03 03:47:43,f8aadbcf1d721e14469460cd2f546573541b09ff,,19019,6,3,9,11,,
2026-09-03 03:47:43,23692bb4535bc8dbe2f793b8c2e06c3af596d1f9,,15029,2,33,35,16,,
2026-09-03 03:47:43,6033fee0b7038f29f6ed6325fbaa32506dbfdb31,,10005,1,6,7,9,,
2026-09-03 03:47:43,99b219dc382843caa0642b74d9f9b4ca93fce28b,,26001,3,3,6,17,,
2026-09-03 03:47:43,00b1c17c6643e1306a165b92a158504bdfaf69db,,5026,4,39,43,3,,
2026-09-03 03:47:43,d79c3c0cf965ee1289ef25eaa1b7acb75cd353f7,,43006,2,12,14,15,,
2026-09-03 03:47:43,aaee80345c39699a819d3ae10216fedd0f8d6687,,14018,3,2,5,42,,
2026-09-03 03:47:43,d8674b4fa74f4c750bcf06f287a242cec7886ae1,,31702,1,0,1,17,,
2026-09-03 03:47:43,0d638dcc686857310afa52143e66cc581b2fd08a,,21013,8,13,21,0,,
2026-09-03 03:47:43,8b7788fad802208b6332cb7e2bacd460f127f7a0,,21111,6,19,25,24,,
2026-09-03 03:47:43,dc237892789dcc2cbb5b5e7f1d2e861b44c3cdc0,,7006,0,4,4,28,,
2026-09-03 03:47:43,803c7708f39cbd703c909b5757917541eb8d1094,,7014,3,2,5,37,,
2026-09-03 03:47:43,724435432c3e71f01dd36504f967f339b8f30d5b,,5002,1,9,10,24,,
2026-09-03 03:47:43,c6f6446e0483eeec3d9721d9ac70076dd17d990a,,8012,1,0,1,44,,
2026-09-03 03:47:43,1948310c9a6c94fe8fd6dbda796dd804b5422ccd,,34002,9,10,19,8,,
2026-09-03 03:47:43,16f66ee9a7a95d028fceaf867473abf63cb727c9,,23002,4,1,5,44,,
2026-09-03 03:47:43,cefdd4c9a42e08aceaa040a67bd7c666584e1095,,11101,0,45,45,4,,
2026-09-03 03:47:43,240dc4d34ca1b093992bf79403825fa1ea238cf6,,15055,6,17,23,30,,
2026-09-03 03:47:43,1d2b63faf1ed62379fd050f89e0aad3c3f9568f8,,14130,8,3,11,19,,
2026-09-03 03:47:43,f607fef3b0ae5467d1d28b790d4a6d4a34da68b3,,10015,1,7,8,37,,
2026-09-03 03:47:43,2080468ea02342b220fdc5540b36dcf687abe474,,12011,3,29,32,1,,
2026-09-03 03:47:43,63a5c6589859eaccd64a425978f678f8634ea162,,21308,0,4,4,53,,
2026-09-03 03:47:43,c175ca8fa85e6a9fb43575833e2f569bf9388eff,,12032,5,5,10,26,,
2026-09-03 03:47:43,82f905e0974966300f32a0e8a5836a99f0deb21b,,19037,2,0,2,30,,
2026-09-03 03:47:43,700c0701285ef1fe1bbc3b131dc5248c9fecbcad,,7005,3,5,8,43,,
2026-09-03 03:47:43,f04c0cd69f104ca41272c19ab765195a67f3c53d,,6018,4,2,6,11,,
2026-09-03 03:47:43,f4e828e377f60b718c6c45420a7c8a96bc9724d2,,21019,2,6,8,19,,
2026-09-03 03:47:43,3977f58d834e61d6ada58cc343d4be8a83d5ae21,,21105,5,17,22,3,,
2026-09-03 03:47:43,e975a8d96b492797544fa15da96bdcbe93f0bf9e,,19109,4,5,9,8,,
2026-09-03 03:47:43,8918490d7b18f4fc1dbbd1011a03b0c22910a919,,18032,4,3,7,47,,
2026-09-03 03:47:43,921bc3f4e9ec4638b28905a2c047c6a8c44ff620,,44012,6,2,8,11,,
2026-09-03 03:47:43,cf40111b2a486f9c5e5ad4876c04f1e902675034,,17027,1,7,8,35,,
2026-09-03 03:47:43,942c3d3e05c33f24e880da1f6f59694c2d8454e4,,32012,13,24,37,31,,
2026-09-03 03:47:43,c710a5863a0b14b6ab302ef9821278169ab8630c,,13016,1,23,24,10,,
2026-09-03 03:47:43,843f93a4cbbe10854c7bf1c021c6335cc23af1ac,,19039,5,0,5,18,,
2026-09-03 03:47:43,3ff81ff72ca91999063e9cffbf9cb37fa2288a70,,16032,5,1,6,15,,
2026-09-03 03:47:43,705dfe50b17cc04dadc0172e0540c08a09778a3b,,21003,14,25,39,0,,
2026-09-03 03:47:43,24d7cded2a8d599293b3ee4186723c93825fa436,,18025,21,4,25,14,,
2026-09-03 03:47:43,91eded401a2eb2c39a1648e675a7fa62341173ed,,17122,9,9,18,11,,
2026-09-03 03:47:43,c18ac95e08957c362db6713b7cd17bb94e3fd110,,20027,3,0,3,12,,
2026-09-03 03:47:43,8ac9cf68b0a231e9da9fc068e52c6fdbedb942a0,,14122,1,2,3,16,,
2026-09-03 03:47:43,012c7ceb90009bfe9ee9e0eb4cd3f76353fcb4fb,,8051,2,1,3,12,,
2026-09-03 03:47:43,dfa6296729bd43c4b825aaaf7c41e335b9bd2ba4,,31007,4,6,10,36,,
2026-09-03 03:47:43,3451b576f090fc251a66d8ffa83eb9502dfe8775,,17047,1,0,1,25,,
2026-09-03 03:47:43,e68e9b641ac75b26ac1ca492edd1ecfddc6c174e,,18109,5,5,10,37,,
2026-09-03 03:47:43,2a9df6cb94eca0fc8ee0a6ddc1e6824331893f21,,19038,4,0,4,16,,
2026-09-03 03:47:43,561d6e644179b40fe8661e0f9eab548840d1724f,,35017,6,1,7,10,,
2026-09-03 03:47:43,91015c992176780a293c646adf80f45619d057da,,20118,2,3,5,19,,
2026-09-03 03:47:43,390c81667a83f2707cddc0db267982ceb9176dea,,17011,1,27,28,25,,
2026-09-03 03:47:43,2c95e60a9c64c45f49cb51f41ae84c885acb4cb0,,18049,3,2,5,48,,
2026-09-03 03:47:43,b33f9947f1f7312b67c7948ba63d03904601ebee,,10020,0,6,6,5,,
2026-09-03 03:47:43,78944a6058d07043ebff3083a06afc3a81a51bd6,,34010,13,2,15,32,,
2026-09-03 03:47:43,19897ea9e71928446f1e2e0b60423ce3df7d60ff,,35003,15,9,24,1,,
2026-09-03 03:47:43,ca931006ed99198497ff75a019024e496819b3f8,,21014,1,16,17,4,,
2026-09-03 03:47:43,40496f7743267ac1ca8e3adbc2c38ef962c024d7,,47005,19,16,35,1,,
2026-09-03 03:47:43,6c1929026b6470050bcf5dcf02e435ac0d84a130,,1120,0,1,1,24,,
2026-09-03 03:47:43,532cb3e40ea775061f8827f4ecef1172594a9ba6,,47004,14,5,19,1,,
2026-09-03 03:47:43,c1b428b8bf461b90dd1fb2859600d2bf7cd12a2a,,21001,6,6,12,14,,
2026-09-03 03:47:43,c4819b63ab31a7b1f39cfad532bef328bfc00f35,,11010,9,14,23,18,,
2026-09-03 03:47:43,61081aa6566ecb3b80b1dc5b6d03b3b80331b733,,15002,2,1,3,14,,
2026-09-03 03:47:43,36f290a43a2092a25814d622999f418d0b0b15c2,,21310,2,20,22,1,,
2026-09-03 03:47:43,d172e1734ab7eac2fd3a1e13df33862ae0c7f643,,32015,15,17,32,7,,
2026-09-03 03:47:43,9d2227a7f84a3ee628911aa44c46702c7793b9d0,,9014,0,2,2,31,,
2026-09-03 03:47:43,79826ebe99387c7ceefb1b16cf35ae34585e82e2,,16043,7,1,8,7,,
2026-09-03 03:47:43,cc5fee86a7ca58793683b91b84ac700bf856626b,,16027,3,1,4,56,,
2026-09-03 03:47:43,79f26ef27e2c62b554dc2ef456c67ec5a95fc836,,8019,2,0,2,24,,
2026-09-03 03:47:43,deb34eed7e534d53d1efb1496bb39c1dc713f90a,,7008,1,0,1,15,,
2026-09-03 03:47:43,8a6f67a46d2849094d01af96219fcec4bc1acdf7,,42703,5,0,5,40,,
2026-09-03 03:47:43,58e1f8900260faa3a9b2a0138493738aef09c217,,14030,8,0,8,24,,
2026-09-03 03:47:43,1a6c0060b5246884676888466c05222c3e849adb,,20201,5,5,10,9,,
2026-09-03 03:47:43,6df231a37559ad93a9f2e54ea3fe0cefcdba9c27,,13046,4,40,44,0,,
2026-09-03 03:47:43,126b4e6feaeb2a6be6b664d1ed2109b09cae93c9,,7020,2,34,36,0,,
2026-09-03 03:47:43,75ca1ca61c50a37945ffda059d49d7ca829b4cd3,,45502,0,0,0,18,,
2026-09-03 03:47:43,73af69fed9107faa999593ca2b98753a211e073d,,9101,1,0,1,18,,
2026-09-03 03:47:43,ec1005b4bd34959498a4e98b853b669f3d08c650,,18017,6,23,29,14,,
2026-09-03 03:47:43,65ceb7b9c868f3776a69eebd0932897d90b5ec7a,,19041,5,0,5,37,,
2026-09-03 03:47:43,7c683535c8a8c4d91f1b619ae8d639be68df25b7,,11043,1,18,19,2,,
2026-09-03 03:47:43,23bbe8aeb5e01badd4dff4bf798db8fd9d1e4bb5,,1117,0,0,0,24,,
2026-09-03 03:47:43,76007d9125bedcf76511d2720af86c66153eaa6b,,10036,9,1,10,16,,
2026-09-03 03:47:43,b9155604d3d1203853fcb8002260adfd2870b6ba,,15059,1,14,15,50,,
2026-09-03 03:47:43,b9c4cd9a601505939c1a41f13690b9e8d7862599,,11102,10,28,38,34,,
2026-09-03 03:47:43,1d3619d666756124e486a243b90e313ab9fd9f12,,31704,8,0,8,20,,
2026-09-03 03:47:43,f9b990e30b55703435213e716059049fcee7ef1c,,32603,3,0,3,29,,
2026-09-03 03:47:43,7e8138f4699062c6264b9e47d202f19ce1e0828f,,17201,0,0,0,48,,
2026-09-03 03:47:43,f681be910d57ab423ddd379f41fd1fcd626053b8,,23903,17,10,27,2,,
2026-09-03 03:47:43,b9130e30d18e5776408d58dec8fcffd57ae36c74,,4013,1,8,9,17,,
2026-09-03 03:47:43,42b311f0d9b59d266af7ca3b18561c5613d8c424,,9118,2,1,3,32,,
2026-09-03 03:47:43,8da4005e311cf7b5c332ef72e74a344a3af79c25,,6027,2,2,4,26,,
2026-09-03 03:47:43,085ded7206df6466b39a38b010772093ed1a9f9f,,2001,2,16,18,11,,
2026-09-03 03:47:43,c06b007eee43cb123e63cf1e065a6467662656bf,,19023,14,0,14,12,,
2026-09-03 03:47:43,dd2248c36a5207d84f7e0b0d262dcd219eaa8360,,20019,2,0,2,29,,
2026-09-03 03:47:43,e967350f45e1e923a81e956f590b05acf9eb89b9,,7101,0,5,5,43,,
2026-09-03 03:47:43,e8b9e162dff1015f07978e080193fe1ae7c55d3e,,17116,3,7,10,15,,
2026-09-03 03:47:43,66490ac6d2ea4b41ce103587e1a94beaf2e7edb6,,18208,3,0,3,13,,
2026-09-03 03:47:43,82dc304d48f09b30cb41c1ac41be32be00622de2,,13041,2,0,2,48,,
2026-09-03 03:47:43,5056528c1910739585a2ff51c76d74e03ecaf0f7,,7016,1,36,37,19,,
2026-09-03 03:47:43,9769820b457a8aac844bd049537bdc6247888c98,,4011,2,0,2,34,,
2026-09-03 03:47:43,d02dba2a3df11172806b5c2a2bb57dc63ceccf45,,12041,7,3,10,49,,
2026-09-03 03:47:43,46a7f747cd26f2dc3b56594ff9d3340c07890681,,14006,3,2,5,18,,
2026-09-03 03:47:43,17eaa2bdda6533b8bec2717f3460f9aa8e48f34e,,21311,1,45,46,7,,
2026-09-03 03:47:43,6da746b5f07d33349da9bf77e187cb708a35a203,,10207,3,1,4,19,,
2026-09-03 03:47:43,55f51fb4449fd4d4ad6b089bcd92cad04a385616,,21114,12,14,26,3,,
2026-09-03 03:47:43,66b7d0bef6116528ad3b795887dcd27c9fd9ec0d,,32018,7,7,14,11,,
2026-09-03 03:47:43,fdafc0900c5416186eae0ffd74671582ec8a89bc,,20202,16,2,18,13,,
2026-09-03 03:47:43,2d76dd4ddd18c7075bf92de5e92d2ed5d6cb0051,,41206,8,2,10,23,,
2026-09-03 03:47:43,56cc934cc88ce8d6a5792259b0bc7a3c49b8df66,,31018,13,5,18,14,,
2026-09-03 03:47:43,2a6c10599ab186ca5b9d12750cf0ddb4b11aabb9,,7026,0,0,0,25,,
2026-09-03 03:47:43,a6eedc4671f2cb917869fae47eee4e047d45dd15,,17045,2,2,4,39,,
2026-09-03 03:47:43,f94ab305bdd5a80aade6603eb5630d3c417e6ebe,,14007,4,6,10,24,,
2026-09-03 03:47:43,5484e2d33233a29dd3eb967514b529215c24efce,,10164,10,5,15,18,,
2026-09-03 03:47:43,b79647ff587da41ec31527a1eb6f1258d5fe2754,,11107,0,34,34,8,,
2026-09-03 03:47:43,bafbfeb1586eeafb8b13b48d86426bd1df35acc5,,9113,1,18,19,11,,
2026-09-03 03:47:43,0f8c290a96323416e746ea3efff9f35f78324571,,2014,1,0,1,31,,
2026-09-03 03:47:43,310004691e0538ba984c957d81235cb08fc658b2,,4109,2,11,13,2,,
2026-09-03 03:47:43,88031875c64dd33db6d7dbba7cd6c2a5450bb8a8,,8029,1,0,1,56,,
2026-09-03 03:47:43,7fe62bf482724f8b76e381e9497cd56cc485fb48,,12154,6,14,20,18,,
2026-09-03 03:47:43,efebd8fc95be8badd2530f2d413380b941bf2805,,22017,1,0,1,25,,
2026-09-03 03:47:43,eba9d98f92f48183184895d7a499d2a0ec605d19,,19021,7,0,7,20,,
2026-09-03 03:47:43,068eee9015f1458f2379d06072e23de071c4a9de,,8049,0,0,0,22,,
2026-09-03 03:47:43,0d3c86e9a37a3054f41f3632291128cd8e7c8401,,19030,10,10,20,7,,
2026-09-03 03:47:43,7f22bd5ead59e05fd124ec2ce9701b3b1d422af2,,21004,2,13,15,15,,
2026-09-03 03:47:43,fad58bd4b49dea0ec5640bd205f98e77a26623f0,,35008,7,1,8,21,,
2026-09-03 03:47:43,a718d9ad6e712cb6ea21f11c019417c9a8de3399,,13022,6,0,6,28,,
2026-09-03 03:47:43,f69427d4f83dbf06e9bf22a3d6f7f1fc81dd999d,,20045,2,2,4,26,,
2026-09-03 03:47:43,3339f7abbbda2fa2f71462f0c033c63d3ee5ad20,,13019,2,14,16,20,,
2026-09-03 03:47:43,1b66abdaba1e8e0c6dd4fd6ee9ad676aa751d683,,11044,2,14,16,4,,
2026-09-03 03:47:43,969d954cd5ece91cec0ee8d13b7e20d0aaf2e2fa,,9015,0,5,5,24,,
2026-09-03 03:47:43,e885aed295c2b1f1637579be840d1e07d8bfd7ab,,17005,8,20,28,24,,
2026-09-03 03:47:43,c06fdf884a944bdfb9c1972d8d0e9dd7e8f47d72,,12033,0,15,15,51,,
2026-09-03 03:47:43,04044cde2df59961fa1b086c67480fe31aec8360,,18142,6,8,14,15,,
2026-09-03 03:47:43,f0eade1760e42dbb94a9bff96d0ce3b135e27ded,,12120,4,1,5,42,,
2026-09-03 03:47:43,eb58ceaea79e608bf58c169ae215877a62bf4ea1,,13110,5,6,11,11,,
2026-09-03 03:47:43,902da32328add9e2a6f9498be3e8b80385460b49,,23005,3,4,7,18,,
2026-09-03 03:47:43,8a56fc9ebb3635d9f0696aa22ee8c448914b6756,,21120,10,11,21,9,,
2026-09-03 03:47:43,604851f0981590e7e45ec0bd8e369cf1b8d4d7fa,,44103,3,15,18,0,,
2026-09-03 03:47:43,5f492be558473c200a8d988a8aebc8d61fe41c2b,,4107,1,14,15,2,,
2026-09-03 03:47:43,07c0b362f4ef7a579865380de1c1166f92afae12,,22403,8,4,12,13,,
2026-09-03 03:47:43,393c2d928125272b1635896ef5f9644ecc015af1,,9013,0,1,1,22,,
2026-09-03 03:47:43,09fa7046c5026dec3fef0e818461ea348f8d90ec,,18114,9,0,9,14,,
2026-09-03 03:47:43,e5ce429a27afc4af26e2411414dc0a3cebbd8e0e,,14127,3,0,3,35,,
2026-09-03 03:47:43,d8e303efc2f724739e47df6f9cfcca2c1bab89ef,,21017,2,41,43,13,,
2026-09-03 03:47:43,059812af20621717fe86600c36ab5e9af0d1a7f6,,2201,1,2,3,27,,
2026-09-03 03:47:43,7422cdac4989c965869d93b4eb0edef3fb4c0655,,92005,22,10,32,10,,
2026-09-03 03:47:43,e432ea2f158d5e38c2bafdd37215f773626b9a88,,22103,4,4,8,16,,
2026-09-03 03:47:43,101fa6a7203134d772d0bd6e3c8a3ec40a049353,,19113,6,0,6,22,,
2026-09-03 03:47:43,8479701072ce1d47c070da4964349ff306a7f8dc,,14128,4,5,9,20,,
2026-09-03 03:47:43,59b5690c3f0fbf2e89fda3b50a7ddfb26809b123,,31101,8,6,14,4,,
2026-09-03 03:47:43,b407fad475faa63479693b8e60c196d581112666,,31707,3,3,6,43,,
2026-09-03 03:47:43,5ad6f992989a3436749c40c6634143ecfe912ff7,,8011,0,0,0,14,,
2026-09-03 03:47:43,b5b9c83d7378e2b4125918d55ea57fa44c81092e,,13020,0,6,6,37,,
2026-09-03 03:47:43,d6bbeafe217fc5a3d6c526dc205fc017baa6c40e,,19124,14,2,16,15,,
2026-09-03 03:47:43,da37260e09da8543c7e1b3552b531c7d16fbb802,,14113,2,7,9,29,,
2026-09-03 03:47:43,5fee4146afc7493a9fd93fe376b7afc3aeb51d71,,43203,1,1,2,15,,
2026-09-03 03:47:43,232e5a3aaf5977d8b9ed433f031aaf958f696e26,,32021,8,2,10,55,,
2026-09-03 03:47:43,91ae6f1fae02468b07159f6d52fee456e66692b0,,20203,3,0,3,18,,
2026-09-03 03:47:43,1fb9a7ccfc4fd761c4192a0f12af5a32a803347b,,7024,9,21,30,1,,
2026-09-03 03:47:43,3772c9f04fb1d9e03fda2792029a7ba08a5d659d,,11031,8,28,36,2,,
2026-09-03 03:47:43,0031bc1d6748a45c3f706de509d0a3a1a931fd8f,,12125,12,10,22,25,,
2026-09-03 03:47:43,251a8fe7f27035cf00ea033ae7abc0e39a4ed5e4,,15131,2,45,47,0,,
2026-09-03 03:47:43,0897bdeb84c3eb0fc40ce00de8dd48eb0322d994,,9036,1,3,4,16,,
2026-09-03 03:47:43,4b4e644da6435f3ad3e83b85b4dcb3eef15aabeb,,15125,0,2,2,48,,
2026-09-03 03:47:43,d3cc87b0ea1c6dc0e26352dfc037f4eca9850f49,,13117,2,0,2,38,,
2026-09-03 03:47:43,b39160d22b0015da7e14207f82bcba981ea2403e,,17029,3,4,7,30,,
2026-09-03 03:47:43,42ba3a7737e9c306b8f49ce5fb78fc581e77ddb4,,5034,2,34,36,32,,
2026-09-03 03:47:43,7eed74b7c033330dd674d766d0f089f2901a65a1,,21029,2,4,6,21,,
2026-09-03 03:47:43,39edaa3f204263edb3e91ae12d7e45d226058d2f,,19025,3,0,3,18,,
2026-09-03 03:47:43,f07882c47f8662f4f80fc9408c687f41acdc4194,,19208,0,0,0,16,,
2026-09-03 03:47:43,6aec56c2343f346b3d07d47a315da508e535481b,,16007,1,2,3,36,,
2026-09-03 03:47:43,99bb170634cbc5399251fba2c4072fa6bb43b01b,,22013,5,4,9,21,,
2026-09-03 03:47:43,a85998f6a1829d4b8adfffb0c8d7ccad19cf1731,,10110,3,1,4,26,,
2026-09-03 03:47:43,c81695de42ea9809963f996dcdd10be68f5f5d87,,20002,7,1,8,37,,
2026-09-03 03:47:43,a6e75a70ec5b64b65ae8f42b1c79086c938fe492,,20039,20,6,26,24,,
2026-09-03 03:47:43,238f514240f88c5ddff3b629654359eadc54b25b,,21708,0,3,3,27,,
2026-09-03 03:47:43,4520fc17f947ceaf9b2c460cc2cfc13f438b9c72,,21307,9,22,31,0,,
2026-09-03 03:47:43,915a1db3682d7f2405a27bf128e9033f41611b54,,41210,4,0,4,16,,
2026-09-03 03:47:43,f66a95e5c54c6cd2cd3535adfe85b00eb65cf1b6,,44002,11,9,20,3,,
2026-09-03 03:47:43,fbd413e0917900bdc458c057744de128d06507c1,,16115,3,4,7,35,,
2026-09-03 03:47:43,ad57dcec93325b9e695433cd92d144c8f2a9f836,,21030,4,2,6,13,,
2026-09-03 03:47:43,3d00e034794c7a836ccd831ff56123f8c3c729c3,,21031,0,39,39,0,,
2026-09-03 03:47:43,3b2a39a28d900445ceb5acdcb2fe927da829c52e,,16024,2,6,8,14,,
2026-09-03 03:47:43,79ee42d8af4ebcc7c394cd67d1769608be239824,,15043,4,3,7,4,,
2026-09-03 03:47:43,269c8a11ad26112a1b14f7ccb3fd455c2311ae9d,,21955,3,12,15,11,,
2026-09-03 03:47:43,184d11e3e294ebb1a3807ba3ec66115c4f59f318,,16101,0,0,0,27,,
2026-09-03 03:47:43,49dd13652bd3b56388a21f3daebab5f94c2f44b2,,8001,4,2,6,39,,
2026-09-03 03:47:43,79c5c39a2828b962de404431738b4941f44ab536,,13121,3,38,41,5,,
2026-09-03 03:47:43,f21bd90ca2e9bdbc21345b550f04fecec49920be,,10012,2,14,16,8,,
2026-09-03 03:47:43,366f261966eee00ea34cb05b8d622b06afd5019f,,13048,10,14,24,3,,
2026-09-03 03:47:43,29b53dd1661608e6b8faef658d02a71cd4f44603,,10018,0,5,5,24,,
2026-09-03 03:47:43,b3cffa01d2306ab79f89811221c500470f626adc,,32301,3,0,3,13,,
2026-09-03 03:47:43,bed6c5328474fda13266833a6cd66d2608a707b4,,20108,11,1,12,10,,
2026-09-03 03:47:43,2a62cac581461e4254c098dd0fceabb788b1cdbe,,21219,4,4,8,28,,
2026-09-03 03:47:43,8d5801b2b899fd1810bcb1a6e36547ccdd267333,,15072,1,10,11,20,,
2026-09-03 03:47:43,6ce20e3139724efbbef50bbcc507f6228edbda28,,5014,2,3,5,22,,
2026-09-03 03:47:43,41a9e830b354b12ccd4706988808d854029a6a28,,20122,4,1,5,18,,
2026-09-03 03:47:43,39064f60ea6a016c38e19d13a8e7dc150792e4cb,,17015,5,9,14,30,,
2026-09-03 03:47:43,16841d66949f48f8fb264ab8ed3b777338a13e1b,,40009,16,1,17,13,,
2026-09-03 03:47:43,86e205a255555953e2b49d7ae6277e576a2cbaaa,,12043,2,36,38,1,,
2026-09-03 03:47:43,5c403b13307ed0cef87268acb7268af7c63eeefd,,23003,5,1,6,22,,
2026-09-03 03:47:43,8c2fd0b5833ffde697f76ba407cbaab628f0deed,,19108,2,0,2,35,,
2026-09-03 03:47:43,a258bf14a6e694aa28f7ee4ffebd866b98a57f3f,,4002,1,1,2,21,,
2026-09-03 03:47:43,9a8c88b88fbae83842461eac1525ee9fd4035ec8,,10105,1,8,9,16,,
2026-09-03 03:47:43,d6354843f7f8dbde37b8805116683fb9bcd43cca,,42501,7,21,28,0,,
2026-09-03 03:47:43,6d4dd4d316f280dda9d168fdef9b43334ccbd50b,,13109,6,12,18,2,,
2026-09-03 03:47:43,27c5137a3289e628b5b997979b5f8be1ac8ad1e5,,21204,9,15,24,7,,
2026-09-03 03:47:43,e365c78cdb845ded393412a0f9eec0d9749722db,,42209,6,11,17,0,,
2026-09-03 03:47:43,524b6507ea76c8534bf3a323aaaf6c4a3d3d07a9,,21217,1,1,2,22,,
2026-09-03 03:47:43,ac80d6864dfc4b149cfc65456f988b8c9256a0c2,,15030,2,48,50,19,,
2026-09-03 03:47:43,b1948b5a47856c9933a6a4dd09ad5ace301ec54b,,16011,1,3,4,37,,
2026-09-03 03:47:43,30cb271e74f332cb9bdf5f5bcc421279f5a2414e,,47001,5,41,46,0,,
2026-09-03 03:47:43,a50b3b021753f484f0853c56452d813e830839ae,,15064,0,12,12,30,,
2026-09-03 03:47:43,ad3079b2fec15d9da855f1d907528d9792005bce,,14010,2,3,5,34,,
2026-09-03 03:47:43,500769605f8488777744f6d39bab63062996ff0e,,43001,5,3,8,14,,
2026-09-03 03:47:43,0c7c27a41275374ce4856258d103586388a7999d,,13128,0,16,16,14,,
2026-09-03 03:47:43,2da81529cdf2ab23fd2596eebb55bb1559043786,,40005,5,13,18,8,,
2026-09-03 03:47:43,f66e6c206f30980ca4019144a9ffb4fea98d0dcf,,92001,8,0,8,12,,
2026-09-03 03:47:43,490185622ec65a6fcc85b1ec9fde0b84b269257e,,17107,2,5,7,29,,
2026-09-03 03:47:43,b84fc8419ba97b60dcce6b6f72274605e3e6661a,,15004,3,1,4,17,,
2026-09-03 03:47:43,d25f5ec17abf21b8816643f98327fb64764335e2,,23010,8,4,12,14,,
2026-09-03 03:47:43,f1816bb1eeeeb7510663d1424122bc47bf56a0aa,,18006,14,1,15,21,,
2026-09-03 03:47:43,abdc5f6566a5cffc0c02720dc3a8efa945aa1df0,,21401,9,0,9,24,,
2026-09-03 03:47:43,f7fee2a9c48a5b3b1407660ccaa6c34fa24fc4a3,,17108,3,16,19,13,,
2026-09-03 03:47:43,84edc489741093362de6eca084bb33a4d82de429,,8037,1,0,1,37,,
2026-09-03 03:47:43,8354e4f6f8d9211b59b197b13986c3ece1691097,,15022,3,34,37,4,,
2026-09-03 03:47:43,24f2f2f7748371780cb6894d2c2a558845d28af1,,23004,3,15,18,17,,
2026-09-03 03:47:43,5f38de1c2faa3e7147331b09995a741ff17f6389,,5012,1,0,1,15,,
2026-09-03 03:47:43,2a9e37f8ddea8bae7432fc80820ea9d9c1a5692e,,21306,2,2,4,58,,
2026-09-03 03:47:43,bf2b1631757744b4d2de613bbb884b0f729877f5,,9027,1,1,2,23,,
2026-09-03 03:47:43,acce89c56c204267399f32b32a05328e43e7e001,,33015,15,6,21,9,,
2026-09-03 03:47:43,987c8196f42a87418e66495fa59bfcace019f172,,35006,0,0,0,21,,
2026-09-03 03:47:43,5f3a50ef2f33a24e251695d548f625f8671cf996,,12018,5,9,14,20,,
2026-09-03 03:47:43,ed56f7a0d24f7b33ab53cb7ee58f7750070aa366,,15011,5,25,30,29,,
2026-09-03 03:47:43,07276d459d6532f3606d14ee950852c8396dc1d5,,9004,1,0,1,19,,
2026-09-03 03:47:43,4e40c36450dc309f255f0803c6c8d46cb460626a,,32601,5,0,5,33,,
2026-09-03 03:47:43,3b89d232110108fd04fc773f7a063c62049c2276,,15071,0,19,19,4,,
2026-09-03 03:47:43,0be12d96a9608cfe422cfde9197003de0147eac6,,12026,1,25,26,25,,
2026-09-03 03:47:43,085fff3533922fe4d105bd9cee8bddbb5f252f2c,,10162,2,1,3,19,,
2026-09-03 03:47:43,98f1c6b22e5b1b9bf8fb7392acdccbae1b26e67a,,6012,1,3,4,13,,
2026-09-03 03:47:43,d160ec495d11119cbb5b579c778b874484c0a836,,13009,5,4,9,17,,
2026-09-03 03:47:43,7b9448b62b3711c32619727bafd3f95c2de0fdb8,,44016,17,10,27,1,,
2026-09-03 03:47:43,3120de4d264ea53388ad5e97ffde892715113db1,,15311,0,2,2,28,,
2026-09-03 03:47:43,8a798da79720bf4b66212ad159693a93e86969cf,,9024,1,1,2,49,,
2026-09-03 03:47:43,a63813f5cc911bd625b8f33cb31a16680caed0b4,,17111,5,5,10,14,,
2026-09-03 03:47:43,5f9df64f7d519e3858613d99265e1c450afa054a,,9102,1,1,2,23,,
2026-09-03 03:47:43,c0b8ee9ca2b5a93341ac9bf91c65b89f1d2e0948,,18030,10,2,12,23,,
2026-09-03 03:47:43,3e74535f2c962bf446d4cee705f6dd8548982db7,,92006,1,0,1,29,,
2026-09-03 03:47:43,97848d4442033447ebba575891d4e478dd51df96,,12005,6,27,33,9,,
2026-09-03 03:47:43,b2b14196845d22148b1801f646d98b694330c43c,,12155,6,30,36,7,,
2026-09-03 03:47:43,970d2946d385ab73a701783e941876c3fb893c56,,9011,1,2,3,17,,
2026-09-03 03:47:43,dfe1bb96a6d0c5027cb04fdbea17a0b26c8e2f24,,45504,7,4,11,19,,
2026-09-03 03:47:43,64688934ac58916ed7a955b6f8a51ca359cc1fe6,,5115,1,29,30,0,,
2026-09-03 03:47:43,9b2477a81e935b7e507adaae2b5146e2c7aff62b,,41211,16,0,16,18,,
2026-09-03 03:47:43,e53d2ccca1ee34ea860236e9a62ec8bf6d094cb7,,8116,0,0,0,25,,
2026-09-03 03:47:43,16265448b1db9720b570cebb1f5943a5d335819c,,12101,1,23,24,1,,
2026-09-03 03:47:43,11b7c2eae569ddd39fbe66fd03d84fda28b91d40,,21707,6,0,6,19,,
2026-09-03 03:47:43,afa5e5320138de96f0d782896c7c8cecd5079551,,9034,1,0,1,35,,
2026-09-03 03:47:43,cdf52621a03e30d6a530aac172c757f6cb10d79d,,5001,2,28,30,13,,
2026-09-03 03:47:43,a4e1535b85046f2d907d5e00a5f7d0e3a6f75208,,15129,2,2,4,32,,
2026-09-03 03:47:43,650862c67b72ac0ee529d05dafa234b239807219,,3102,1,54,55,4,,
2026-09-03 03:47:43,c9c0fd5aa0adabeb9f193187ea7b0f846d69784b,,51001,18,6,24,15,,
2026-09-03 03:47:43,ceae55ee2d45848227a070378a30149d0012d8a6,,13206,8,26,34,14,,
2026-09-03 03:47:43,775fcce2560a29da44ff9558f76787c4ce82996c,,21315,7,10,17,7,,
2026-09-03 03:47:43,426e1cbd1f13d58e7d954c0a41a81ad3b3cfef44,,6022,2,5,7,13,,
2026-09-03 03:47:43,8ef97e0ff0925ef9a705942691c53ed85eeb052b,,15006,3,1,4,34,,
2026-09-03 03:47:43,c9d53b709fa6b594d49c55270f8e6bbc9dc0de7c,,21402,4,0,4,22,,
2026-09-03 03:47:43,3075cf2f6bf6c39d27ae533bf8ac08468504ebef,,13052,0,8,8,34,,
2026-09-03 03:47:43,f58efa249add8f8da3ff13683881396050eea96d,,9007,1,3,4,16,,
2026-09-03 03:47:43,da8b0eead02e3f0c199ec865c728f8ca11f972c1,,15127,0,29,29,8,,
2026-09-03 03:47:43,a0b24d947de6e0a2c01454e16d35c3eb93958bc6,,41401,16,10,26,1,,
2026-09-03 03:47:43,a14dfc75df02889506d0e01606baaf345c52edb3,,14031,15,15,30,8,,
2026-09-03 03:47:43,0acb0b5be9daf9be43fb7385e470bead24c5e81c,,20044,2,4,6,22,,
2026-09-03 03:47:43,c3d6efa8347cfae64cb47406e2619253a71870b9,,16019,0,1,1,35,,
2026-09-03 03:47:43,c85acd13283495d178bc91002ba87a986b668800,,10019,0,4,4,25,,
2026-09-03 03:47:43,a8180684a1aadec41f2cf00b8d7a0e9d2ba38e71,,11033,1,11,12,19,,
2026-09-03 03:47:43,449da6593dcbbd2e6f1b0c0c475d924e141df4b2,,41203,29,2,31,20,,
2026-09-03 03:47:43,5eba1d01f5d02858dd1290a62bbb4e866d7fe5e8,,43201,14,1,15,7,,
2026-09-03 03:47:43,a953a1e625736b2b2e5697d8dd3fad4c520a7792,,18039,2,7,9,11,,
2026-09-03 03:47:43,e8ce02123100c53e8d0ebbe75c4c4f91e37e2306,,40006,6,4,10,31,,
2026-09-03 03:47:43,f09187ca17a92f395fd2979e224172fd1a10b7bf,,20022,4,0,4,29,,
2026-09-03 03:47:43,e7f7c8e4bbc5021ce121d65835427f885bd38845,,10008,1,14,15,1,,
2026-09-03 03:47:43,311114de82a69ee480506923ee943c75da1cf395,,14001,2,0,2,24,,
2026-09-03 03:47:43,ab132b6c995c34fa055a70156d1f53118c620ac7,,26004,6,2,8,14,,
2026-09-03 03:47:43,2c1c235d49e475875d900a7c8916659c1881c954,,18139,4,4,8,19,,
2026-09-03 03:47:43,b4df74f570be0743049727a60550ea414503fa48,,1006,0,3,3,23,,
2026-09-03 03:47:43,c9a537994dabbb42f2d785ce2ac2d1f7eb89f4a6,,22201,15,2,17,12,,
2026-09-03 03:47:43,f1bfa92da0957bf70332f8495b0ea77f87d32b48,,8117,2,0,2,40,,
2026-09-03 03:47:43,1df0e98c6bd4f999fad0c84dc76ae04abed70f8b,,13202,1,0,1,27,,
2026-09-03 03:47:43,8ecfc241023a3a3668bff4c2034a6c23a4782c86,,16036,4,18,22,36,,
2026-09-03 03:47:43,179d4ac2833c78760b8a00ed40413f6e6e492590,,18202,5,2,7,31,,
2026-09-03 03:47:43,5ce51f041b41d2706c0b80329888124b7ef5211f,,44014,7,1,8,17,,
2026-09-03 03:47:43,3f01403cd50770d673276898318f6e2c40a2f3ef,,12037,3,11,14,22,,
2026-09-03 03:47:43,d634d85c6c3e4ced0c167cfd26a92a557eb9bb9f,,1007,0,1,1,15,,
2026-09-03 03:47:43,685c3110344aea0b125768128eb0825033199cde,,16013,0,0,0,35,,
2026-09-03 03:47:43,094e57a7b99df46c7ed5cd6af8fcb43031c33df3,,7012,1,5,6,18,,
2026-09-03 03:47:43,265038552b3a1e225dcd9a2e7dcd95c1e5828b1f,,20024,11,2,13,16,,
2026-09-03 03:47:43,d65f0fa5330373579ac868ac30211c742e095973,,3010,3,11,14,2,,
2026-09-03 03:47:43,69b03e5645d49ecffbbc3e4bc5565386e2ea0795,,9009,0,5,5,16,,
2026-09-03 03:47:43,60a0bf5bc8f6261dc3b9e2884fe1f3124d31b830,,6104,0,0,0,55,,
2026-09-03 03:47:43,01f49c73bf33a979b7a95c001e350a7674fa2167,,16102,0,2,2,25,,
2026-09-03 03:47:43,23dc27fd0aafb1cda296dfa7ed5648a44b7a4737,,20034,3,0,3,21,,
2026-09-03 03:47:43,ab632eaffb7d89a0e4739f0dc45da20593fa2875,,8110,0,1,1,31,,
2026-09-03 03:47:43,aa92ad4a8008d8f5a724b444cbb6b465feddf89d,,17019,0,3,3,16,,
2026-09-03 03:47:43,504e4a04829a4977c6745187a536bd07303adea7,,19010,14,7,21,0,,
2026-09-03 03:47:43,d11683cfb4763d32ab04c344bd9ee88482714729,,22301,13,8,21,0,,
2026-09-03 03:47:43,472dcd410740e1acca48a7102d76299f9f02d08e,,15132,5,14,19,1,,
2026-09-03 03:47:43,02c08f4a0bf06231fae6eba529e31947568c33aa,,41405,15,7,22,1,,
2026-09-03 03:47:43,c6d9af005025b811d5ac12121cbdd7eff076769e,,20006,5,4,9,3,,
2026-09-03 03:47:43,c96f841001251f8a083f695629a13918cc58c019,,21953,3,0,3,17,,
2026-09-03 03:47:43,48b3599e42ad02b39820106581b44d71259f46b0,,14019,3,3,6,16,,
2026-09-03 03:47:43,9a3a0b93409177a58db70b0a1e8dddd41cb9880c,,10027,4,3,7,12,,
2026-09-03 03:47:43,d257737c6ab35d382f0daf64c0226a3825b81c86,,22401,0,3,3,30,,
2026-09-03 03:47:43,c93450b11cf686a02eb468167a5249129ada11b8,,12002,2,3,5,11,,
2026-09-03 03:47:43,03a7ed55f364222c39bf996b4b320cd400fde8ca,,21506,10,5,15,7,,
2026-09-03 03:47:43,bec704c1a3eb68ee9a18564247461323bca46030,,14103,5,0,5,21,,
2026-09-03 03:47:43,0ff6ad0b3b6d47ef9cb621555d1c1fd192dde59b,,21026,8,16,24,6,,
2026-09-03 03:47:43,e80b44fc5b1ecbf087d1b8c1c91a0c780a461bf6,,13209,1,0,1,23,,
2026-09-03 03:47:43,06ac831812e96e89a0c790384bfcd5b8d788533a,,20029,19,0,19,4,,
2026-09-03 03:47:43,c7a4a11287d6976533a39b1c4cd6fc1306532ab2,,22503,8,10,18,1,,
2026-09-03 03:47:43,e27aea5a5f3b440a261d9ccf524f22a93e34d387,,15111,14,11,25,0,,
2026-09-03 03:47:43,70ab35b943784a6424264d8d29c671bc4e8f6273,,21110,0,0,0,35,,
2026-09-03 03:47:43,2ab96ff09c8fb4fde90b0a126f5bafd069b74203,,14132,9,7,16,13,,
2026-09-03 03:47:43,7417eb2aefa4b1febe3cc242fa640b7b0633981d,,2002,1,16,17,11,,
2026-09-03 03:47:43,80d631cb284e47de3c5ab2984609e36bd47f8fec,,31001,2,4,6,21,,
2026-09-03 03:47:43,97275edb613633c7a99cf01ba1404dc1d6af50a6,,21507,0,1,1,19,,
2026-09-03 03:47:43,1ee9a027e09aec4ad970a418b10d241886d6b245,,22306,8,10,18,1,,
2026-09-03 03:47:43,43ac86590c0d29ac3c33b65c526f9f8aa8be651e,,14023,5,3,8,43,,
2026-09-03 03:47:43,67fc2c4a9850baef7b876a7ab7e22cc0b8c9a3d8,,22502,13,6,19,1,,
2026-09-03 03:47:43,97f1c0f7210fa0000c57b762bd5dafc5cbe18aa1,,3012,0,20,20,5,,
2026-09-03 03:47:43,49f9a145af08382e0911132e04d0447a7a619aa1,,20205,8,1,9,13,,
2026-09-03 03:47:43,2917eadb4229dc8feae57938929f1ffe10faa48a,,5122,2,0,2,27,,
2026-09-03 03:47:43,9857661b373be1db56def8cf4f5885a44a87c596,,3005,1,20,21,11,,
2026-09-03 03:47:43,32c508bdf129259267493b367911d4d0fe4f1226,,6031,2,11,13,20,,
2026-09-03 03:47:43,cab7b55fc49e84ef75e413ad7f024b008b749e46,,48005,4,0,4,19,,
2026-09-03 03:47:43,bd4c8a27fc8a527f688183d0a36ba6c5fbac1fc1,,42704,9,3,12,13,,
2026-09-03 03:47:43,12eca88d190b5aab5fc594efe878083079abcd2b,,4017,1,1,2,11,,
2026-09-03 03:47:43,ddb0c7c909fdf221d0d1e71c4c9909770b728b52,,42211,7,9,16,10,,
2026-09-03 03:47:43,fe1fb2023f519ad42de461709e37dafa75929d2e,,12163,1,3,4,38,,
2026-09-03 03:47:43,dc306c0dd4005f62a77e92fcc3df4a66d7b25949,,3002,1,9,10,8,,
2026-09-03 03:47:43,f16c80d6d6fb99905c6c7f702d820f8bf37ea48e,,13054,1,20,21,57,,
2026-09-03 03:47:43,6cb9afc29289a9966a31a3beba0ad63b816eeeba,,1012,0,1,1,21,,
2026-09-03 03:47:43,7f534281d565ed2b81e5ca63c536975df34da22d,,19130,10,1,11,30,,
2026-09-03 03:47:43,cbc5bc6f0673dbab66c179b4c1986d53fd09d945,,35012,5,7,12,13,,
2026-09-03 03:47:43,af648357e75310edbdcd25f8810e6125135d72e0,,21505,6,8,14,10,,
2026-09-03 03:47:43,93c00b833659e4b6d5f87abcd4d83e0d01c27914,,2004,2,2,4,12,,
2026-09-03 03:47:43,281bf2e602c5d47d7b73f34b6dcb6b4e89c24878,,4018,0,24,24,5,,
2026-09-03 03:47:43,49bbf0e88fa9c45416a4ca44bfd598b6ae876d52,,44001,6,20,26,1,,
2026-09-03 03:47:43,a1fd2aee1018e6897e62895422e4f4921caa7e03,,4007,4,17,21,13,,
2026-09-03 03:47:43,f9afae35a6c809f07e79d6744e5ac8387438e628,,10041,2,3,5,13,,
2026-09-03 03:47:43,ac58c4b421755e82b3db2f49107d585b13f465e2,,9039,1,1,2,33,,
2026-09-03 03:47:43,7e2cdb13016d80999aeb7ac04e9da51da5059d18,,1026,0,11,11,19,,
2026-09-03 03:47:43,c35409b6619bc92c6061782e5ea25c304495d911,,18015,16,4,20,21,,
2026-09-03 03:47:43,b16867f2c42f36269c6aca6a89e792890146dff1,,42018,23,1,24,4,,
2026-09-03 03:47:43,8d382fb0025f99f81cfc28691b2f2c07c233ef71,,32024,5,14,19,6,,
2026-09-03 03:47:43,e53df65350409fb90ae9c4b9ba8afb3d7eb665be,,5003,0,1,1,34,,
2026-09-03 03:47:43,6f5fe4c394374aba6db0f8c8cb17f052c925e248,,1017,0,4,4,14,,
2026-09-03 03:47:43,34d26fd6def483272019cb91d96372203b323aff,,23107,1,0,1,19,,
2026-09-03 03:47:43,091757b012c326273e6caa61ba2f1ea6d3bdaa21,,6026,2,28,30,31,,
2026-09-03 03:47:43,db121fd0885146cbefa447a141ededd2a795e57d,,22601,5,4,9,13,,
2026-09-03 03:47:43,136fcc22e858fde0f856a8e62163b85e058d9d84,,1023,3,1,4,27,,
2026-09-03 03:47:43,e964f7bf5b31273ac3a89b4fba51cd2eb3ecf338,,48008,16,1,17,13,,
2026-09-03 03:47:43,18e3bb9cc695cdee04e0dbed050bc9b5a4dbe800,,14201,1,0,1,28,,
2026-09-03 03:47:43,eb535b6aeb58290f00503cc8e3bb277ec47552ce,,17021,16,5,21,13,,
2026-09-03 03:47:43,7e9c2533ff38a2ad190ad6746ddc5c2b2129b406,,21323,4,22,26,4,,
2026-09-03 03:47:43,b301d2b917d80d0cba72b1322ef23c2e1bbf2e7e,,43403,7,10,17,23,,
2026-09-03 03:47:43,694817c9d21246d9a77d70625dd9dc52ca675681,,12203,16,24,40,3,,
2026-09-03 03:47:43,3461a19a7be337393b0246b7a2308af6e4e5030b,,3007,2,20,22,5,,
2026-09-03 03:47:43,c58e4d9b0837ec6101d0fb23d24e219d0474beb4,,31020,3,0,3,32,,
2026-09-03 03:47:43,b1fc72a9b8af448b4a5496f8333961a7ad0a3247,,28005,4,4,8,20,,
2026-09-03 03:47:43,9586006d4135a60c48d458a5334e7f2b9dd1648f,,12166,9,1,10,13,,
2026-09-03 03:47:43,d1f093bdb9f415d43622e0ee3ad454a3d852a5be,,12113,5,20,25,20,,
2026-09-03 03:47:43,5fc7122450a633e1e5d090fdc6ad7cddb1802591,,16201,1,1,2,63,,
2026-09-03 03:47:43,1e1b6a85a5b3c6f2da80447936eca51fc0795aed,,23042,6,13,19,11,,
2026-09-03 03:47:43,acdb452ec3bbcd601ba44339fe94d74654f9dabc,,42019,12,30,42,0,,
2026-09-03 03:47:43,f5adbaac0c80f1683efa97deb12ba409503e9914,,1015,0,1,1,35,,
2026-09-03 03:47:43,82d1a9ce0247ba5bd96f1efedef0f430e171a554,,9019,1,1,2,13,,
2026-09-03 03:47:43,e0a8c8799aa5e18ef7d29ffa2b58553afd9d139e,,44004,10,13,23,3,,
2026-09-03 03:47:43,c0f8a08cd3e052b9edb082e4f37e4a2def01e039,,1024,1,1,2,18,,
2026-09-03 03:47:43,d59340cbd7c5b28e04ae71f634be1fb3e109492a,,19046,1,1,2,30,,
2026-09-03 03:47:43,8ce14038006a076ec61fb2e0b341f0b016c8c3ec,,2102,1,1,2,35,,
2026-09-03 03:47:43,3a433e488d2859837be90190b6ca46a2fd1e357c,,10201,2,6,8,15,,
2026-09-03 03:47:43,050e55a1849265e867e9e717a827a74541115e2d,,23202,12,1,13,14,,
2026-09-03 03:47:43,2d30dfde331a51631cc6570411c53aa8e081fd23,,12016,5,5,10,24,,
2026-09-03 03:47:43,8afa8518c1e1c3531a7a69201ab68ec87a64282d,,42210,6,25,31,1,,
2026-09-03 03:47:43,3d7c2ef1510d72a14c2b0d127c576d4657c5277d,,44008,16,3,19,12,,
2026-09-03 03:47:43,0c85a191f5e54cb94cfe9e8fde212923ed3c0832,,21011,1,15,16,7,,
2026-09-03 03:47:43,ca1b175b37a6f8dab0385e0a4935097ef0b43d6c,,20140,1,0,1,20,,
2026-09-03 03:47:43,d9ca96b61c789d65bb1ae07f5ce593d1e7cd3af7,,48012,4,1,5,21,,
2026-09-03 03:47:43,2d68dbc1075850bcba6963f6e8e8ee61fe11199d,,23303,8,10,18,11,,
2026-09-03 03:47:43,2ae53547b8e5aa41c62b2e704e32f5a0b063ee7c,,42022,6,31,37,0,,
2026-09-03 03:47:43,ac70c8dae100fb9464e45cdec80af98a84aab474,,15018,13,10,23,33,,
2026-09-03 03:47:43,532dc5b3614ed18cfa04764311258440892b5a0a,,26012,3,13,16,2,,
2026-09-03 03:47:43,8a57b1e33c945e6e9929d5ce173c07cb059eb475,,20048,12,3,15,12,,
2026-09-03 03:47:43,ef973d835179ae23567d1874481f2f650072daca,,10166,1,5,6,8,,
2026-09-03 03:47:43,0c1fda130603559a61e0a84bccd5cc772b0de052,,45004,29,7,36,0,,
2026-09-03 03:47:43,011e473eefafff132ef977fbb7b2676f4e2ede71,,6015,1,32,33,21,,
2026-09-03 03:47:43,59c61db8cfd367d50d98003f2dde4fcfe1fc5c7e,,17202,2,2,4,16,,
2026-09-03 03:47:43,727ec21069e75160c1359aa59527f2b0da2f4401,,8202,0,1,1,25,,
2026-09-03 03:47:43,3a56b19eba466cb5fd3783b033b5fb821ed91807,,17020,6,4,10,16,,
2026-09-03 03:47:43,8ddd0ab4496771b19d44c9add005c304295ce635,,23301,2,18,20,7,,
2026-09-03 03:47:43,16c45375929e940d2304e6b8146d9852ab796646,,23206,7,2,9,19,,
2026-09-03 03:47:43,4fc7c208e1db8786a1203686e6d85705a3ce1a77,,32053,0,0,0,200,,
2026-09-03 03:47:43,76b38cf8d16abe61523ae0de13efd75d66cf83f3,,8018,0,2,2,41,,
2026-09-03 03:47:43,9d47fe93839b2951dcee187596c4cec51e290098,,18010,16,20,36,0,,
2026-09-03 03:47:43,78a51151e73dbf25a677b70365d0136698e2555e,,48001,3,0,3,21,,
2026-09-03 03:47:43,6fcd6813938e778ccf252751f284e3cf4c07cf8e,,51008,27,2,29,7,,
2026-09-03 03:47:43,6ee38b81a1486998cb1b2c7a92ddacb947a60096,,18135,3,0,3,21,,
2026-09-03 03:47:43,4a69036550c2e63cf3db434fc90180899f8da936,,24101,2,0,2,22,,
2026-09-03 03:47:43,4edc0bb0a7dc2161ffaf90ab93a217d9cc3c1954,,21329,7,21,28,0,,
2026-09-03 03:47:43,3b96d00c1332b99124ad30c4bcd26fd9568bf38b,,21704,1,26,27,0,,
2026-09-03 03:47:43,f83f4fc31f48944b752d2bee57fbc73808650e92,,19121,3,0,3,32,,
2026-09-03 03:47:43,356f6a9c9f70a7ba79802d7f72c961bc24af7cc1,,25007,6,0,6,18,,
2026-09-03 03:47:43,a76b791307cf63e498511752d0824cb20f0d7783,,12123,0,0,0,50,,
2026-09-03 03:47:43,9cdf00004196d6b553a0bb565cdd63516a64b593,,21002,7,12,19,1,,
2026-09-03 03:47:43,de5bc71ef8c07dfbc303d5b62ac5252209b754e0,,13024,6,13,19,13,,
2026-09-03 03:47:43,5d48f531863a3962578cc24b93a7b27f4b8cabba,,23041,9,9,18,7,,
2026-09-03 03:47:43,f7c42bf926858600e5feb4e0f97ed2e9ed96b1e4,,31104,22,7,29,1,,
2026-09-03 03:47:43,946fd3ff89dffb7d520f402c6a8306163b7abe77,,42024,11,15,26,0,,
2026-09-03 03:47:43,471f08d800e6ac68baebb9de609863764eec2986,,48006,3,0,3,17,,
2026-09-03 03:47:43,b4b2a3c52bb2428f49b1ca96272faadc8dee6de1,,15012,3,46,49,17,,
2026-09-03 03:47:43,68ded302b68a271bd05417c48e8a48e71cc3f6d8,,18016,7,1,8,23,,
2026-09-03 03:47:43,4f3f4a50d6068f2cabc75c58eb82d8e8416a4c83,,15053,9,35,44,0,,
2026-09-03 03:47:43,85045a9374cd9fb8b4fb7221079b587a2c92237e,,21022,1,22,23,1,,
2026-09-03 03:47:43,646e2c1dd8342388aabf06eaf8edea94beaf542a,,41602,6,2,8,24,,
2026-09-03 03:47:43,60a18be6d2083152938e3f14248881a5a6532bda,,20012,5,4,9,8,,
2026-09-03 03:47:43,5d1453d434de8820ecb400df52c7e27db465fec3,,42303,3,16,19,0,,
2026-09-03 03:47:43,f0582d53bec4e29de766d8c1252250a73fb9eb54,,48002,21,4,25,12,,
2026-09-03 03:47:43,58796f3ffed906508bc45048a435676afa6d9e0b,,35013,12,2,14,6,,
2026-09-03 03:47:43,e0f894dfc5b1ef78f836382cda2436e63671f3ae,,12008,2,51,53,1,,
2026-09-03 03:47:43,47680271d0d80d3638747d89d9611ad1efdbe9f5,,12102,2,2,4,26,,
2026-09-03 03:47:43,62c0f960db1532e03deb7e8caa018e14bcf80845,,13120,6,10,16,0,,
2026-09-03 03:47:43,38a1db9c4fadd9d6b6be8f381e0d9415d87282db,,15024,1,14,15,8,,
2026-09-03 03:47:43,20312d543534ca305ac52a2e85d3dbd01b131fff,,12119,8,23,31,18,,
2026-09-03 03:47:43,9d4f568db437ae536e18e3ee2703f9ae160f2678,,13006,5,31,36,4,,
2026-09-03 03:47:43,e3b3f593ed2a2a99773ec42a4de8df4bdbe2a1d4,,23803,3,10,13,6,,
2026-09-03 03:47:43,ed8c8a32ca77629ae6c905bc82c06397c8ea6937,,11111,10,27,37,0,,
2026-09-03 03:47:43,c09ecbb37873511e2b0067f34325735fd27f1522,,43007,1,0,1,25,,
2026-09-03 03:47:43,ca6bf8b7a7a9ed508d00a56f6d06da02f03b6a71,,15050,5,16,21,0,,
2026-09-03 03:47:43,492f94e89a8c9fa321d7c167a04545eef1da198c,,13036,5,1,6,30,,
2026-09-03 03:47:43,26729ed6b28f7c1dcc3350b4ae86145f40b9f6e8,,17117,5,2,7,25,,
2026-09-03 03:47:43,3b70b92b0137559b3ade6c4e857d57a793ffeefc,,16017,1,1,2,14,,
2026-09-03 03:47:43,8a1c42b7116fe24ade765681f022b642b712058a,,18021,7,1,8,31,,
2026-09-03 03:47:43,96bdaae4b63739f1dee6d557b87c6ecebc608e73,,16116,0,27,27,2,,
2026-09-03 03:47:43,7126aa3f204bcaa39bcfe353f3da778367c8cc15,,20013,16,0,16,29,,
2026-09-03 03:47:43,7022ee5d36cad3ba2563f434b8cf7c308e41e71f,,5033,3,15,18,7,,
2026-09-03 03:47:43,9a548b4d34b0fad5140617c5952a2bc4a4005b07,,15045,2,0,2,32,,
2026-09-03 03:47:43,30307ac48857e3fb49ce8df01340dc88e0663989,,25004,3,7,10,14,,
2026-09-03 03:47:43,77ae0cf5e9588cfc874142bf2e5fb606492d32bb,,12022,6,24,30,17,,
2026-09-03 03:47:43,a591e6435bdc4f1b10b0e73defc559889f03157d,,21023,5,18,23,2,,
2026-09-03 03:47:43,4cda7aadc92da39439acd419efa8188a17b67d77,,42205,18,15,33,1,,
2026-09-03 03:47:43,718a9a36dc1ecf1a4dd00a468650a5b435b7c047,,17110,3,5,8,21,,
2026-09-03 03:47:43,238a37519f7e33ceba3b51c9c3cf868add1cee72,,14005,2,1,3,33,,
2026-09-03 03:47:43,12348ee1e4f8a3fc661ac2254b4430ae0ae65b1a,,8046,1,1,2,29,,
2026-09-03 03:47:43,40e9779997ecbc19857aa1f2018dffd4265a4e53,,20110,0,0,0,20,,
2026-09-03 03:47:43,440ad67315bf6fbdfedf2f6974cec99312b38292,,32306,2,0,2,26,,
2026-09-03 03:47:43,03ea4ac9b75e4f34db223d617a0a81cd16cb32f0,,31105,14,3,17,0,,
2026-09-03 03:47:43,a1db6c03040603383ad00efca13e18d709310954,,17006,14,19,33,1,,
2026-09-03 03:47:43,843e83a91ea3a4a3aad5028bcfde65d3a248aa9c,,18101,4,5,9,13,,
2026-09-03 03:47:43,a3102bafc629a9db9de416617a3eeac3630a43f8,,21207,2,7,9,20,,
2026-09-03 03:47:43,2d4b05e8d2479bf98da958158df3eb1cf23b8998,,11016,4,4,8,40,,
2026-09-03 03:47:43,9c15c2f160d21fefba02e5c95b36f59f10e5cc01,,16023,1,1,2,30,,
2026-09-03 03:47:43,3919c8e15094942522d3b64d5817a1030fae8982,,6004,1,1,2,42,,
2026-09-03 03:47:43,81ebc9dbac4698a2e3c49d87297bcc653324962e,,19014,9,3,12,5,,
2026-09-03 03:47:43,4ff5ad2ea76373c58666102bb9f68f4de1573140,,13055,3,6,9,65,,
2026-09-03 03:47:43,81d15cff678d92d43c54819c3c28ce50aca787ed,,28002,13,4,17,6,,
2026-09-03 03:47:43,e2778d8118425f6eed6f69eb3addf62f6d9cd2c1,,13023,3,1,4,24,,
2026-09-03 03:47:43,5002c0d9fb6b91bc1e73cd82c52d683428b5b85f,,11029,13,2,15,24,,
2026-09-03 03:47:43,fa641123a64570f0eb62df8d6d57d7c648a93b8e,,20011,4,5,9,11,,
2026-09-03 03:47:43,4db193ccca5dd05ab7ce86e849c7940db6c18f18,,21016,7,32,39,1,,
2026-09-03 03:47:43,d85a02ff7d1a561aca19232738d55456553b5b0f,,13037,2,0,2,18,,
2026-09-03 03:47:43,00efed473d60397dfcf9357a0d7f9f17d0871bd9,,12017,4,17,21,30,,
2026-09-03 03:47:43,8b7c34ebf7726c6ab72bae318ca6b2d0d953cb4d,,14025,9,12,21,8,,
2026-09-03 03:47:43,cc041a84f8b83cf8dadf467dec8a5db3999d2104,,42027,9,3,12,13,,
2026-09-03 03:47:43,4001b4e5833eaf4d3e7059d81d7abe163ad1470e,,20033,24,3,27,20,,
2026-09-03 03:47:43,3aacc2b35b5686bc29a1e5d915120f32f46bf978,,21510,1,1,2,22,,
2026-09-03 03:47:43,0aab9723e40a01e626eab8c89f208535adfeecea,,51007,19,4,23,3,,
2026-09-03 03:47:43,492f6027021decb9aa7513302c06694b8571a944,,1201,0,4,4,24,,
2026-09-03 03:47:43,9499aaf237a75929d955ce076e6bef64861a2b0d,,21511,0,12,12,33,,
2026-09-03 03:47:43,b9c8fbd6025a59ea7c7ce0abf7cc44520137921e,,41213,24,0,24,12,,
2026-09-03 03:47:43,ffcfd753cc2a7345926c67d05823e3d18b884115,,17004,15,9,24,14,,
2026-09-03 03:47:43,93a9ab32dd33ab6cfd7f6ff8af4c1e7068cce36e,,21112,5,23,28,28,,
2026-09-03 03:47:43,50725b1510fb35f73dfbd3ee0fb388b954303fb8,,21033,0,0,0,18,,
2026-09-03 03:47:43,4c7778faada65a454a2ca2057351960c07bdb210,,24010,7,0,7,19,,
2026-09-03 03:47:43,48429645f44c5199542d9587643d3f3ec4f9a0d7,,25009,2,4,6,11,,
2026-09-03 03:47:43,32f1aa83ac4b76b9c13e65364dccc8540420bef9,,41101,12,9,21,3,,
2026-09-03 03:47:43,d58f86fac4e08e17b149e4fd578557b2179b503b,,26010,9,4,13,7,,
2026-09-03 03:47:43,6ecda3978fc46305cb999f4fb9783e4eb54fb3aa,,16140,2,17,19,10,,
2026-09-03 03:47:43,9583ad33520881afcd1c1b1c6ce2112cac97d4ea,,3201,3,12,15,9,,
2026-09-03 03:47:43,3beb45c4d8889843ffc3d93490db471951e30871,,21508,6,12,18,3,,
2026-09-03 03:47:43,0f62490dd167d60177562bb374264652b9c3319c,,15032,4,21,25,32,,
2026-09-03 03:47:43,f78343ffeedef5c116efe6447f3945be51b0f34c,,19045,3,1,4,56,,
2026-09-03 03:47:43,960d36e30147ce64dd7248fde246d007156b83d2,,41212,12,1,13,9,,
2026-09-03 03:47:43,b18fa09d8cbd9d7f5792e7320dac3bbe9c0a2793,,34009,8,3,11,19,,
2026-09-03 03:47:43,0912c6a3cb9b9b93b4f549b790696873d91c7e0b,,41304,10,12,22,7,,
2026-09-03 03:47:43,662dabb892f701733fe5b6f67f6ad38e30b5c6b6,,8003,1,0,1,44,,
2026-09-03 03:47:43,70eda7659114f60b49d3e57bd3e813f1e2614fe0,,35021,9,2,11,19,,
2026-09-03 03:47:43,6b3777265f33b0b80489ded48c320cd4751d4558,,18045,3,0,3,13,,
2026-09-03 03:47:43,a80c263ebeea7c9abbee0af6e452611f22db2867,,22305,21,9,30,3,,
2026-09-03 03:47:43,9c2a2ccd43726542c0ce3f345210c908b002367d,,21954,9,2,11,12,,
2026-09-03 03:47:43,e44c13997c91967ca65f01d230aaab5ab1b0cba5,,11201,7,2,9,7,,
2026-09-03 03:47:43,8102e7e43823ac75e8c1479d4ab353fa2b986a53,,25010,5,2,7,22,,
2026-09-03 03:47:43,7a08e4305239aa0fa9fae655a74d1347bf588c4c,,12165,13,13,26,7,,
2026-09-03 03:47:43,0a51495c5b204c00ebb99a855d8b45b947d8d4a3,,12001,2,42,44,17,,
2026-09-03 03:47:43,867cf0bb8692ef8e71502b8f654f50ed061cda95,,10163,8,1,9,21,,
2026-09-03 03:47:43,2c8748e4162f8abc744524745046018f5b6c3c54,,23203,3,1,4,21,,
2026-09-03 03:47:43,95bf0ea0163f43147c631dfc5f4d89aed04845e6,,9035,0,1,1,41,,
2026-09-03 03:47:43,9149d52eb249cc6ca0860601d6b88c48bd89786d,,17126,8,2,10,21,,
2026-09-03 03:47:43,a8044503bf43a20fd9f8e85953bd27e7c1067be7,,34005,13,12,25,5,,
2026-09-03 03:47:43,a637d468baa33af13c54391419097fd607f921cd,,26009,15,10,25,1,,
2026-09-03 03:47:43,543c881a9da01ba4f924b7ece850514348f62d19,,34008,9,20,29,0,,
2026-09-03 03:47:43,e6ca73cd7ccb7626a5bcba5f1550af4e8a7b3c59,,23204,9,4,13,14,,
2026-09-03 03:47:43,d55f2d59d99edf8ec0b5338e481b06edeba18a91,,31301,17,5,22,5,,
2026-09-03 03:47:43,1772239269729556bc3f1f7da427e4af29130e08,,21514,2,2,4,20,,
2026-09-03 03:47:43,ca0e19e054ad7972f1b224d2e1a8f28b6295e7f4,,31303,9,4,13,13,,
2026-09-03 03:47:43,3772d21795cc97507e59a3c79427451c19b5011f,,10026,3,7,10,46,,
2026-09-03 03:47:43,ac763e5170e4a2daf83de2f19a98f32e18d4c24f,,18024,3,0,3,32,,
2026-09-03 03:47:43,2ad504ffbdd55cb60bfe65d42ad66bacc0f3f5f8,,16006,1,0,1,18,,
2026-09-03 03:47:43,2bd0031e20fb0dbd20cba17a53dfc8a4a4d85df3,,13205,0,6,6,18,,
2026-09-03 03:47:43,14ed7ab409d462a6f93f353e416579ee622d7541,,31202,17,9,26,0,,
2026-09-03 03:47:43,8e64f6daad5d11eb913e84a8b57e9a67dc78f452,,7201,1,2,3,15,,
2026-09-03 03:47:43,c70e0bafdaacab62ad7e3d3a120aa8b422993185,,22019,2,2,4,14,,
2026-09-03 03:47:43,a12293716fb05e0b8da59ea71f1f6b39038a49c9,,15013,6,22,28,2,,
2026-09-03 03:47:43,de3e92ff5d962fd939d829c0f5fa47eef96eb510,,10114,1,8,9,50,,
2026-09-03 03:47:43,60ccfa13b5fd17081be66c27cfde5f74db7cf665,,18134,5,6,11,13,,
2026-09-03 03:47:43,c920033e3df99a76c798bb372265bff579036f59,,13203,2,0,2,22,,
2026-09-03 03:47:43,b795fb9262e7d25f73f157897a41b6049359e5ab,,47007,17,2,19,1,,
2026-09-03 03:47:43,83fce0e8f70b25c994598d3aef306428c5e9e3b4,,13051,0,0,0,37,,
2026-09-03 03:47:43,5776df45c8c0dee524d8ed828a85fc18227e4abb,,47008,4,16,20,0,,
2026-09-03 03:47:43,b0a716c1f562d70b71670a111b2a2a2fba3635ec,,18209,15,9,24,14,,
2026-09-03 03:47:43,d8f3c14802b602d0872b02449ffcebec9a393a0f,,19204,1,0,1,19,,
2026-09-03 03:47:43,61f5262f5a75c2dddd41face681bfca2afc554a3,,8038,1,0,1,52,,
2026-09-03 03:47:43,b65c456cb60350314babeee5d803a37ddc6b7470,,10203,3,2,5,40,,
2026-09-03 03:47:43,19490a443c739635c0cb05ebc3e1c1cdb3c9a989,,7109,0,5,5,33,,
2026-09-03 03:47:43,865b4c9af8f67c27771c6a98648b70b84115bb15,,11014,0,0,0,47,,
2026-09-03 03:47:43,7ba345f35ac338d4ae968cfc42ab8c7704ec85ff,,16008,0,0,0,30,,
2026-09-03 03:47:43,ae4a4bc9bf5d12674c2c01b7834688b1d6a6227d,,18041,0,0,0,18,,
2026-09-03 03:47:43,0ba40f7962429d013e0fc99a9c7779b2a5d93b82,,21213,4,2,6,19,,
2026-09-03 03:47:43,b8d510d904d95a1397897742458e996af8598ee0,,11012,5,16,21,13,,
2026-09-03 03:47:43,970e3121ba2534a2c1b7e02f8dffd75601178eaa,,3004,4,0,4,14,,
2026-09-03 03:47:43,a1f95af8dca0b3455e34fd0304e82161f8e09389,,11011,1,20,21,2,,
2026-09-03 03:47:43,419a43f20809826dd5090c4c7b24daed8a0e47ec,,8039,0,2,2,21,,
2026-09-03 03:47:43,186282d7eba917b328fc93084a7280cdaee2b3db,,9025,0,2,2,52,,
2026-09-03 03:47:43,e49af7eaa386ec33bbb8fb892075ddd3650d2bda,,40010,7,9,16,5,,
2026-09-03 03:47:43,564ee9a4a22c46342dccbb12f5670bc6cad4052e,,40013,28,8,36,0,,
2026-09-03 03:47:43,496401fc719c91be8c27fa889ad74a125a9732dd,,23011,3,16,19,4,,
2026-09-03 03:47:43,13d4c0f39dec16849dab46c8254503c3816742e5,,40014,16,5,21,7,,
2026-09-03 03:47:43,8df42c6ad814966e7428534dfcd00b6a9a5eb6ae,,21034,1,14,15,16,,
2026-09-03 03:47:43,bb08b36126a46c04a50653d7e900a760504347c6,,16005,0,0,0,25,,
2026-09-03 03:47:43,956d3c67cbe391c498d96810ad7b9a84d968dd1a,,17046,5,3,8,16,,
2026-09-03 03:47:43,463b66e1bc9f2e1dfc2705415a43234edd22673c,,12201,12,39,51,1,,
2026-09-03 03:47:43,6b3a395356f73198eef7a3b92e0f86025a0cb6d2,,12164,3,0,3,23,,
2026-09-03 03:47:43,7972368dc7eaa9942659df4e47b91a56c83f1e13,,8055,2,1,3,28,,
2026-09-03 03:47:43,ffbebeca8a81745e7144fcf3f628d7d8e19cde9e,,23703,13,0,13,5,,
2026-09-03 03:47:43,0a2dda1df5f0ef1e1ed949579412b93d5dfc0a96,,2202,0,0,0,38,,
2026-09-03 03:47:43,673101808a0ab89c509978d4c02c62c0cb45c2f2,,40008,20,7,27,16,,
2026-09-03 03:47:43,b226cf47f60232a0d6d92872d419e1dda000e125,,40015,8,7,15,8,,
2026-09-03 03:47:43,1b514bd0c6b303d5cd1a3a2a6dbff0b3d6a81e43,,32004,6,1,7,13,,
2026-09-03 03:47:43,6bb38c61bfab6fc4134ebfb02d47051d41d2454c,,20137,4,0,4,21,,
2026-09-03 03:47:43,660f9973d03f11b0360bfb9359190c8307974309,,13001,4,12,16,0,,
2026-09-03 03:47:43,0293512c4cac3a386f234cf74b4dc1c5fa62fdc0,,31029,0,3,3,21,,
2026-09-03 03:47:43,58428f0438e1af43566e05ac563a8d03d3592964,,15103,2,12,14,37,,
2026-09-03 03:47:43,b998469f6eadf58d1ee9103f9badc3437e6f836b,,6001,0,12,12,20,,
2026-09-03 03:47:43,d84fc1422719c6af88c6a3f0e47594b666a045c5,,41301,16,15,31,18,,
2026-09-03 03:47:43,8cdd5ef05c23275b1342eec22396dd9b83e33319,,4010,0,6,6,17,,
2026-09-03 03:47:43,b2b491313325064b21f32e2e39c5a478d64bc7b5,,17123,4,0,4,13,,
2026-09-03 03:47:43,1342a8d06bbcc5a0a637ee285283bdb95dce148b,,51003,0,0,0,0,,
2026-09-03 03:47:43,ee7028a4cf21c807a41d6cb559596aa932fc449c,,17038,0,0,0,61,,
2026-09-03 03:47:43,92c08198a3d300628476ba828db3338d46903749,,43102,16,1,17,1,,
2026-09-03 03:47:43,83c332ccf32fbcb6879d70fd0124ff55a1b5a8b7,,23805,1,1,2,13,,
2026-09-03 03:47:43,2ee9dd1a4aa9910e7f241ee033930efac6cef984,,8052,0,1,1,28,,
2026-09-03 03:47:43,437b1db86d7e7398934b83951ed8bf9ee1a8f67d,,5020,2,6,8,31,,
2026-09-03 03:47:43,ea8e53a61130513dfeec842b7587bef08039c6a2,,32308,7,2,9,39,,
2026-09-03 03:47:43,99314fdf2094859a85e09e7cc0d314c77fd73f06,,34501,9,8,17,6,,
2026-09-03 03:47:43,dea17de61a86ce930bb5bb8dd5dc87bcfa607306,,34015,11,4,15,19,,
2026-09-03 03:47:43,0b64942aa029c9cd453265fdb6bdbc6eeaa79f1c,,32001,5,6,11,19,,
2026-09-03 03:47:43,25aa168c981760d28dbe4deedeebda60c4a2ee1f,,43103,8,8,16,1,,
2026-09-03 03:47:43,209807656b2d8c3091a3f9e670236689d88bfc78,,6016,1,22,23,13,,
2026-09-03 03:47:43,40daa26e5cfc3e83cc7805c663d51ec498d33646,,18207,0,0,0,0,,
2026-09-03 03:47:43,19a441416bced8f832247ffec3433e30f82e73be,,5015,2,4,6,54,,
2026-09-03 03:47:43,4d187c5ba8a634c5c89e2081762166afeabb5d97,,24102,9,6,15,7,,
2026-09-03 03:47:43,8f3a617b18b9c658c29bbe8d7cac9e2330ad5043,,21302,7,23,30,1,,
2026-09-03 03:47:43,e3251b2d416e50935b509390ad1de1e04d967f8e,,18014,6,6,12,1,,
2026-09-03 03:47:43,c654b093834f941f0017a92a9d9fc156eac6037b,,40002,4,8,12,7,,
2026-09-03 03:47:43,3182d92749e0005d41f06b08361983173b40c1cb,,15058,0,0,0,44,,
2026-09-03 03:47:43,19a93be825b8a270cf144f1cdebb70d760c96255,,12127,19,5,24,26,,
2026-09-03 03:47:43,5eb3fa0a857216c7411db983c7eb134da6a28780,,8002,4,5,9,33,,
2026-09-03 03:47:43,78fd8ef835b6b88a44fee436bd224c253b131670,,18043,3,0,3,16,,
2026-09-03 03:47:43,f2d2c39ad1669130a763550a2fb37e46ea10a94e,,19018,2,1,3,56,,
2026-09-03 03:47:43,50f3632c2828a244185b0220a9825c3b78195dea,,5202,5,4,9,24,,
2026-09-03 03:47:43,b4e07fe00b90f908b3eeb871a6365d645ee20804,,12105,1,0,1,31,,
2026-09-03 03:47:43,598e201fdfff658bf79ffd80cdeb0d4bf11ffc57,,8004,0,0,0,66,,
2026-09-03 03:47:43,88c84ed66f3f85615227acd1bc7a92d136509147,,15056,1,2,3,18,,
2026-09-03 03:47:43,8c3c2126005b348ea14e176ca636abd7054eb21d,,8203,1,3,4,30,,
2026-09-03 03:47:43,11f49fefdf3296a109177cc2239f4cfa6beb0bb8,,40001,10,3,13,14,,
2026-09-03 03:47:43,2ec34f7f9dca1d77e3869ff3b0f41f95bb3a5928,,9020,1,1,2,19,,
2026-09-03 03:47:43,84c56cdfd9c52504fc35a8c338bd32502a07e748,,14111,3,2,5,20,,
2026-09-03 03:47:43,f4b1dda991184f0de9db7af00fc8f4a9069f0ba8,,11104,6,2,8,12,,
2026-09-03 03:47:43,308654a61101837e4e043505823e89b2cff8dc14,,5110,1,4,5,18,,
2026-09-03 03:47:43,c05cfa4c47ae07e29685a901f92a115bc64d97fc,,6108,1,4,5,11,,
2026-09-03 03:47:43,2794dd94e6a7628b77df399df8c0d8b7cc44b71e,,33006,16,4,20,10,,
2026-09-03 03:47:43,8516fec4976442d24ac76a78f45c37f390603b26,,25006,3,1,4,18,,
2026-09-03 03:47:43,d022cfbceb1cfc8d80c68e2e9a88a00a6cc55450,,30002,21,5,26,14,,
2026-09-03 03:47:43,98338dd1ceab8edb0ed8f77d466a9cf8e3e9620d,,17041,7,7,14,16,,
2026-09-03 03:47:43,70545e4ed54caec50ce98404b79d12fb965720ab,,11025,0,13,13,26,,
2026-09-03 03:47:43,833650d1014e6bfc9e4bf7d00eb247168597edcc,,12109,10,20,30,0,,
2026-09-03 03:47:43,4d3555ebac21a5639909dd1689bc318221137f65,,15202,7,1,8,22,,
2026-09-03 03:47:43,e4469f23f7b80a1f1376124abf7255c98b30add1,,42208,15,3,18,15,,
2026-09-03 03:47:43,b4669507bc47bdb18a2950a20b88f78004cd4d35,,13101,6,15,21,12,,
2026-09-03 03:47:43,b05820d12d5eb317c156b91fb79ea8fe010b9154,,31024,16,0,16,21,,
2026-09-03 03:47:43,67a07b0e1e731c78fbd45592cc0be28ec3bad80e,,21108,16,23,39,8,,
2026-09-03 03:47:43,a01d9b3c3ca11d140b8f26c8fc75a652f7b0f779,,17044,27,4,31,11,,
2026-09-03 03:47:43,3189b174ca7a06583bb4f5bcdbd28c527c4503f0,,20143,3,8,11,33,,
2026-09-03 03:47:43,07fba404b64af9af9cc3ee399a0a275e1ef5bbcc,,43002,9,5,14,11,,
2026-09-03 03:47:43,9be06accf3f4a3af37fb592aa250535ff9e0d0d6,,21216,6,1,7,18,,
2026-09-03 03:47:43,c82db8bd6643fc8e90eaf6d6c86e26640cab2835,,15068,0,0,0,16,,
2026-09-03 03:47:43,54afe891a2e7aad2d5e2a45456b607f16bb1c1c5,,22207,4,5,9,13,,
2026-09-03 03:47:43,bbde1f63925067f2f8fcde089b3b4c8d4fd6523d,,92002,9,5,14,7,,
2026-09-03 03:47:43,4587e00cbd2091349109e127f62b5bb09a6c497d,,31028,7,5,12,16,,
2026-09-03 03:47:43,ee2dd0072dca8564383039eef89c772827fb42e5,,17048,15,6,21,9,,
2026-09-03 03:47:43,17f6cc5f149b65715f9b6d2e7d0a299483ffa123,,44017,7,19,26,3,,
2026-09-03 03:47:43,c1f50c6bb7f3776f9c91219129c5640967037ec7,,44010,19,10,29,0,,
2026-09-03 03:47:43,3bf367267d4b437c8383375db8fd2f0bd7766696,,2017,3,19,22,18,,
2026-09-03 03:47:43,49c50eb62eed16d1200653b37e0c4563034f92ea,,14013,7,14,21,6,,
2026-09-03 03:47:43,44d93062a2dec92ef75c1e93953448016d84c5ff,,13118,7,51,58,3,,
2026-09-03 03:47:43,a3fc54efc539725d7c886265352f95a57723800b,,40016,17,2,19,4,,
2026-09-03 03:47:43,cf35b0d1743dde4bd4670f1684b43aa9f9396856,,18111,14,3,17,7,,
2026-09-03 03:47:43,d09edb0e60701cd976cee8984f99da49aaffc862,,9002,0,4,4,10,,
2026-09-03 03:47:43,dffb692168000f85862ba6fbcac368c9b38fafac,,48003,1,0,1,21,,
2026-09-03 03:47:43,fc3105d40ecf8fb517dedb4628ad324e05bf238e,,16110,0,0,0,21,,
2026-09-03 03:47:43,cbc6bce7e7937c74eef15e7393fd0528d8454d99,,8016,0,3,3,24,,
2026-09-03 03:47:43,095587a082929fb6dc0b6c01de315d9dd86130b4,,10115,1,1,2,23,,
2026-09-03 03:47:43,a177eb7678b9beaaf4ad2357c2532ecedcab0461,,10029,0,0,0,24,,
2026-09-03 03:47:43,51fe6284a3dfbd6279830054e8cde9ed73f486f5,,34016,0,0,0,0,,
2026-09-03 03:47:43,21f7321be4c61e32c7fbe3bd887fd75d07660eaa,,5022,1,2,3,16,,
2026-09-03 03:47:43,a0fd94d62e14fb62fbca742a28c5ae2d361ff87a,,19207,1,2,3,26,,
2026-09-03 03:47:43,66d5bd72c4cd09ef991f879f9bc444bfe1d0216d,,13104,0,8,8,17,,
2026-09-03 03:47:43,d418f50c586194a005e8243cb74e2209e5448694,,8009,1,1,2,25,,
2026-09-03 03:47:43,8a423734ce60d5404352570a9e1e6898fd7e1df0,,7018,0,7,7,11,,
2026-09-03 03:47:43,15accc7f67a31f8407e2fd2173f2367217c18b9c,,5005,1,0,1,40,,
2026-09-03 03:47:43,6d5951e1af8d2935d56ef03b2732749923067719,,9106,0,0,0,28,,
2026-09-03 03:47:43,69aaf6a705aeb9637536c6ae694217fb258d738a,,19105,1,0,1,15,,
2026-09-03 03:47:43,e5893a1d6e686d85efc0a24fb67ce3eb8a153e89,,31706,10,4,14,11,,
2026-09-03 03:47:43,d6efbae360c3799058a517bf909b87585a5bfc81,,22409,8,5,13,3,,
2026-09-03 03:47:43,e60f43ccacb0b1907ecdb29222e8580a0e74e8ed,,19015,20,3,23,1,,
2026-09-03 03:47:43,7f6c465e09abc9619b2f1f7ea5ae29cabefbac87,,9022,2,0,2,29,,
2026-09-03 03:47:43,642e3fd1d8bc4a07848ffd287edcc4c8bd539931,,12151,2,0,2,57,,
2026-09-03 03:47:43,ae5f255fe8c8ad7172bd288dc068c3d4a6dfa728,,51006,18,6,24,2,,
2026-09-03 03:47:43,cc830569bf1bdd8e4394fb8c43597321f59f9cf3,,19026,6,0,6,23,,
2026-09-03 03:47:43,d2404f9d3da28ca1430572fe6ffc2789eaa68033,,45003,16,3,19,16,,
2026-09-03 03:47:43,b9e5e7b927c554c3a85833789584a4c2c279de37,,12111,14,13,27,16,,
2026-09-03 03:47:43,814a0e3f2c91f8d9b808d71f340fc37e73f53f31,,8034,0,2,2,46,,
2026-09-03 03:47:43,56fdce1e11b740c34fff44fdcb18190877cde293,,19043,4,3,7,45,,
2026-09-03 03:47:43,5347ca3bee277b795611a24a5ef7f67fb2368540,,5032,2,2,4,47,,
2026-09-03 03:47:43,9edac3fe0d990deaf2b824899a18cc204b23a1ac,,10010,1,24,25,7,,
2026-09-03 03:47:43,28434bcca39e0d5226f15f98c7285145f75f0a19,,11023,16,37,53,12,,
2026-09-03 03:47:43,47a735762a433ea5e0326ef41998701ab1f44754,,11027,7,25,32,5,,
2026-09-03 03:47:43,7924cd7803ea7cd8198677e33b6a6dec25f6963f,,8010,1,4,5,12,,
2026-09-03 03:47:43,0d03aacd44810c2ee32d2c2021881224167f8581,,46002,21,7,28,7,,
2026-09-03 03:47:43,d7c83322f1c51b79af4d38782f7a1710f636c3d3,,31009,18,0,18,8,,
2026-09-03 03:47:43,8dc37ec1e3cff4d662f411fe6509ca81d02854ac,,41302,6,0,6,43,,
2026-09-03 03:47:43,414d5c3bbbbe912fd340e3e0a46ec7cf05c06b67,,33017,15,4,19,9,,
2026-09-03 03:47:43,0153910c7378a3d3e1c3e28a4d5e4137386d47b6,,15042,0,6,6,9,,
2026-09-03 03:47:43,3753e6acea48080d31116fde8f70ecca8243dd4c,,18011,23,12,35,0,,
2026-09-03 03:47:43,824821d4854866b6ae7dc208cec3991a519fa630,,20042,3,0,3,36,,
2026-09-03 03:47:43,364fcad853a550f3d3c9a9c34f4f1d8098fcae87,,14003,6,15,21,28,,
2026-09-03 03:47:43,a5e2e4fd65d4ac55d8ccc728bd2f896ab8ef5226,,43008,5,10,15,9,,
2026-09-03 03:47:43,190ba196be81e01f57c4e1732fb94eb4df94e872,,5018,5,14,19,17,,
2026-09-03 03:47:43,5a961a135ac8682f9d62be1c7f3d47eca9d2d12e,,17204,2,9,11,22,,
2026-09-03 03:47:43,a7bc4f2e0916773c3cb881c03f27a0a2d5bb780d,,14138,11,1,12,19,,
2026-09-03 03:47:43,386de52436959975a52df6390fd49ced9efa0346,,21312,6,1,7,23,,
2026-09-03 03:47:43,3f7b2c31413de58255d83124185df59360e6e26e,,14008,1,2,3,23,,
2026-09-03 03:47:43,090e60714dfcc406ae505c6c87fb809a6b525f7b,,8045,3,0,3,54,,
2026-09-03 03:47:43,fb1016a21668d07dad2d58bb74041ee134296291,,15054,5,13,18,1,,
2026-09-03 03:47:43,30abef8b8c585f767ba41f0b837a32953210d817,,5124,0,0,0,23,,
2026-09-03 03:47:43,313af58590d5206a5be1905211c5a7648d2c04cc,,14106,3,0,3,18,,
2026-09-03 03:47:43,742918edc98a6921698022ff7ddcc8ef06240159,,31102,7,0,7,13,,
2026-09-03 03:47:43,4a2313ae22be3229f62b9e8ea50f45f815d0c0ca,,18022,3,2,5,32,,
2026-09-03 03:47:43,7a514e6e9e2532d32effce2052bb04f1787d90df,,21209,6,7,13,17,,
2026-09-03 03:47:43,568875dc995785057392bd949172ce615480ebd1,,10042,0,10,10,22,,
2026-09-03 03:47:43,e6754c3e60543cf44b29d1906af92c512b9024b6,,42014,1,31,32,0,,
2026-09-03 03:47:43,18fb5f19189ed2b327c2daf4896cd6b4372f5e8f,,5203,0,0,0,19,,
2026-09-03 03:47:43,5cedb5014f3e1465f15d2b2fb7d804d5a7d38a56,,18501,0,0,0,200,,
2026-09-03 03:47:43,3c29a46bfca0b0e457fac96852424aeb5165e84b,,8028,1,0,1,33,,
2026-09-03 03:47:43,a5dba0368e481f8aa921e6e078d21a8b824c9950,,14124,1,2,3,19,,
2026-09-03 03:47:43,f8b703bd626b7eb45e61547acb41e346427d9b9c,,15133,1,23,24,3,,
2026-09-03 03:47:43,de2272afa31ea65e3fbd3225d9a9c259569854fd,,15110,2,17,19,2,,
2026-09-03 03:47:43,ac456d5dadf33ad40a52d7d26a8527fdece3de1c,,20131,17,2,19,14,,
2026-09-03 03:47:43,946e3ed5ce47da407bfae3112d7dbbb834f7c205,,22203,6,0,6,22,,
2026-09-03 03:47:43,9e54b835f42e6917508d483854625b5c738fe30a,,41202,5,7,12,48,,
2026-09-03 03:47:43,787bda38aaf23c40fb17a4e12c9792206571f8d5,,42021,7,24,31,0,,
2026-09-03 03:47:43,c220616102affb96927cd9af6b866c093a42f560,,6025,0,0,0,32,,
2026-09-03 03:47:43,a5384641eb1e573dabc1c08c56cc65e376943608,,1119,2,1,3,19,,
2026-09-03 03:47:43,4542604a566503093945381393b85dde66169dff,,20115,0,0,0,20,,
2026-09-03 03:47:43,435cc037f2da4961486b49791b8b0abb40ca74c9,,35020,2,0,2,18,,
2026-09-03 03:47:43,d4474a46cd44d67bcf0d7f70902c022312e14fcb,,25003,15,0,15,8,,
2026-09-03 03:47:43,54f07a017609666e03792dfb55c6dbfac45eb5f6,,4201,1,7,8,4,,
2026-09-03 03:47:43,7e7ff9e9025d072172bb7b2574fc077c07406390,,24012,19,2,21,14,,
2026-09-03 03:47:43,666ee6e30bc60e465bc87bd502b4364768429098,,11039,2,27,29,5,,
2026-09-03 03:47:43,4562c4cbe3311b586aab628af9a0903a8967013a,,17013,4,7,11,11,,
2026-09-03 03:47:43,393c0c3c04896c8ffe874b5f1d2a8c411dbc3b43,,11026,14,23,37,6,,
2026-09-03 03:47:43,929a9383595257e82cccaafdb869b3b368f7b414,,32604,4,0,4,41,,
2026-09-03 03:47:43,55341170816ee9301840de45cfee1f33eade99e9,,19024,5,0,5,14,,
2026-09-03 03:47:43,b27ebb2e75af994db67c582a8d275db2c7707a3d,,41601,14,11,25,0,,
2026-09-03 03:47:43,da64c084bea6a8748a55e197c0ad4a539f3ff641,,23006,7,4,11,13,,
2026-09-03 03:47:43,66e2eb92c328327e86c87953b5239fee132fb28d,,15021,4,26,30,32,,
2026-09-03 03:47:43,9d9c2a036c21c7353ccb9990042e0eadbed14d16,,17105,0,3,3,38,,
2026-09-03 03:47:43,7b402af7578cf88fbacd2145607c83226648f5a8,,9010,1,7,8,16,,
2026-09-03 03:47:43,4d2acf64cc97f2cb155c6eb7a20e1134070081b1,,43005,0,0,0,48,,
2026-09-03 03:47:43,2d69b8dfd0458ff1bfc6fd8857420965fc647380,,21701,14,10,24,3,,
2026-09-03 03:47:43,8b5dcd24995945702d96028126a711432783f21a,,19022,9,4,13,13,,
2026-09-03 03:47:43,ce4bce2c3b2ac986d20037c80fb593953d3f9910,,13050,2,27,29,28,,
2026-09-03 03:47:43,9ec102f82dda46ae52b8476f9a0e8877d58ab55b,,21008,5,16,21,13,,
2026-09-03 03:47:43,8073e771f98cee5bf67808d716c19b296f959318,,17033,2,0,2,28,,
2026-09-03 03:47:43,ff35f17b2e5edb446f3a2c7b55da0cc9f1f4eb29,,20134,8,1,9,11,,
2026-09-03 03:47:43,533533637612aa97794597cc10777573046961ec,,24001,4,0,4,21,,
2026-09-03 03:47:43,77260ceb8afa37cfe677a3cbce67d648e71aafd8,,22016,1,2,3,23,,
2026-09-03 03:47:43,27e0bdb16b61bbc927b5a2355806d1fdd9954f7e,,32302,8,0,8,12,,
2026-09-03 03:47:43,cbacefc17968fa8d71a2b0f4645260626935cf66,,15046,8,9,17,12,,
2026-09-03 03:47:43,8e50403b1680ab3ca7cf1e76fcafcd39b8fbb9c7,,16040,10,10,20,13,,
2026-09-03 03:47:43,a1fa7c07494071de1a28d62207f52fedb64678ed,,22006,1,0,1,27,,
2026-09-03 03:47:43,d35f0935f8fcb2255f8848d956c703dc96eaaa11,,21301,7,26,33,0,,
2026-09-03 03:47:43,85ea782a45193db5513a6d434a47a08f508e9eed,,42302,9,4,13,9,,
2026-09-03 03:47:43,09189372debaaa49eb6ab8129be553a0c6df6219,,8025,1,3,4,30,,
2026-09-03 03:47:43,6dc66af536cce6d97e34d1ecc18c4539b71cfb7b,,7102,1,2,3,44,,
2026-09-03 03:47:43,afededb9aba318c45bf067fbd7f0d4f8deec1590,,19013,13,14,27,7,,
2026-09-03 03:47:43,42fa634167fa8e6b74aedf01f8206ed0f9fb18e4,,43003,4,3,7,18,,
2026-09-03 03:47:43,d859b7d7415797a889656fd47d3194f2f13cfc59,,42504,12,7,19,11,,
2026-09-03 03:47:43,755efd2211d397b968d31e48b06736612d82ceb3,,20111,8,0,8,10,,
2026-09-03 03:47:43,18f20ec7a5bc0069a848709a4522500a14bbc1d3,,20043,6,5,11,15,,
2026-09-03 03:47:43,161f309e8f142237ad894e57632327114232ef9e,,32016,10,10,20,17,,
2026-09-03 03:47:43,3a66e7a5b05647727421a4d2976e347a6f37ed29,,15201,2,0,2,36,,
2026-09-03 03:47:43,50ac8fb6b9f2bd91804371f8b776e777692d4337,,11004,2,29,31,3,,
2026-09-03 03:47:43,f689a8a4bf85a81957a3929c6de8a02626ffdfb4,,18201,4,2,6,27,,
2026-09-03 03:47:43,67d1a47d16c39a7507f6684bf408cb60a4544217,,51004,22,7,29,1,,
2026-09-03 03:47:43,815332fbfe053d8c29e6472016b119afffa296ab,,18012,10,10,20,15,,
2026-09-03 03:47:43,8592fd7d429b99d7cdcc84aa4b7be61c420251b9,,14036,14,2,16,27,,
2026-09-03 03:47:43,57e19b3c8e0c8cbd0b97b01724255da1626585de,,12009,0,13,13,4,,
2026-09-03 03:47:43,586ba7c252fd65f2bcd0ac1b22f2250a355de6dc,,19205,10,1,11,12,,
2026-09-03 03:47:43,061097a32300388b3d6e2324863be6c553e06b34,,8050,0,0,0,40,,
2026-09-03 03:47:43,9f6ffc0745b52fdd73556e7ded991359c89e9952,,19008,7,5,12,13,,
2026-09-03 03:47:43,49306f3253fd152394e21ea3992e0cce12940745,,12027,1,15,16,0,,
2026-09-03 03:47:43,d1a703248129bf3fdb653cd4829cd73aae85abcb,,8035,0,3,3,31,,
2026-09-03 03:47:43,ed03ba46672133ede70ecb4cb1f6bfc0c710e4df,,17102,9,11,20,7,,
2026-09-03 03:47:43,4546292e4d3b8a121929914eb82c4761b7ba055b,,28001,10,14,24,5,,
2026-09-03 03:47:43,46ef4d376bc9ae1b840bb632881acc45178119b6,,26007,5,2,7,11,,
2026-09-03 03:47:43,c7ce6f8ab17c23b9cbe9c343aa93f1ab11a0bf3c,,35018,14,4,18,4,,
2026-09-03 03:47:43,dfc8e7e7367ace1f2c2b84fa399ca88a9c4199a0,,18110,8,7,15,4,,
2026-09-03 03:47:43,5230d5ddefc6e3d974dae93f7a37cb5fe6fdd2a9,,10113,4,8,12,31,,
2026-09-03 03:47:43,b6ec970b3f822eeca1d54d6e75a75d626cfb7195,,43402,4,32,36,4,,
2026-09-03 03:47:43,493579e67b761553ad82e02b2d96e99b08f20805,,33018,11,9,20,5,,
2026-09-03 03:47:43,c977c2db12f551d64668ec507d8c3612e56f8230,,11115,3,19,22,2,,
2026-09-03 03:47:43,3309cd5fb5b05feb78c1130d4adb18ebd3109434,,12115,0,4,4,29,,
2026-09-03 03:47:43,b16e41f2d51846e880a9557fe311f10eea3255a8,,18204,2,1,3,48,,
2026-09-03 03:47:43,eb4bbe8a77b273b1b69e5692e3a3e8417e73c37d,,23009,4,2,6,43,,
2026-09-03 03:47:43,5f835eb1c0bb37f0d0773cfe63e8fe2d1a03adf8,,16121,5,9,14,19,,
2026-09-03 03:47:43,62646708e8d63d866cb85f26e5d66a19c850f6aa,,41102,4,1,5,38,,
2026-09-03 03:47:43,b7b35034f9e34cdeb5116c62eaf73d8a10a2c196,,17037,3,4,7,15,,
2026-09-03 03:47:43,3ba8e621326f89078d349ead3e468bb98ee075cb,,18141,11,0,11,8,,
2026-09-03 03:47:43,e9fab45745fb6b3f86b507e9e873ac818b776322,,15033,11,23,34,11,,
2026-09-03 03:47:43,252d107a937d327a3ff2522f77550bc11faabf27,,25005,2,1,3,21,,
2026-09-03 03:47:43,3f70e9c8ca821490527f8dff99ac117a2188c589,,22505,15,6,21,1,,
2026-09-03 03:47:43,3f89b895247d9b0b5c1c09ff5b0cbdafa468dfd7,,19115,3,6,9,18,,
2026-09-03 03:47:43,076168306a595ca1558745bc6e794cc1eb90d4b3,,32010,0,0,0,39,,
2026-09-03 03:47:43,6a6c3cf1bc7e3518475dd72f3ad3566edd41ca6e,,16018,0,0,0,18,,
2026-09-03 03:47:43,4289eb6581b48e23950023729614e2abd1f0ccdc,,12034,7,12,19,30,,
2026-09-03 03:47:43,bd54fbecf9f8409790c665e611d6186fada4535c,,25008,3,0,3,15,,
2026-09-03 03:47:43,f24663ee340c89cc595ce417a7d219af9398e0d3,,19044,0,1,1,48,,
2026-09-03 03:47:43,b1ed64a3fb8448c34e528956b60c2d3f4507b854,,24002,11,10,21,14,,
2026-09-03 03:47:43,2e6e81b83fd32fb45633cb6decc9c501ac27c3a0,,33001,0,1,1,33,,
2026-09-03 03:47:43,61b81c1ae3ad3b1dedcf5174ffe7a4f7f8a95635,,16034,3,2,5,27,,
2026-09-03 03:47:43,b1d6b8af703ef69900bd18b8883cc83dda5beb96,,41404,25,1,26,0,,
2026-09-03 03:47:43,ab4aecd0e9e55f4aca83184facf0d387617cb48d,,8033,0,2,2,40,,
2026-09-03 03:47:43,9b28840dd64697e421ad966d7c4f3ede5b737b02,,20132,7,5,12,14,,
2026-09-03 03:47:43,235de63b483e36c019db45e0d81e7e7b0cc82787,,42707,3,3,6,18,,
2026-09-03 03:47:43,8c222e4a35ccd869e6030efa153fc660dd9a3fb5,,92003,10,6,16,8,,
2026-09-03 03:47:43,fb3156afc12b6a9c9e6223d09632ce94d04b4fbb,,21109,5,21,26,1,,
2026-09-03 03:47:43,61ba584719a802434dc3d9f60a418a6b15ab0516,,17007,12,7,19,34,,
2026-09-03 03:47:43,eba13470866d555a60051f44e0882ea0eb9b9800,,35019,12,7,19,9,,
2026-09-03 03:47:43,06e6b9806eb5a3979f3d28b0c4bbf7c8e61c26de,,14104,9,3,12,11,,
2026-09-03 03:47:43,56eb12ea937d86ac9d8ef73a1057d88b7b7cb361,,20113,3,0,3,17,,
2026-09-03 03:47:43,7978d0dd49fe2bed4445b4c7a5a6eec9124247ce,,20119,9,0,9,16,,
2026-09-03 03:47:43,31881084bacb70ba891b8acb584411a06c079ca8,,41604,3,3,6,25,,
2026-09-03 03:47:43,160850b3444a1f37bec852f0e05e557031b99c08,,17018,4,0,4,13,,
2026-09-03 03:47:43,c3374710471229f88bddb9dff5cf888327fdbc96,,18005,5,0,5,13,,
2026-09-03 03:47:43,4e147bf5cd2bf194d03873faab23b0fdf3e71566,,8102,0,0,0,40,,
2026-09-03 03:47:43,c4a05a8efbd3912265201eda8c58915a1569e7a7,,15017,9,7,16,7,,
2026-09-03 03:47:43,66b8d0a9ba29129f86b90651f28e70e042987317,,18020,10,1,11,8,,
2026-09-03 03:47:43,eaa84887fd5c8834acf64f9e59626b3e7296e222,,20136,6,1,7,20,,
2026-09-03 03:47:43,ee3450029300f9f7707e889d58e37ce69d1e858a,,15028,4,57,61,9,,
2026-09-03 03:47:43,fd5224d6d0bbc27583a8c450af5c6514485c24cc,,7004,0,2,2,16,,
2026-09-03 03:47:43,bba3743ba9ab5f1afb3ea085bbd2df115841d790,,42503,7,5,12,19,,
2026-09-03 03:47:43,73bd27ad0c948357588bb83d72c2ea780742271b,,11114,9,21,30,1,,
2026-09-03 03:47:43,6933fa082725196a24c809c53f2052b29ac490d2,,5116,1,25,26,25,,
2026-09-03 03:47:43,fd8dd99a85924c5f128ac04fd36bc3cc2226c21a,,22508,11,5,16,1,,
2026-09-03 03:47:43,4d86083dc9af3cb2b40a78312556d16d5293362a,,17106,1,2,3,20,,
2026-09-03 03:47:43,82a5c10b5100ce435ab1df6b7338a30f9bf77d9a,,20040,3,1,4,22,,
2026-09-03 03:47:43,78318905ef6e3a26523cb70b89422f46ba701ea9,,17017,5,3,8,26,,
2026-09-03 03:47:43,917adae501e3af753c4feccea83625928d29818a,,10023,0,0,0,14,,
2026-09-03 03:47:43,d993cd9ce9009607192681084b032d780bf4098e,,13026,8,1,9,26,,
2026-09-03 03:47:43,b20a0b8a41ae62f2b150fee7f6fd482c6c63c613,,14139,5,4,9,20,,
2026-09-03 03:47:43,aaeff561d88f0f18526b0221e14b04d11b58d1b2,,13102,0,7,7,43,,
2026-09-03 03:47:43,d28277320ced46c206be20e6d8b05d2bfeace27d,,10204,4,2,6,29,,
2026-09-03 03:47:43,b95eaf5f18c8f3e25dbf17cc4d4406fe86f9fc61,,41207,11,0,11,17,,
2026-09-03 03:47:43,17420d5f192be094b099a57cc139f4119c5224ae,,6103,0,35,35,19,,
2026-09-03 03:47:43,ddcbdfb04efa4884ad8eb33c77cd0b0c4e786c0d,,15038,22,30,52,11,,
2026-09-03 03:47:43,e57ae30527d46ff25a5b9c0ca120c507eb1ef8f3,,20021,17,0,17,21,,
2026-09-03 03:47:43,e495d3500b9153dbcad29dc90da2fe9c9f10aed7,,21032,2,4,6,21,,
2026-09-03 03:47:43,efc0188cf76aa52e81f44e07073fbada7d893343,,27008,6,14,20,3,,
2026-09-03 03:47:43,39e0705d538f0a07758bed3a90e562d7b4c41f77,,31019,4,7,11,27,,
2026-09-03 03:47:43,cdd5e18642e0bb6a07c363fc5e564cec91cf9534,,32014,1,6,7,26,,
2026-09-03 03:47:43,e5f5cd26ede4cac59b07fe4b6751aa95e928a599,,17124,3,0,3,22,,
2026-09-03 03:47:43,b4e445334b6905e6f1eb746240bc178374aa2368,,31016,2,0,2,32,,
2026-09-03 03:47:43,08fc09d236b327b9776295c03d0cba9afc7af4ad,,22101,3,7,10,20,,
2026-09-03 03:47:43,a27f57e5ece24ab7096fb0832b35e2efc4f9620e,,13043,16,16,32,19,,
2026-09-03 03:47:43,778692312bd79488a83e17fca3fe17ca42fa6556,,44102,16,8,24,0,,
2026-09-03 03:47:43,bd956618a1d9120bf99d38e3d3abb4009871132f,,9115,0,7,7,15,,
2026-09-03 03:47:43,a5facf09aa668391c10d841711f453b2b1455552,,22001,0,16,16,6,,
2026-09-03 03:47:43,44e28f9832c49c76d6cf1c9b7e21425989c66107,,9023,2,0,2,31,,
2026-09-03 03:47:43,a99b73e2e30475ea087cffc4593e9c4903e2bfeb,,2009,0,0,0,54,,
2026-09-03 03:47:43,8ae1989985155a75af0bc4bf82a6b4567c3af6db,,16123,1,4,5,19,,
2026-09-03 03:47:43,61389bf26d77b4acbcba47d52fcd99e4dee6ec0f,,15108,4,22,26,10,,
2026-09-03 03:47:43,13dc9369a6c2f8c2fdfa6208e83ba0d33b0ba679,,19040,4,0,4,37,,
2026-09-03 03:47:43,6fcf5c2019a5e3731da53fc3b6177fbf582e0b1a,,20023,12,1,13,2,,
2026-09-03 03:47:43,da3d53ef6431ded071ef6c2351990048d568f10e,,41204,13,1,14,5,,
2026-09-03 03:47:43,e8dfdad1edc6018957b853236a676bbc6afd2939,,17121,9,8,17,23,,
2026-09-03 03:47:43,9d3e5be36eca5e6be9722de51520c483f3aaa064,,19009,1,0,1,28,,
2026-09-03 03:47:43,dc891ecc7a06eb409b70fa192f3c843e15901eb1,,18029,8,0,8,29,,
2026-09-03 03:47:43,b439379f69c08b6a94596fde915810e3f6c4ab48,,21703,10,9,19,4,,
2026-09-03 03:47:43,6d9900cb9c1db56279d8b99ca5ab803b3487cb23,,9031,2,0,2,22,,
2026-09-03 03:47:43,c77dc62c19f866f04f944212b46ffd60fec8fdf3,,9117,3,0,3,24,,
2026-09-03 03:47:43,9170435f3ca26a567e592880c5aa8b771d872dfe,,14002,5,2,7,37,,
2026-09-03 03:47:43,c8f66e17fe8218a1685f7c86157031c0bd231dcc,,15035,4,38,42,1,,
2026-09-03 03:47:43,b33754e2be2ee14630d7766b403433c0e32a5d38,,18113,14,0,14,9,,
2026-09-03 03:47:43,59c8b4684166a77acc48fe13d5db7a9e0a2cbfa3,,92004,10,2,12,8,,
2026-09-03 03:47:43,ad27980c12fbfbad60caee2dd99590c782adc59d,,11041,2,40,42,1,,
2026-09-03 03:47:43,e368fdbbab04598cc76188898b8ac4671ac0ed78,,31703,4,0,4,21,,
2026-09-03 03:47:43,a035d8439aa3cc7ff09e9a3f6b6a749ec1c05f94,,31025,8,0,8,26,,
2026-09-03 03:47:43,463f22374eb934409bdb8748874fc79fdfffcefb,,15031,5,31,36,15,,
2026-09-03 03:47:43,bf384e107a8966d6ed0bc58189c6ea55848cbe9f,,5121,0,21,21,23,,
2026-09-03 03:47:43,80dc72a517cc96d3ea7487e568930dfd8c315437,,11006,7,28,35,2,,
2026-09-03 03:47:43,1de1ab4df011f9e4e026c7dc7b01f7a1b8fb2b99,,19127,1,4,5,14,,
2026-09-03 03:47:43,cc453e08e47d8e2367aabeef47fa494128614a57,,16015,0,1,1,13,,
2026-09-03 03:47:43,cb06d2de31dba3361c03ba0d7288a639748236c9,,17040,1,3,4,43,,
2026-09-03 03:47:43,c1765fa9f6eb323e366583634b1013e3492c7a3a,,14112,1,6,7,8,,
2026-09-03 03:47:43,bb7788874fb892ac0e40cede6ffc64f34f11a1fa,,9026,0,5,5,11,,
2026-09-03 03:47:43,b6c2b231d7588630cdc9578acaa1ce4174f47ca8,,18033,7,6,13,20,,
2026-09-03 03:47:43,fb704131c8df7c9e91cde4f8e456f56d8fe0393b,,16122,4,1,5,44,,
2026-09-03 03:47:43,19caa70dee522c9b02dbcf20f413adb165a758eb,,23007,4,16,20,4,,
2026-09-03 03:47:43,8e7a1a39c50f30e4104913cd0293259d017e54de,,20016,14,3,17,16,,
2026-09-03 03:47:43,72f2a8bf00804d0e39af893c695c0946444bbd07,,20116,4,3,7,14,,
2026-09-03 03:47:43,f90f7dc8997b8dbf5e222ff0359b42ee0afce8b1,,16029,5,35,40,5,,
2026-09-03 03:47:43,b64e2eec9ff15dd2fd96f09bc85f66cf5f8c8cff,,9017,3,2,5,22,,
2026-09-03 03:47:43,b9b7d5b61e7f9d6f2133400ea4f417545a5345ad,,18008,14,5,19,14,,
2026-09-03 03:47:43,4919903d51fdc9b8ac8c8d0c4cc72a5eca9ac767,,16112,3,0,3,34,,
2026-09-03 03:47:43,326d0df9c4fe08eb12ef19c1f02fa55228b2e9d0,,22102,9,7,16,7,,
2026-09-03 03:47:43,602b4ab07ae9cced47fd4640493f8aa2d2f634a6,,6107,0,1,1,22,,
2026-09-03 03:47:43,bb221ce98ad957a6991a202120bdbbb16e39b1f5,,15003,1,0,1,65,,
2026-09-03 03:47:43,b47dc188ce13a94e44e9f9a12c9dee4d82ef42d4,,4110,1,8,9,10,,
2026-09-03 03:47:43,36eeffe1be216642d90bb56154631ed28ce14609,,6032,2,8,10,14,,
2026-09-03 03:47:43,f945e7235697b4a4a14a4a63ac796da97d9ae8ad,,17022,3,4,7,37,,
2026-09-03 03:47:43,082b1ca01b9e67308ae66f647f3da984d560a73e,,23304,16,1,17,16,,
2026-09-03 03:47:43,60865b72867643d6cb763d253f7eec6996d57243,,6017,1,2,3,28,,
2026-09-03 03:47:43,745911acf44f81575e7a6e1ff53a6ad47bef0012,,12161,7,33,40,2,,
2026-09-03 03:47:43,d22a23754803fd015025e06db5d22a72e55c704a,,15107,1,14,15,6,,
2026-09-03 03:47:43,5e44134c2be7b0c6310d68964780431a730c38e9,,13103,2,3,5,45,,
2026-09-03 03:47:43,1770473e86f0ecbeb51e419c703c629b859a5ba1,,23403,5,16,21,0,,
2026-09-03 03:47:43,4ca76e297679aa7e1f8619090169cf7921238811,,45001,5,10,15,4,,
2026-09-03 03:47:43,3292c3f736d2ab424e665cfdd916bb21f6475803,,31023,4,0,4,30,,
2026-09-03 03:47:43,d42c8a3a9ebd96c5e8722824e5813834c620b120,,21024,2,9,11,11,,
2026-09-03 03:47:43,efca77c120bf694922cf4215f06794248e31c726,,18137,1,1,2,25,,
2026-09-03 03:47:43,a17e6840b8c4e0c1ddc87e212a7bef35172f9c83,,18138,1,3,4,15,,
2026-09-03 03:47:43,153aa136f650fa384dce6753978e2654c5f3ee1c,,12108,3,17,20,46,,
2026-09-03 03:47:43,eecf5685cd1485a8a594ee07e31f5d4682b7a0ea,,7013,1,16,17,23,,
2026-09-03 03:47:43,9ccbdec8c68dec0548b390dd3ec31eecb5eafb6d,,31013,7,0,7,35,,
2026-09-03 03:47:43,d3a712319f04de151c2e9f42e5335f9b0b7be862,,42301,11,2,13,13,,
2026-09-03 03:47:43,a2dcb0af56b3be6e1efd1023127baf88c33d657c,,8056,1,0,1,28,,
2026-09-03 03:47:43,0b0260a0b998299b4b4e533e76f0c1a139ce87ef,,18019,23,1,24,28,,
2026-09-03 03:47:43,a74913592d77ae38550ab4d8d610f937ffef3458,,11003,2,30,32,2,,
2026-09-03 03:47:43,0d66133dbb0213496ebbd9fa254a2ae884acf059,,8015,1,1,2,48,,
2026-09-03 03:47:43,23a9fd3bac1fd177d706eafd30e217c7ca03c122,,11034,16,10,26,22,,
2026-09-03 03:47:43,fbc1dfd9ea7f3c7ac2645aabaccb96309dfd9e02,,9012,0,0,0,44,,
2026-09-03 03:47:43,839c29dd45ab28cd81f64592601197ae531e8553,,15020,11,27,38,8,,
2026-09-03 03:47:43,013a2541b5f886b857e9597e63965cc640f91e06,,13113,3,1,4,29,,
2026-09-03 03:47:43,9fd632c9e9642008f8eed6c2a20616a40eed17b1,,19031,13,3,16,5,,
2026-09-03 03:47:43,426aa30fbae9428731183ed395f58233d8e08db6,,13114,5,2,7,16,,
2026-09-03 03:47:43,3482ca34cc499cca7f71abcbfd5a9a13a5222050,,15061,7,6,13,8,,
2026-09-03 03:47:43,f6572f7413afee3c42d4a5238705290d924ff8c8,,20017,9,7,16,10,,
2026-09-03 03:47:43,90c2099867b37be8f4e0934a3247a7f8a9cd09ea,,11019,12,7,19,13,,
2026-09-03 03:47:43,b891fd7dee13e948d7008c83b75d54aab8dc43dc,,23008,3,13,16,8,,
2026-09-03 03:47:43,3f20c10f71557eb6d2c2b0d23254a8cfa327fe36,,15063,6,16,22,1,,
2026-09-03 03:47:43,5d862bee0b83adbbc7a2f36653a61bbfa7fc7b88,,6014,1,5,6,16,,
2026-09-03 03:47:43,5cd9546b001f6cf089123a99428a3ac52300caa7,,14116,6,4,10,15,,
2026-09-03 03:47:43,728f6585da632ec888996cba09b9c86e72060210,,33005,18,6,24,7,,
2026-09-03 03:47:43,dcd62d6391e3b103f2d263e953eb015bc436e1dc,,2110,0,1,1,26,,
2026-09-03 03:47:43,52fb8a55a9ef674803cfc0ec172903cbd69fbb50,,1016,1,0,1,23,,
2026-09-03 03:47:43,943493de725ac46d46296481f7aed3f13ec15b9f,,2021,0,5,5,52,,
2026-09-03 03:47:43,5ce186de41734eefa9f481cfa143374d5f6d6533,,5019,3,10,13,10,,
2026-09-03 03:47:43,1c42b1e6e1a8c83942e87e697896ec35d43ec47c,,20103,3,0,3,22,,
2026-09-03 03:47:43,81291bacda115fd4c83726de76eed300a1a36ba3,,3101,2,16,18,14,,
2026-09-03 03:47:43,2f692b10ddf3a382cb1895f63b9cf14f701534f9,,11048,2,35,37,3,,
2026-09-03 03:47:43,fbfdbd6d90f8605a3eba3b61d85fa90599dc047c,,2101,2,14,16,16,,
2026-09-03 03:47:43,4ca67136ea785fa7513627bbf4263071cea763b4,,17104,1,2,3,17,,
2026-09-03 03:47:43,585a2cdd3b98b5fde9d46152c0370d878c3bdc83,,22002,4,4,8,16,,
2026-09-03 03:47:43,5c0863cde6d36007737d82b0cf92d6c64ee1cdcf,,5030,1,1,2,65,,
2026-09-03 03:47:43,ef2586a770b043f380b989d9fe86838e4d57dddd,,16041,3,35,38,7,,
2026-09-03 03:47:43,c71a9a6398e449bbff88b196f7a6d70ac9dde3de,,21952,12,12,24,18,,
2026-09-03 03:47:43,27a4b8aca52ec19cf7d571264a8e27df5412bccd,,1013,0,2,2,62,,
2026-09-03 03:47:43,4d21fe8167b6083d3e259232bc77c51b5e2d5097,,8105,0,0,0,31,,
2026-09-03 03:47:43,c655f1f8f2f00b30692c9c95fc5661406cd01bd2,,12507,1,2,3,97,,
2026-09-03 03:47:43,7bd905e70fbacdc08ca30411892048d8ac89a7a4,,16031,3,3,6,13,,
2026-09-03 03:47:43,9f98b2cd583495eca337bfef92bc6f74d01bc7f1,,12153,1,8,9,45,,
2026-09-03 03:47:43,9e1cbd9c931d0f35ebeb5fe685f2b6e4ef99b5d9,,11110,13,7,20,32,,
2026-09-03 03:47:43,e8bf1eb6b8dc3dbe942e4af05fecb5ff6da8572d,,14016,1,4,5,49,,
2026-09-03 03:47:43,248a56e886706c484f548d67a3cc851978b5c470,,22012,0,4,4,20,,
2026-09-03 03:47:43,ef785bc98d16f02d2a1cfc64b37917974bdd62f9,,18035,4,0,4,32,,
2026-09-03 03:47:43,d87f9b0bc2384e35a222c99627a5647ba282c75f,,23105,0,3,3,30,,
2026-09-03 03:47:43,a3190c838441bb2c70c8229c22d2ef9eef75413d,,15009,1,22,23,23,,
2026-09-03 03:47:43,5471cfc7c42973a5a1af315ff5ce4c47a74dd82b,,20117,4,0,4,24,,
2026-09-03 03:47:43,2e0607872b20c571e66e1b6d49d47fcde923ef59,,48009,4,0,4,26,,
2026-09-03 03:47:43,54b2b9a288d7987e0396e9df84a5828996760746,,14125,6,12,18,5,,
2026-09-03 03:47:43,001120746f8754ee7f4e92a841b8321dfbdbac97,,21009,1,26,27,19,,
2026-09-03 03:47:43,0eba199fc585cec7bed2a8e31392771314cf25ee,,31017,19,1,20,0,,
2026-09-03 03:47:43,1b2fc2d031ffda220840f9bb7f9f2bcce8f68281,,13047,5,44,49,0,,
2026-09-03 03:47:43,d1511ab46e87e73448451ab11560f1ca231a0b0b,,42011,3,26,29,0,,
2026-09-03 03:47:43,5aa8c0218c4768af5e2c0386dc06a86d763a57e7,,20047,1,0,1,46,,
2026-09-03 03:47:43,789c422cce0d948ae4f5437d89e17e7e439f4b98,,20204,28,3,31,4,,
2026-09-03 03:47:43,f9fd3bf2858ba3a099132054f1de29572fc4cf19,,21951,1,2,3,19,,
2026-09-03 03:47:43,4df3454cb4878caf5f5313d89e1e8657988471a9,,10039,7,7,14,10,,
2026-09-03 03:47:43,592f2cff417e58c51d62e64a33bc0af7c2c7cf18,,19036,2,0,2,28,,
2026-09-03 03:47:43,0b4fa03cc3b8ee240b7f4a025b7e37df54f6c1e5,,17001,27,16,43,6,,
2026-09-03 03:47:43,d9c721f31bc591d09aa27ee830accc0cd010894e,,12129,1,0,1,33,,
2026-09-03 03:47:43,027c4d2c2a7f7d10f2883024feed55839ccf3dd4,,35004,5,0,5,55,,
2026-09-03 03:47:43,55f8a202688ef5d3206f555228d10a31c89b8b29,,7010,3,1,4,59,,
2026-09-03 03:47:43,4559ef06990a03c136da297b890c43631c6a0c94,,35015,7,6,13,5,,
2026-09-03 03:47:43,f41de2dfafc8d96c59276070bf45633c75a70efd,,15019,5,14,19,18,,
2026-09-03 03:47:43,9171c01d28914acbb342e740696f61ad818c2976,,20004,4,1,5,12,,
2026-09-03 03:47:43,17a990474d8dd8d95bf3fe047f9d7c3f099e2b21,,12150,1,20,21,6,,
2026-09-03 03:47:43,1d39e7beb967473b2eb60f5b67ce8460b2a5512f,,13515,15,1,16,44,,
2026-09-03 03:47:43,75cdb6f7a5ae048e2a557f29e43aff84859af0b0,,9016,0,6,6,23,,
2026-09-03 03:47:43,a61c848d2a8fe3303f5d6007e5fa8f1985e4dc34,,31026,3,0,3,17,,
2026-09-03 03:47:43,f5586af4879e25a05f0d274494dc7a58fef5ead2,,21316,9,2,11,13,,
2026-09-03 03:47:43,cfc62a6cc77c53b79ec6374532079c7d151601f8,,13027,6,0,6,9,,
2026-09-03 03:47:43,56680b5ef4d810d1c9d512ffda2471975e7a8e87,,10004,1,28,29,18,,
2026-09-03 03:47:43,6d56ea010010459402900bde6d132fbc05ad2dcd,,21118,3,4,7,9,,
2026-09-03 03:47:43,2c27a1efb886050d652eeb30afe7531fa1d0943b,,21203,10,3,13,15,,
2026-09-03 03:47:43,6b6a9b42ef89f75c9c4769bba98481f612e70ffe,,10017,3,4,7,5,,
2026-09-03 03:47:43,8b10f90be38b8c57dfcdbc656c6f47a07b5d5254,,16009,1,0,1,15,,
2026-09-03 03:47:43,7e5d8af6385ada1f3bc091557c2cb22fc611bb85,,16003,1,3,4,21,,
2026-09-03 03:47:43,919ac9051220a9abea6db8cf3205d72d1404abda,,11103,1,30,31,7,,
2026-09-03 03:47:43,4f26dddc500037fb3d602668b22cadea01a2a336,,21115,9,17,26,6,,
2026-09-03 03:47:43,384dab4e96cd3e9ddd198b43aa4b9058863a1eff,,21702,16,6,22,29,,
2026-09-03 03:47:43,89fecd4d8479d15e1ebe5f385822db9f6afbd97c,,42304,8,8,16,8,,
2026-09-03 03:47:43,deccc9c1fdd92cd119357f1206864696c586f6e6,,11109,1,16,17,6,,
2026-09-03 03:47:43,f1aac0fc1bb6ff90866199bc4dfb424caf88ce71,,31021,14,2,16,11,,
2026-09-03 03:47:43,754d3d88eb8718ca94a1cf753928920734d98a3d,,15123,2,8,10,34,,
2026-09-03 03:47:43,e99fc24859c0537dc8234a39c4def1ebae03fcad,,13039,1,4,5,13,,
2026-09-03 03:47:43,c540e4a8b0b2a0f78d8509a6c3fc6c692030fe22,,17039,4,1,5,32,,
2026-09-03 03:47:43,57bb7ef9fb46de0e1db9e076351336032e9b620c,,22604,12,4,16,18,,
2026-09-03 03:47:43,8b7aac51ce8ded02ef78a5ef163bd215a93888af,,42305,6,1,7,13,,
2026-09-03 03:47:43,a4f5b94579af565ff380f9ed9bbeda95a321945c,,11032,13,32,45,1,,
2026-09-03 03:47:43,7efa10faf6ba7f8601377c798f56d9196860882c,,7203,0,4,4,21,,
2026-09-03 03:47:43,24dc7797f9415d64303f9fd06a0dee81781eea25,,21028,6,24,30,5,,
2026-09-03 03:47:43,32cc9f53ce333c630ac2fe7ade5115fc7839b996,,4003,3,11,14,7,,
2026-09-03 03:47:43,87031c7a7c437ea35916abcaeef404b28b2c564b,,4001,0,5,5,9,,
2026-09-03 03:47:43,7bcbda840c6b8cae2b4c0031863b9699c13a14a1,,8013,0,0,0,40,,
2026-09-03 03:47:43,84eb92d8a1737b417097e7f5db93ee55d7c20434,,23902,8,10,18,25,,
2026-09-03 03:47:43,2140afa26e377a4270cd9924b218bc7ddab65efb,,20007,4,8,12,36,,
2026-09-03 03:47:43,cc7248aa025cba134eac7a99035426d855ffd8b0,,13033,1,0,1,12,,
2026-09-03 03:47:43,aebd81ff19f1f0442d3e3be66b358a3743cced69,,42701,4,1,5,24,,
2026-09-03 03:47:43,919d9430f8735bafff6559f1bfbbb878dc64654c,,16020,5,9,14,20,,
2026-09-03 03:47:43,75e263615584a8ad445b2d275f6a03f1a5a73524,,13126,5,7,12,4,,
2026-09-03 03:47:43,a84305a72b13001704d7ee628e961f6aa66bb9b4,,14101,0,0,0,32,,
2026-09-03 03:47:43,b1dbd5cadc74a2ff328d3a40fc37b1f4cb2f8b40,,15023,2,4,6,26,,
2026-09-03 03:47:43,400762a0ee0bcffb4fe4efd9eaaed3ecf5591b33,,22501,12,7,19,0,,
2026-09-03 03:47:43,c3ab0e029a93cfbe9782f73d64b8e86d84c24ad7,,42003,3,24,27,3,,
2026-09-03 03:47:43,979cf506b8c43e965a70b2df85c9a24d33084391,,8549,0,0,0,23,,
2026-09-03 03:47:43,fb96e287a89e2f71db63e1b0f005e17fe677aa9b,,13011,1,4,5,4,,
2026-09-03 03:47:43,94b5b3bb7421a34bfd6d9570cd4d75cf81e5f913,,14131,5,3,8,22,,
2026-09-03 03:47:43,e6139a09cca8f9771d8c2c0536735793bdc3a968,,17023,9,16,25,9,,
2026-09-03 03:47:43,7c0a04b578e93bd4e34db965c4fc41dd72329ecc,,44007,3,14,17,5,,
2026-09-03 03:47:43,7bc13119fadfcec86afb0c56d5c035697c698b85,,17003,5,3,8,36,,
2026-09-03 03:47:43,dc83a7add7df09e81b6ed0c971809559da24c50a,,6008,2,5,7,26,,
2026-09-03 03:47:43,bc4fd603d8375573ca2531c2dd2367aee2944024,,22206,12,1,13,18,,
2026-09-03 03:47:43,106d98585a59bc8c02422e0b6f61d1d70041fafe,,11021,9,4,13,10,,
2026-09-03 03:47:43,bbe8e3057b6a40687d2e557908e84cca29cf50b7,,9114,0,2,2,26,,
2026-09-03 03:47:43,d0d1b869bcfd9e4cba459d8421f0b66beaaaff74,,12007,0,10,10,35,,
2026-09-03 03:47:43,0e83085a606b247aa7f5123762868ccf78d288f4,,25001,0,0,0,31,,
2026-09-03 03:47:43,8b497c8dab49392013241261619ddf583b569377,,35007,8,6,14,6,,
2026-09-03 03:47:43,f9d31ea71945d0cf9f9d44247a60ac2633200639,,44101,13,26,39,0,,
2026-09-03 03:47:43,ff96c72297f4742cbd9a137523eab66268e1b84d,,13032,1,0,1,25,,
2026-09-03 03:47:43,5f8d8e15f6042537bab04989cfd08f91339e2ee7,,10165,0,0,0,38,,
2026-09-03 03:47:43,13831d499183a9b60a1554c8821a3968f286ab93,,8020,2,1,3,39,,
2026-09-03 03:47:43,a957d073c039ac6482917e581973139f5dc69a0b,,18003,5,1,6,36,,
2026-09-03 03:47:43,dbf881e0e1f6f04c8dc03afcd200bf9b099da05d,,22303,7,5,12,15,,
2026-09-03 03:47:43,af5fb702a09431e7fa43f7e56d63dd775e23741c,,15057,0,2,2,37,,
2026-09-03 03:47:43,c0f841fa3eae929f27abb975799e12822e14aafe,,16002,16,7,23,14,,
2026-09-03 03:47:43,8a5c96f7d9f250072f8661d9022321ee19713e08,,18007,16,2,18,1,,
2026-09-03 03:47:43,f724cee118ab54a9ad11c083069353e791823436,,19128,8,1,9,21,,
2026-09-03 03:47:43,84dbf3b7e1b7b2a01a28697081c7835f8a1d4a8e,,15005,2,2,4,39,,
2026-09-03 03:47:43,0333bd4493a5d9997801d06a49150b423ad7d0e0,,13044,5,3,8,28,,
2026-09-03 03:47:43,c0115aa96e81c7d564ff5c7de20a3a8a6c7d53dc,,4020,0,9,9,14,,
2026-09-03 03:47:43,d641dd484e143f54daa1a4f8a1e6ecb2354439a1,,22408,8,5,13,8,,
2026-09-03 03:47:43,4a8e51ed70c1f230e1f3d6f04b3306329c882d31,,43010,8,10,18,7,,
2026-09-03 03:47:43,d2499e04a8b98a36dab96e300757d7fb2a506ca6,,11017,18,1,19,28,,
2026-09-03 03:47:43,d3b932d9ca8b493e7ede13db76ef22432f90f6c3,,1021,3,2,5,14,,
2026-09-03 03:47:43,1dffe214544c528592216cf389da74b4c470a86f,,7017,4,17,21,19,,
2026-09-03 03:47:43,f1ebf8ae2d51301977a540824a0be769c8a476e6,,41205,7,0,7,13,,
2026-09-03 03:47:43,2cc9167d514f3a1b6cf2c680a8668a1b71c07af7,,22015,6,4,10,12,,
2026-09-03 03:47:43,6cdab4ae29ac4b9809ebed8f660187954dc44a05,,44005,4,6,10,12,,
2026-09-03 03:47:43,f82c50684308dfcc9fd97c7611db55a80e58824d,,17119,0,8,8,25,,
2026-09-03 03:47:43,72114ac4eb96147c465659948ae4059b0193f2a2,,51002,21,3,24,1,,
2026-09-03 03:47:43,c0e810e6d429b3512eae48c914994c64f31451dc,,33016,11,4,15,5,,
2026-09-03 03:47:43,31a0d012084650f0300559e87f2ea0ee85afa689,,27005,3,4,7,10,,
2026-09-03 03:47:43,675c4447ea56ef3217a395c74c5c4f29d1ff87d4,,8201,0,0,0,29,,
2026-09-03 03:47:43,9a162bc1771df917550ef50b5e44368174fe2bbc,,46003,9,0,9,16,,
2026-09-03 03:47:43,603cbe09fc58d6c24e73558a9c693c9626bed33e,,19210,4,0,4,25,,
2026-09-03 03:47:43,29630d5a02815ff3e4319b94f3efc9d4f8bbbc7b,,9006,5,0,5,6,,
2026-09-03 03:47:43,d7fb67889363c7377e2470e31db988f4493b22ce,,5024,1,3,4,17,,
2026-09-03 03:47:43,477effbc8af5aee57d930b648aa00f838e8d37f6,,31005,4,2,6,38,,
2026-09-03 03:47:43,e50a808e017cecce6a9fd233e9801216f3653ab9,,21314,8,20,28,1,,
2026-09-03 03:47:43,273a02213964246fc90ca2e918fbcc887683a3f1,,12038,16,22,38,20,,
2026-09-03 03:47:43,0f327fef4103c3c211d9911a1921a81742ca9ead,,13516,7,10,17,22,,
2026-09-03 03:47:43,84c6b8585421ef85e618a3b19a5e699dcb5d659f,,12028,9,10,19,8,,
2026-09-03 03:47:43,b2028e73a3e1fb9b2c2f2d0b5459f11609fce960,,12035,19,27,46,1,,
2026-09-03 03:47:43,ac2e9e411e27707d76f26be87767cc953fed83c4,,10021,0,2,2,12,,
2026-09-03 03:47:43,82236c9ef5a1bb33ba162971e02bcedbeed635ea,,7202,3,10,13,16,,
2026-09-03 03:47:43,da9c7d3c8a85f739a04f0c941988dbef6e1559bd,,44011,8,0,8,18,,
2026-09-03 03:47:43,ff989737c091cd95c30a031ca85f97cc98350bc9,,4019,0,11,11,20,,
2026-09-03 03:47:43,fde8f91040b4675c1063db846876f07c2653ef57,,21319,2,9,11,15,,
2026-09-03 03:47:43,f6ff02f4f8b2c3bec5137765aa0c06611677da7d,,47009,14,15,29,0,,
2026-09-03 03:47:43,3553f69fe12b30d65f8d906e9ab622560920a1c3,,23102,9,5,14,18,,
2026-09-03 03:47:43,5c77509c90a50785b307b342af4f709f6f14b5e6,,41403,11,7,18,1,,
2026-09-03 03:47:43,917cab01e51e1754c60c432265b21cebdd7cf24d,,13018,1,0,1,23,,
2026-09-03 03:47:43,98e571311f33d2106aa361b0ff84240a421138c0,,21303,4,14,18,13,,
2026-09-03 03:47:43,33d1c5db08d3be1ee9e61261edc9947f8471bad0,,33014,4,4,8,11,,
2026-09-03 03:47:43,021209601b796ecd07446cd0cdaa2e1f2ffd278d,,15070,3,26,29,7,,
2026-09-03 03:47:43,20fb3e4dfb170653363f3630192568937b3b05f8,,20105,4,2,6,23,,
2026-09-03 03:47:43,3f3a5c5ab3165ec8f5b75d61d69185ec5a28b1fe,,33103,11,2,13,10,,
2026-09-03 03:47:43,ec6505c19913816d0d2e3426b91476893ac2275f,,14032,22,5,27,4,,
2026-09-03 03:47:43,ca29e665defba23ae235a70e1a4caa495f1ad570,,14011,7,18,25,14,,
2026-09-03 03:47:43,63d4bfb0f8f8b7a80b9ae038514ac56141ec010e,,6002,0,6,6,17,,
2026-09-03 03:47:43,b08163d57d1fc50dfebeeac059da43ff2427451d,,33012,7,2,9,21,,
2026-09-03 03:47:43,a3b50bd17f55dd09656c2f40589c6023025b982b,,2013,1,1,2,13,,
2026-09-03 03:47:43,96ffc1033be8bbc5684fc99e1ab722695eb2ee10,,17024,2,0,2,20,,
2026-09-03 03:47:43,0739edca9a7b2a2d5a06e76ce45f431b40d576e1,,43202,6,2,8,12,,
2026-09-03 03:47:43,e4f05da35040831e46de7e915e63a16dc9c816f6,,4016,2,34,36,23,,
2026-09-03 03:47:43,1def18f522feed4ac1782cf1d5f553ad6a9ff9be,,10033,1,4,5,19,,
2026-09-03 03:47:43,69978913f2fef76f4e0e042a01ee673616db9d38,,12036,14,18,32,10,,
2026-09-03 03:47:43,25a4d10d96a68c4b006b15a84b0dcff2bc780da1,,14026,5,8,13,31,,
2026-09-03 03:47:43,a30128f4e4a75a977c64f92c2bb0fd2aaa0de78d,,16012,0,1,1,41,,
2026-09-03 03:47:43,690178a7160832875b66d7bd0f87d541b80ff77a,,42505,7,21,28,1,,
2026-09-03 03:47:43,532d4086b34b70a29f9091e5e7779c050bc7b905,,10032,1,7,8,23,,
2026-09-03 03:47:43,9c2981362b9f29627c68f79d559e3bbeb599c8a0,,12015,2,6,8,28,,
2026-09-03 03:47:43,72eb9cf539385cbe3bb86fe373d471af70faa13d,,48004,3,12,15,5,,
2026-09-03 03:47:43,61b6f0bf263752365b7775bc3870910db45cf87f,,5007,0,0,0,36,,
2026-09-03 03:47:43,3ce3142311713a6e42512aa985ffb4764ad5e2e6,,15008,2,41,43,17,,
2026-09-03 03:47:43,935bf3dff000e401da4f036829bc00ffd913c18e,,19110,4,2,6,23,,
2026-09-03 03:47:43,5e29829ccd479938d43ac33f282b65dd4455ff04,,11112,4,18,22,1,,
2026-09-03 03:47:43,20c140f839c3b2351cde2138ec1cacdb46ca17a7,,16042,1,19,20,16,,
2026-09-03 03:47:43,dbcb022df2425467ed94687c4559ce2e27cf3127,,16105,0,7,7,24,,
2026-09-03 03:47:43,968148bf7972851265ad3fe8c936bb40338b1793,,4006,1,45,46,5,,
2026-09-03 03:47:43,fd4616f84242fb5699a4fd30eb483d76a4020700,,3008,1,5,6,29,,
2026-09-03 03:47:43,5590a1c5499ded373ac4228c4031a379dc63814a,,45002,10,17,27,0,,
2026-09-03 03:47:43,e6f61e8a9008ace02946efb9b0664e3224abef5a,,15128,16,10,26,10,,
2026-09-03 03:47:43,f637ac13c11bc6d5f8fdfdd1a2f6fe7824957bdb,,21309,1,37,38,3,,
2026-09-03 03:47:43,00cf706574535ea4321db5485c04fce1b214362f,,13208,0,2,2,29,,
2026-09-03 03:47:43,1f87fd1f7ff6d420220af9dc329fd4ba41a264fe,,18004,3,0,3,9,,
2026-09-03 03:47:43,e8c37f478f0c2297b124ba1ba43cf8c4ec8dbe0e,,20008,3,5,8,24,,
2026-09-03 03:47:43,0d52c43f5346315278d5a416fa655390c0b86702,,18034,6,6,12,20,,
2026-09-03 03:47:43,00902bb80cdf8bbc110d7c33a7e108547d07c2fc,,12019,4,12,16,11,,
2026-09-03 03:47:43,148947e893cbea8b3ab5310124a34ebafacd890e,,20104,0,0,0,22,,
2026-09-03 03:47:43,ab778cca8806cf5893ad2ea5adfeb0db4bb7b0da,,14135,1,0,1,37,,
2026-09-03 03:47:43,7b1c917329c25a64a93338371b01c56bf6c3e8c8,,12156,3,9,12,11,,
2026-09-03 03:47:43,08afedea600a80968dfcf9980c5af4682f763256,,18140,12,8,20,20,,
2026-09-03 03:47:43,77a9d8ac6a5847d98aa935d8f3d08bf7ff606a9d,,19002,6,7,13,29,,
2026-09-03 03:47:43,feae4880ded35c1ecc6c6e5c4e79eb41a2ff8831,,10034,10,3,13,7,,
2026-09-03 03:47:43,acf00d05410ae45796e574b81ff5776313f5f39a,,4021,1,10,11,14,,
2026-09-03 03:47:43,9f3642eff3f5fb63ee26c5929c05810e8719b980,,13005,5,28,33,27,,
2026-09-03 03:47:43,72effa09f10fcaae0382b1b99ce435f93e427c36,,20001,2,0,2,33,,
2026-09-03 03:47:43,7020c8dc7543da2bee41f2eaebd4a458b829fe3b,,19201,1,3,4,18,,
2026-09-03 03:47:43,30864e32f77720fd7bed29dd5158d2ba54183454,,10011,1,4,5,8,,
2026-09-03 03:47:43,d8439b273df1426779e0594108eee290677b8c4c,,14137,3,5,8,22,,
2026-09-03 03:47:43,e9a1c2d61a8792dab40d5f355d02dd20365bbed7,,3011,3,1,4,26,,
2026-09-03 03:47:43,097ef0c63b07ec836facbd8e915da58c27355f9c,,31709,12,1,13,8,,
2026-09-03 03:47:43,5a5f5b171320359f13dfff0ccd9a86c02ae57eb1,,10006,2,2,4,24,,
2026-09-03 03:47:43,8a66c0f0b16e0bf8018fa0356c1e131a6aa9bd16,,8027,1,2,3,24,,
2026-09-03 03:47:43,4174daad26ab91118b9a509f91a981f44dfedbea,,4103,0,17,17,8,,
2026-09-03 03:47:43,f8abafd0e30500437247bd3214b6a9c25088a8e0,,3001,2,32,34,16,,
2026-09-03 03:47:43,b7f7e09185c4ae77b48784bcd6355863ab5ec663,,9037,4,3,7,17,,
2026-09-03 03:47:43,64cef22be22d9cc712982d0d68b998b01c889ff1,,7021,5,21,26,0,,
2026-09-03 03:47:43,8a6c098d14bc1030a81acbf49ee936332b48c33b,,2015,0,0,0,33,,
2026-09-03 03:47:43,f99ea2c6ca0fe964851bf1f207c14077c9f0ec34,,32013,9,2,11,12,,
2026-09-03 03:47:43,434ccf581d0543a5ae94effcb4efb6713a0bf760,,2003,0,11,11,20,,
2026-09-03 03:47:43,5844773a8bdd1b8dcb21763d7c5a21ce7cfe4e8a,,1102,0,9,9,27,,
2026-09-03 03:47:43,84f40c4f0db4aafca9312a2dc11a1da15c81ad19,,13017,1,1,2,31,,
2026-09-03 03:47:43,1936abe10b5c08f7fa3cbd8f8ce24024c2f0b05d,,12020,3,2,5,39,,
2026-09-03 03:47:43,52b21b8b288bc8b98abf01ac1c1b448796bd26d3,,24006,10,11,21,17,,
2026-09-03 03:47:43,f8009945d050c8d3ada24dd69afe3118d5aabc74,,3009,2,16,18,0,,
2026-09-03 03:47:43,fdb3d993be8040741a1aefc1903a88b28a9a1090,,4014,1,22,23,4,,
2026-09-03 03:47:43,100a846729610a445c765308ffb9fe81b920305b,,2005,1,2,3,11,,
2026-09-03 03:47:43,b2bf6b055ad7c125b0153350e48111fdf4a08b40,,23702,2,1,3,17,,
2026-09-03 03:47:43,930225bcdd2420bf35b4713db3c5ca84d6c295bb,,14022,4,1,5,28,,
2026-09-03 03:47:43,3f93e36a2f8f2a7c53484945110af79689bf045d,,19012,8,5,13,14,,
2026-09-03 03:47:43,4d7873246aa618dc9eba7b3afec7a95a6c61d493,,3003,0,22,22,4,,
2026-09-03 03:47:43,564e31b3034b7126790dd1a64b341f2af6c2133a,,19111,5,5,10,29,,
2026-09-03 03:47:43,5e4842dd25bc7530a76d8449d33322b5b873fdaa,,9111,1,1,2,17,,
2026-09-03 03:47:43,039188daa5b965bd628761c23e15bf6178014b6c,,13125,1,0,1,74,,
2026-09-03 03:47:43,12226831ef0ffa9d061921182fa7eeea49f6180d,,8036,1,0,1,44,,
2026-09-03 03:47:43,834d0b931767d32a61e1568e5b4e24612682b31b,,3006,0,0,0,32,,
2026-09-03 03:47:43,3f46c253f3beadce9da15d77f69c57e5b3b34a1c,,14133,7,3,10,24,,
2026-09-03 03:47:43,d552ee20ada64e5968f796ffe0b7d1f8c49561c7,,4012,0,20,20,8,,
2026-09-03 03:47:43,0cef0f4e0afcb418d4b71fe0c576dbf98d701d28,,21215,6,8,14,18,,
2026-09-03 03:47:43,769a450eddb188724489c0e684481f6e1bf06fe2,,41208,15,1,16,6,,
2026-09-03 03:47:43,4dc286860a1446f754437bdb647fb8518d4a98b1,,21706,6,7,13,34,,
2026-09-03 03:47:43,dabc423c86cf3461e88dffac9d7fca13263dde6f,,26006,16,10,26,2,,
2026-09-03 03:47:43,53eeb89fe0642a029831a9b975bd5bdf324dc5bc,,42026,5,3,8,32,,
2026-09-03 03:47:43,cd60339890842706369be9f1f365df4e027d0703,,21509,0,0,0,23,,
2026-09-03 03:47:43,45cee03ef761d2a70e41f23b727a15014930263c,,2016,0,12,12,8,,
2026-09-03 03:47:43,74283dec709aa9c3d369c91b74def167b18a6e6d,,1014,0,0,0,24,,
2026-09-03 03:47:43,41ff0761cb0a64bcce283417358d6535122df90c,,5004,7,3,10,9,,
2026-09-03 03:47:43,898aff388fcc8a5e8abac8412e38c1e8ed0d04d7,,4009,2,17,19,8,,
2026-09-03 03:47:43,363401a9714d3fbe1b9c0cf73368b430e38fe7c2,,2012,1,0,1,9,,
2026-09-03 03:47:43,f87735daa7ffd664861971b3399a4ebc09b9c93e,,16202,0,1,1,29,,
2026-09-03 03:47:43,bd346a2ae5dad06195a4b523e0dab80180b1a319,,4101,0,12,12,10,,
2026-09-03 03:47:43,d96044cec7d1ef3bf1e690d56a7f8f5f6581eb28,,33020,7,2,9,20,,
2026-09-03 03:47:43,e530614378d0850d2331790bc586cf8740f93dc7,,32019,5,19,24,4,,
2026-09-03 03:47:43,d2f8c8644fd6b8f670dc083f10470fa39dd8a6a9,,22506,19,1,20,0,,
2026-09-03 03:47:43,5164d0199063168d90dbbc0f500c4a6f6a0ab18b,,1025,1,2,3,15,,
2026-09-03 03:47:43,30a00b919cd7d5ff6ec42d5adf7d775539e844af,,27001,12,7,19,0,,
2026-09-03 03:47:43,9deaa1e465a693cdf667341bd6a2048e0194a264,,1018,0,3,3,16,,
2026-09-03 03:47:43,65c99510cd0e91e28f05c045a11df8c9efdbdfb3,,2008,0,0,0,27,,
2026-09-03 03:47:43,2244775fff4dace0b39c08d6e3ef0a2b9bfde9bc,,23101,12,6,18,7,,
2026-09-03 03:47:43,d92ce345db9c2c33bf934445a9d59ae2b364874f,,1116,0,1,1,26,,
2026-09-03 03:47:43,7c097b1ee7b3c83bd29bfb863521f85c910f0360,,15040,12,17,29,5,,
2026-09-03 03:47:43,1582472521a75ad7474960f85318c340e2cb1328,,6201,0,3,3,18,,
2026-09-03 03:47:43,cdac6dfd6f4d9dc0a1b23fae735a42a4864d8601,,19202,8,8,16,29,,
2026-09-03 03:47:43,a1649999997f5e05160ed257006a53a95269a594,,35005,4,1,5,17,,
2026-09-03 03:47:43,5aff717204f378868728dcc1f01676738b2dc6ef,,18112,1,16,17,9,,
2026-09-03 03:47:43,4997d5ffbdc26da012721470d53df13dd2678933,,16139,0,0,0,29,,
2026-09-03 03:47:43,da49eab540c5da8d5b3a20af07daa433077d3a2e,,42028,14,4,18,9,,
2026-09-03 03:47:43,c0c8fbf21554c09089b4aae9374acd6213fd42fe,,22603,12,2,14,20,,
2026-09-03 03:47:43,7c494dad9e9c1e874899b6641d141c2d39fd8f09,,21119,8,14,22,1,,
2026-09-03 03:47:43,39a4ec5b0d1b81ac591bb7190122ea22444fbceb,,16010,1,1,2,21,,
2026-09-03 03:47:43,9a5b14b1eb299a77aff5d41f9c8e3f9792f019d3,,32022,23,13,36,0,,
2026-09-03 03:47:43,0afcbae456b56a1a5c3db8e67ebbd7e14f0e0e51,,32020,5,10,15,1,,
2026-09-03 03:47:43,858da1f3453d8006fd2386b24e925ed50c8b3c84,,27006,11,8,19,2,,
2026-09-03 03:47:43,2f2f8cc51ae9729300847cb0203c21101f7859ab,,1008,1,0,1,31,,
2026-09-03 03:47:43,482afcc0299a7c23627631428e2efa7183d62032,,2006,1,6,7,15,,
2026-09-03 03:47:43,bb8b2395e137fdc02ff79918d62e9bc479a92d0b,,2020,0,3,3,15,,
2026-09-03 03:47:43,7f20ace3c5aed431ef4b029b79d23a32a5f4bb16,,6007,2,1,3,20,,
2026-09-03 03:47:43,e45dc8fb75291c34da8c4d42b03d240e3613de4c,,6029,0,3,3,22,,
2026-09-03 03:47:43,64355fb410bcdf197d3bb6ea3458e9468a77aa09,,34013,4,24,28,0,,
2026-09-03 03:47:43,72abe5e09a57262387bf4c0ea4106dbbcb80ef1c,,23104,4,22,26,2,,
2026-09-03 03:47:43,8859bdb0fd12c7f46ae93730337f90c09dc4460d,,20010,6,1,7,27,,
2026-09-03 03:47:43,20e5ce74e571f4e0b2553b911cf5f0e0f0faf278,,13049,1,0,1,21,,
2026-09-03 03:47:43,fabbd222fff46691adcf046524e421e8f7e1215f,,32605,5,0,5,15,,
2026-09-03 03:47:43,e287afeed9cb2f92bcc433283b77b38852cb9ee3,,32011,2,0,2,42,,
2026-09-03 03:47:43,b25a5bac216caf674fa3d60cb6bd6dc4697f3f0a,,12202,6,34,40,0,,
2026-09-03 03:47:43,176c930a98b7b60204d2244ddf952f4173823adb,,10202,0,10,10,18,,
2026-09-03 03:47:43,eae724e8216fbf930c7dcab531c441b375f9d3d6,,42030,5,22,27,1,,
2026-09-03 03:47:43,7183b687ce976c9e30243b99a5dbcb56e8301dfc,,20142,5,1,6,14,,
2026-09-03 03:47:43,89232732819ae82a78e42cf0fe575e2745d7b9ae,,34011,10,3,13,15,,
2026-09-03 03:47:43,cad170a99d540af83f05911856dfbba03bf69339,,13015,1,0,1,34,,
2026-09-03 03:47:43,9b10e7fe03a009528474bd8d93067cece1cc527e,,19114,3,0,3,17,,
2026-09-03 03:47:43,6f86848b6b5047d0bb4b0926d95a82a592eeee41,,8040,0,0,0,29,,
2026-09-03 03:47:43,b7d8f9dc7781e98b9788bbc6757b78333cfd7065,,16021,1,0,1,21,,
2026-09-03 03:47:43,f3b0eba699e49fc46360c7cfd16166d09ae5c998,,24005,13,2,15,18,,
2026-09-03 03:47:43,59d2a58092d1a5f509d0d080eb5e83a40ee67d63,,5027,2,35,37,2,,
2026-09-03 03:47:43,fed96b18591c0038d58bb67b7ecb253874e3e90b,,15203,1,11,12,15,,
2026-09-03 03:47:43,8cee1201e449ce80e277a8bad238d6da6d82dbf3,,13116,3,0,3,46,,
2026-09-03 03:47:43,9d72d2d612f82cf281fa8ed314ea72aaee996e97,,19117,7,2,9,20,,
2026-09-03 03:47:43,e5a07e2050d03f2d253164962c3823013fb011ab,,11022,1,14,15,1,,
2026-09-03 03:47:43,0ba35a821bbcc4555d21b81c6c587e91b980f641,,20003,13,8,21,0,,
2026-09-03 03:47:43,9fcf9d3e7b1f75507bed50023fce58d7ef27fad8,,15041,26,8,34,3,,
2026-09-03 03:47:43,14c22ebca952d48a1f5c1a911793790704b83e22,,10003,0,2,2,14,,
2026-09-03 03:47:43,6f8cebab9c127a403ef2bbafd1fd6146efbcff89,,41103,10,2,12,11,,
2026-09-03 03:47:43,071bb3b9a105d83937adb3d00b661df510ff993e,,13028,1,17,18,15,,
2026-09-03 03:47:43,27198157c146b70585d9d159bf362aa5728f5a86,,15069,7,34,41,2,,
2026-09-03 03:47:43,3bbdc7a5f3e28fdf60dc53b029536d79093e3cf0,,14027,13,3,16,37,,
2026-09-03 03:47:43,20175303de325785154028c2b3bf692b9ce72f74,,41605,15,7,22,0,,
2026-09-03 03:47:43,311767082e08c238a530d3da8b86c0a851405fed,,30003,9,3,12,14,,
2026-09-03 03:47:43,74790cba2980b0536dc4554aed3bbe29f721f27d,,20020,14,3,17,12,,
2026-09-03 03:47:43,aff56dea5420f8c370fc0c625ca882b016258729,,10009,1,10,11,8,,
2026-09-03 03:47:43,9e3660c1f6f40b2975b9a648d909cf3470dab7f4,,14004,5,2,7,16,,
2026-09-03 03:47:43,9bf49adc7ca5cd09b36e75273e01824f7a1e6f12,,16025,1,42,43,23,,
2026-09-03 03:47:43,16b9a3c51da86ef9facc581b662aa50e73e542d7,,43004,4,3,7,17,,
2026-09-03 03:47:43,10e057cd85b605662d4f27a32ad20934390a8a91,,14009,10,16,26,10,,
2026-09-03 03:47:43,7f97ec9095ed6e101a1ce35e3520a69b70d402b6,,15027,8,1,9,11,,
2026-09-03 03:47:43,40c13a3d7683417a9cca471bfe443ce39f3c5c53,,20014,12,1,13,22,,
2026-09-03 03:47:43,47986cd5ea70a1f03506a7acbd8f2611cdd6a11e,,22701,16,13,29,1,,
2026-09-03 03:47:43,9d224aa3fefd44bd26e6d026421e4ed1c3821040,,31701,11,7,18,10,,
2026-09-03 03:47:43,d34aaddc089c681af190a1287a000782649d2f1c,,22404,13,10,23,2,,
2026-09-03 03:47:43,7f1fb739190d38fbcb5afe23311416c1f38e1862,,20032,13,2,15,11,,
2026-09-03 03:47:43,89bdd88655fb15d765b0b47265da5b3bff1fdf7a,,19003,2,0,2,21,,
2026-09-03 03:47:43,99edfe617f2b157133bea3b03f45ac289e9cd116,,14035,5,2,7,41,,
2026-09-03 03:47:43,9158ed91874f814cf3c6cf43f55ce16dabb9d730,,30004,22,0,22,7,,
2026-09-03 03:47:43,92600b184c81f6511e1e9d87cfbf924f56573338,,8007,0,2,2,26,,
2026-09-03 03:47:43,8d3748e8e53c30d1aab998cb4a85535245b3a721,,21218,5,2,7,10,,
2026-09-03 03:47:43,bbba64c9bc013678c23e4fc62bc05cae377c0ccc,,6028,2,2,4,32,,
2026-09-03 03:47:43,70a414a20e63a4131f43231831d7ed37e8de235c,,20005,3,1,4,15,,
2026-09-03 03:47:43,382b925ce8c3f78849ded38cd35822f2d81c3150,,12122,0,0,0,48,,
2026-09-03 03:47:43,d8faf729cd9d3a0be8bf1fc1867691a5465a9817,,15120,3,22,25,3,,
2026-09-03 03:47:43,2ac15dfc9e885a45c76ddccd9f38702ccabcf52f,,16033,2,8,10,22,,
2026-09-03 03:47:43,b4d8b5804b76e2aee66b08425ac2788fd64f3e65,,21205,9,3,12,14,,
2026-09-03 03:47:43,6e9816160ae24a200a94fcf5738477377a868c64,,24007,10,9,19,1,,
2026-09-03 03:47:43,464f74cdfa2786e0d66bcaa9edcddcd69bac4cc7,,15114,2,0,2,31,,
2026-09-03 03:47:43,e6a1ec157542e6a40617482752413be7e9e7111d,,15014,2,23,25,9,,
2026-09-03 03:47:43,bb18e96080ade4eed41b878beb468d9d626a5968,,11028,8,10,18,19,,
2026-09-03 03:47:43,17aa4107a03e035cdf00c0edbfe1d5404d7ec69e,,22014,6,11,17,7,,
2026-09-03 03:47:43,60a4f69af04e5a6f9929f2b5241010cb00b0fbc8,,21027,2,5,7,16,,
2026-09-03 03:47:43,ceaaae8246dbb731b144b3270fe9c98579967eca,,25002,1,3,4,14,,
2026-09-03 03:47:43,3dac2383ca1cbc560b505d7b12e87a0be6b62853,,15113,6,5,11,14,,
2026-09-03 03:47:43,43137791b52961f54cda2437fe52651c5e1d7381,,16022,2,1,3,16,,
2026-09-03 03:47:43,a783aa42f556b53db12dece43c4cc60720ec8c15,,19001,9,8,17,37,,
2026-09-03 03:47:43,bffdbc00f4211f4d52270227b329776ee284ab09,,15044,12,0,12,21,,
2026-09-03 03:47:43,05f3b17f30c34f7a42c9ec8117800fd3c08fdf8f,,12040,3,2,5,60,,
2026-09-03 03:47:43,99245a4ea374bfe1a32e72ae66b2784df3f5cace,,20106,8,0,8,19,,
2026-09-03 03:47:43,b3aec3222a803cce1a4713794e0a5161677e467c,,6005,3,2,5,44,,
2026-09-03 03:47:43,d1192a8e2b52e899ca357948310c8a7e806a4cdc,,6020,3,5,8,4,,
2026-09-03 03:47:43,9e48dfb19540e4f7c9265878ed9e194837e76521,,21007,8,15,23,30,,
2026-09-03 03:47:43,b7681619026fdf0307e21e52b0ca7c82dc7d435c,,19007,13,15,28,1,,
2026-09-03 03:47:43,671292aaf8720852a233712abc094b4c7d9067c2,,5105,2,15,17,0,,
2026-09-03 03:47:43,d4bfc243466f0708e341abd19aba4d66d0deb493,,11018,6,10,16,34,,
2026-09-03 03:47:43,fc0fd1ac84d4fb9abbbb41bd00c9682c94b0168a,,19123,2,1,3,30,,
2026-09-03 03:47:43,5802073dd4ed71a616d65578655aef832f9e9cca,,21107,4,18,22,0,,
2026-09-03 03:47:43,e0bcf6612e43dc53a3c20a3c503ac8ea237e0161,,22007,13,9,22,13,,
2026-09-03 03:47:43,a675abe394d40f91b064a56ecbd46194c45904b6,,5031,0,8,8,46,,
2026-09-03 03:47:43,7299cf529464919fa9cd5f42efa3c9a3942d0a2e,,30005,10,1,11,20,,
2026-09-03 03:47:43,2c93821c536b4e298756f2e14ca3426b96c25480,,17050,3,0,3,24,,
2026-09-03 03:47:43,3334bc14f84a8ac121994e7f2892a2bb769713a2,,13013,3,15,18,2,,
2026-09-03 03:47:43,96b5b43e8d4dbf2d9f1ed5fbbbb7219cdb842b43,,8044,0,0,0,32,,
2026-09-03 03:47:43,ef8eb66c542d0c58575c2ad7941a6603739ed61a,,17036,4,3,7,21,,
2026-09-03 03:47:43,7a1a536787ba67c647993e2cb6d156906e3487d7,,11040,0,30,30,6,,
2026-09-03 03:47:43,046c8b0cda81b546b1416c2ca0144e2c4059c4c5,,13008,2,1,3,48,,
2026-09-03 03:47:43,cdd2b6e7c6fdec69db9f99997aa812b822c75830,,11038,2,23,25,20,,
2026-09-03 03:47:43,84891f29f132fe482642293c266e9a3b9f81f423,,12039,12,37,49,1,,
2026-09-03 03:47:43,bb0c9b510bbd92ae8c339d57309915c91eeee4db,,6009,0,2,2,33,,
2026-09-03 03:47:43,b85e4a08e8d0c25a1844c9a46470145c78be7063,,22703,16,4,20,8,,
2026-09-03 03:47:43,1de6dd6ad6a08ac3edc5c94ca5dfafd60c45c576,,20035,4,0,4,22,,
2026-09-03 03:47:43,592b880ff7c41b72073acba63e383a57e1b15e62,,23106,0,0,0,20,,
2026-09-03 03:47:43,57ee8266870df4fdf4725ca3a5440b1d65ffd56d,,20037,10,0,10,14,,
2026-09-03 03:47:43,2bfacdeaf01e74d7b7d0b11acef3b579221fa33a,,22302,13,13,26,15,,
2026-09-03 03:47:43,f2a9b24ff433febf56176da282ef824eaf9b43af,,13053,0,2,2,33,,
2026-09-03 03:47:43,fba4d8cd7f33845a3d8ded8700a1886ab50028a6,,9029,0,2,2,35,,
2026-09-03 03:47:43,551f756a7e1de0c8d2bab9ae312512cab8aa84bb,,48011,1,1,2,18,,
2026-09-03 03:47:43,06e26f3fad0786725f30731a550cbe13ce848389,,20030,2,1,3,36,,
2026-09-03 03:47:43,f601dc658b61981ae87407ff5c4efa8025fc7407,,7007,0,2,2,61,,
2026-09-03 03:47:43,83bb404f02b2c8cac2ef3b31c4112f4eaa1fbe03,,15039,5,9,14,13,,
2026-09-03 03:47:43,4fd32d52a653d42f38d4ce6780fcb5af4cb0b35c,,26011,10,6,16,2,,
2026-09-03 03:47:43,f8033bfca63580302bc14f5bb3b24d4da3f31e45,,22208,0,1,1,18,,
2026-09-03 03:47:43,4e3df60c714360cde3825131a51cb9edb2aa30b5,,45005,11,15,26,0,,
2026-09-03 03:47:43,ee911b149e35c0a2b0074bc78b307cb7125a5b79,,14110,12,2,14,11,,
2026-09-03 03:47:43,4bdc286c1f4213ba5c39787d85637475cd5799fc,,18018,12,1,13,5,,
2026-09-03 03:47:43,a225d83d13e434a877f15588099875a8e254a646,,10025,3,3,6,8,,
2026-09-03 03:47:43,7ac670864b759688cd3dc4d4be307a21453f02a6,,32305,9,0,9,21,,
2026-09-03 03:47:43,a37ab242f3d32da294f190620e47d25eee3050d1,,22507,12,12,24,1,,
2026-09-03 03:47:43,563f108316a9ac118b31236b7f893b7f445a9467,,22602,0,13,13,18,,
2026-09-03 03:47:43,66d42a7723ef7d21766f12ddeb29949277d5d8b2,,12106,0,47,47,21,,
2026-09-03 03:47:43,d1bc7b56f7274835df79e7f157fb31c8b3707de7,,23205,11,0,11,12,,
2026-09-03 03:47:43,cddf95bc97855fd9417eed20479ab644206545c4,,32023,14,12,26,3,,
2026-09-03 03:47:43,2bfc469c3e1ed2e0a31aa15b89eff5a442231ba3,,23201,0,1,1,44,,
2026-09-03 03:47:43,5366261f027df06d108149827cf6277e06ae294c,,22018,2,0,2,33,,
2026-09-03 03:47:43,f4aa7325d098f5b91a2a806bd9fa160afcb0e4d1,,21320,0,0,0,40,,
2026-09-03 03:47:43,192e709547a85db524788fb3704fec0133a3b678,,11001,2,31,33,17,,
2026-09-03 03:47:43,12469d1334ebdaa5f4322379c4cfaaa438757bd1,,21327,1,4,5,26,,
2026-09-03 03:47:43,35a248efdfd528901588c50b9be8a2e240e99fd6,,2010,1,0,1,28,,
2026-09-03 03:47:43,019f11521e1818d967796364439fb026959ce439,,17127,2,37,39,0,,
2026-09-03 03:47:43,c373fa754dca254108ab7776a6a9dfd09b6c21a8,,26008,22,10,32,2,,
2026-09-03 03:47:43,872e8d7f7c8aa16d5b70e87db2b64dd2825cd561,,34012,7,18,25,1,,
2026-09-03 03:47:43,d453a04644be509f35b43fac4c8b50d31ad71430,,15052,17,43,60,1,,
2026-09-03 03:47:43,c94637c06307875233d93a8e3da5d7fb0f721318,,5107,1,4,5,17,,
2026-09-03 03:47:43,6cbd33d61daa3263979ba9b37bbebf99fa1ec95f,,17010,3,17,20,32,,
2026-09-03 03:47:43,d4f7d0dd507f131675d03e5d6fd11f02163ae8e4,,18023,2,0,2,32,,
2026-09-03 03:47:43,69fa985942757bd49da714cc56dab2866144656f,,18026,29,3,32,19,,
2026-09-03 03:47:43,bc4b89587c0f98d5fa4f2e9f24662a3e326c327a,,2108,1,0,1,52,,
2026-09-03 03:47:43,5114f7b3fcb9ce721e353d80d0eb5b8b41e09d95,,47002,13,7,20,1,,
2026-09-03 03:47:43,55c8b2086e11938fa844936eb5c4a682fc3d7ceb,,20112,7,0,7,15,,
2026-09-03 03:47:43,1115f1b778f7da56789856a0bf98fd5f1fe35b10,,31201,3,7,10,23,,
2026-09-03 03:47:43,484e1764d20d4d5badfb86171586c08379cf2047,,13204,7,25,32,9,,
2026-09-03 03:47:43,fcd0a69c18ed0d67e2af380f287cb90d6286f8a9,,13035,2,6,8,10,,
2026-09-03 03:47:43,76cf1a6eb5b3b8bbdab566e12e8eb295d3c6835e,,15062,10,16,26,10,,
2026-09-03 03:47:43,3a8e35afe61f2dd28b9d0e44bcda9c3c35dd1272,,8008,1,0,1,31,,
2026-09-03 03:47:43,fef97b2728e04ea6a1ab9e6a05cb09c3a6233fca,,21501,3,16,19,30,,
2026-09-03 03:47:43,f1e95c45af0d9aabbee505402466b9c1776b1de9,,5201,2,0,2,13,,
2026-09-03 03:47:43,bab70abe6d256b3def1e6af942589231bfa831f2,,7025,1,8,9,22,,
2026-09-03 03:47:43,689851d122736b6b34ec5a5093a9f1230a82871e,,18206,7,5,12,25,,
2026-09-03 03:47:43,93d7a1e8a0a3632e82459f5c0a326f2c2e9a2c10,,18042,2,0,2,19,,
2026-09-03 03:47:43,5d974a38b94af54ad2c6a32cc4a4aac8d4317e6c,,35002,4,8,12,19,,
2026-09-03 03:47:43,856c924b25bed0a975f74e57861e9c6656a6a962,,15105,3,21,24,0,,
2026-09-03 03:47:43,f19c1f9675742c1ab2d4ebd1473c9e6149a2e4bf,,11046,1,3,4,15,,
2026-09-03 03:47:43,ca6c03802007844cfe2cabb3f2590c948608dd6f,,18044,1,1,2,30,,
2026-09-03 03:47:43,c3283ec16e1a5666a304616d7d676b502d2d68bf,,12157,5,6,11,56,,
2026-09-03 03:47:43,05d9a717fa738b87ac7f3582b2357860ef37d9ce,,11009,11,18,29,8,,
2026-09-03 03:47:43,8b2985d7f29fa4f7a77c59a29cfaef28d4cc904c,,11037,1,22,23,12,,
2026-09-03 03:47:43,23654fd7b6adc20ef4fcea9282c3c7cb3acdce91,,35001,7,12,19,2,,
2026-09-03 03:47:43,d2402d83844057575f4b07bf045d9802710254df,,15060,2,5,7,14,,
2026-09-03 03:47:43,7c4384a69e5373c5d3ec353b5feea93a2dca5eb5,,11020,8,38,46,7,,
2026-09-03 03:47:43,03d9cde9658ea03ff63a8bc3074a9bbeffbc659e,,8057,0,1,1,31,,
2026-09-03 03:47:43,4b1636178a5ffdf46747ebe191635c8e2c84343e,,18205,14,7,21,9,,
2026-09-03 03:47:43,a70e1cf148c67114ea5f58ab0117188dcd5a5f0c,,7023,3,46,49,8,,
2026-09-03 03:47:43,fa89eb7132f81ac009093d0ceb4771e475be4b95,,7111,1,23,24,2,,
2026-09-03 03:47:43,fcabc2f5a4bd828006a87792366957d0ac1a78c9,,16103,1,1,2,20,,
2026-09-03 03:47:43,710c23feec5f2bfec7c4b5a6dca3b4a042dc6937,,4108,2,12,14,10,,
2026-09-03 03:47:43,3d22cdba436dcce5abc09ca610e6191ee5afdc33,,40007,18,6,24,3,,
2026-09-03 03:47:43,f5f57af453ea9866b6943af34d0df88b4978fa61,,40012,13,1,14,0,,
2026-09-03 03:47:43,c3f3c2df54d10a38093cd8734ceac731d71fbf41,,12107,8,13,21,0,,
2026-09-03 03:47:43,e0ee0e7b76d977652fff51a3df116ca49125cf3a,,16014,0,0,0,23,,
2026-09-03 03:47:43,9fdcf6e2e3fd2a42638249948b6373edca6a2ffd,,8054,0,1,1,31,,
2026-09-03 03:47:43,c80d281e2292822f73ce3b87487c1db5ed48fc1b,,16104,0,0,0,23,,
2026-09-03 03:47:43,2004c072ed287415b6a8b676a82d61c86b955eaf,,26005,10,16,26,3,,
2026-09-03 03:47:43,0e789827ff53b17f8e6f0d49f1132bbc6bf398fa,,17016,1,0,1,27,,
2026-09-03 03:47:43,376bcdababd848b5038c12e0f6bb498d7cb5bba8,,40003,10,1,11,6,,
2026-09-03 03:47:43,d349bcda97c648b0544e4deedda743c080fda206,,23801,0,8,8,11,,
2026-09-03 03:47:43,ad65b3c2c3cce31b9b0caa907207ddaf36c30642,,40004,17,4,21,3,,
2026-09-03 03:47:43,7620e9a1d634fea3230b621b2a5848c81ac7e2da,,30006,0,0,0,35,,
2026-09-03 03:47:43,aa7cc647df851c3e1f9f9589178dffc3a02fd568,,14021,4,8,12,47,,
2026-09-03 03:47:43,9f73931fc9ed7368d020ccba854cd57bc3eda240,,16044,6,12,18,14,,
2026-09-03 03:47:43,9e9859fa539a161e712f8a62a53337c1e6a69188,,13106,0,0,0,23,,
2026-09-03 03:47:43,3072d48312968a7d9b0cb2c8457a0b4e1c719e29,,51005,13,1,14,21,,
2026-09-03 03:47:43,417fbfcb3635e45bdece1bf77e2528ebd99ddd54,,23305,14,1,15,5,,
2026-09-03 03:47:43,c568bd4693641ae885197315b17f09689e6464a8,,6010,1,0,1,13,,
2026-09-03 03:47:43,702dcd380c22c9c10a8516c895eae176657a5460,,15001,0,0,0,43,,
2026-09-03 03:47:43,20b74087bcecefa6ec3214fa580582076025217f,,13010,2,1,3,37,,
2026-09-03 03:47:43,daf0e7ac0f5fe2b6a9d91f5ca69ca4512f83a03b,,35014,3,3,6,20,,
2026-09-03 03:47:43,baff173dd41dee03a904995e97b5588e900bf950,,10031,9,3,12,24,,
2026-09-03 03:47:43,a044bf0ee0a6caa2f769c2f2d496cf5dbd8b75d7,,31708,14,0,14,8,,
2026-09-03 03:47:43,6bca948d43b756069866aa6f4584e775d73ac7fa,,27004,15,9,24,0,,
2026-09-03 03:47:43,72aa806486b49eaed411e4522a87f1e7a6d829bc,,10013,3,26,29,29,,
2026-09-03 03:47:43,cb550fdaed1afed78d803782dd96ff85962f5273,,42004,5,34,39,0,,
2026-09-03 03:47:43,8cadc09c5239456cd3fcebe571d7350f260863cc,,15026,0,13,13,18,,
2026-09-03 03:47:43,1dd7b6aed899c6adb76c059ef24f1ac843c23a6c,,19203,4,3,7,19,,
2026-09-03 03:47:43,2d53d57f6aa475ceb74828b5bb38137883d53595,,34014,17,14,31,0,,
2026-09-03 03:47:43,35442bb2deb415c46f46c048a0406a9907043c4d,,21404,10,1,11,9,,
2026-09-03 03:47:43,65564b9a361515dac520904bbadadf947d68677d,,15122,10,15,25,0,,
2026-09-03 03:47:43,5868c74c368ca1b70b99b605d176a2f6acf9f4c0,,1002,1,1,2,16,,
