Timer,ID,Station,Code Station,Ebikes,Mechanical Bikes,Bikes Available,Docks Available,Capacity,Coordonnees Geo
2026-05-22 00:10:21,234363cc2fc35610564bb667cfbec844da0ee266,,40001,8,4,12,16,,
2026-05-22 00:10:21,26bb66c820a9accb33cf2f54a12b5ec5e44302a0,,32304,2,0,2,25,,
2026-05-22 00:10:21,6c7a36afa13796a3a9f00390458c2996fc0a5f22,,14111,3,0,3,22,,
2026-05-22 00:10:21,d2f50f3cc992d92d08bac1351387523381dd5d88,,14014,4,1,5,54,,
2026-05-22 00:10:21,17b3a73335c055aaf03c6e332ae331c235c8f809,,32017,6,8,14,6,,
2026-05-22 00:10:21,4cd123d740dc50bd3628e33e77091380b0a60432,,11104,2,9,11,9,,
2026-05-22 00:10:21,2d8bd8b7786b8791bb7dd476f42f3ce2cbe9320a,,6108,2,6,8,7,,
2026-05-22 00:10:21,39e9fa9d8c4365ac0832a0b3d00a5283dae70f88,,33006,10,1,11,19,,
2026-05-22 00:10:21,a0d9a4856cfcca8b05a70f1ab44df89996c1c5c1,,42016,14,5,19,8,,
2026-05-22 00:10:21,4097670c8cb8c9a315cf3153af933e1cbd8fa2df,,25006,4,1,5,17,,
2026-05-22 00:10:21,47b7b5b180fbb3fccc404eb7b36e72601e09119d,,30002,21,5,26,13,,
2026-05-22 00:10:21,7096cd2e969420496103af3c87dd442fe3f05728,,11025,6,27,33,7,,
2026-05-22 00:10:21,aa9e18f048084c6098876e3ac36db9b49d1473f2,,12109,5,23,28,1,,
2026-05-22 00:10:21,0add7600c299f937f87cad2c04006d02e64367d7,,6021,1,0,1,16,,
2026-05-22 00:10:21,cdfe967fb14c97634e6172ad6095763bc5b9fff8,,15202,2,0,2,28,,
2026-05-22 00:10:21,c63e6797eb887daf36ad1a6c185cc04881df064d,,5016,5,2,7,9,,
2026-05-22 00:10:21,3c0bcfb19fd5ccf70a3dcf9326b56e1b4f32d65c,,21010,6,18,24,1,,
2026-05-22 00:10:21,3abe0c1f953b6a1583dbf32c2a869a134e4e29ce,,14108,0,2,2,17,,
2026-05-22 00:10:21,06d3b421267e8db08e29018b62f79a2c903e8f85,,31024,9,0,9,28,,
2026-05-22 00:10:21,2f51908c39c6be9267277fc1af417c6e16d44787,,17025,4,2,6,28,,
2026-05-22 00:10:21,d339f3600f5c1f6e059759e5c7e11a1f75e9093e,,43002,11,4,15,11,,
2026-05-22 00:10:21,78e9b66336103fe55dce9c47e9b27d19c0e939ad,,92002,4,0,4,19,,
2026-05-22 00:10:21,9a115cb1367acf9a388bf1ef1daa51da9583f6be,,8103,1,1,2,35,,
2026-05-22 00:10:21,c4952eea80df50f3eab8b20b183bab96389cc112,,17048,0,1,1,29,,
2026-05-22 00:10:21,dc16d27994357f7fd045a99fda9aa9782ea6a839,,16118,7,14,21,4,,
2026-05-22 00:10:21,92f33cd72f9ca0912d11b96642a7594fc9b99612,,2017,0,25,25,15,,
2026-05-22 00:10:21,f36a0a9e7629f86b363e27eeb80ce0255bf8430f,,9008,2,4,6,11,,
2026-05-22 00:10:21,79e8d3e27714877e9f23922767d16eb41dfa90e9,,14013,2,5,7,20,,
2026-05-22 00:10:21,047cbb6021e69f6567c74d2b55c47a447b538793,,15112,4,2,6,18,,
2026-05-22 00:10:21,67d33e8392193d98fb1f50d8919b5777f297b599,,40016,1,1,2,20,,
2026-05-22 00:10:21,0c53579b63338b8c11c7e13d49ca3066d2e85ed8,,18111,10,4,14,11,,
2026-05-22 00:10:21,0fe8ce7589bc6e046997a06c35811a1f10e2b67f,,9002,6,1,7,6,,
2026-05-22 00:10:21,ae19f696708f1ad1054136769b6cdc8bc3e74075,,16110,0,2,2,19,,
2026-05-22 00:10:21,631ff4913189ac9aea3bca126fcd09a382e4866e,,9001,2,6,8,9,,
2026-05-22 00:10:21,c3b3a0f2f834fb263e07a65c1b1ab9846f566e7d,,17032,3,12,15,5,,
2026-05-22 00:10:21,44a5b956c37f79295a37f26c2368fa1b41abdbff,,8016,1,5,6,22,,
2026-05-22 00:10:21,c74044f59110247318475921a6ecbe0f7514b80f,,10029,2,1,3,21,,
2026-05-22 00:10:21,d776325caadb4f867033921b0e00c0247eac822a,,12031,1,31,32,4,,
2026-05-22 00:10:21,cdef50244a0529bcab5740f2faa5f1a257645130,,1001,1,3,4,11,,
2026-05-22 00:10:21,37823e93a65f892b816c2c1bdf6461a4993dc54d,,5022,3,2,5,14,,
2026-05-22 00:10:21,1902e3240c82da8d3706e88115e3d1d41e0bea4a,,19207,0,0,0,29,,
2026-05-22 00:10:21,01f9d62d10d4f362716f29e2a2d564c7d9459483,,17008,9,4,13,7,,
2026-05-22 00:10:21,214613d1152484817bd25703f3abbe7db38017d8,,9106,1,0,1,25,,
2026-05-22 00:10:21,08586aa07380b42380a2be19ea5192aefafe7279,,19105,4,2,6,9,,
2026-05-22 00:10:21,7980b8cb04165676777719fe0766d4f2a3c56c69,,8031,2,1,3,46,,
2026-05-22 00:10:21,e20b6cb92a461c43800f94c8d2c735ca70c1bf30,,19015,5,11,16,7,,
2026-05-22 00:10:21,004d713df5dc697d0bb8438b5e4305af708c3e52,,26003,4,10,14,0,,
2026-05-22 00:10:21,6defe23d04b9d151757320615ef8485cb37ca3b3,,12151,3,8,11,46,,
2026-05-22 00:10:21,0053183489fb77d7d39289a80758e2ada0870f44,,11002,3,18,21,2,,
2026-05-22 00:10:21,9d255aa81b19c616e27479cf77c1404ee42eecb8,,11047,1,22,23,7,,
2026-05-22 00:10:21,641298c4fca41b80599822409293641bf1b13ea1,,11023,12,29,41,4,,
2026-05-22 00:10:21,56170e42be6fdb402ea82ad14dbad8a7e4e3e95f,,15067,2,10,12,0,,
2026-05-22 00:10:21,0d133bc120dd82e88fc3f65f845716f824c4d542,,16108,6,0,6,32,,
2026-05-22 00:10:21,fafe7ac1bb68249abb68507ccd927e2e408b6192,,6006,6,0,6,13,,
2026-05-22 00:10:21,e6d981eef1e28e8fe24d35dbcdb10014a8bf67da,,12128,18,5,23,11,,
2026-05-22 00:10:21,5481cf753061e1934b3a7c52f1ef40bae1f4a8a2,,14020,1,1,2,55,,
2026-05-22 00:10:21,10a33c792e1a382f8600054d37b523830ce3e4f0,,15042,0,3,3,13,,
2026-05-22 00:10:21,a4eab5924b426a038a258c8c12974527a4ae5782,,18011,10,13,23,14,,
2026-05-22 00:10:21,4023c0182c4dcee61999ce2abe6cf35c81c081a3,,33102,14,2,16,1,,
2026-05-22 00:10:21,24618038057e21b11a412408eb225a60a9e0636d,,42706,4,17,21,3,,
2026-05-22 00:10:21,c00bc7af428147e69cd0b8cfe2f10ecf1679d25b,,15104,3,22,25,51,,
2026-05-22 00:10:21,f8f7c7268f257713d921747b8d25a51699aecf33,,14003,1,0,1,48,,
2026-05-22 00:10:21,fd85d2c0493d00fc12ebf3b75b7598b81d0c836e,,43008,12,6,18,7,,
2026-05-22 00:10:21,d0af3b1cccb246f519a16ff52018d8a747789c7e,,5018,3,8,11,25,,
2026-05-22 00:10:21,5a344f8e87a4af80011a2fd44e603797134b3ea8,,17030,6,16,22,1,,
2026-05-22 00:10:21,65d500481f3b9fbc829e17d40a6bb6d404ee60aa,,17204,7,6,13,18,,
2026-05-22 00:10:21,99d55207ebceb4def3063a985d46b9b26161fcd5,,12114,5,8,13,15,,
2026-05-22 00:10:21,5e48589eb417a4ece0c2ac36fee50de0833731ec,,21312,14,1,15,15,,
2026-05-22 00:10:21,bcee6e5677cfca27b1b9c8b9343927c907feecbe,,14008,3,4,7,20,,
2026-05-22 00:10:21,f25c65e0261d4d3c76c45d15eb656456cdf6cc36,,8017,0,0,0,63,,
2026-05-22 00:10:21,30b713c9d1ef3ddea2ba0c2f45f0038e61c1c392,,15054,1,17,18,1,,
2026-05-22 00:10:21,de7b05cbc792c33e27b442ded3443065534ca89a,,15106,4,12,16,16,,
2026-05-22 00:10:21,fd8b317424093d28280b5f8ec4fbaa3a1c5cca1e,,5124,4,0,4,20,,
2026-05-22 00:10:21,bd462fb6ce43ddfdad02f524a50b04b9b2353703,,14106,0,0,0,21,,
2026-05-22 00:10:21,3b1e8d89f99ee8a572b711711b452bd4f4ff3aee,,18046,1,1,2,31,,
2026-05-22 00:10:21,d594c12ad9bc5a51817f0034eb765a54ebad4eca,,1020,0,3,3,33,,
2026-05-22 00:10:21,e64155038721686334b70648a2ddf89359ab3d83,,31102,11,0,11,10,,
2026-05-22 00:10:21,39ade10c5fe7947c43e5bc44cc61f1599a3167b8,,8054,0,0,0,32,,
2026-05-22 00:10:21,26e63ce9c66a345fbeaa5202d04792b2327e47f2,,21209,2,3,5,24,,
2026-05-22 00:10:21,2bc1e2ea0eecca6a3cd14fc9b826f6b031438eda,,14012,11,6,17,19,,
2026-05-22 00:10:21,1d1035acabe85d72a9680b613335640f54128375,,19103,8,3,11,9,,
2026-05-22 00:10:21,d21d39a9cf8498ef51f82042d817631c43bf9b7d,,17203,5,8,13,12,,
2026-05-22 00:10:21,08f839df786f1c51c985bda1d3f24e99bea866c7,,21005,2,11,13,13,,
2026-05-22 00:10:21,6789b1ce40ef40ef772a87a14355d7d0392aefa6,,5203,3,0,3,16,,
2026-05-22 00:10:21,207bc91ab4a10d884f1549246e474c05ee6df9cb,,14124,1,0,1,20,,
2026-05-22 00:10:21,38c0d449329a6f394ae36c96dddf89171b191101,,15133,3,22,25,1,,
2026-05-22 00:10:21,801fa6d3d99ffbb0b7904f48d0b5b11e9a0a0e79,,15110,1,22,23,0,,
2026-05-22 00:10:21,cec67f390850b58babbb9b8988489e6aa2afc351,,21006,5,12,17,10,,
2026-05-22 00:10:21,2d5559f6c8b164450744e73de3dbe02fc67a16c7,,44013,1,4,5,25,,
2026-05-22 00:10:21,64036e3ee500bd1a191eb7c1700457160dfee4f3,,20131,2,0,2,29,,
2026-05-22 00:10:21,7c8ffb304541461b0562cae61c0df8149306ee00,,21015,2,9,11,12,,
2026-05-22 00:10:21,fb5a071e9282edcb08183228786e934a1370af4b,,15034,2,23,25,25,,
2026-05-22 00:10:21,b9842a11ccfd8ab65afec6d7222c2c553df987d8,,5028,2,14,16,11,,
2026-05-22 00:10:21,e88a582da72c1a3154042f0295b30843b5639301,,48010,0,5,5,11,,
2026-05-22 00:10:21,d325f037ec67ac234bec82cbd64a9283be02c45f,,22203,5,2,7,21,,
2026-05-22 00:10:21,485b4310e6ac822eb8936574f6397c7a6ba476cb,,42021,6,20,26,5,,
2026-05-22 00:10:21,1a270db99c8b182a5d62407f02d2b20051b482c1,,21034,0,0,0,0,,
2026-05-22 00:10:21,9149b6f9b6dc4b6a676a9ce13e8bb88c7b9e7187,,1119,2,1,3,20,,
2026-05-22 00:10:21,0c04fb9476e7274e1f61d4467f37f71749739abf,,25003,5,2,7,17,,
2026-05-22 00:10:21,5f3a60e6e57e569dafa3d1ae3cad6e23fdc39b64,,31003,10,5,15,15,,
2026-05-22 00:10:21,5407dad9652c0af969a40dcdea2a49eeb619d3c8,,6025,0,0,0,30,,
2026-05-22 00:10:21,3109ce460a94cf2b814e4ef44ab1e3ec53297c4e,,4201,3,3,6,6,,
2026-05-22 00:10:21,257b06d8114a6ff00941d07c3bfcd155ee6a0ae1,,11039,2,7,9,25,,
2026-05-22 00:10:21,50182499202ebd8d971022b8ca9f56db3143c5ff,,17013,3,7,10,12,,
2026-05-22 00:10:21,5f24f7baa123cc46eb079cbf79e496ae2197209e,,41601,9,13,22,4,,
2026-05-22 00:10:21,275ea99ac8896708162ffaf0aa9493836d57a437,,23006,9,2,11,12,,
2026-05-22 00:10:21,7ac1ee02987738cbe269a020e6744660faac9b2a,,15021,3,49,52,11,,
2026-05-22 00:10:21,a3867ca6394c3b981a96ad4a734a6eb046bfc623,,17105,1,18,19,23,,
2026-05-22 00:10:21,8a659573ac2e498b0e29af4951b1e0756803bbdf,,9010,2,18,20,4,,
2026-05-22 00:10:21,fd3a351c2a22140b82741823ebf5974e703f4048,,18009,14,5,19,3,,
2026-05-22 00:10:21,a3f8edd5aca982741ecaca7ecec6bb0607b53bf1,,17125,1,1,2,30,,
2026-05-22 00:10:21,0d4db3a0b030d9bc448a20ab0e91182bbc8aea1a,,43005,9,10,19,29,,
2026-05-22 00:10:21,9af16738fdb0417e2b00ba11f11a324674ad67be,,21701,18,7,25,4,,
2026-05-22 00:10:21,51a61a924c4b9ea1e4fa271e4eeb217b13c81872,,16008,1,0,1,31,,
2026-05-22 00:10:21,fa76aa8c9d87da1ce77e699f6b9ef95e4983e505,,22003,0,0,0,25,,
2026-05-22 00:10:21,ec26af58f458ba789d738d18fb20c9167d37a779,,11024,2,44,46,5,,
2026-05-22 00:10:21,b42aaa14a188c6101213a48f37c86db53407f2b8,,19022,6,2,8,16,,
2026-05-22 00:10:21,1560c27a5ec657dcfe8c61aca41ae5323d016acb,,13050,3,13,16,38,,
2026-05-22 00:10:21,e32d895675c59a6fab15da71d9662fd40b12a783,,21008,4,7,11,22,,
2026-05-22 00:10:21,1032c8fa8d90405217438604768ffb9a10640abb,,8056,1,1,2,26,,
2026-05-22 00:10:21,eaa19fff38254b389e43f2203c25a0045c1ac437,,14136,12,11,23,17,,
2026-05-22 00:10:21,0ed898c4f3148642c2066c4e9d7c5e3891094f9f,,15046,16,6,22,7,,
2026-05-22 00:10:21,9334ed38cdf0184c97ca2d7dcc36362e01d4f547,,46001,8,11,19,0,,
2026-05-22 00:10:21,290b5e57d324dc1bbd6b1100cce435092f5a19de,,16040,4,2,6,27,,
2026-05-22 00:10:21,89fc851c412dd0066591ca6db9ac614395dc6299,,17028,2,0,2,34,,
2026-05-22 00:10:21,d3072473ab9523b2454bc266c8026b3a12ce232f,,42302,8,4,12,10,,
2026-05-22 00:10:21,f2e567d0d8a3d2194279d942486da2cf64ec7ee1,,32003,9,4,13,15,,
2026-05-22 00:10:21,157e9a72d31ee06fea37bbc8e8ea00a69707c3a8,,7102,3,15,18,30,,
2026-05-22 00:10:21,ff2d1ac52d8a043f44141ff62ae6c575d2722a0d,,13002,9,15,24,2,,
2026-05-22 00:10:21,f83faf8824febbce20cee79129a7c6786f025b7a,,12204,7,25,32,2,,
2026-05-22 00:10:21,7ef84db6b1640b1d58ca6daffd87f362bba9c509,,20121,1,0,1,17,,
2026-05-22 00:10:21,3c7a197f9e741dba31a23961cb2c1f8d952f8b39,,19013,5,12,17,16,,
2026-05-22 00:10:21,bbcc850dacb4ee882b031b79cdd982c1a7f81ed2,,8050,0,0,0,43,,
2026-05-22 00:10:21,50e82e64b6a62a4f8c0b884a71b3f7710d498042,,43003,0,1,1,25,,
2026-05-22 00:10:21,a62f8d815ab52ee00ea6f91628d3cd72dc92ff0c,,42504,12,0,12,18,,
2026-05-22 00:10:21,dcd007b05690cc15714de401659a783da022c5d7,,32016,4,4,8,29,,
2026-05-22 00:10:21,9b269d6adf0e0bebed54b9b2b5ff114a763185bf,,15201,5,5,10,27,,
2026-05-22 00:10:21,f4099827c53448fd774348558da06d51f4b8f472,,11004,3,25,28,5,,
2026-05-22 00:10:21,2f7c3618b003bfaf418eac1e98d127e5a85b7827,,18201,10,13,23,9,,
2026-05-22 00:10:21,fb83994d1086b07ba2e4432bea2296ad843f57ba,,92008,16,10,26,11,,
2026-05-22 00:10:21,da164645e48781059c39471d111baef446ef28f7,,41402,5,5,10,13,,
2026-05-22 00:10:21,bd3e02acfb5d298404b414a39bcc4413e6b53523,,51004,7,12,19,10,,
2026-05-22 00:10:21,84e22c115081ac9b033f802008aae5cf97934ffb,,18012,8,8,16,19,,
2026-05-22 00:10:21,0865ac413a80fdb53739ef80b98173015e9e7d8c,,19205,12,1,13,10,,
2026-05-22 00:10:21,e41a09b83d95d94530f51ea74c68a27ade4326b9,,5123,2,19,21,10,,
2026-05-22 00:10:21,47a5d2e0c0a3fe203466964c7bc8fc21eab01662,,4015,4,19,23,19,,
2026-05-22 00:10:21,9ee18fd2442689d3e2c1def14f2f03e385faedfc,,9021,2,1,3,20,,
2026-05-22 00:10:21,3d75ded538dc92cacc0104af6e5a2e75dc0bfeac,,23009,4,14,18,32,,
2026-05-22 00:10:21,89213b73a899e98c4b95d71b14eec8024fdc842f,,12027,1,15,16,0,,
2026-05-22 00:10:21,ffedb47326530106addb8793c6093b19a5e14b82,,17102,6,9,15,11,,
2026-05-22 00:10:21,b689e5021f205d9df5c05c60cb2e501c2e43640b,,28001,10,19,29,1,,
2026-05-22 00:10:21,63218963f107f21dbe99f1152916535879a70177,,26007,2,0,2,18,,
2026-05-22 00:10:21,7413ce6db43b05f01d8700c1cc89382e1c54ff85,,35018,12,5,17,6,,
2026-05-22 00:10:21,73ff27f9be2a0c706537e63475e2fb8959699708,,10113,4,9,13,29,,
2026-05-22 00:10:21,d74a6e584d814912cbfc315c955d4c37fb678ac3,,17045,10,4,14,32,,
2026-05-22 00:10:21,13904a5f97ee9ddc7ed3e4dfc74009394debe74f,,12013,8,6,14,0,,
2026-05-22 00:10:21,24bb6b0139a0058f51a05800fdbafd04f78b0122,,11115,3,16,19,5,,
2026-05-22 00:10:21,8f694379bb03abca6d575f41ab18852c15bcaa8e,,16111,5,3,8,24,,
2026-05-22 00:10:21,70eab39b846fa93113751b1f4015a614ec7aca72,,12115,5,0,5,28,,
2026-05-22 00:10:21,60069dda807fdfb5c3c5cb5fcc6822f9fe0801b9,,7015,1,1,2,43,,
2026-05-22 00:10:21,eaaba3b05044141e2e90dba2c5ddf22262086866,,18204,3,8,11,35,,
2026-05-22 00:10:21,0cf36f955dfdd0b6b781705c567123f08703f520,,8033,0,1,1,40,,
2026-05-22 00:10:21,d285f8ad3db776f6381cd3df6e940d7984f02027,,16121,0,4,4,29,,
2026-05-22 00:10:21,20e62dd3bebd9452cd9b2c065c17b7b6a5aad14b,,15010,5,52,57,1,,
2026-05-22 00:10:21,06faf9317d4fe67a1da14c9d878bf33afdb87e0a,,41102,3,1,4,39,,
2026-05-22 00:10:21,2611e02a3cdce33dc450cf023d8eee00b5415818,,17037,6,9,15,7,,
2026-05-22 00:10:21,80ff63f305aea08f57be1cc023fa893bb3e53f1f,,18141,8,2,10,8,,
2026-05-22 00:10:21,e0a8fc6d1851ca69c52708c5298f4a6d0c2942b5,,16124,17,47,64,2,,
2026-05-22 00:10:21,0eb3318734dc73d219ca67afcdc078240ec27c52,,33003,27,13,40,7,,
2026-05-22 00:10:21,7f4322e4ef72a4615f21486e3410e7adbac135ef,,33009,5,4,9,23,,
2026-05-22 00:10:21,7547d7ca9b49e857606ea21a2705b0125a26d808,,15033,6,36,42,3,,
2026-05-22 00:10:21,acfc93917b7bff343e55194d2179fac48e44e097,,25005,3,6,9,16,,
2026-05-22 00:10:21,7fde8f31498810ca2118161287aff0f84533e423,,13045,7,8,15,21,,
2026-05-22 00:10:21,613ded68eeb538f1c851fcb0cab1782accc1900d,,19115,1,3,4,18,,
2026-05-22 00:10:21,81b8f91422c3f30dba6103f8b17f40b9bbd939c8,,14034,4,3,7,33,,
2026-05-22 00:10:21,914a1e93c3fdcb272155abb8efd04722797968a9,,32010,3,3,6,33,,
2026-05-22 00:10:21,ba59730f43d8234e22690ae18f8d862a34ff5c5d,,24002,6,5,11,23,,
2026-05-22 00:10:21,bc9d94bce40210643c6a18b8b2275e231a1ce865,,16034,2,3,5,27,,
2026-05-22 00:10:21,5b2f2f4c673e8b2bf00641a1f854ebbdaa3b6427,,20132,6,4,10,16,,
2026-05-22 00:10:21,9a28451e2b7fc6da80a9ae7457d68be7f6096172,,42707,7,2,9,15,,
2026-05-22 00:10:21,be37dac15e4cc754eb7646558f46b4439d69e420,,5119,3,1,4,36,,
2026-05-22 00:10:21,deb702a98ca1e6b3eabbff1a1ae222850eb4e864,,8055,2,2,4,27,,
2026-05-22 00:10:21,f0a7059f7738c35e62fd4d67c9e62d6d697f4100,,23701,8,2,10,12,,
2026-05-22 00:10:21,2041ad4bf2846dd1fdf166ff0d6c57cf892dd49c,,16129,2,0,2,39,,
2026-05-22 00:10:21,4f33be3708ba887fad80094dc6a80cb9c84ba321,,20113,2,0,2,19,,
2026-05-22 00:10:21,dbc944d6881b152ab699933125ba686c87b15446,,20119,2,0,2,23,,
2026-05-22 00:10:21,c0c6012a4b25d490ba1507efb90e7670deaccab2,,23802,8,0,8,14,,
2026-05-22 00:10:21,10576f12bc5b79c4bfe7073fc31c967f8d089b12,,12126,8,14,22,27,,
2026-05-22 00:10:21,1498dd584eb6d7ecce1a11807d7efa6d229147a5,,18005,3,1,4,13,,
2026-05-22 00:10:21,e2ac943385c7353d64174883f7d6c1d66184c04b,,10005,2,8,10,7,,
2026-05-22 00:10:21,f417dc97d5e2d8183d99b1e062dc9021cfef23ec,,8102,0,1,1,39,,
2026-05-22 00:10:21,87dbeaf7a4f6839904e80e7b2ad135a3cc500641,,18020,6,1,7,13,,
2026-05-22 00:10:21,badf11e473c51feff79b4f6ac678129cde9d7aeb,,5026,13,5,18,28,,
2026-05-22 00:10:21,f8f4e35e4090cf2dcad309fa55a06b03a1f35a66,,43006,13,2,15,14,,
2026-05-22 00:10:21,d0c72afeb15b456c19ae9cd9fe714601ee61dfaa,,14018,7,3,10,38,,
2026-05-22 00:10:21,e504339f7713495df4831b8df4155ca09b7252dd,,31702,5,0,5,13,,
2026-05-22 00:10:21,09466298888aee1a063e9a8870bc5e4cce09488a,,7004,0,0,0,17,,
2026-05-22 00:10:21,4c36d8c566f845684a51c4e525100af90c5e3dd1,,42503,12,3,15,16,,
2026-05-22 00:10:21,a3b9881d21fbb89c2157f8fd568ab7bdf4a191b4,,11114,0,32,32,0,,
2026-05-22 00:10:21,50cd2692263555441e16048916de05ef96a3bd76,,7006,6,6,12,19,,
2026-05-22 00:10:21,87bc33953f51f92a9c1256820d6e1a0b5ed32d91,,10023,3,2,5,8,,
2026-05-22 00:10:21,a0de94590ab4b685bdcfba203429a345ee92caf6,,13026,5,2,7,28,,
2026-05-22 00:10:21,4bfaf34fef1b5416044d5c51f705b055e559c8c6,,23002,2,9,11,38,,
2026-05-22 00:10:21,f66c2a839e15a80c867110908bc286340e775e89,,13102,2,7,9,41,,
2026-05-22 00:10:21,8443f1fd2553d12f0b501a6216b484cc0e84f2d1,,14130,14,3,17,13,,
2026-05-22 00:10:21,c13aaf187ef975011baac232ea23094e43517caf,,12011,5,29,34,1,,
2026-05-22 00:10:21,27f62fb479f8c5cfefc865a662ea8da735471cf6,,21308,1,9,10,48,,
2026-05-22 00:10:21,d6ff333b7ad8f58b16d4f425f2c6078c9805a28e,,19037,4,0,4,28,,
2026-05-22 00:10:21,7e84f9ccd80d9be35bbf72a317352ebbac3e6966,,6103,0,5,5,49,,
2026-05-22 00:10:21,337daded28b2cd96e0f0b856e665f7ea684256a8,,7005,1,0,1,50,,
2026-05-22 00:10:21,175f37c52b84ceb5f679ac3ab21abe74a842c531,,6018,2,0,2,16,,
2026-05-22 00:10:21,4b15d73f0bd157e86d4c9a6dadff7c557fa68e0b,,21019,2,4,6,22,,
2026-05-22 00:10:21,1db7fa71d9c8f24a2ef7436a98970a734d454629,,21032,4,15,19,8,,
2026-05-22 00:10:21,0b42289ad2d597d48ac93f9d8ea62a451a882e8f,,27008,13,8,21,2,,
2026-05-22 00:10:21,702274cc164714eaebe7c656978d374952a102b0,,31019,5,2,7,31,,
2026-05-22 00:10:21,3a3d424080b9160ba1856e3652522e296a4927d3,,44012,2,3,5,14,,
2026-05-22 00:10:21,90114f845cdc6f18de682c5fd64a25f1c6547154,,17027,11,4,15,29,,
2026-05-22 00:10:21,348111ac62684859fae56407828c903635e31ee7,,51003,1,5,6,24,,
2026-05-22 00:10:21,92aeeaa993eec33164da1f463e9d9e277ebb958f,,22101,1,12,13,16,,
2026-05-22 00:10:21,c1dd87bdf13e361134721d4d43ac291e80b221c6,,13043,5,17,22,29,,
2026-05-22 00:10:21,a05061da9451e85f2d8b5d41f706d27a96d9aabd,,9115,0,6,6,16,,
2026-05-22 00:10:21,606b70a98bfef9458aeaa9346784d18ae1f903a5,,19039,6,2,8,15,,
2026-05-22 00:10:21,c9c8b0400cb62b37484b26eebf04e7cbd6a6065a,,16032,6,9,15,6,,
2026-05-22 00:10:21,02b77fb7e5fd499f41c1f2ce039b53cf4aaa1c8b,,18025,8,4,12,28,,
2026-05-22 00:10:21,d53eed20eebebc4f798185153b90ace952d6de88,,17122,6,4,10,17,,
2026-05-22 00:10:21,0c8182146b5369f4cf55c38d98cc0b3ff0f778a3,,9023,0,0,0,31,,
2026-05-22 00:10:21,48fff1a2997678e45605ff67633dccdc9cfa5988,,16123,3,7,10,16,,
2026-05-22 00:10:21,94fd4f8367102f99ba839fc1cba54149ab62a1c5,,19040,6,0,6,33,,
2026-05-22 00:10:21,6bd85f5594eadb1596f1b5226ed1d4f831486cd4,,17047,8,5,13,12,,
2026-05-22 00:10:21,29da98eb84004aa66c2f24cc7ccf75d3ae0d8e31,,19009,2,3,5,24,,
2026-05-22 00:10:21,128212396441fa040d25e184ac5e31ef8d7d92a0,,18109,3,15,18,28,,
2026-05-22 00:10:21,49e3c1f44325163f3d135eb2c4759c1d7d751901,,19038,2,0,2,18,,
2026-05-22 00:10:21,996bbee5e2b28df0fc2eea18045867ec6dcb5cb1,,17011,1,36,37,17,,
2026-05-22 00:10:21,531c6a1527fd4717c06d556aba7e42cc77bc7be6,,18113,3,0,3,21,,
2026-05-22 00:10:21,8ee2638d961e1f690fa022b95c83c842fecffcdd,,17046,2,1,3,21,,
2026-05-22 00:10:21,fb65d4d987de3e000bdb1acbb704fe9adefdb89e,,31703,8,1,9,17,,
2026-05-22 00:10:21,ec17ba871339f02d0a2683c1c0d799b18741f6b3,,31025,16,0,16,19,,
2026-05-22 00:10:21,e219dd84557b94b16e90de13a32b176ea28900e2,,21014,2,11,13,8,,
2026-05-22 00:10:21,ff2d9c45b7c1d2858d438ccb2c4a33ee0833d4f7,,14112,2,0,2,12,,
2026-05-22 00:10:21,1be6aaf36b284b2aaaacae5c822ad1e545d035a7,,47004,7,12,19,2,,
2026-05-22 00:10:21,59e248a2ad2a0cf50acd9192a20f07c0070b2299,,21001,3,3,6,21,,
2026-05-22 00:10:21,011445d9c1a59a83cd74248ee4b3c2e6654f8749,,18033,11,6,17,17,,
2026-05-22 00:10:21,4ba24f26c05054fc58330320e88524768b689f8e,,16122,3,28,31,18,,
2026-05-22 00:10:21,7e41a5ba3963080e2793efe35d75b09024041f74,,15002,1,0,1,15,,
2026-05-22 00:10:21,4aa8af895a8d7dee133cb280b25066cf2484298f,,23007,8,4,12,15,,
2026-05-22 00:10:21,662581496044571eeddbd1c06f33ff204fce8a38,,32015,26,4,30,6,,
2026-05-22 00:10:21,f7d00ad700806f1a99d769610aa68554d2740c8a,,16043,9,1,10,3,,
2026-05-22 00:10:21,94081ce7612ce565d5f4a0877c9c88fcf11a5c59,,16027,1,1,2,59,,
2026-05-22 00:10:21,bc8f8fc1311210b0e5445acf78ddf28c01004d65,,6107,0,2,2,20,,
2026-05-22 00:10:21,75ca1ca61c50a37945ffda059d49d7ca829b4cd3,,45502,0,0,0,18,,
2026-05-22 00:10:21,f8390ae055de1603179b0f169d92efc53f2f3bcc,,9017,1,0,1,27,,
2026-05-22 00:10:21,ff0b9690f7be4e793bb2036660c1de0d50f7106f,,7008,1,0,1,15,,
2026-05-22 00:10:21,3a76362f40775eb29445b299a2e81de3552353f4,,16112,3,16,19,17,,
2026-05-22 00:10:21,ccada2f6c82a7e9d39de67a564c76073863dd173,,42703,5,5,10,35,,
2026-05-22 00:10:21,e9f7ee7297fea19c9df04ed3294808caaa496d9e,,14030,4,4,8,24,,
2026-05-22 00:10:21,665ffcac50e55ea46ac289c9d2c9d13d2c703885,,13046,7,24,31,13,,
2026-05-22 00:10:21,b8ae1c10ea9e2e10e29d26a3ae51ccf1346f06fc,,22102,3,2,5,17,,
2026-05-22 00:10:21,451c54cf658ca0a7a4825eee666577d7b02fdf81,,6032,1,10,11,15,,
2026-05-22 00:10:21,7010fe39b4893542747107d1fb87e227a60b3405,,17022,3,8,11,33,,
2026-05-22 00:10:21,cde28444fb2f4ba9e2428fe14f5a93639e9eca4e,,7020,3,3,6,33,,
2026-05-22 00:10:21,ed582166fb580ce6a21a13bb48ebad66229c9900,,10036,5,3,8,18,,
2026-05-22 00:10:21,4718f25d94cb57cb775e3e1dae8944f2b4da657f,,23304,3,0,3,29,,
2026-05-22 00:10:21,ddd7e32d3ce3fe168d08bcd73c1533b71d8906b8,,6017,1,0,1,27,,
2026-05-22 00:10:21,2ed3a87407c0200cc50376921680095fd6d04f03,,15107,3,16,19,2,,
2026-05-22 00:10:21,ba5ad5e7f2a7815160759113877147f5b70639c5,,9101,3,12,15,4,,
2026-05-22 00:10:21,8f1492aa341312e903cae8a0c4d94cbb403d5583,,18017,3,0,3,40,,
2026-05-22 00:10:21,fcb858dc69d205203d4ad1e7cbd593582c1bd2ca,,11043,4,14,18,2,,
2026-05-22 00:10:21,5b4c9205a63da8811c4395cdc851eb3e87a877ed,,13103,1,0,1,48,,
2026-05-22 00:10:21,2022f938c877eb189007609493251751c8dfc8d6,,15059,4,54,58,5,,
2026-05-22 00:10:21,292599b9079cda7c5b66b7dcf42f84779f09f80e,,11102,14,30,44,29,,
2026-05-22 00:10:21,0f60df730541fdcda83b00d87fac51835e75bd03,,17201,1,1,2,47,,
2026-05-22 00:10:21,a76369aee276731da9303dd7a48b30b353c1fafe,,23403,2,11,13,8,,
2026-05-22 00:10:21,069f974701ee63a2191e4e2f47d9dd828fdf6532,,6027,2,0,2,30,,
2026-05-22 00:10:21,5cd34a95c7ebf7f12cd2b815287f57992359e058,,45001,3,6,9,12,,
2026-05-22 00:10:21,66e9e63e538a433e94991c0a7f2a0d07d858f63d,,21024,3,6,9,13,,
2026-05-22 00:10:21,e9b769dfbcd203e147c93b0efe2edee7168efa88,,20019,0,0,0,31,,
2026-05-22 00:10:21,aa33fed68f9f50d1f41ff17614ba56473c82e970,,18137,3,3,6,22,,
2026-05-22 00:10:21,d7ebf39d2b4a335cd606f8c85915e93adb6545c7,,7101,0,1,1,47,,
2026-05-22 00:10:21,62ceaf8aecf9cda8c3f8636b9612ee569e3702c6,,7016,1,3,4,51,,
2026-05-22 00:10:21,57d8a6126c0b3388d89ae2e963e1094b2dd74a02,,4011,1,2,3,31,,
2026-05-22 00:10:21,6298e863053aa6dae72635059670ff5bc09f4bb7,,12041,19,14,33,26,,
2026-05-22 00:10:21,51a7ef84dfd49cd0b4307648c589487c52dc1bfc,,12108,4,45,49,15,,
2026-05-22 00:10:21,1dbac9127b2617534d922efd6f58016d44b7d26c,,14006,0,2,2,21,,
2026-05-22 00:10:21,2b61e8e7e26dda3a114b44e542cc22cbce8fe6a4,,42301,4,2,6,18,,
2026-05-22 00:10:21,58a58b1fc34f30153c6cbcfa4847eef69d1dca0f,,18019,8,3,11,40,,
2026-05-22 00:10:21,c9b97221cf6d2342165ea31f51ceefacf748aa3b,,11003,3,29,32,1,,
2026-05-22 00:10:21,fddf90d3d352bab744c4b64822da37ded2c28c66,,15020,6,37,43,1,,
2026-05-22 00:10:21,1c64cce0412b1ef0cde98e9e5b96d6f663694d47,,13113,5,3,8,24,,
2026-05-22 00:10:21,7d1909b83c03d8b552396c747e009c941a0cc194,,19031,19,2,21,1,,
2026-05-22 00:10:21,52353df0e3b638245a2e779d07979d3939fd383d,,13114,6,1,7,16,,
2026-05-22 00:10:21,80cb091bc47c0d98ff42936d20706845a7aecf65,,15061,2,16,18,3,,
2026-05-22 00:10:21,0114aff5c69b21e3d3988354b3d0f7c8bc992158,,15063,2,20,22,0,,
2026-05-22 00:10:21,af6946f5886c3bc893015225ef92ae59b71585e8,,6014,3,14,17,5,,
2026-05-22 00:10:21,2057132acaa48b85d87f3d38e4224edb0a62d4e1,,14116,7,3,10,15,,
2026-05-22 00:10:21,cb0e35dc8bf89a4a067d5d45168d8d5183cf1d4d,,31018,9,5,14,19,,
2026-05-22 00:10:21,4c9664e2a84363cb95f70613d17bc6d661753ba6,,33005,16,1,17,13,,
2026-05-22 00:10:21,2bec049e02e963fbb34a900ea8820a1deea9f777,,7026,2,0,2,20,,
2026-05-22 00:10:21,c02dc809dce9656ec1647fa49345cd6c635c0483,,1016,1,0,1,21,,
2026-05-22 00:10:21,2a225480ea9d5d94ea92233f852fef2a3558cffa,,2021,3,3,6,47,,
2026-05-22 00:10:21,d5b4e215998834e0126234834bfa23b23c3e491e,,9113,4,7,11,18,,
2026-05-22 00:10:21,c70dded58d1627e0df4cf928648a8f97f1d9b139,,20103,3,0,3,22,,
2026-05-22 00:10:21,1690be94cfebdbdcef50c91085e427d2d26ca078,,2014,0,1,1,31,,
2026-05-22 00:10:21,373010d8311a338caeff058aa6b4fbca188a53eb,,4109,1,12,13,1,,
2026-05-22 00:10:21,0f148f91c2e96e504e6256ece72b882d2b640e01,,8105,1,0,1,29,,
2026-05-22 00:10:21,258c7c6f0eb5ed2bc6f4603ea40e526a85b54dd7,,8029,1,1,2,54,,
2026-05-22 00:10:21,3f3a12e58a0e5ac9f0dfcac2189ebb6a60cbf690,,2101,0,9,9,20,,
2026-05-22 00:10:21,56e379e0a5d86149cdd13b02512489d7e7b923f1,,22017,2,4,6,21,,
2026-05-22 00:10:21,30d36dfa5c885665e0c2a148750fa506d2dfe518,,17104,0,3,3,18,,
2026-05-22 00:10:21,49993b024135534768c94a563da883ea9701716f,,21004,3,25,28,3,,
2026-05-22 00:10:21,2eb673b99ba34269a7a03576475e788335066613,,22002,6,5,11,13,,
2026-05-22 00:10:21,4f5525b1c33e5a6a52121e0973642bcc5d0eecfb,,20045,3,2,5,24,,
2026-05-22 00:10:21,aa2bec2a4b8df83a9f372ede9a66563b3c8f5f67,,21952,15,27,42,0,,
2026-05-22 00:10:21,baf3c2a634d325c1e24434a56f63350c0518c509,,12507,1,2,3,97,,
2026-05-22 00:10:21,6f9c679601c18722713e790dc1bc27987174abe7,,12153,1,21,22,33,,
2026-05-22 00:10:21,88f42ea4cb5487c6e053859bffed1396e994d805,,18142,5,5,10,20,,
2026-05-22 00:10:21,e3f781b4d43ed014cd2636cff71af01b46bfa81a,,18035,1,2,3,34,,
2026-05-22 00:10:21,d7c24926777d2d6661d2534202f1c81d8b5ac5ba,,23105,3,1,4,29,,
2026-05-22 00:10:21,f1878b91fc7486281876098318a2d7d71dc3fc4b,,23005,7,12,19,6,,
2026-05-22 00:10:21,ebbd725ab2ea741d79aaa31b803968d6fd317054,,20117,6,0,6,24,,
2026-05-22 00:10:21,be7fe17b9a68cbd0aa6f6c2b95067d3b2a99b3ce,,44103,3,14,17,0,,
2026-05-22 00:10:21,3a027ead9a66fd9b34a3e77581779f91903f7d64,,4107,1,11,12,6,,
2026-05-22 00:10:21,421a10027176a1413ed7f12aa75c3c84a006b076,,22403,6,1,7,17,,
2026-05-22 00:10:21,231a4363bf84bb400a640682fcf80f58d25d9fcd,,20047,1,0,1,46,,
2026-05-22 00:10:21,01f844da6b97fc2a95729242319db3afef456bc5,,9013,1,9,10,13,,
2026-05-22 00:10:21,e78c62f1e01187b7529e9c5921d0588ba12010ef,,20204,17,2,19,15,,
2026-05-22 00:10:21,e13093bebfa166eeb2a151998a15ebf07e990501,,14127,1,0,1,37,,
2026-05-22 00:10:21,a4a863f2641b5669151217791e7defd529ec7e3b,,21017,1,0,1,54,,
2026-05-22 00:10:21,b0e76ae11ff3f4a01e53a214d90ab8ca27b0f212,,21951,1,8,9,13,,
2026-05-22 00:10:21,85f8ebb4ab1a4f70b60ed5c1da2aa582d183dc81,,14128,7,4,11,18,,
2026-05-22 00:10:21,bca8ed02995c14fd8a2d6ffb3f36c29f086c5376,,31101,8,0,8,10,,
2026-05-22 00:10:21,a520d91b4ca26f5b1c27d210f7999736b754f227,,12129,3,5,8,27,,
2026-05-22 00:10:21,7cdcfbb440697fdc38ecb52794fec2e8adb99b3f,,35004,1,1,2,57,,
2026-05-22 00:10:21,1cb43a21f74147b94c922f3749d4351a8d647ca9,,8011,1,1,2,12,,
2026-05-22 00:10:21,1adda055c5f594753579d69502bf81662a4c979e,,13020,5,12,17,25,,
2026-05-22 00:10:21,ce4713687c30a3cfbe52cc1c10ca9dfe298445c0,,14113,3,4,7,31,,
2026-05-22 00:10:21,e2bdef3a4603d5437c16ed571100b60d0b4ac6c0,,43203,2,2,4,13,,
2026-05-22 00:10:21,7e438966f68e4f53315ab138ce4a7fc2f34d3eda,,35015,11,3,14,5,,
2026-05-22 00:10:21,baae4c60f265cdcc41383a620783a2b147f3de13,,20203,7,0,7,13,,
2026-05-22 00:10:21,1d5b129b8dcc9bf5b8cdcafcd5829530fe8dd70f,,13515,5,5,10,48,,
2026-05-22 00:10:21,3b29d92aa07d1cf9c26462b64f3fda6c3f96a4b5,,15125,0,20,20,31,,
2026-05-22 00:10:21,141bfc20a9dbf0e74ce40450db54bf34aba17879,,13117,0,1,1,39,,
2026-05-22 00:10:21,e2ba3573ff095bd267e4d97ec6fa2ade3f794648,,13027,3,8,11,3,,
2026-05-22 00:10:21,60064082828b1c3e03183af7d5abc65c1fcf01fc,,10004,3,27,30,16,,
2026-05-22 00:10:21,2ef500eae206e6225cbef00e24bd94db967db69a,,21118,3,2,5,10,,
2026-05-22 00:10:21,b0fe33c443b8afc639c8b871614f57710b47d748,,10017,3,8,11,4,,
2026-05-22 00:10:21,bfa266c7db0c97007d806653836ba5958c662117,,19025,2,0,2,17,,
2026-05-22 00:10:21,328b0a42158007371912a63600542315a5038d99,,11103,4,23,27,10,,
2026-05-22 00:10:21,ba4494a93a7c20b80311d8beec8822733e89b72f,,22013,13,12,25,6,,
2026-05-22 00:10:21,b30a0b2ccb7ed98de611240d8761b75a8a413670,,10110,2,4,6,24,,
2026-05-22 00:10:21,6ef390c194aabd846aad919167be8c1048539c3f,,20002,9,2,11,33,,
2026-05-22 00:10:21,938b82837f639d5cb0f089fcda4f03f43d49c4ad,,21307,8,17,25,5,,
2026-05-22 00:10:21,34658fc9d22e8d1a57e41b62b6d520d1f4dfb3e4,,41210,2,0,2,18,,
2026-05-22 00:10:21,6a8cb8058946bffd7177bcdea5120f9aa93c8712,,21702,8,3,11,39,,
2026-05-22 00:10:21,8f5285ae46615f560ff342068aac1e5f8d8ada40,,42304,7,12,19,5,,
2026-05-22 00:10:21,40726c13f87bccf5ce1a12a458c970ee42fe4b33,,31021,9,3,12,17,,
2026-05-22 00:10:21,fa0cf3f36a4d3b611b4c5d51272303bf973d9b7e,,44002,7,19,26,0,,
2026-05-22 00:10:21,2ea4c9706301636ecb12200b19a697d0e8b19066,,21030,3,15,18,2,,
2026-05-22 00:10:21,a6657e6d77e8e46017a39fb7979b265c5f421eab,,16024,2,13,15,7,,
2026-05-22 00:10:21,ecec3e3d5ff28c9f737e36214a97ab5c77a01ffa,,15043,3,0,3,7,,
2026-05-22 00:10:21,ade3de435d39502a70d01b2241f14104ec1f7614,,17039,1,0,1,36,,
2026-05-22 00:10:21,229a374abc226e9fda1b125ecad712257a78798b,,42305,8,0,8,11,,
2026-05-22 00:10:21,0e2bb39126eef495f3792f96576862173c7741f1,,21955,9,10,19,7,,
2026-05-22 00:10:21,87fe7ae8130d00f6414ed6e05a6ca02938c09deb,,16101,1,0,1,27,,
2026-05-22 00:10:21,fd90ad09d333d0931aba7a9f9e1ad247542f3483,,13121,3,23,26,19,,
2026-05-22 00:10:21,2c0b68857f744a7c5b12f13a3210c0efb1097124,,13048,9,18,27,0,,
2026-05-22 00:10:21,eea22bc6bb07dca0ef2c44df94769fd32a72fc77,,21028,6,22,28,5,,
2026-05-22 00:10:21,c81baaabc1a21606c8c62ead055ffc5f2cc3bfb0,,10018,1,0,1,27,,
2026-05-22 00:10:21,1924936ef82afb66c190a9b6203adc79108b7182,,20108,11,1,12,11,,
2026-05-22 00:10:21,fd70d1f7919873f1f514b35efde81ac678788439,,21219,5,0,5,30,,
2026-05-22 00:10:21,5c4badefac7ecfe49ec2eed5680cfe41d593129d,,4001,2,2,4,9,,
2026-05-22 00:10:21,ff24472c93afc4136d800da3847cc42076a0ffe7,,14101,3,0,3,29,,
2026-05-22 00:10:21,55e8caf4ca3f50d0de8754a25dc36b787c0c54e9,,17015,4,2,6,37,,
2026-05-22 00:10:21,88e5c45975724610538134fab52fbc0a27cbe6bd,,22501,7,1,8,12,,
2026-05-22 00:10:21,24efcf3c29d2c294bdd3b3b31b37707a64460e2e,,13011,0,2,2,7,,
2026-05-22 00:10:21,2bfa20a62f57e8386b48c0b19feccaccdcaa6d38,,17023,7,7,14,18,,
2026-05-22 00:10:21,d3e18815042efde249dedf07dac092c74cef8b8f,,19108,2,1,3,30,,
2026-05-22 00:10:21,98c8f619af93e0199e109d8cf2fb417ea74bf755,,44007,3,2,5,17,,
2026-05-22 00:10:21,d19f9ba1cafbf066b85c79acc6e5524032fbb48d,,10105,1,3,4,21,,
2026-05-22 00:10:21,da0c712a4453d5415380ab2a66f6e46d34f6ceba,,17003,10,8,18,24,,
2026-05-22 00:10:21,6f88ed814af60de1c6aa3c580bf869ac3c3ec9fa,,13109,6,11,17,3,,
2026-05-22 00:10:21,fd40c91e6241e1d296ae53fbfc2cbc3d100e8414,,21204,10,3,13,18,,
2026-05-22 00:10:21,cf96e373334425730ce3870e96828b2948bc1742,,42209,0,15,15,1,,
2026-05-22 00:10:21,27dc212f2bc00fa2772bc6d55f6ca512825cc798,,22206,7,2,9,21,,
2026-05-22 00:10:21,36049605f6f10a06152390432499bce16cf7caf9,,11021,6,6,12,10,,
2026-05-22 00:10:21,d1893ce64cd727e63bdb2f4544fccb5853dce155,,21217,5,1,6,18,,
2026-05-22 00:10:21,0b3c14c621f5516335098a5c693ee2e90b64ac6d,,9114,1,4,5,24,,
2026-05-22 00:10:21,717639f6cfd496b2f9d97472d777b3b01d38ebe9,,25001,0,7,7,23,,
2026-05-22 00:10:21,df626687fbf43ce43405f89c7687eaee80298458,,35007,15,2,17,2,,
2026-05-22 00:10:21,6882d7917978b6a7a371a49cb5b0789876a32189,,47001,9,34,43,2,,
2026-05-22 00:10:21,3362dc32d6cf891907e2da85fbd217284a121aee,,44101,15,7,22,17,,
2026-05-22 00:10:21,6b8902582dec331992d0dea310b2b2bc8e9f1208,,13032,5,0,5,21,,
2026-05-22 00:10:21,5128d1c6d5e970fbacfaa87a107a0073676b9d97,,10165,5,3,8,31,,
2026-05-22 00:10:21,68ae3b3c837cd32d12d6b853d6d5070e30766566,,14010,1,1,2,38,,
2026-05-22 00:10:21,5156e84b25ac42b99c8ab1363ce266eb72c623a0,,43001,2,5,7,15,,
2026-05-22 00:10:21,f3035af16dae2dc271c99630b93ea8cd98640fdb,,92001,10,1,11,8,,
2026-05-22 00:10:21,8dfc6c21a533cde0cc63499ab824eba8a46d1dc6,,17107,3,7,10,26,,
2026-05-22 00:10:21,b92e90843e27d461bb3e72ddf278bfc9a7989281,,23010,0,2,2,25,,
2026-05-22 00:10:21,8daf932b071f7a2eb2b07accad9a217e846a14e1,,18007,9,3,12,7,,
2026-05-22 00:10:21,25eee5db4839038f343711fde916a9982ee7154f,,21401,6,0,6,27,,
2026-05-22 00:10:21,071c98cf95aa4720124966ffdb78658365150b41,,8037,5,3,8,28,,
2026-05-22 00:10:21,3b4bf726d0f91ef14c93f289f024c0d391f8de5a,,4020,3,0,3,20,,
2026-05-22 00:10:21,3cb847d76ceb20d8aa9d895a2e5ee5d1b55a66ed,,15022,0,26,26,15,,
2026-05-22 00:10:21,3b22a4e643204785466496000f815f3cabbb6e49,,23004,3,24,27,8,,
2026-05-22 00:10:21,d3f3d7ac3d98f187f5bda34f1c928e122521aa10,,22408,11,5,16,6,,
2026-05-22 00:10:21,49be86a81e16690c8ee265a960ed08c8df95897a,,1021,2,0,2,14,,
2026-05-22 00:10:21,20f487428d567df105e8e3777efe0a880e2c9017,,33015,15,8,23,7,,
2026-05-22 00:10:21,70ed0de35ced2e77742d6878e3daf7af5328633b,,35006,1,2,3,17,,
2026-05-22 00:10:21,219de3cc257e32bf949a954e63b12f0edb6a2d0d,,41205,5,0,5,14,,
2026-05-22 00:10:21,69485059a9223401b82c1607fc84991173d7e7c5,,22015,3,6,9,13,,
2026-05-22 00:10:21,792c6f24689f4cdc77d56e7a85a86a17c2f63a03,,12018,6,3,9,25,,
2026-05-22 00:10:21,57265f593d3287d96e552663de0c5e9c4f6265df,,15011,10,23,33,29,,
2026-05-22 00:10:21,d91a0066188266d81773b8831c410ed38c6209de,,32601,6,0,6,33,,
2026-05-22 00:10:21,5b0b849c4baaf5cfc964195a58ad48b7a0718f45,,33016,13,3,16,6,,
2026-05-22 00:10:21,2efdc006bb520d0533deee54f23a2f640951f87a,,10162,2,0,2,21,,
2026-05-22 00:10:21,a2af84204532bc972c8b88e4308008708970a945,,27005,10,5,15,4,,
2026-05-22 00:10:21,7bb05749f8a21d3e5fbe9f3db532c594a8327b44,,17111,3,15,18,5,,
2026-05-22 00:10:21,aa84299323f1a30e12b3fe30dc7b1defbdae7a55,,92006,6,1,7,23,,
2026-05-22 00:10:21,844949f82c17de9369b72f5aa1e313e6ef9def79,,5024,1,1,2,19,,
2026-05-22 00:10:21,d92102f5a6d781802dc5149f9b3b53d81f00eff4,,21314,1,5,6,23,,
2026-05-22 00:10:21,727546105c15fd1abc528d585676360b7f2c6efd,,12038,7,6,13,45,,
2026-05-22 00:10:21,c201bc85f2695cef479514e590b682331cb4f161,,12005,3,38,41,1,,
2026-05-22 00:10:21,45acd92ed70ff61d9f40bac88bb308d1c06e02b1,,12155,8,35,43,0,,
2026-05-22 00:10:21,393e5708c757f32bff4eb30ddbe1e200745fc282,,9034,0,0,0,22,,
2026-05-22 00:10:21,aea1dbc0a57690eaea7098736acbf5bf145a505f,,12028,6,4,10,16,,
2026-05-22 00:10:21,aca5093d5fd537ae7cc37a5c40d5f8c5c810fe3a,,12035,9,32,41,6,,
2026-05-22 00:10:21,62a97fc62fbff48ff670629da321c64080cfd054,,7202,0,1,1,28,,
2026-05-22 00:10:21,e53d2ccca1ee34ea860236e9a62ec8bf6d094cb7,,8116,0,0,0,25,,
2026-05-22 00:10:21,79a051e86a78c3d1ef2c7f4fe5da2b6ccb9b6c46,,12101,1,25,26,0,,
2026-05-22 00:10:21,a30401acdc04e12c1d2dc5aad6434d75d791325c,,21707,4,0,4,21,,
2026-05-22 00:10:21,674254fa98d451c903947f957f489ef8a7f3c834,,4019,4,12,16,15,,
2026-05-22 00:10:21,fbe693b9d8e823322def01d5329adf2f619437f9,,21319,0,5,5,23,,
2026-05-22 00:10:21,16a5475e3237b21326712ec033c7d278923f21bd,,47009,7,21,28,0,,
2026-05-22 00:10:21,b25fa05909edf3e682d68d434b5f4b91f3f8cf9f,,5001,2,20,22,22,,
2026-05-22 00:10:21,fcaa1c135568aefb9cf6bc16c300e81fcee9ef84,,15129,0,10,10,30,,
2026-05-22 00:10:21,41ce3d5e54c588e0fc19259be1299a4bd09d0bf1,,21315,11,1,12,12,,
2026-05-22 00:10:21,08bd096dc64d94c59cd3ba887af81d9b7e70dd03,,15006,5,6,11,27,,
2026-05-22 00:10:21,82ba289c39068d095d9e0e406190b875e5f57405,,13052,3,3,6,37,,
2026-05-22 00:10:21,94303e998f256c72c5f066e5f57765aedb71eb2e,,41403,5,2,7,13,,
2026-05-22 00:10:21,34243ac17819e88f102beefa3a493c6007d05094,,13018,3,1,4,20,,
2026-05-22 00:10:21,8df8ef7fad0d7ca575ab0538ba5989242b5aeafe,,33014,4,11,15,4,,
2026-05-22 00:10:21,81c8343bdee20780c5ac32c51610a5e2ac78eb17,,15127,1,33,34,1,,
2026-05-22 00:10:21,61ced4dc587bf7c5c34e7fda0be6eab35fa59cd8,,20105,2,0,2,27,,
2026-05-22 00:10:21,aacecf51f98ad2cd3b27a754e5050c348c40cba5,,33103,7,1,8,16,,
2026-05-22 00:10:21,0821ffbcecf7da2daf6484973585685f59d30804,,14011,16,6,22,16,,
2026-05-22 00:10:21,e8a5f61356265625e4417ceda2d06514e4705774,,14031,8,1,9,13,,
2026-05-22 00:10:21,63960f265704a1b2b564ad058e74e746aec86f3d,,20044,3,5,8,19,,
2026-05-22 00:10:21,2d2c0af4e1e47ae5b35b4906baa216fa44fb77dd,,43202,2,3,5,15,,
2026-05-22 00:10:21,411db79de3c59b66cf575780da617fcb260df472,,4016,4,16,20,38,,
2026-05-22 00:10:21,23a7530b70138e03c16249dbcfee2fe52b826442,,10019,2,7,9,21,,
2026-05-22 00:10:21,eabfa970d47ad176e4d5e3d0faf444757835d9ec,,10033,12,4,16,7,,
2026-05-22 00:10:21,faf2735240c7b5a41147429e08e21b2647e7a3eb,,43201,10,2,12,10,,
2026-05-22 00:10:21,0fa12fb3e1240fa0592f7970a991a8f41a383fff,,18039,8,1,9,11,,
2026-05-22 00:10:21,1832267929098f701e0bb8b99d3c9f7167b792d5,,12036,5,4,9,32,,
2026-05-22 00:10:21,7c6d4d0c756fcbce96f317c8af0d822ba6c91451,,16012,3,0,3,37,,
2026-05-22 00:10:21,a09829b3b0f8ddf1d153acfd4cf6f8844a071469,,42505,6,23,29,1,,
2026-05-22 00:10:21,0e1d936654280cb2079e6ebe476c3040d64414da,,12015,4,6,10,26,,
2026-05-22 00:10:21,3c1fc4727b4ec3dc502d856b59b3331feb70c611,,48004,1,1,2,18,,
2026-05-22 00:10:21,caefa35d287ad341d0322d966bfb67735d876887,,16042,1,10,11,26,,
2026-05-22 00:10:21,8707e0f63f765c0bed834040a81bf584ef367d07,,19110,0,3,3,24,,
2026-05-22 00:10:21,b829a0b424e48a8d83804b92e06f1559a986efce,,8117,1,1,2,40,,
2026-05-22 00:10:21,91f4c9cba60e0b5a4752a54d2d8e5bd8ed8aff11,,4006,3,37,40,8,,
2026-05-22 00:10:21,5ff6babb2a7bed37a08136a8de789110b79becb6,,18202,1,0,1,37,,
2026-05-22 00:10:21,dac6cf6cc2af26491b70655d082e68212949b227,,45002,4,11,15,12,,
2026-05-22 00:10:21,2a1b60239213be6827414162ca32c91607fecfe9,,15128,5,29,34,0,,
2026-05-22 00:10:21,6065eb1c1ea740b4d2eb2793be237b9feb7c30f3,,21309,6,11,17,23,,
2026-05-22 00:10:21,6a97f68c3b696c94548045967450cf33e445f577,,13208,1,0,1,30,,
2026-05-22 00:10:21,852b7bb4f72790d357cfc325937f176dded0d6fc,,18004,1,1,2,10,,
2026-05-22 00:10:21,8628664cff8b1160b0bb656dae07d074afb12f85,,16013,2,1,3,32,,
2026-05-22 00:10:21,5771f03a687731817a6f9c499468d78fc96beaf4,,7012,0,0,0,26,,
2026-05-22 00:10:21,63f1b40b335a1b1d2c9f9bd319066d37b9af8224,,20008,9,5,14,18,,
2026-05-22 00:10:21,a52f43a1e2f02e04bee09d9d894c1bfc7b2d23c0,,18034,6,4,10,21,,
2026-05-22 00:10:21,c095ec75b92a08886f7c45dcdd41c2a3a358ef32,,12019,9,2,11,17,,
2026-05-22 00:10:21,86360b41e9612c926a8f857b5c1ceead3c6cc410,,20104,6,0,6,16,,
2026-05-22 00:10:21,6a1591df70f213ec7870408ac198836b6d2a4d30,,14135,2,1,3,36,,
2026-05-22 00:10:21,35a532132a953d35f822a6bde5d4ecb63205ff3d,,3010,1,7,8,8,,
2026-05-22 00:10:21,adf100beb344f38146915406c74831b31fb985a5,,12156,7,6,13,11,,
2026-05-22 00:10:21,08e1c8f1c9889ede8379bb05666b01c7f793fa0b,,19002,10,10,20,20,,
2026-05-22 00:10:21,29f40157a9c70601697f0360b1e1dc2f9fb1a1d9,,10034,3,3,6,14,,
2026-05-22 00:10:21,5916b4dedc399a54a657b91922e152fdbba0aa49,,6104,4,3,7,48,,
2026-05-22 00:10:21,6c462feb4a776ded03afa04f7ff6f24097aa857b,,20034,11,0,11,13,,
2026-05-22 00:10:21,b62b5b4b972e8a2e6b459b92e0fb44bb503744e1,,13005,5,30,35,25,,
2026-05-22 00:10:21,2bdce1f153487c4b402ba0ab584d898c0a2ea5a5,,17019,7,0,7,11,,
2026-05-22 00:10:21,a07b452574d183068791ffd089c2fb15c35361f5,,22301,10,6,16,5,,
2026-05-22 00:10:21,fe2fbca1beced5298c9753925114173bdd434d87,,41405,7,10,17,6,,
2026-05-22 00:10:21,abf46d6bad88b54719705c66db3163dffa6a8f6e,,10011,1,6,7,10,,
2026-05-22 00:10:21,c83444bdf94734d69630be05337e9441f59c2869,,21953,6,0,6,14,,
2026-05-22 00:10:21,a3ed513baf748476bf1dfa8e78f63c0c09b179e6,,14019,9,0,9,13,,
2026-05-22 00:10:21,056ace8f295abd25a670d967f264f115b23b2d99,,3011,5,7,12,18,,
2026-05-22 00:10:21,637d311782583b08bdca28ec69d2744c3d6382dd,,10006,6,11,17,10,,
2026-05-22 00:10:21,112de6bef4af8c8496bd672424b10f478d7019a9,,8027,0,0,0,26,,
2026-05-22 00:10:21,fae0998313472f32ad89db9eda23bc560b9fe3e1,,10027,2,0,2,16,,
2026-05-22 00:10:21,2efbe71c82ef4e4796190b1fdb97d48d93ba90fe,,22401,1,0,1,32,,
2026-05-22 00:10:21,1c73202c7193d05e7d2f4b177e24287c5e741c7c,,4103,1,13,14,11,,
2026-05-22 00:10:21,e80ef7b336256c729e5736a5b57e3e62f4dcf769,,14103,1,2,3,24,,
2026-05-22 00:10:21,daeab4596be5d56e45bc7f3438b959a61c5b9a75,,20029,2,0,2,20,,
2026-05-22 00:10:21,e116d955e075cd4c55d4de8b5192ba69f0909b26,,2003,3,6,9,23,,
2026-05-22 00:10:21,c945edd47af084ea084778172dc5185f27241f9d,,13017,5,4,9,23,,
2026-05-22 00:10:21,bedb7e0f5ea7c26b8ccb9ac868fe101a5499a720,,12020,2,2,4,39,,
2026-05-22 00:10:21,814255f160b7a2f7c158b60c8ad305d3a6a5f502,,3006,0,0,0,32,,
2026-05-22 00:10:21,ac1d482612e2d78c62541e94f58ba087dfb845b9,,24006,11,0,11,28,,
2026-05-22 00:10:21,1ca8debd5c4122420fad58d0a0fe0f3b8b44d265,,14132,5,4,9,20,,
2026-05-22 00:10:21,7a6b499fae679e390cb3547eaab2ea66c9662423,,4014,2,11,13,15,,
2026-05-22 00:10:21,433d7afed66ebe042fa93fa2f6c4d9ca8cbe5584,,2005,2,3,5,7,,
2026-05-22 00:10:21,dc0ad03d2cbc5773ca73f4900945ce3c37d1c6f9,,23702,2,10,12,8,,
2026-05-22 00:10:21,5b28a665f73bbcc6b5558ba3b9dc68b236ec7ae4,,14022,3,2,5,30,,
2026-05-22 00:10:21,47bf09067a9d05c7b3422bd9749f12da13fe582e,,2002,2,7,9,18,,
2026-05-22 00:10:21,61313a156a453b817bcc54498d430f009fc31830,,19012,4,3,7,21,,
2026-05-22 00:10:21,673b1534b7edbb16cc97044f47fde20b93682958,,20205,4,0,4,18,,
2026-05-22 00:10:21,a14eae93bd1a81372c371099ab4012fa93dbfec3,,9111,2,3,5,14,,
2026-05-22 00:10:21,14513a8092c325f2c98fc42efcb075e7e9ebc010,,13125,2,45,47,28,,
2026-05-22 00:10:21,017fd95fb805029ed1b94c06b6cde4458eeaebf0,,48005,2,1,3,20,,
2026-05-22 00:10:21,ea4f1dd0774a0fcd40a968bea643492f72407469,,4012,4,20,24,3,,
2026-05-22 00:10:21,9d8b7b1d0288107eb34b05bcacc90dae91fc8e0a,,42704,15,1,16,9,,
2026-05-22 00:10:21,32d00c24a4ddb869de571d5ba4a75febde02a897,,21706,6,1,7,42,,
2026-05-22 00:10:21,07b3817b9a1a282389f79ee0f9c7e75ac3c7d84e,,1014,3,1,4,18,,
2026-05-22 00:10:21,1949b484a1980b3e784aedcb88d94485ab56af7a,,4017,1,6,7,6,,
2026-05-22 00:10:21,edc760a424f8b16149005cb1fd0681ef091f54ba,,42026,10,5,15,25,,
2026-05-22 00:10:21,e2610f91df545a2247e766fc6de6195c7614305d,,3002,2,9,11,4,,
2026-05-22 00:10:21,3894a2bf114dad9fcae6b35bd5ad468dfe6dedf2,,21509,12,2,14,9,,
2026-05-22 00:10:21,80a2390a1a7d7ad05280c6d2c6ee39021f584764,,13054,2,2,4,72,,
2026-05-22 00:10:21,5cd87c727979f49dbdeaf9fb8745ef53c471d4b8,,1012,0,12,12,9,,
2026-05-22 00:10:21,11d8083b6113cdd80e12e912512dde070e644ceb,,19130,9,3,12,29,,
2026-05-22 00:10:21,34dd8a1f1b2cbab3a920a9bef1f7ce84ce571b41,,2004,1,11,12,5,,
2026-05-22 00:10:21,01d1a8b21106cf2db3bc518eae6ba8a924204b78,,16044,4,25,29,3,,
2026-05-22 00:10:21,8adc5c315738bda956c0945d8ec49a33abb2ae79,,44001,5,14,19,11,,
2026-05-22 00:10:21,3bc11dd42f7970af46754bd4efdbe825a4558823,,4007,2,15,17,18,,
2026-05-22 00:10:21,fff1a06663d47d5b4d83d995f8ef082c5dd23a50,,16202,2,8,10,19,,
2026-05-22 00:10:21,a069a04be0d4db71055669477969b9b417957b93,,5004,2,1,3,16,,
2026-05-22 00:10:21,547f9277dbaa8cb9a1d30df8136b1852891f780e,,10041,2,2,4,12,,
2026-05-22 00:10:21,92d0e063ef3628c44bd3ae48bb6ac1d4ae9bafb2,,2012,1,0,1,8,,
2026-05-22 00:10:21,d66a513f443d48f2ede4415e8c58fc51ca924e93,,4101,1,16,17,6,,
2026-05-22 00:10:21,597efe5d3af17c8f80871886090a0e864d837f5a,,9039,0,0,0,27,,
2026-05-22 00:10:21,d4d9c096a32e027f4ee954647baa5a03f7c9f189,,1025,1,0,1,15,,
2026-05-22 00:10:21,8ce7cfac4046a7f058ad9fb870b1e98b2a4d62e0,,2008,1,1,2,24,,
2026-05-22 00:10:21,e7cfa672020a38ff21cd6e9ae9959caf39d8b139,,1026,0,7,7,22,,
2026-05-22 00:10:21,1de6b56b2009e7e3d0e7efade574b7f3917f3a14,,23101,6,8,14,9,,
2026-05-22 00:10:21,499469548d702b91318456392700c532b96ce571,,6201,0,5,5,14,,
2026-05-22 00:10:21,6d9af1f8a2d3b988636005284a8cf902cd298371,,22601,3,0,3,19,,
2026-05-22 00:10:21,1e8ebbeaf6561a05e176adb8b5afbe1e81856e9e,,1023,2,0,2,28,,
2026-05-22 00:10:21,dda05daa410d94448591d9b1ff268701ee360090,,5003,3,1,4,30,,
2026-05-22 00:10:21,7a0cae77de2a60b85bf2df47f7d1d2d4b00e8766,,21323,3,24,27,3,,
2026-05-22 00:10:21,2f7b013ce25fefa85cd2d946ba03a3eeacd65a47,,43403,10,6,16,24,,
2026-05-22 00:10:21,db995230b2c64dfd20ff15abcb068a8efb9037a5,,12164,12,0,12,14,,
2026-05-22 00:10:21,b42551895682e83c29aa6d6866202495e9fe0ad4,,12203,5,11,16,28,,
2026-05-22 00:10:21,717dd5dac89cb73cd36e5c96fdcc9e4089c88658,,3007,1,18,19,9,,
2026-05-22 00:10:21,7a9791f42dee9d6ac5a0a0f7f4a95e8f49d11e01,,18112,1,0,1,23,,
2026-05-22 00:10:21,eef44966ec799a759f320e86d31c580639865acc,,22603,5,0,5,28,,
2026-05-22 00:10:21,7eba6d0322c210e19a76dbc29489848164808640,,12113,4,15,19,27,,
2026-05-22 00:10:21,9de40b77ba952a6915104335dceb8522daee3e56,,23042,1,13,14,14,,
2026-05-22 00:10:21,ef4aa2214fc70f59ada278bee2e123c4f1c7e1fb,,42019,8,31,39,3,,
2026-05-22 00:10:21,46a1c7ea1c3892e2e3eb9b56525fb5d92bea76aa,,32022,19,15,34,1,,
2026-05-22 00:10:21,a68d31ddc7ea6161a8d89dca581582c20f88125b,,1015,2,3,5,29,,
2026-05-22 00:10:21,caa2fd0a358f88daf051962a2cdf8037f5327722,,2006,2,0,2,21,,
2026-05-22 00:10:21,21f8408b7a67614ce69b4ceeb623df43ef7c27a4,,9019,3,2,5,13,,
2026-05-22 00:10:21,d41c60d06f89f1e4fc0304bb1d763a0c74fdd8b0,,44004,8,18,26,1,,
2026-05-22 00:10:21,7f3ef3577f3eabc3947f0fe41a55deb9936ec10d,,19046,1,0,1,31,,
2026-05-22 00:10:21,3a61e161fe12871e8915f856c76614a6b6cdafdf,,2102,2,1,3,33,,
2026-05-22 00:10:21,d960413ed6cc52efc1af5434e434577fc363284c,,23202,10,1,11,16,,
2026-05-22 00:10:21,765b528e287568ee4255ada5b16deb11ba034cee,,12016,2,4,6,28,,
2026-05-22 00:10:21,ff1438b37eca0dc23521cf6dcaff6205801dcdd6,,23301,4,22,26,1,,
2026-05-22 00:10:21,4b863c42be07fca358fe505044e8f582ff04a165,,42210,9,9,18,12,,
2026-05-22 00:10:21,5d9f7bc97bceb149dbf8631622d2961e089ec8b2,,34013,16,9,25,1,,
2026-05-22 00:10:21,39d3022d5afa854d2ed0ced9e57bbada9e95b845,,20140,4,5,9,12,,
2026-05-22 00:10:21,f7c487c2bdfbd194334237675736b519bed44911,,48012,2,11,13,12,,
2026-05-22 00:10:21,92736ac3469174c73b916334583dd2ca63e9cbd3,,20010,11,0,11,23,,
2026-05-22 00:10:21,7857c78b5359bb49cc85314fccaa94918fa6e1b6,,42022,3,20,23,14,,
2026-05-22 00:10:21,0cd818e5d4de6c39fe420955b03348de26a37c4b,,15018,18,7,25,31,,
2026-05-22 00:10:21,a739bcaffaa582b755c6d910dc2ffcb197a08d9e,,20048,12,0,12,16,,
2026-05-22 00:10:21,d7bc60257493d3e4e29e83f6df36922940a328db,,10166,2,6,8,6,,
2026-05-22 00:10:21,8f8c7023b21a077646c8d2f6184c917b007b8f68,,45004,15,6,21,15,,
2026-05-22 00:10:21,a0cf819cb581e9f23346e2f7547d3427b1612707,,6015,4,31,35,17,,
2026-05-22 00:10:21,fd91605a73d825e0462335172ff7424b4dbc0ba5,,32605,4,0,4,15,,
2026-05-22 00:10:21,f12b51254dc671825ed5c14f22d05f56ff215bb5,,17202,4,0,4,16,,
2026-05-22 00:10:21,836279e86a9666aba5c5a5298b622c671c065efa,,8202,1,2,3,23,,
2026-05-22 00:10:21,5ce2f3ac864502011b17c5b0e5c57575c023afec,,32011,4,1,5,39,,
2026-05-22 00:10:21,3ceafd62d79e54849a2df8fcd3409f36d2e7e1d9,,10202,3,5,8,21,,
2026-05-22 00:10:21,2f9e04b25ab66361babc9d36e46b06843269f537,,42030,15,12,27,1,,
2026-05-22 00:10:21,6a0e776a4175c198122a7a672cf55a7e0f64e40d,,8018,2,1,3,41,,
2026-05-22 00:10:21,1e012229804742dac156616b633a12e701131266,,24101,3,2,5,19,,
2026-05-22 00:10:21,863c1ea42019e01a75b397895160a1e634df2bee,,34011,5,5,10,18,,
2026-05-22 00:10:21,0bf4e5770e19be04e73e2371a2c192730626160e,,21704,11,14,25,1,,
2026-05-22 00:10:21,79755fa4d1ea48346e3e1026409905d9d3cf5cef,,19121,2,14,16,18,,
2026-05-22 00:10:21,f4e6979d444550e36c4b0fa85dc1846796f8f483,,25007,5,0,5,19,,
2026-05-22 00:10:21,2cfe4be163c5fc5aba1d39607f22b899dec3c3fc,,19114,4,0,4,16,,
2026-05-22 00:10:21,246884707096d52b37ba1b17d73677ff99521263,,12123,2,15,17,34,,
2026-05-22 00:10:21,baf3c402b62bbf00c22ee94a0b15befe41ead182,,21002,2,3,5,14,,
2026-05-22 00:10:21,88378453a71b86664e46664c5bac0410a8bb32b8,,31104,26,0,26,3,,
2026-05-22 00:10:21,cfcc83285351033f0f95e236d9f638c369aa1b25,,42024,5,21,26,1,,
2026-05-22 00:10:21,4aafcead8a36edb1c01b28870a1276a680940449,,5027,3,33,36,2,,
2026-05-22 00:10:21,19b06f36f49664ae01575a80b506800e846f54cf,,15203,4,9,13,14,,
2026-05-22 00:10:21,58f510a4ef3b40bcb53a4a19ee11ae72480ae6dd,,48006,1,0,1,19,,
2026-05-22 00:10:21,a33ac8c2775ae99cf44ffd2a5dedb2de8e73f81a,,15012,11,39,50,17,,
2026-05-22 00:10:21,92e664e433609350ff4ed7bc8a008f471bd007c6,,19117,2,6,8,21,,
2026-05-22 00:10:21,a55c8c600bfd9daa94f028087dede59396860180,,11022,0,16,16,0,,
2026-05-22 00:10:21,ba686a56de1a86268252b0280fd070435f7ffcf4,,21022,3,13,16,8,,
2026-05-22 00:10:21,c6e11efabb4a1bef1a3e7f3567f442ba758b98b7,,15041,7,5,12,25,,
2026-05-22 00:10:21,fb44332611240e2ef0c641faf6dcb9face0f96ab,,41103,7,5,12,10,,
2026-05-22 00:10:21,c605214296e7bf852249427b250a1fae6cd6feb8,,13028,2,18,20,12,,
2026-05-22 00:10:21,c554f9d0a637057a8b353ca450b9e55ab8a2c985,,15069,15,25,40,1,,
2026-05-22 00:10:21,47717a528e72353627e9778c0d8f62d3b86f6a42,,20012,12,0,12,5,,
2026-05-22 00:10:21,bf10f2cc3046e872d8ecea0478717825e2bfceb9,,48002,15,5,20,14,,
2026-05-22 00:10:21,b8cee7ecca0116c20a35653132620e5f56f31325,,12008,2,49,51,2,,
2026-05-22 00:10:21,1d5ebe43bacc65120cbc48ba17f0899a111eab01,,13120,10,9,19,0,,
2026-05-22 00:10:21,926cfbbef79717d4ac1d81aa1a351e1c9569c651,,12119,8,6,14,36,,
2026-05-22 00:10:21,2fa120d9a56b0eaef63d30655758d6601a7b3886,,14004,3,1,4,19,,
2026-05-22 00:10:21,df9775c8d827b59d270f239f594d431cdb3afd55,,15050,6,16,22,0,,
2026-05-22 00:10:21,3eda8b251d149fb3478928bd62b4e7d9c6bf3f3d,,43004,7,7,14,10,,
2026-05-22 00:10:21,93fc13bf357a7ae1789e6b58ea60f1aa5f31c798,,17117,4,2,6,26,,
2026-05-22 00:10:21,b11614a4effe0d2649c549274f77fd0d6bfe9138,,18021,5,6,11,27,,
2026-05-22 00:10:21,c977f5d64ba36095110d7d01b6f1c180b61acc4e,,16116,2,13,15,14,,
2026-05-22 00:10:21,538552fd779311c31521820b23e38142730ed66f,,15045,1,1,2,33,,
2026-05-22 00:10:21,ee8ee3764592b871b58cad446b2047ea5a62a5de,,12022,4,15,19,27,,
2026-05-22 00:10:21,80557a96f79c084b4094d090d4cfa0a6b86f5699,,15027,4,1,5,15,,
2026-05-22 00:10:21,774e4deb1730c0d3ca4ee45fddd8acbda39402d0,,20014,9,10,19,16,,
2026-05-22 00:10:21,58c93d0f5566c50b5ba2614008f6c7b7f998e489,,22701,11,15,26,2,,
2026-05-22 00:10:21,3ac66917755a52e8c93ec8455986eb5d7036db71,,22404,8,3,11,14,,
2026-05-22 00:10:21,359f15ffda1bdd4d0a2aed0fc4240da240019ef6,,20032,7,0,7,19,,
2026-05-22 00:10:21,f116ecf5eb0cbe43c7ff659cc35148ed9c3609d9,,19003,3,1,4,17,,
2026-05-22 00:10:21,6233f37ea725ac270198df69bfc83105716a3e25,,14005,2,0,2,33,,
2026-05-22 00:10:21,6104a7a8ef4200777252f96eb8809a644098fa37,,20110,15,0,15,5,,
2026-05-22 00:10:21,71721f7ac593aac3ffa6b63b43b7df88e043cf76,,21218,6,2,8,10,,
2026-05-22 00:10:21,1295a908894dc0efce4fcacdf0f5b2a24b4b842b,,18101,6,3,9,13,,
2026-05-22 00:10:21,c8fdef6067a5f5f58d54cd0806de3d9efc03e4c4,,11016,8,4,12,36,,
2026-05-22 00:10:21,7cc4725afe0efd98d536adb1453c2a009b3ce660,,15120,2,8,10,18,,
2026-05-22 00:10:21,b5ae3460698e5b2d54ab843b97109f5b3e1a12da,,6004,0,2,2,43,,
2026-05-22 00:10:21,052652904a1575fee8d6f7551974f4a8f5e121f4,,15113,3,2,5,20,,
2026-05-22 00:10:21,479214c9ca1e8c4716974442379abd7727dfbd40,,16022,3,1,4,15,,
2026-05-22 00:10:21,eb4e659bd5e5ae678e7cfa090735f405a3cff068,,13023,3,2,5,22,,
2026-05-22 00:10:21,cc880f49bd9b82551a90e4352498a1a2560e888a,,20106,3,0,3,23,,
2026-05-22 00:10:21,91b1d9fbb4b3df1511bea3ebbb118a9965abdd94,,11029,3,9,12,27,,
2026-05-22 00:10:21,7e725a77e0090b66f623914bf79b13316df86080,,20011,9,3,12,8,,
2026-05-22 00:10:21,2a9972997a71f2dd428085e4ca0ab38c0634184f,,19007,19,9,28,0,,
2026-05-22 00:10:21,dc468182b92516a78c22532e686b9a227a55947f,,21107,2,17,19,2,,
2026-05-22 00:10:21,e79f303293d1ddf06e7187132b8c2783a9a82f7b,,5031,2,5,7,45,,
2026-05-22 00:10:21,234d4b2eff03869d3a401343e7e65bba1e28584f,,12017,7,10,17,33,,
2026-05-22 00:10:21,3f536e5df938e034b417c47523c47dd9b69365c4,,14025,9,2,11,18,,
2026-05-22 00:10:21,0e3cefd967c84c1b09148b6cb72fba548500cbcb,,6009,1,1,2,33,,
2026-05-22 00:10:21,021b2a35fd489299828e35638403de5ea79c4921,,42027,3,5,8,17,,
2026-05-22 00:10:21,bb8fe486ce3c52277a0f06ae50e0e2e5ee94a724,,20033,12,10,22,25,,
2026-05-22 00:10:21,4fb4d25b1e652444d2a8c3592ec97f893379e84f,,30005,12,7,19,11,,
2026-05-22 00:10:21,1d1eff80b9e463d34523d35524c51672e4ba48da,,13013,4,9,13,7,,
2026-05-22 00:10:21,6f08c8c596b3184a14741ff7f70026bb5b33ef20,,51007,13,1,14,14,,
2026-05-22 00:10:21,883b054d0eed3a919430a8dd832ea828669ed05b,,17036,2,5,7,20,,
2026-05-22 00:10:21,c4329ad6068377446ba1e0740c4286a4aec7539b,,13008,4,0,4,48,,
2026-05-22 00:10:21,16fb88a9a35138a61c4e00af9b92570ce4b50ca3,,1201,3,1,4,21,,
2026-05-22 00:10:21,9134b1e196ddf7226cd6d356df8093258cea3ec0,,12039,8,39,47,2,,
2026-05-22 00:10:21,47d6a47172922390dc74b2859789a8e4bd11b844,,41213,8,17,25,11,,
2026-05-22 00:10:21,09da3719d6aa9d151180b537428826ab5e5e7c3b,,21112,5,9,14,40,,
2026-05-22 00:10:21,0e213f055413bfe0c6e7ecfae7b26528273fac76,,24010,15,3,18,9,,
2026-05-22 00:10:21,bb67c1e4e45717834dbeba113dad2b2c1306d9fd,,25009,0,7,7,13,,
2026-05-22 00:10:21,463d171e179156fc6586af8420132e601af72e38,,41101,4,10,14,8,,
2026-05-22 00:10:21,97891561e40587b361c791fe42dee29c66581a9e,,3201,2,17,19,2,,
2026-05-22 00:10:21,ac6f5af8a3b006d3c5074ce21094c6aca9c1a815,,23106,0,10,10,10,,
2026-05-22 00:10:21,b2425badbfbccb5739bdd5a83b6a33c86d67b8c3,,21508,11,13,24,0,,
2026-05-22 00:10:21,18efee775f4bafaa4927ecd04a5a6f1691218549,,15032,8,46,54,2,,
2026-05-22 00:10:21,c66842621a31cd84d1e7119b1a901d3590b6202b,,20037,4,1,5,18,,
2026-05-22 00:10:21,76e7e388a41ab233a9dd1331c8782d00336c0a97,,22302,7,7,14,26,,
2026-05-22 00:10:21,57d6c7445c0bb8d4939af0198b60f764372d2e9f,,9029,0,7,7,28,,
2026-05-22 00:10:21,1ae713b6c821497e63bbc0d8c47c96a28ffd8780,,34009,3,2,5,25,,
2026-05-22 00:10:21,fe88ec36eea15f7c045466bda07b16b1f72925db,,41304,10,14,24,5,,
2026-05-22 00:10:21,369626270ccef032cc07c58a9ce085ccf9051543,,7007,0,15,15,50,,
2026-05-22 00:10:21,a7a62be261be55b8467024332ef96c086b10f5bb,,15039,8,18,26,0,,
2026-05-22 00:10:21,fb1e0af15ec3d675acf63f249243426ca851677a,,26011,10,10,20,0,,
2026-05-22 00:10:21,ef4320855ac24097adc9fffe1c4074cfdff3eac1,,18045,9,1,10,6,,
2026-05-22 00:10:21,e24bf0dc86084ed1f82a08dd46f99b64dbfaa844,,14110,2,4,6,19,,
2026-05-22 00:10:21,377b9aec6916f0cb9a9f8d9b3bf6309ad8b5769d,,18018,10,7,17,2,,
2026-05-22 00:10:21,be798f9f26b380c15ccd453953a974e50d197cf9,,10025,1,4,5,10,,
2026-05-22 00:10:21,005cf6d66bcf297874e8333b6f0c1586efaf5e80,,32305,1,0,1,28,,
2026-05-22 00:10:21,8d4072684fbdd090c2e6091bcf52b9e6d7caa6af,,22507,6,5,11,13,,
2026-05-22 00:10:21,fc256abe3b973fda6a73189ff570b0eac7ef622c,,22602,3,7,10,21,,
2026-05-22 00:10:21,305a487221e8c2116f209dd9344c487ecc7d8849,,25010,1,0,1,29,,
2026-05-22 00:10:21,4780bf3df7c0d6ef383f330c4bf5ea17c1e4cb3d,,32023,16,10,26,3,,
2026-05-22 00:10:21,7676b5a88e09e60564bfb23536b3305e8d653af9,,23201,2,1,3,42,,
2026-05-22 00:10:21,945fc0dc28351283cd0ec0bb9d66bcbadac97287,,12165,2,15,17,18,,
2026-05-22 00:10:21,54b7918c8276ceac27f0bf3b734e7e14da5ae2ac,,22018,4,1,5,30,,
2026-05-22 00:10:21,ef155c757b6f10b274c77c06d1185e24c2fdd508,,11001,4,17,21,30,,
2026-05-22 00:10:21,08f79c1c7ab6b7c193fd6f13ece338a8b54601f5,,10163,5,5,10,19,,
2026-05-22 00:10:21,196888fbd586aee58f4704a87fd5028a289bb93b,,23203,3,1,4,21,,
2026-05-22 00:10:21,a7ccd2517fef7d0736ce212de9f6f087cf08784a,,9035,2,0,2,42,,
2026-05-22 00:10:21,7ce2cd2a7202dca7876a2541a787fb4d57232f03,,21021,0,4,4,36,,
2026-05-22 00:10:21,98743426341b9c729fc6a07a4dba1a3c4b57a4ed,,17126,4,5,9,21,,
2026-05-22 00:10:21,7f7ff4d4314657feac0331abc13c0aab33da3c6c,,26009,12,14,26,1,,
2026-05-22 00:10:21,5c19609ee6e6d815cc1d96981df8539de28737aa,,34008,5,20,25,5,,
2026-05-22 00:10:21,b7a7222d85bef616bcdf5162964fb8efe9ecc1f5,,34012,4,20,24,2,,
2026-05-22 00:10:21,a9520646f72d16bbfedaa581c37f43a4092c8377,,23204,7,2,9,19,,
2026-05-22 00:10:21,a569c45c9ac473fed600a617d9bc45be1e58a15a,,15052,13,49,62,0,,
2026-05-22 00:10:21,5abe351f1d6c1157ba031dc1e3fb19471fa858d4,,17010,3,21,24,26,,
2026-05-22 00:10:21,ffe18789e2fdff9cefbe90679b1253ec4d5a4455,,18026,10,5,15,36,,
2026-05-22 00:10:21,9b2fdff9cd3b40570280f441907e741bc72438c8,,16006,2,0,2,17,,
2026-05-22 00:10:21,17cc2fad2976ef9b829d5339b3cc6a89529b3cef,,2108,2,1,3,48,,
2026-05-22 00:10:21,5084455304df604122689b7f9b6569411579633a,,8008,0,4,4,28,,
2026-05-22 00:10:21,bfa7cc901790b59efd61fa8aee3aef2e611c0073,,13205,11,3,14,10,,
2026-05-22 00:10:21,3ea5952afe41fac3c5cbff01b356ab4c43507b89,,31202,9,2,11,13,,
2026-05-22 00:10:21,a879442b9298d5e948de426dcf51eb177048ebe8,,47002,13,8,21,0,,
2026-05-22 00:10:21,39c2d1d7570885d7fa80e23932a393a7d4c09d73,,7201,2,3,5,12,,
2026-05-22 00:10:21,e3c9f1c9065ef9c0b3454bd00c54f8ecd59fdf5e,,31201,13,1,14,21,,
2026-05-22 00:10:21,eb557d76ed06d7d02b51878c57e540772138c663,,13204,11,9,20,20,,
2026-05-22 00:10:21,b3cf06eaa63b7bac0f34634f883bea1c290eb72b,,15062,0,34,34,1,,
2026-05-22 00:10:21,adccf311458a827bfbfe2eca9e75fcbf7b4e7f69,,47007,5,4,9,11,,
2026-05-22 00:10:21,3eeb146e6d729da2db7a101c0e7afe4fc20ec84a,,13202,4,2,6,19,,
2026-05-22 00:10:21,ba0084e5f31ed81fa01938a279e84689a63ea24c,,13051,5,20,25,12,,
2026-05-22 00:10:21,8072eb0c3b5a641c4918f87e065a58f755159811,,21501,10,6,16,2,,
2026-05-22 00:10:21,fff4e3a00443197adc9812f1f1690828f62e973e,,18209,5,2,7,31,,
2026-05-22 00:10:21,bfc6b32806427507e600fc9d6513727acd4cfe52,,19204,5,0,5,15,,
2026-05-22 00:10:21,17be5fe7cb0649ee907f652a8ae4e5429ecbf662,,5201,3,1,4,12,,
2026-05-22 00:10:21,39549b83019c15c7fb99833357d028903eb60e37,,10203,5,2,7,43,,
2026-05-22 00:10:21,b7d9076683062c140c4b1b6e19465e8f562069b2,,11014,0,2,2,42,,
2026-05-22 00:10:21,7e5f7efa5b264194a32b9c412434ee22241de3fc,,11046,1,9,10,7,,
2026-05-22 00:10:21,dac3d2ceb62b165323fb3fc0c4dc152500928686,,18044,3,1,4,28,,
2026-05-22 00:10:21,03ad334b5db20d539159f6fcd3d94bd1ea2f07f7,,12157,5,2,7,60,,
2026-05-22 00:10:21,5b13484c62cbfdf653bde432a70eb5d772dbf8a1,,18041,2,0,2,16,,
2026-05-22 00:10:21,85ec54606766b223cbba5c8fe5ef6ab3c0f6063c,,21213,4,3,7,18,,
2026-05-22 00:10:21,e28af20efb21350e7a1dce95bb2213171bee9ec2,,11012,20,8,28,5,,
2026-05-22 00:10:21,96f207effe3afa3940dad9bca1bed372966eebf1,,11009,2,9,11,26,,
2026-05-22 00:10:21,b6e0e5c4884eda177b20859a3960d318fa492d24,,11037,6,23,29,8,,
2026-05-22 00:10:21,f27bfe5862f88fb61ced1cf994d4e77f91bcc03b,,35001,16,4,20,1,,
2026-05-22 00:10:21,e20198457ad4bf2cd033806e382bcd68a7e526d2,,7023,5,43,48,8,,
2026-05-22 00:10:21,98d573db6f1e2228ed1ff2fc18647584be938193,,11011,2,21,23,2,,
2026-05-22 00:10:21,3705fc3662f2468bc990f2ce93b6bec11e93f392,,18205,14,9,23,9,,
2026-05-22 00:10:21,81307ec2a709772e9122085091175d5319406c65,,7111,4,5,9,17,,
2026-05-22 00:10:21,8b297e2b18b0e7e2b903e918e0074eec254935de,,9025,2,12,14,40,,
2026-05-22 00:10:21,f4f6f0885befdadec556efa921c47e7bc4561145,,16103,1,0,1,21,,
2026-05-22 00:10:21,8895f1be88ac14b6ce141b5d6269ed707f592353,,7025,5,21,26,7,,
2026-05-22 00:10:21,db0113b916ab46013b8dd4b4e0a4ccd47361b41d,,40007,2,5,7,20,,
2026-05-22 00:10:21,30e46c54e3a1f5d88882929465cc0c99356bd39e,,40012,9,0,9,7,,
2026-05-22 00:10:21,9e34004dbba4fdc2861532736dd69231155ab489,,15122,3,23,26,1,,
2026-05-22 00:10:21,fb922e33e74db1187a2cec901eca377c8427d04b,,16005,16,4,20,5,,
2026-05-22 00:10:21,b217892ae74130f9c97c3e030cf04675bf310ac8,,12201,7,18,25,25,,
2026-05-22 00:10:21,0a2dda1df5f0ef1e1ed949579412b93d5dfc0a96,,2202,0,0,0,38,,
2026-05-22 00:10:21,7f71c9cb2da729f49615e775251c7bd12275026c,,40003,9,3,12,5,,
2026-05-22 00:10:21,462f5d3c4a7678d9e6ef520feeb0efebd25b6ea4,,23801,2,2,4,13,,
2026-05-22 00:10:21,08d7a674c366cd201efc4d96a49796ea8f20c7bb,,32004,0,0,0,40,,
2026-05-22 00:10:21,9a83fd8b06e6954f2cc6c38de752d130c8104c58,,40008,23,3,26,18,,
2026-05-22 00:10:21,d9f31448185a96ac82cc7cd068247869f86b2396,,14021,7,5,12,44,,
2026-05-22 00:10:21,dc1b7300f6d5ee0b6cf764ced44c2176bc9bad41,,13106,2,0,2,19,,
2026-05-22 00:10:21,ea6ec88ebf1df65bba62ac21fb6b858d59cb0e5d,,17016,0,0,0,29,,
2026-05-22 00:10:21,3a4790da8b291ec02a27a1884640c146807e92d2,,51005,19,11,30,6,,
2026-05-22 00:10:21,43e997b2ebe2a35bd1ca36dc88f6f5e7f4b92262,,10031,13,1,14,22,,
2026-05-22 00:10:21,2fad85363ea022b34e55fd42988a8c86d4e5a62a,,20137,6,0,6,19,,
2026-05-22 00:10:21,9277597d48e7b4cddd79e2b12a0b26fdf99fd233,,6010,0,3,3,12,,
2026-05-22 00:10:21,354edccaeef7d80a2cf0405ec54ad0951cf8d1e6,,15001,1,0,1,42,,
2026-05-22 00:10:21,1cb612603130db914eee94f219192e69cae2ba69,,31708,14,0,14,8,,
2026-05-22 00:10:21,fddc79f67ac77e6f95cf1e615a2c14ff6023ee96,,27004,9,7,16,10,,
2026-05-22 00:10:21,abe502881a8de59dfaf1f909dcb1480885f973cd,,31029,2,1,3,21,,
2026-05-22 00:10:21,e029d393ab91030558052df4b8d300da56f1793a,,10013,9,36,45,15,,
2026-05-22 00:10:21,faca9cdc348b061d1781fe5cf2ac53cf5e077a48,,6001,0,2,2,28,,
2026-05-22 00:10:21,8cd772eaccded97d6b29482825dac1edcc9ab1df,,17123,2,2,4,13,,
2026-05-22 00:10:21,d1df8a783e6647c596ee14d776b079105f61c2cb,,1002,1,3,4,14,,
2026-05-22 00:10:21,c2ef55bafd724de7c8fa0027d0fd0a9a94cd8132,,17038,4,0,4,57,,
2026-05-22 00:10:21,fbddf5483a37d9e6ce74289932b8d78bb382f29f,,43102,11,4,15,3,,
2026-05-22 00:10:21,bf9809ace6fdf5575044984fc73da5624bcdcc7b,,45503,0,0,0,20,,
2026-05-22 00:10:21,9505eb31ae5a570eeb6c6a745bc81b7e686bbaa4,,23805,8,0,8,8,,
2026-05-22 00:10:21,ea29b0e5a1338a7468a24d226c183ff2a4ffd969,,5020,3,18,21,18,,
2026-05-22 00:10:21,10be74d0aa6bad2afe21f8129eaa833d1be25bed,,32308,0,1,1,49,,
2026-05-22 00:10:21,4e36e2c8ed1a4c7e278b161d4240495cc0454579,,8052,1,0,1,28,,
2026-05-22 00:10:21,edefa5d0fbf2d1a84090d92648bc737ef857c655,,34501,3,4,7,18,,
2026-05-22 00:10:21,7ddbed6ab68df6725797e53a6ccf8928106dc33d,,34015,7,10,17,18,,
2026-05-22 00:10:21,511666f1b5e63b2de27f9e3ea17587300eabc6b0,,43101,12,7,19,11,,
2026-05-22 00:10:21,69f6d7ada42708207853ba1fd260865548f3f951,,6016,1,10,11,21,,
2026-05-22 00:10:21,dea9b4d78af948b1b783f8fc152b7e2bcf95f15c,,23904,9,8,17,1,,
2026-05-22 00:10:21,3bbceb6bbe5a68edeff8dfe338d6df698b74759e,,23806,1,0,1,15,,
2026-05-22 00:10:21,9f716c3327d01d8a47e2960595f0d25d60b7fbfc,,40018,17,8,25,2,,
2026-05-22 00:10:21,a705b8c2f134a006da52cbbc59415cd021fecd7f,,18014,10,1,11,2,,
2026-05-22 00:10:21,da1c846acf064727cf88c74431d4de86e35ce320,,40002,13,4,17,2,,
2026-05-22 00:10:21,f4ba57a22d8ce0973d4df3393f127f0c1b2c2931,,44018,5,32,37,9,,
2026-05-22 00:10:21,c79e52ff942d7e5d72a11dd0f0ee976fac1777a9,,21302,11,32,43,1,,
2026-05-22 00:10:21,a6be6b93c9c75847bb63f2c06de5407dcabf541a,,15204,3,11,14,9,,
2026-05-22 00:10:21,5cd2ae782730ace2957606c94d091282cf296ba1,,15058,0,8,8,37,,
2026-05-22 00:10:21,5e0960064c9969d3bec68031f150c228f608e099,,8002,3,8,11,29,,
2026-05-22 00:10:21,c3b2db30f2a75f9cdd0ba437925d04c135b9ae3d,,12127,15,1,16,40,,
2026-05-22 00:10:21,65c2a37e7106065976c324564cf22609e5c251e0,,9104,1,4,5,15,,
2026-05-22 00:10:21,3d3128c4dd8c00b544abfe25b3a93e54b3bb5ec3,,18043,3,3,6,14,,
2026-05-22 00:10:21,80d2ec518b6503a444b19ec4f375f263205e6fcb,,5202,4,2,6,28,,
2026-05-22 00:10:21,e0cd0f7392474127f73a2034fe6630cfa245bfcc,,19018,0,0,0,58,,
2026-05-22 00:10:21,5345606959e70b43aaf18d0d6561454c51e37a8b,,8203,1,0,1,32,,
2026-05-22 00:10:21,16943b5ff1d9eb0be077f88182609eb144fe1d47,,16107,12,9,21,14,,
2026-05-22 00:10:21,4151e8a1bc50f01a4619e9b4b75b8f10f7b47576,,9020,2,0,2,18,,
2026-05-22 00:10:21,98eecd58fbcdf75d945f0b0afcf3de680664af34,,8026,1,1,2,9,,
2026-05-22 00:10:21,94af7fe0397a09c392882c9859b6582c9ea38d77,,6003,2,8,10,11,,
2026-05-22 00:10:21,74bc7bfb6f30025b59517dcee7ecdb1198b38447,,7002,5,12,17,17,,
2026-05-22 00:10:21,64f9dcd2c227fe6a731ca883d839eb097654713c,,5110,3,2,5,18,,
2026-05-22 00:10:21,07d4a7dbf56e175e1614fe98a6f323d414671722,,40011,9,12,21,6,,
2026-05-22 00:10:21,3f9fdd5064001c373d332edd2d8b1354212cc986,,7003,0,1,1,57,,
2026-05-22 00:10:21,6176e0ae6781c8d549133453d2c689089e58088c,,17041,3,9,12,22,,
2026-05-22 00:10:21,0ad0adae4c7e16dc28d15d2b74161a6f1efb746a,,15047,9,11,20,32,,
2026-05-22 00:10:21,a7357f8bd845b73b2f527795131cb33efd89bcb5,,17026,22,14,36,3,,
2026-05-22 00:10:21,48512cad7ed1782072b6081e552a084d25daf799,,13007,11,8,19,28,,
2026-05-22 00:10:21,ab784edf74e3a869dc96f48b77f381e1a9e88e93,,42208,7,0,7,27,,
2026-05-22 00:10:21,28a9f02ded3b88a8d74a7a6cb96e00f4d67611db,,13101,11,9,20,14,,
2026-05-22 00:10:21,2a9e64bb52437d1fcce2f5397623f73c4f8d9604,,21108,10,25,35,16,,
2026-05-22 00:10:21,5f9605ea9b8d22c19271067bacd85a7abc24b9c3,,2022,1,1,2,32,,
2026-05-22 00:10:21,1d44eb78af8918e226d04a7e7271c2a50f3bfdfb,,17044,6,7,13,27,,
2026-05-22 00:10:21,2f0bb7a53159a6a8eee4c2dac2e8475d4341e7aa,,19033,0,6,6,36,,
2026-05-22 00:10:21,954af9f89107c5831f37a8bd05d14c16b6ac2f1a,,21326,3,0,3,17,,
2026-05-22 00:10:21,20c74fbb54b50848cca234faf4945b277c26075e,,20143,9,2,11,32,,
2026-05-22 00:10:21,47edadb066eece425fc8d3a7affb2da3467fc501,,16138,0,5,5,24,,
2026-05-22 00:10:21,24afe8bd504097d8a35b4a1b2cd76ef917da6fa7,,21216,4,1,5,20,,
2026-05-22 00:10:21,ed19e18847cfd2a887bbbb112f0056b7433dee78,,15068,1,1,2,14,,
2026-05-22 00:10:21,b912da58ce09179ce9cedc5e4966082f94f06e4a,,22207,4,2,6,16,,
2026-05-22 00:10:21,35c7695b20295425ee8483615677a653e58c8b1a,,31028,5,3,8,19,,
2026-05-22 00:10:21,3d2e99491bd9169040c1091cc09427e18c489eff,,44017,5,10,15,14,,
2026-05-22 00:10:21,df389d0e9d4a0e5520be63c5531304ca5cf72706,,44010,1,12,13,17,,
2026-05-22 00:10:21,7aec999424a35870d75d31f11d7e353e8802cd9e,,8048,0,0,0,20,,
2026-05-22 00:10:21,75fb5ceae8e13ae46b84c91094d442e3cd6cb371,,13118,4,53,57,4,,
2026-05-22 00:10:21,cd7e40c7008b2d570d04eff3011c1c4a1ec036ef,,13030,5,2,7,12,,
2026-05-22 00:10:21,2e904dc40860ac00ec96f8b66c14658a26240387,,48003,2,4,6,16,,
2026-05-22 00:10:21,d0d80d78aa55ec4abb03ee9f78fd67ccfa927d50,,44015,9,2,11,8,,
2026-05-22 00:10:21,5cabac33d490ae93b4e29d365bd862cbbf3fc280,,43009,14,27,41,8,,
2026-05-22 00:10:21,bc3788f9d19e20e66b05e68be6586a83c86206c2,,10115,2,6,8,16,,
2026-05-22 00:10:21,c53fbdb167de6eaf99038ab6169089cb3c8059a2,,10161,1,1,2,30,,
2026-05-22 00:10:21,be238a983686a571c2303bd4feeca7e428cd0446,,41303,24,4,28,4,,
2026-05-22 00:10:21,9abb48f02e063da5b5a8edd1fe77a1f0692ba88a,,21328,8,0,8,21,,
2026-05-22 00:10:21,abb66cf274ff786ab529c41cf5629fe82bebc6f9,,13104,2,11,13,12,,
2026-05-22 00:10:21,e681a73b5a8091f517098835e98ac086834b598b,,8009,0,8,8,17,,
2026-05-22 00:10:21,c90408825685af8c765aa9b3eebe5059a547bd06,,31103,21,4,25,9,,
2026-05-22 00:10:21,c66e8d977fc8e3ac2ba38d339c6915fb7b233226,,7018,3,1,4,14,,
2026-05-22 00:10:21,1354c00787ce5c7691b6e6f04d182b8313c961c8,,5005,4,0,4,38,,
2026-05-22 00:10:21,80b2fb48ead14de698162c5342a259bc745267a8,,8053,0,1,1,27,,
2026-05-22 00:10:21,a6e587bc8a0f820a7d3ca873aa673f8e1d1aa129,,9038,3,2,5,21,,
2026-05-22 00:10:21,6d74fb10f68ce19ac14969d2634c0c539bd985c1,,31706,6,0,6,19,,
2026-05-22 00:10:21,797ddafd67a610f535d57507a926c14b91fc946b,,22409,13,1,14,2,,
2026-05-22 00:10:21,e142a6b6975a63dd38e43af187fd7d52a1f7f31a,,9022,0,3,3,28,,
2026-05-22 00:10:21,41060b637b9e56f1f67a8f44e835cd4907d039fc,,51006,9,0,9,17,,
2026-05-22 00:10:21,9fb03bcacd88c87b4af151568bacc6e6144116ca,,92007,1,0,1,21,,
2026-05-22 00:10:21,1a38c8ebdb52f5d1db2301c48448d66290698a01,,16026,0,6,6,16,,
2026-05-22 00:10:21,7759e2ada4002357bbfbc57b9e7e81ad1f004247,,9028,0,4,4,13,,
2026-05-22 00:10:21,10001b14b38da0df5bd85a51dc311e821a2c0f0c,,10107,3,1,4,44,,
2026-05-22 00:10:21,440fd2f426ada6c6674f2ef7488e9473965db439,,26002,23,9,32,7,,
2026-05-22 00:10:21,54c899e21bc5d00350b14aa5e3519cdae772ff81,,17043,0,4,4,34,,
2026-05-22 00:10:21,6545bd4f76dd2242f868de3edfa77d22c7eaeeac,,19026,6,3,9,21,,
2026-05-22 00:10:21,11bb0d2eb7324d54c5312ce63f5a6f0a83edc154,,16039,3,9,12,37,,
2026-05-22 00:10:21,2c71d56df2c9e1f669ce060e54a9dd5a133dc88d,,45003,11,2,13,21,,
2026-05-22 00:10:21,3d09cf69106927cce91bce991db84740726291ae,,12111,5,3,8,37,,
2026-05-22 00:10:21,d5cc1c6e2e2016367db13e344fc082884849b0c7,,8034,0,1,1,48,,
2026-05-22 00:10:21,e94ad9f1bdbdda5d256ab24d19762af79afd0055,,19043,17,2,19,31,,
2026-05-22 00:10:21,158fd407ff672a3639fc9ca619a7f3073b767ab4,,5032,1,0,1,50,,
2026-05-22 00:10:21,d7ddb6d3f443c8c3b2121cbc385183e501752931,,10010,1,11,12,17,,
2026-05-22 00:10:21,ed73b5f21d3bf4b313f8180f3f2418b54f239b6c,,18107,1,1,2,31,,
2026-05-22 00:10:21,d2197d399322db9228da131a8e9597f75aeff537,,11027,17,15,32,3,,
2026-05-22 00:10:21,7ff5cd816878af0ce7402022ae67910f28cd6cea,,8010,0,3,3,14,,
2026-05-22 00:10:21,d221c32c7253a56e317ce865bfa74fe0f5bbdf01,,31022,1,1,2,50,,
2026-05-22 00:10:21,6615cc539c76cec17b5d87d545f505a4fa9a7824,,46002,5,1,6,26,,
2026-05-22 00:10:21,41bb6e55751985fd3d2318c3cda9d2ad441604bc,,10016,2,0,2,12,,
2026-05-22 00:10:21,ec62c1f0ae7341c02245c6730e14a4c82614954e,,31009,11,0,11,15,,
2026-05-22 00:10:21,80cd7d5c1bf2a43bbaeb8962b0c31b8ffa4cf811,,41302,15,2,17,30,,
2026-05-22 00:10:21,51413f862d95e933dc086572d8388db0744eeee3,,33017,15,12,27,2,,
2026-05-22 00:10:21,72145f57d90b5b87ec68cf69552e298579aa6e2b,,21212,13,2,15,7,,
2026-05-22 00:10:21,fd13e583bc189e862493903dfb674d91578a3287,,44006,10,8,18,16,,
2026-05-22 00:10:21,d3343f70f111d0baea836064f0ea7c2152c409bf,,19120,8,0,8,19,,
2026-05-22 00:10:21,bc836b320dda024b213a02bfcebf492dd3686335,,20042,8,0,8,31,,
2026-05-22 00:10:21,17d14283fd4311b4918db4e74e4ca3342302cad1,,11113,4,12,16,40,,
2026-05-22 00:10:21,3725f721b0a4382f674bb54ae7b9bf7a80829c3d,,19101,3,0,3,20,,
2026-05-22 00:10:21,8c77ab5a4f31f2a246e26b35d1d60544d025777e,,14138,3,2,5,27,,
2026-05-22 00:10:21,a579af1207738bbb6eef6db2ee188d59060a0937,,41209,4,0,4,11,,
2026-05-22 00:10:21,b878113dbfa3d4c27214e87e7d20786606208249,,22406,9,3,12,11,,
2026-05-22 00:10:21,466063fca821ca52f0cb88a53006ccc3671ce59a,,2111,2,3,5,21,,
2026-05-22 00:10:21,75ae116571818306b011d533a35c66f0182ff13c,,18022,20,6,26,9,,
2026-05-22 00:10:21,0ed2f84dcdb6c80180c8d14c26227b3b0f68990b,,15109,0,27,27,2,,
2026-05-22 00:10:21,8b160844a88de86ba2763c6d4c6a9b7a48a7ab4f,,8045,3,1,4,49,,
2026-05-22 00:10:21,0aee83594f1b318f98f6b9cac046f59cf9543e02,,10042,1,6,7,25,,
2026-05-22 00:10:21,25863dccc3c2697369cf0f76302b64bcb8235839,,42014,2,23,25,1,,
2026-05-22 00:10:21,7c405f3be6f428bfeb8608dd59499a301dde105d,,8028,1,0,1,0,,
2026-05-22 00:10:21,09e976a2881a0fc0460e31fb05b6ccb35f32a441,,35010,13,1,14,8,,
2026-05-22 00:10:21,f22e9881582f48affa5048003fbc62ba146d1a27,,44003,8,7,15,2,,
2026-05-22 00:10:21,486c6f2464571799a2bfccfacdb69d50ffd380a3,,41202,5,16,21,39,,
2026-05-22 00:10:21,17fb114bbd5e50b9fbbf4b65cae9eccb78d87073,,20115,0,1,1,18,,
2026-05-22 00:10:21,130fcd0a577c1283594e9eb6d13fdd4cbee4369b,,35020,3,1,4,15,,
2026-05-22 00:10:21,ebaaac1c3d5c46a804e5a3ffde25249569637538,,22402,9,16,25,17,,
2026-05-22 00:10:21,75543ed35f77b2288fb9a78b7b532be0d280d9af,,9116,2,0,2,21,,
2026-05-22 00:10:21,9d00b0a0d6fac903f4683f5e5213704a59b1d06c,,11030,8,10,18,6,,
2026-05-22 00:10:21,4221dd82c48eddd6e8b52c21b39e03e8b81715e7,,11026,23,17,40,4,,
2026-05-22 00:10:21,af2d5e38d9b69a5a31469136391e019f50b1824c,,32604,11,0,11,39,,
2026-05-22 00:10:21,2e9623d49941bc9d3b3297794a8d7c88ce23a793,,19024,1,0,1,19,,
2026-05-22 00:10:21,2eed9005667eedbdb108d48907601a3cc89870a6,,18028,17,4,21,10,,
2026-05-22 00:10:21,cb8d3ecfcb7dd65a3f3ba28533985dddb1686790,,17033,3,1,4,26,,
2026-05-22 00:10:21,d546ad37b346c4def8b0d07a819c96996cb34989,,19032,15,5,20,28,,
2026-05-22 00:10:21,6de3fe0d10a48fc50cb4cb26a140db3849eba00c,,16030,0,44,44,10,,
2026-05-22 00:10:21,dced25a5c5324f1b2ff6e5116853fec26f82f1b4,,16136,13,14,27,3,,
2026-05-22 00:10:21,a9ae0c926f8b915815bb7c16538647f78626c3da,,11105,13,11,24,26,,
2026-05-22 00:10:21,d5884c5c4e1c56886f28a29840f2f7d0256899ec,,20134,8,1,9,11,,
2026-05-22 00:10:21,1826c3e9a7d3696d6fe400204f7bb029a8931801,,24001,6,2,8,19,,
2026-05-22 00:10:21,fb22bfd0912675c5499c1e6c3c6116e9c111738e,,22016,2,13,15,11,,
2026-05-22 00:10:21,b0b46b2913e1297f7a4d194b710429886e87dc24,,32302,3,0,3,16,,
2026-05-22 00:10:21,1c9a98ea1554cd7a3da14c819c7ec54461663664,,10014,2,19,21,32,,
2026-05-22 00:10:21,bea1a3eba4ac79da3c0c4927212a77dd21b3a305,,11035,8,19,27,24,,
2026-05-22 00:10:21,1d0733150f19b8a3e5df9fe0e10e5e56e600a043,,42010,5,34,39,13,,
2026-05-22 00:10:21,b028995e90dd4e68d30b830ff395b2be77c37dfd,,22006,1,4,5,23,,
2026-05-22 00:10:21,49bd0e273f2625dd8ad1eb8f165a14189d4eaf9b,,21301,7,22,29,4,,
2026-05-22 00:10:21,09b783b5c726f2959362253eca42cfecf577189d,,19029,3,0,3,16,,
2026-05-22 00:10:21,6f3e6ed7583f9765f8b5278e6658a1871dbc0783,,9032,1,2,3,32,,
2026-05-22 00:10:21,9f201a6d055ef4bd2f43d1253f080e2821b44c5d,,19016,7,5,12,19,,
2026-05-22 00:10:21,d2e39a6575bf0899493719f71ea8e0a87c9adc42,,21104,5,3,8,14,,
2026-05-22 00:10:21,748ba508d7859127c3ec8388ed2430097992ebbd,,11042,1,34,35,13,,
2026-05-22 00:10:21,23787df747a6d4b85b5731bce9a3879c69c72546,,32026,5,10,15,11,,
2026-05-22 00:10:21,0a3d98ca3a807d98a729ec1f13f4ab28eeafd202,,9005,2,0,2,31,,
2026-05-22 00:10:21,9d93b6876d15c83e0c9a159543d366a36815b994,,8025,2,1,3,31,,
2026-05-22 00:10:21,73a3e783cf2bcd45d3fbc91b113bd4e95c77815a,,26013,9,10,19,7,,
2026-05-22 00:10:21,f4fb35c2fe9fd0c1c8c781c9539bdc38e0ae768e,,20111,15,0,15,5,,
2026-05-22 00:10:21,aa03451f864fb26f5960837f37ada522fa0954da,,20043,2,3,5,20,,
2026-05-22 00:10:21,2e9a5f9967a40aaf1517068f30f057d3e56263f4,,42015,3,0,3,20,,
2026-05-22 00:10:21,5da213969d9e7203a266bdf4793fb2744a0e467a,,31010,15,8,23,18,,
2026-05-22 00:10:21,773fefd52780f26839ef4c6634f3c704f965d8af,,19125,7,0,7,20,,
2026-05-22 00:10:21,cc77da49e15bce06bc1638da83717bf8e2f13d2f,,14036,4,11,15,28,,
2026-05-22 00:10:21,8c96001c2733e0e3444eac2700bbf462910f9b6c,,12009,2,11,13,3,,
2026-05-22 00:10:21,c167da8be3db6530ffb08bf2d6417a171221f9af,,31203,9,0,9,21,,
2026-05-22 00:10:21,7a819e7d43e7dd5025673bda2c6b796ff0234371,,19008,6,1,7,17,,
2026-05-22 00:10:21,08a87795cc25f26e5374e17142b7b5ce7f035b15,,42029,8,3,11,17,,
2026-05-22 00:10:21,4a295ffa30d2cd55d0b11ff26705b79c39f091f5,,8035,1,1,2,34,,
2026-05-22 00:10:21,0681b75b4ebc819b03dd8b721f85a43d2c0c5b34,,21313,6,17,23,2,,
2026-05-22 00:10:21,10c3f1afc42e1a21bfddf88f765525a82d4d3130,,15025,7,28,35,10,,
2026-05-22 00:10:21,31fa8dc8c80678eca1c0c108d9db8ce2236cf17c,,18110,4,14,18,0,,
2026-05-22 00:10:21,46c332641bbc07b4006dbcad49328ac0237b75e4,,19005,11,1,12,8,,
2026-05-22 00:10:21,1a241cb1be87770ab454252c32ea9ea97e1374d2,,41606,2,4,6,13,,
2026-05-22 00:10:21,65c517a0e0e19b2dbb3fa7e1177db548fd63582b,,43402,5,26,31,8,,
2026-05-22 00:10:21,29c62086f6b3295bda976a58c95d43203efdcf12,,33018,7,4,11,13,,
2026-05-22 00:10:21,9d011e219ed8e2d4dd863701aa01771b72dd6884,,11007,13,59,72,1,,
2026-05-22 00:10:21,7bfca1a9452909fab730d9c5b937a70e35f48a55,,5021,5,2,7,29,,
2026-05-22 00:10:21,429663f3dd317a5195fae9b4a473f7c03b21521f,,6013,0,15,15,11,,
2026-05-22 00:10:21,ac80157a368dce5d5631ffacc696a7cf6fdcdcea,,21305,4,8,12,13,,
2026-05-22 00:10:21,1ca415137471cd1dc3b3c301d30e1fb0ba778994,,23001,3,3,6,31,,
2026-05-22 00:10:21,202b36be686bcbb41f0df6fa693bc70ed6e702d4,,22505,5,12,17,4,,
2026-05-22 00:10:21,ebd1c9d32a762c35cbe2f4c3ad3ab53af59a1dff,,16018,0,1,1,16,,
2026-05-22 00:10:21,2ad5f33c48862a6eb2946e27924ad204ef727312,,12034,3,1,4,45,,
2026-05-22 00:10:21,2d360247ef50aaa7ace19974b23289cee309d47d,,25008,9,7,16,1,,
2026-05-22 00:10:21,a45f346e64dacd0acdabd4c2afd69af12c98dc8c,,19044,5,6,11,38,,
2026-05-22 00:10:21,263260630badb33121daf3f8edb85f4cdd0f0bbe,,33001,0,0,0,32,,
2026-05-22 00:10:21,a18b70f268e519f0bf8e1a5055db36fc9737c9f1,,41404,9,17,26,0,,
2026-05-22 00:10:21,a7dabce5f58be95b0f9843606300e665930027ed,,11036,5,44,49,2,,
2026-05-22 00:10:21,4447652d2929587dded33da974dbfdc90ea635ac,,7009,3,1,4,72,,
2026-05-22 00:10:21,2ea518777877a1f6ab8f5c38590cbc0f42d61868,,14117,2,0,2,39,,
2026-05-22 00:10:21,3997348b3704e7d688bfa64f139a4ebc3b74f14e,,10152,5,3,8,33,,
2026-05-22 00:10:21,0d164632e66c9246370c5c6cd382e8fd547bf385,,92003,4,13,17,7,,
2026-05-22 00:10:21,6fe040004b0a55d6e1f7eef423760802390d1470,,35009,5,0,5,17,,
2026-05-22 00:10:21,67ef108d7cb51a235df3ba06dddd0d4b75232aa0,,10206,3,8,11,21,,
2026-05-22 00:10:21,7b97b7df21f8d865d50b3baabf3ff9cb8d62ce1e,,27002,9,10,19,11,,
2026-05-22 00:10:21,c98602015a3f07892e6871859deed0eb7a2298f3,,21109,9,8,17,10,,
2026-05-22 00:10:21,ba57e3aab6e42a8b98553b7bc6adec8181f1036c,,17007,13,8,21,33,,
2026-05-22 00:10:21,a4f8da302ecbc2b7b0d5e68bbe1d506bbf4dcce4,,21502,15,10,25,0,,
2026-05-22 00:10:21,991142f900d3bc3576374a4cc2594b7da6228d6f,,31012,9,2,11,13,,
2026-05-22 00:10:21,5e15f608a69ffefac761b9d6bfccadb5fb75de18,,12024,4,25,29,6,,
2026-05-22 00:10:21,4e7e1029f7fae97cee64b6128b32f6dd7d0352a9,,35019,3,2,5,23,,
2026-05-22 00:10:21,bcc835657482084f8a1f55a908e9ee59e3ef6daf,,14104,4,2,6,17,,
2026-05-22 00:10:21,da5d2c469a8f528b233f6cb48d99b1278664bc2f,,31705,5,1,6,43,,
2026-05-22 00:10:21,a0198c2da9dc62377ac3adb4b3f20edd646503bb,,6030,0,2,2,31,,
2026-05-22 00:10:21,2136c87f44ab7492b69da912f2bde907f9265681,,20036,2,0,2,30,,
2026-05-22 00:10:21,d05070ee5c0a77da353b93dd4b6c6c562ee78da4,,19019,7,2,9,10,,
2026-05-22 00:10:21,a1dffea7f9d759aa3255c303eab7ddba6467b276,,41604,1,2,3,28,,
2026-05-22 00:10:21,d8fb301ddd081ec3dd677659b414226bd80deb75,,15029,2,39,41,10,,
2026-05-22 00:10:21,f9fe6dc71d5cd6570c52287bc03921bb5002a5d7,,17018,0,0,0,17,,
2026-05-22 00:10:21,cc4896eb096a20a8433ac070bb723ab90c122c38,,26001,5,7,12,12,,
2026-05-22 00:10:21,ecc7417e0c47460dee1374646f3f8d6f1cb9e02a,,15017,10,9,19,4,,
2026-05-22 00:10:21,4474c954e03c9def5c555e1f45f202183fa1fe51,,20136,3,1,4,22,,
2026-05-22 00:10:21,59f2f6d28dc33b29b34ae650e49c7364fa775d0a,,15028,2,54,56,13,,
2026-05-22 00:10:21,0aec3d95b46302322e948b25c5ee1ce47f185dc1,,21013,4,8,12,9,,
2026-05-22 00:10:21,42f8400bae00562e53d9acea0368fd6f7303fdc8,,21111,10,7,17,33,,
2026-05-22 00:10:21,aaaeb7c8c176e4428067b589c61083ac5db53ad0,,5116,4,27,31,17,,
2026-05-22 00:10:21,b3e02d3716ff3dcdad0dc0668c4a86e4a6b9715b,,7014,1,2,3,36,,
2026-05-22 00:10:21,4d9b33669758249556e6992510349f22530b6165,,8012,1,0,1,46,,
2026-05-22 00:10:21,65870fdc1a545e22f1c2fd30821a0c4e892a355f,,5002,1,7,8,25,,
2026-05-22 00:10:21,005f56bfa3833acea6f16d4e357467e64b1a63ec,,22508,7,4,11,4,,
2026-05-22 00:10:21,311c399fd2faa2ebd1cb7026481b31c029e85f91,,17106,1,6,7,17,,
2026-05-22 00:10:21,54ae022532b904035757b61857315a30e83f9071,,20040,1,1,2,24,,
2026-05-22 00:10:21,8b9d93fe3d32585a2b591fe5e71ea046471e5747,,17017,3,6,9,23,,
2026-05-22 00:10:21,781c6cd32211ab32f8eb0b0546365ff31c75d374,,34002,6,11,17,9,,
2026-05-22 00:10:21,33cdda74907ae13a40e1a4fd994f1ae5bd25ab41,,14139,3,1,4,26,,
2026-05-22 00:10:21,ad3ebf05633ddc1585a9cc9572c9c765be8e8586,,10204,2,2,4,29,,
2026-05-22 00:10:21,9279701aeb39810e730f752a7de93597cee32a36,,11101,10,36,46,1,,
2026-05-22 00:10:21,ff2bfae4d4bfb16118e4a7131bc8dcd94f93f5e1,,15055,2,50,52,1,,
2026-05-22 00:10:21,b5e355d6c4c77a600c04d246c7c5689272b81dad,,10015,1,3,4,42,,
2026-05-22 00:10:21,aa6cfca1e27e30b8ed3996a20adbe0fd84af0f59,,41207,8,4,12,15,,
2026-05-22 00:10:21,38022751e324ded240dffc9c53f4b346d338407c,,12032,5,7,12,23,,
2026-05-22 00:10:21,0194833c503ff59d2ddb2e79f9fbdd26ece61926,,15038,15,43,58,5,,
2026-05-22 00:10:21,c4d0acc2db695610c08836d579956ad755b73367,,20021,7,0,7,31,,
2026-05-22 00:10:21,d453d194713b09948a24e63a5e05059b3531eb66,,21105,2,18,20,3,,
2026-05-22 00:10:21,3e4a938508df839a46cc60f4031494839388af10,,19109,3,0,3,15,,
2026-05-22 00:10:21,f7438fb980e33d77e490a51270adaf07f0e2a812,,32014,4,0,4,30,,
2026-05-22 00:10:21,70ea3b1fd5c976bdd0356b1bce281cdaf130ee54,,18032,2,7,9,46,,
2026-05-22 00:10:21,8348ef636c8e6a4fb163a38fc9e2f3d3d8e15e5c,,17124,3,2,5,20,,
2026-05-22 00:10:21,62ebcc19ae8c2dc9b4acc2622310a126a9289d0a,,31016,8,3,11,25,,
2026-05-22 00:10:21,157ac79c60db894ebd183842adb608a775bee1ff,,13016,1,10,11,23,,
2026-05-22 00:10:21,98efa30fc83f6df2205dcd98f61d9977712606e3,,44102,14,9,23,2,,
2026-05-22 00:10:21,290336f39e4e6719cd41351c4b650b3d05eefb57,,21003,24,12,36,3,,
2026-05-22 00:10:21,dfdc0049f3241a59d88f5e51542b0a6031d8418d,,22001,3,7,10,12,,
2026-05-22 00:10:21,390dc31d394553cf48e9c3aa4397fd2c1ee01d60,,20027,4,0,4,11,,
2026-05-22 00:10:21,a794db39f6f840c61b89ef03145b2b372b665267,,14122,7,2,9,10,,
2026-05-22 00:10:21,1410a70e924cc43706fea80d89b29c66f9730814,,8051,1,1,2,11,,
2026-05-22 00:10:21,313d8cdb586e54856d13284dba81d14e099d0be6,,2009,3,0,3,48,,
2026-05-22 00:10:21,bb9a47b2a72943a6bfd93defadb1a4dbf4e59ebc,,31007,12,0,12,35,,
2026-05-22 00:10:21,ace575d5bbd314f40d97e28ce5a7fd9e94452f12,,15108,9,23,32,3,,
2026-05-22 00:10:21,a6c9e288f60b8c20176bbc6a6bc34a0647f94860,,20023,8,1,9,6,,
2026-05-22 00:10:21,1cf700876eaa2b81ea529146ff3ad1554438006d,,41204,19,0,19,0,,
2026-05-22 00:10:21,a6041fd674fd03d9b0a0d2ee4fefd43db39fa1fa,,17121,8,6,14,26,,
2026-05-22 00:10:21,81b97265de49e23d9cfa3b3307221d18ea73e823,,18029,12,11,23,14,,
2026-05-22 00:10:21,843bdd4cce0345b0fb30c9d06883d224caa4e06c,,21703,8,6,14,9,,
2026-05-22 00:10:21,64bd2ad1ff8c75dedc0227182e30fe9f46201db5,,35017,2,3,5,12,,
2026-05-22 00:10:21,b65b77aebd6c7db4227d1f4f4c2571cceb346c05,,20118,2,0,2,22,,
2026-05-22 00:10:21,e3af349da6e0f31b6e658b09c2aa38d8d2ec1a3a,,9031,1,6,7,18,,
2026-05-22 00:10:21,7ab3bc3922f42a11925c3fdc128d43095f9b1e50,,9117,9,3,12,17,,
2026-05-22 00:10:21,44839980ab5d92825ec34cfb174215f3652e5502,,14002,2,1,3,43,,
2026-05-22 00:10:21,9fb48be7d63f7a68a56cb9fa6bc3a42ad63113a1,,15035,11,19,30,13,,
2026-05-22 00:10:21,ee9b722e246cc714b9a56df5dc2188f28d8bd4e3,,18049,2,1,3,50,,
2026-05-22 00:10:21,6af8e0863c32a90caf4b80752394bc5f22f9cfef,,10020,1,6,7,2,,
2026-05-22 00:10:21,3e4751906992577aa32c241c84e586e180d073ab,,34010,7,5,12,36,,
2026-05-22 00:10:21,54f404225fc6cef27aac440f9b0a798332f83726,,92004,0,0,0,17,,
2026-05-22 00:10:21,620a73fb2f23cf71300e47996fd14d781e65a2ab,,11041,8,32,40,2,,
2026-05-22 00:10:21,75a981f33b2a8ba37b815e457f8549b5e5ebf236,,35003,7,2,9,16,,
2026-05-22 00:10:21,530464658ea1c1a00282107c4a5a3f855c959308,,15031,8,41,49,2,,
2026-05-22 00:10:21,f538a2722b02f276673ee0cbe594f464f08625f4,,5121,2,10,12,32,,
2026-05-22 00:10:21,2f673ed4475a9d252674eacf13257bcbde13ec2f,,11006,2,34,36,0,,
2026-05-22 00:10:21,f7f0a24d724e4ed8eceb193077a38bc5b0d752ba,,47005,6,27,33,2,,
2026-05-22 00:10:21,51cfaa898e4df9367b98e1938375989ae2bac6af,,19127,3,3,6,10,,
2026-05-22 00:10:21,3a3c9ebdaddaacb67e3fc505afa2fba37d7e531f,,16015,0,1,1,14,,
2026-05-22 00:10:21,ada36556620c984f9a8d839208bcee25e5ae2608,,17040,1,0,1,46,,
2026-05-22 00:10:21,b78539de76d622d6341ee106a0c40b1ecddb442e,,1120,0,1,1,22,,
2026-05-22 00:10:21,1e7b2eda5e65be543e26767df1956fe54ed590b9,,9026,1,5,6,11,,
2026-05-22 00:10:21,e20b4993c5dfc90074d05cf608e70e8893cfa4da,,11010,6,11,17,23,,
2026-05-22 00:10:21,1da89f7006fe0dc1b6e12487980a0ce8fef04c91,,21310,5,18,23,0,,
2026-05-22 00:10:21,8a8b7fab69ee1e665c4db7d499c94a7ac0af817d,,20016,12,1,13,19,,
2026-05-22 00:10:21,d5d06b679c9568aae887b798a5dca818320c7a27,,9014,3,21,24,10,,
2026-05-22 00:10:21,510e7cf628dc7b2ad28a90fa7ca6eab5d2296b51,,20116,4,2,6,16,,
2026-05-22 00:10:21,73a35f827105a3d2b6e480174105ebd4063e1271,,16029,0,33,33,11,,
2026-05-22 00:10:21,8883eb86527099343d3366c1230bd7007a7268af,,8019,2,1,3,22,,
2026-05-22 00:10:21,675ad6de94593506ac0410d79e396a760d2f5387,,18008,9,2,11,21,,
2026-05-22 00:10:21,5ad46fa7b1c09305e1ec4728ac8119b097e2cc7c,,20201,5,2,7,13,,
2026-05-22 00:10:21,f93e17c23feeb6d379623fa4d469a86df3a02026,,15003,5,0,5,60,,
2026-05-22 00:10:21,fd4b0cd94cf2179a011188c066538dcd53dd2703,,4110,2,8,10,10,,
2026-05-22 00:10:21,31e14906a470b1d3634b36dac5acbd45f1a1708d,,12161,7,35,42,2,,
2026-05-22 00:10:21,7d0470e39bae4373fb85eebe9f4b937cbd6da371,,19041,3,0,3,39,,
2026-05-22 00:10:21,adb8c41b9790e5d7c957c5b301e56a28a4d7689f,,1117,1,0,1,26,,
2026-05-22 00:10:21,e031411720e08679103d1145fa83d31a739a3251,,31704,9,1,10,18,,
2026-05-22 00:10:21,f55dbef034ae5350ca9fd1da2a6255b690fd119e,,32603,9,0,9,22,,
2026-05-22 00:10:21,dd8d958e6a8f8048d08fa97ca2ecc4d7500a8210,,23903,12,16,28,2,,
2026-05-22 00:10:21,a2118d400021972726625b77d8d1d87cb1806638,,4013,1,10,11,17,,
2026-05-22 00:10:21,76abe49b54bb634ce874c7595a324a0e2409177a,,31023,7,1,8,25,,
2026-05-22 00:10:21,89b063f8efab12191f87f7990ec4e3d1993f7290,,9118,3,0,3,33,,
2026-05-22 00:10:21,8809155172f167c5602341d7bbd125ff9277054e,,2001,3,17,20,8,,
2026-05-22 00:10:21,c4bd4a9de9c97a7e0abcb323c00b69182a26e1b8,,19023,10,0,10,15,,
2026-05-22 00:10:21,ad1706a256d4a050497757b83d68fb029c9f3458,,18138,0,4,4,16,,
2026-05-22 00:10:21,4fb062ded7abca5ca35d1ceab355aef0ff767984,,17116,1,3,4,22,,
2026-05-22 00:10:21,0333675796738c6f567718a2c0ca8c97b59cea43,,18208,4,2,6,10,,
2026-05-22 00:10:21,6018ec92c164864e0a54103ac01afe4aa149dade,,13041,2,1,3,47,,
2026-05-22 00:10:21,d430926b9cf13f47c520842d842b8c685796b40a,,7013,1,25,26,14,,
2026-05-22 00:10:21,1454820786c8bde929069f3cde0b4fc8ed5c0a00,,21311,3,49,52,2,,
2026-05-22 00:10:21,ff6a6f1f83db8b01f93e35653dde38e1fe76b7f6,,10207,8,3,11,11,,
2026-05-22 00:10:21,0c1a74f6febed7f923256813fe992a99d88d7cae,,21114,6,19,25,4,,
2026-05-22 00:10:21,cfafe91b6000279a375e519ba438a6906a6e78a2,,31013,13,3,16,29,,
2026-05-22 00:10:21,0a3ec6b1d357955945d19f150e521616b2e5f63d,,32018,11,3,14,10,,
2026-05-22 00:10:21,a4ff36f53b8ec5bb88023635417a1b03b79e533b,,20202,14,0,14,16,,
2026-05-22 00:10:21,d35fd3e6f4ab5f5b42a14fa9c3fd3c404d361387,,11034,14,29,43,5,,
2026-05-22 00:10:21,2738ede6a756da5949f6da72961d034e8d745264,,9012,2,1,3,39,,
2026-05-22 00:10:21,90e8fa55089a85e6d4efe1b937a44f22d4f221f9,,41206,5,2,7,26,,
2026-05-22 00:10:21,96ae25f0af4d8478bb02866b7a74f722c8ef8b47,,20017,10,3,13,14,,
2026-05-22 00:10:21,6f133c7137efd63dd406c8c3d2321f2aed5a9e61,,11019,12,9,21,11,,
2026-05-22 00:10:21,dfa825432e3b38b12efadb8ab41406a3cfb4e740,,23008,2,19,21,3,,
2026-05-22 00:10:21,31a89fc5f4a3dc6e0d3c7fe4c8624df755a34678,,2110,1,8,9,19,,
2026-05-22 00:10:21,1b5f32051493108a1f07ad820bef45bd73ce62b1,,8015,0,1,1,51,,
2026-05-22 00:10:21,52fbbc4c9e8b8927fff60de81c271bf5a5e1c808,,5019,1,21,22,2,,
2026-05-22 00:10:21,1f16e2c4a9ff400da1b0124c660dc4a77b0ac96b,,14007,3,10,13,21,,
2026-05-22 00:10:21,ed22831f0b5afc7116a2b1ca33422fa24a5d1ed3,,10164,10,3,13,21,,
2026-05-22 00:10:21,340ffec72334adae38c0c9ed55179dfd7ca599cd,,11107,1,40,41,1,,
2026-05-22 00:10:21,cb2c4cfbab032df3a265e710cd068a270d4ce86d,,3101,4,8,12,22,,
2026-05-22 00:10:21,e33044ab174e52f6bd16bc0be29c7f51701be54c,,11048,3,37,40,1,,
2026-05-22 00:10:21,330c9c43f12457ca3bb23eea9ee7f59a0a632f92,,12154,7,5,12,25,,
2026-05-22 00:10:21,c39beb0ff4af2037b84f7e303967fff660c46d36,,19021,3,6,9,18,,
2026-05-22 00:10:21,1cba38dbe9bb1e13155c005ea4584cc333e8a46f,,19030,4,3,7,21,,
2026-05-22 00:10:21,7cab2086e5869a3e617f467b71e0b41eae629bf9,,35008,2,1,3,27,,
2026-05-22 00:10:21,0dc3261ac6404188b57687ab3b37ae8442146a8a,,13022,1,0,1,34,,
2026-05-22 00:10:21,760475d163bcfa1e666c61665d483ec6c4f53def,,13019,2,3,5,31,,
2026-05-22 00:10:21,0cbd81b93b315cd8f0de0c27286b6c2ff56bf2df,,11044,1,12,13,7,,
2026-05-22 00:10:21,d540f42a92ad19032f81a0a7677f1297d84175b4,,5030,1,2,3,64,,
2026-05-22 00:10:21,de6e4b3a054463fc1996a7bd0769229e1ced67f6,,16041,7,26,33,12,,
2026-05-22 00:10:21,ab26a1a1466b80baee0161e24896940f3d799e92,,9015,4,12,16,15,,
2026-05-22 00:10:21,7c00a514186d5e93f08993fa96fed24435916328,,1013,1,9,10,54,,
2026-05-22 00:10:21,4abd164ce2ea7f8d34790af1751556545ff57c82,,8049,0,0,0,21,,
2026-05-22 00:10:21,b00b9b0de93c159b7199729a3782d3cc50f59c95,,16031,8,2,10,11,,
2026-05-22 00:10:21,64ffa372b5c78d6c4c55e5dfd0f676b30aa6b161,,11110,13,13,26,23,,
2026-05-22 00:10:21,fc9f24484a65fed8427bd5c650dcc10ea5a52de9,,17005,13,2,15,38,,
2026-05-22 00:10:21,7d3f2f25d75488757a4da4c3e02adcee782807fc,,14016,6,8,14,40,,
2026-05-22 00:10:21,9aaee9c6da2afa2392c2d8a3137eedf68b6264e8,,12033,0,27,27,37,,
2026-05-22 00:10:21,e87a8b78327e4b0d2b612b16689349f97078ad52,,22012,7,6,13,11,,
2026-05-22 00:10:21,2e79970b829a9f2c2a5fe50d957e014e8d17bc9b,,12120,5,4,9,41,,
2026-05-22 00:10:21,828a216a9ca11810c131bcd925a2f268c688828c,,13110,3,1,4,17,,
2026-05-22 00:10:21,768ce35ebb99f10daa956a4cbcf356d26c6badab,,15009,6,12,18,27,,
2026-05-22 00:10:21,5672be286bbafbbd5f3cb1456cb06811d0e48a27,,21120,6,11,17,13,,
2026-05-22 00:10:21,194c927b54a911df036509b7e242134f0fc33e01,,48009,4,1,5,25,,
2026-05-22 00:10:21,02e2f50b7a1150d28117caa93098b3d869314328,,14125,7,7,14,10,,
2026-05-22 00:10:21,ae15f121d03c5897ca3904dca0bf6c65ce092f5d,,21009,3,29,32,14,,
2026-05-22 00:10:21,13475b283ee801a8d47a3fd1e5827a60c7f63401,,31017,14,0,14,6,,
2026-05-22 00:10:21,0ba87e30eb02e145ab41ff0c5154f20ef5b64f56,,13047,4,44,48,0,,
2026-05-22 00:10:21,4673628ea7d4a4b480a79d7ee4b21e9084f8551e,,42011,9,20,29,0,,
2026-05-22 00:10:21,f176c5cc55941d9d556486d6ae56e88dcf5743a0,,2201,0,0,0,0,,
2026-05-22 00:10:21,33abac623a5264247b7da8ba5a8bfb9ea03ccb4d,,18114,9,2,11,8,,
2026-05-22 00:10:21,2d6eabeaf597c84a0deafea1c89f8c9db8612bc0,,92005,17,2,19,22,,
2026-05-22 00:10:21,9ef480b7a4c9c82010f8a6d2b4406582dc42dbe5,,22103,8,15,23,1,,
2026-05-22 00:10:21,d2f75b6608923d449aff8e94afdb50922e3a1532,,19113,5,0,5,23,,
2026-05-22 00:10:21,187b44ff0c7aff3c0e2942efc919da1fbed6a954,,10039,3,2,5,19,,
2026-05-22 00:10:21,ba1953f8f6741f34c95743c312053c77b7a49e5e,,19036,2,0,2,30,,
2026-05-22 00:10:21,a5f0ea1d9ab9ff27aa08d01e1491e7c9e323482d,,17001,13,15,28,22,,
2026-05-22 00:10:21,00e16e1d821bed0327350658ce4e55f8f7c69d2c,,31707,11,1,12,37,,
2026-05-22 00:10:21,a1be935bfbd428cabf6cccf0ee38e7d07d43b170,,19124,10,1,11,20,,
2026-05-22 00:10:21,2db077c0e801758f248d5260432b4982178b6906,,7010,0,1,1,64,,
2026-05-22 00:10:21,4f27304eb79f2665369945053d2082d1c1b21e55,,32021,3,2,5,59,,
2026-05-22 00:10:21,97974513aa6db027c5582a2b2b46b7453fd638e8,,15019,4,10,14,23,,
2026-05-22 00:10:21,f9fc530b712f6dcb4e4e260ce2811c780c7ca5ae,,7024,2,9,11,20,,
2026-05-22 00:10:21,476822a5640e440227716add637080edda42ca20,,20004,4,12,16,1,,
2026-05-22 00:10:21,87d71227a4d28f772cb6c5561a925c70fb765c07,,12150,1,21,22,3,,
2026-05-22 00:10:21,12527368198c9f1529a5db56d3d7ee82bd1e6853,,11031,15,19,34,5,,
2026-05-22 00:10:21,3426de4ef3863aa72416a3bf49ce372458db4988,,12125,25,8,33,15,,
2026-05-22 00:10:21,f7f4d4578466b77b89db4a332bc215d7eab0e80f,,9016,0,12,12,16,,
2026-05-22 00:10:21,abe5e724bafe7a1a15bd7c79e941d9a60b08261a,,31026,4,0,4,16,,
2026-05-22 00:10:21,95e583132f9a73f0f5738bf127b04a0241eeecfc,,15131,12,36,48,0,,
2026-05-22 00:10:21,67d6fbf1905a27d2cacc716c5163d14a532c1c7a,,10037,1,0,1,25,,
2026-05-22 00:10:21,e76c6921d11a21b4fa1c835c16d33aaa1b363ad2,,21316,10,1,11,12,,
2026-05-22 00:10:21,742f276d7d8cd45e2aa52034832cc2d9ee03eee4,,9036,1,3,4,16,,
2026-05-22 00:10:21,87a32b8a7bdb57c0f599c3e95ecc1c06fa75e4b5,,17029,11,10,21,15,,
2026-05-22 00:10:21,0a1b85385e96aa2d0f4a4131bfe0c4e11b1c1685,,21203,4,4,8,20,,
2026-05-22 00:10:21,27a72c7d684b134e5b22764f4b56e146f10f0c38,,5034,4,14,18,51,,
2026-05-22 00:10:21,25aa7818617d8320a5bd8cf8232e9e09b7da974a,,16009,1,0,1,16,,
2026-05-22 00:10:21,899a9533f0f4afca8d93d250d055ee9aef4bed46,,21029,1,10,11,18,,
2026-05-22 00:10:21,68a875c86ad85de517c3a5f6a390ae935ffe09f8,,16003,0,4,4,24,,
2026-05-22 00:10:21,78c9ca64d5fba88a75c6f596795fd00915bdd011,,19208,2,1,3,13,,
2026-05-22 00:10:21,b741c557f165d32f570644392f703c08eff2d325,,16014,2,0,2,22,,
2026-05-22 00:10:21,60d304958a6f002cb3e49919854e3eba95513936,,16007,4,1,5,35,,
2026-05-22 00:10:21,3a32388812362670670ab5d68ceb33e86ab69ea5,,21115,2,22,24,7,,
2026-05-22 00:10:21,1e14994cfc700be24b4dfa5f4bce7456d51f6ca1,,20039,10,7,17,29,,
2026-05-22 00:10:21,3a536e9e7b6220a0064f6d2bf59e01957e764d1b,,21708,1,1,2,28,,
2026-05-22 00:10:21,c9b1ee7a27622a8076195afdd0846f16caa0624d,,11109,8,15,23,0,,
2026-05-22 00:10:21,1e7af07db2ccd1b586a99275b47c9746f27c73d0,,16115,8,15,23,19,,
2026-05-22 00:10:21,e5841363996fc6ff7d81d25a65b59405fb90fa59,,15123,1,11,12,31,,
2026-05-22 00:10:21,7c573960265b29584632f996c0035a8d682222d6,,13039,1,0,1,17,,
2026-05-22 00:10:21,43e9cafa0c12bceae81b1162e775b2d203a5e676,,21031,6,25,31,6,,
2026-05-22 00:10:21,53aebaf368b9e25ac0db0cfe6861752c0432ecdf,,22604,9,0,9,23,,
2026-05-22 00:10:21,0318dcc7126ff194589a7965bc1b69691d4e274d,,11032,19,18,37,7,,
2026-05-22 00:10:21,b8c7c11584d9ef48131202f02bf80dc17ecc6032,,8001,2,0,2,43,,
2026-05-22 00:10:21,c98e6fa1c787a814faa6dfbcbb3cdde40dbdb040,,7203,0,3,3,22,,
2026-05-22 00:10:21,f2181e91cecceee3ad6a769e450858846d81c717,,10012,1,9,10,13,,
2026-05-22 00:10:21,eca2cc4adbfe8af905f3118dc056fe29fae0f3c2,,4003,0,8,8,12,,
2026-05-22 00:10:21,16790ee8d1af9641160eb7484e4ede539d7ad226,,32301,6,0,6,10,,
2026-05-22 00:10:21,52be94caca142bdca517b07997af1f02a713cffd,,8013,2,0,2,38,,
2026-05-22 00:10:21,63230f75a28a59b3983b83b4f308bfdf7950d0b6,,5014,3,0,3,24,,
2026-05-22 00:10:21,f1cbd18faed7570a76a1483560d2edb92b14104b,,23902,11,6,17,26,,
2026-05-22 00:10:21,438f7fafe53d95c2684ec3599d85645a54c7d96b,,20007,4,3,7,42,,
2026-05-22 00:10:21,5916a123877f0bf434f854625e59d31639b950cd,,13033,3,1,4,9,,
2026-05-22 00:10:21,d0a70af832632eab11890f813f1eae3e21d50f1a,,42701,8,0,8,21,,
2026-05-22 00:10:21,dd8d228b5f45b3dabb4c0e43bc4d44730fb52337,,20122,8,0,8,15,,
2026-05-22 00:10:21,fd80b5d73a92190c8c7f3f051d5faa3bfc2beabf,,16020,1,0,1,35,,
2026-05-22 00:10:21,31d075841927ef53e5a3a442f03a3aa2c8d3535d,,13126,6,6,12,5,,
2026-05-22 00:10:21,2f85a0bc2beae534c55fd4e9cefcccb6302bbfb1,,15023,2,5,7,24,,
2026-05-22 00:10:21,eeef2f178ec35b36e137e9aab20d2fad44e13232,,42003,5,22,27,1,,
2026-05-22 00:10:21,70feffb229ec8a58773597f18ca884ca915a5888,,8549,0,1,1,23,,
2026-05-22 00:10:21,142b353629fd956e485ba17f924d2f9b9904a886,,40009,9,10,19,11,,
2026-05-22 00:10:21,29aac1ee4e4633cae0fc17fbc798092234b6f78f,,12043,3,20,23,14,,
2026-05-22 00:10:21,fea0c57b4bb588f04f2defec9b5c24631fa83792,,15072,0,18,18,13,,
2026-05-22 00:10:21,97cb2124fad00cbaf0df182e506694dc0922352c,,23003,2,12,14,14,,
2026-05-22 00:10:21,0e2daeab22b6e8d61408315beed8ffba458725dd,,14131,2,0,2,28,,
2026-05-22 00:10:21,0bc6ff22c19036e3318f1c68ebae4153e5dae681,,4002,1,2,3,18,,
2026-05-22 00:10:21,7c113c1c376d9d963ea9d57b898f844a0a044c76,,42501,0,25,25,2,,
2026-05-22 00:10:21,96bd456e66a99c318c8342e109a9d5470dddaa86,,6008,0,1,1,31,,
2026-05-22 00:10:21,2240f6ce18f050f18d51596db6f2bd55c75f5796,,15030,2,62,64,8,,
2026-05-22 00:10:21,18814d35ff2f9f1c84c8985551860bfeafd50a2b,,16011,3,2,5,36,,
2026-05-22 00:10:21,e58d4db6fd5554cba1db71471aafb886f68cab52,,12007,3,28,31,14,,
2026-05-22 00:10:21,e02417c801196ef4cb08e68f478dedf10eae7e3d,,15064,2,20,22,23,,
2026-05-22 00:10:21,5eb589fed52d2d233f09b5d91880d3a336481f03,,13128,1,14,15,13,,
2026-05-22 00:10:21,5e2d44432a0f0fd52af4f34db8160bd8fd1c0004,,8020,3,1,4,38,,
2026-05-22 00:10:21,fd708cc6fe153da5cb0e4c108206be55ea49dc3d,,18003,17,5,22,21,,
2026-05-22 00:10:21,6805538d5ceac68d3b7432d031d7e32a32fe6811,,22303,11,11,22,5,,
2026-05-22 00:10:21,90fc136e992e0c0b2da060290f4725e3c3a0fd18,,40005,12,13,25,2,,
2026-05-22 00:10:21,0b9aae6d1595d50a0eb2a8288afd3885ef2e3a56,,15057,0,1,1,37,,
2026-05-22 00:10:21,d8abbef6eb7394c304f964746eb7d421cd5af1b3,,16002,1,1,2,36,,
2026-05-22 00:10:21,498cdd9af6a685d4636d8b84e5888681029a3e6e,,15004,4,0,4,17,,
2026-05-22 00:10:21,5a2379ca2bf06137f98148782581f2e57a9b4ba2,,19128,11,8,19,8,,
2026-05-22 00:10:21,f2f1000e9a347abe2c639bb56a2455bc88366b43,,15005,3,3,6,37,,
2026-05-22 00:10:21,724e0577500318aaca296e399212a3501d5549de,,18006,6,2,8,27,,
2026-05-22 00:10:21,bff037b84a9a2777fca51cce4975619bc04c4453,,13044,5,4,9,27,,
2026-05-22 00:10:21,943fd97ffa9283eb06ce3a1b5beebcbc1e9a185d,,17108,1,6,7,26,,
2026-05-22 00:10:21,2651510e87302a03225e0e678ef930f5577005f6,,5012,2,0,2,13,,
2026-05-22 00:10:21,902043b2447d82accbf6cbae3049846a46571b11,,43010,14,2,16,9,,
2026-05-22 00:10:21,d29893332f7684904362eee46e51f70aa0e5fe5c,,11017,11,3,14,33,,
2026-05-22 00:10:21,89c4234cdddcae7c9ebb6aae440d75dc5c0d05d1,,21306,1,7,8,53,,
2026-05-22 00:10:21,d014622e3a86078bde5b94d1c18a77a57a00ab9f,,9027,3,2,5,20,,
2026-05-22 00:10:21,13ea9b7a81a56baa3bfc3f1be6ad0e5f804e8ab2,,7017,0,7,7,32,,
2026-05-22 00:10:21,85d61004f17f17d802348b43e34873794e3008f6,,44005,6,4,10,9,,
2026-05-22 00:10:21,e9c4d5c18dea1c68143f07af99ee99943b9c72cc,,17119,8,0,8,25,,
2026-05-22 00:10:21,1dd530ef154e0ece2fbb8e6677049646b8dd497c,,9004,2,0,2,19,,
2026-05-22 00:10:21,63abb1d238d99cfe4780d0d39c2183d925a499c1,,51002,9,9,18,6,,
2026-05-22 00:10:21,1f783fa9179d5665962d6adaa38863095c6500df,,12026,3,34,37,13,,
2026-05-22 00:10:21,64e7c1c656f4a56559c354c5434789e47a7f55f8,,6012,1,4,5,9,,
2026-05-22 00:10:21,6edce4a18c991db42a8aee7f9f03d2d87430a2a8,,13009,1,6,7,19,,
2026-05-22 00:10:21,1e4dd64343cb8e5975da9eba881a47408e9a804e,,44016,6,4,10,17,,
2026-05-22 00:10:21,b3da13a66c43072615203aac2ab9368c9e55f206,,15071,7,15,22,1,,
2026-05-22 00:10:21,21a9d9757ee4b0a95ed78663b0d6fbaf2954cc23,,9024,1,7,8,43,,
2026-05-22 00:10:21,0313e684e78e2dd85e47e17c96ace203ef8d1c53,,8201,2,2,4,25,,
2026-05-22 00:10:21,27ec852ea0993135e2bb63692682c1ed583dafd0,,15311,5,15,20,10,,
2026-05-22 00:10:21,e9086e1e093109fb8507ea53277a103f25cd0eb9,,46003,2,6,8,17,,
2026-05-22 00:10:21,6e5f5ded58e4f0542837f73d134223ece48800ce,,19210,3,0,3,26,,
2026-05-22 00:10:21,0fe708c11da36c1e38500d7349dabd8302093006,,9102,2,1,3,21,,
2026-05-22 00:10:21,893d2ca0dfabf0d3f86376a6420dc16b09bc4c8e,,9006,1,0,1,10,,
2026-05-22 00:10:21,eaaa009df192084e5a31ea09fff805316ceb6434,,18030,10,7,17,20,,
2026-05-22 00:10:21,169617927a49ae2cac124d9bc949d7b359025dd8,,31005,7,7,14,29,,
2026-05-22 00:10:21,88d9fc9baf28acef848d6f1642b3eecdceda0dac,,13516,5,9,14,26,,
2026-05-22 00:10:21,d164af8afc3cc2c0788d67d3a49a6267f62fc3a1,,9011,5,9,14,2,,
2026-05-22 00:10:21,2903761710e31662d6d03583fb795240d887fe04,,10021,3,0,3,12,,
2026-05-22 00:10:21,cb23bd3925a022904b92a5f7578342370c9bd674,,5115,9,18,27,2,,
2026-05-22 00:10:21,4ac4bd4daca11e81274b6132b1b078e5e61fdba4,,41211,8,1,9,25,,
2026-05-22 00:10:21,2a2e94cccb18f7e131fd51148a5c7b56be507ca8,,44011,4,2,6,20,,
2026-05-22 00:10:21,b466a016526a949177da04077f5e5a05f9081dda,,3102,1,50,51,6,,
2026-05-22 00:10:21,1897896038dd0bd3dd654e077588890eace6fe36,,51001,4,1,5,35,,
2026-05-22 00:10:21,316b608df09e33300e3bfda866cecb9a3c409082,,13206,5,31,36,10,,
2026-05-22 00:10:21,656eee8ab900692a34b70bce02c69f1501ca45f7,,23102,0,19,19,13,,
2026-05-22 00:10:21,044a126dfc9a63482a52fbac853125db2b481699,,6022,0,8,8,13,,
2026-05-22 00:10:21,ae1c09ad74307dc6a262d2d5f479a2ac32b9c0dc,,21402,2,4,6,21,,
2026-05-22 00:10:21,6e847cd141afbaafe9f3e1023ef9811060252d9a,,21303,3,23,26,5,,
2026-05-22 00:10:21,fad6598c330b771203ac2a8767c225cada2587fd,,9007,4,4,8,9,,
2026-05-22 00:10:21,137826e48191a2016e05257d490df98bcbd6700c,,15070,3,27,30,3,,
2026-05-22 00:10:21,ca21f3fe49bfe50c4984211d56ded34212eb68d2,,14032,8,1,9,22,,
2026-05-22 00:10:21,c36e5eb07e15cdcff7154706097ffdeba67174bb,,41401,12,14,26,1,,
2026-05-22 00:10:21,eb89d22e9642918d56238988787782c35f3d433d,,6002,1,3,4,19,,
2026-05-22 00:10:21,4e3b059bbd8300bb306fc18efbc5d88bbc3838b2,,16019,1,1,2,34,,
2026-05-22 00:10:21,d3e44f2d237c9fbee631cbc15e35c0986d294c34,,33012,16,6,22,3,,
2026-05-22 00:10:21,74faf63ca6bab1b57447b6e69c50e3c56ba89769,,2013,1,0,1,14,,
2026-05-22 00:10:21,ef2cbf5c246374187b2b05bae2d58452d0e4e63f,,17024,4,0,4,12,,
2026-05-22 00:10:21,20f43d8b9a986d36a557d589ce3759de404d5331,,11033,4,21,25,7,,
2026-05-22 00:10:21,27cd7410bb374bc10c4a4be61bec4f7d323172c4,,41203,22,5,27,22,,
2026-05-22 00:10:21,b02f175338827051a485030076f49c3680c21489,,40006,8,14,22,20,,
2026-05-22 00:10:21,eaa20e0e392de562d8ae436ef817eb896da46f6a,,20022,2,0,2,31,,
2026-05-22 00:10:21,b8e5171d6d07f2fb4bc138cefdf57ef7ef4dcd3d,,14026,11,5,16,29,,
2026-05-22 00:10:21,976136330b9bd30a9bc35e44921a46fcb393f21f,,10008,5,4,9,6,,
2026-05-22 00:10:21,26e1a0816ed6e01b6d16d2f3d217e80094cbe047,,16036,1,1,2,57,,
2026-05-22 00:10:21,540ca516334f7632b11b90076af3282663c5ac7e,,10032,11,16,27,3,,
2026-05-22 00:10:21,65c72c96450a54c48678e9cf807272465589fc03,,14001,2,0,2,24,,
2026-05-22 00:10:21,096bcfb28353297c60566acd27a691f2a5b227fe,,26004,13,9,22,0,,
2026-05-22 00:10:21,8611237d8eeddb6524a45eb7016c1a7802b3fb32,,18139,4,5,9,19,,
2026-05-22 00:10:21,f6d8df51ebc489cba902c3e3c893e7f597b08942,,1006,1,6,7,21,,
2026-05-22 00:10:21,92412a75e9bc0f255fda8b4c99fbbb3f2659e3b9,,15008,3,15,18,42,,
2026-05-22 00:10:21,8b5b756b3f25551a133313f8c61cb832f3b5afcd,,22201,4,1,5,25,,
2026-05-22 00:10:21,c900f07f4443ec983a4e8e584d330540a0e1d021,,11112,5,11,16,7,,
2026-05-22 00:10:21,b9150da2b8fef2b7ed0cf150df21323d4139bc36,,16105,8,5,13,18,,
2026-05-22 00:10:21,0cf7a958f5f7ad963846429bbf33678b067a12d2,,5007,1,2,3,33,,
2026-05-22 00:10:21,fc2fdccfd5e038dbf15d7f1146f13103f05eacb8,,3008,0,11,11,24,,
2026-05-22 00:10:21,ec3532b0a98a1550af76df8e7649a68c3612f3a4,,5015,2,1,3,58,,
2026-05-22 00:10:21,1c2ad8958d7467ec5c0b2369fd6f04f888611fc5,,44014,4,9,13,12,,
2026-05-22 00:10:21,8368865ac5586b691df60b835e678a75ee6103c8,,12037,3,1,4,32,,
2026-05-22 00:10:21,98f2d6df06c445b094a198ffb127448ad3ce5d40,,1007,2,1,3,13,,
2026-05-22 00:10:21,b20cef3759ce9a275cc4f240f81b4a9b54cde098,,8110,0,0,0,31,,
2026-05-22 00:10:21,c7ab83a77b3173c39695fdf2dcc5f53a36260b7c,,20024,5,2,7,22,,
2026-05-22 00:10:21,e5ca44e657f759d4d2702b1e25d00326d61d4c9a,,18140,3,7,10,28,,
2026-05-22 00:10:21,2f48aa0a38b7817663168cc6cc1dee233ef7ef45,,9009,3,11,14,6,,
2026-05-22 00:10:21,3e0ac2ae03cf740ac073700a5be045f32340798b,,16102,1,2,3,24,,
2026-05-22 00:10:21,1ff4b27953e82d5034e903f659b9b1537eacb429,,4021,1,12,13,13,,
2026-05-22 00:10:21,e66b37e57a4e44a5793f42756db840142f0d9cff,,20001,2,5,7,29,,
2026-05-22 00:10:21,d622d0d247e77190e9a07116fc7f3f987b6510fd,,19201,2,3,5,18,,
2026-05-22 00:10:21,9de72e867b71be992c2fc0c5dd8c07aa3a8aeed6,,19010,18,3,21,1,,
2026-05-22 00:10:21,cc413f799b57cd5c6ee478d4ff3a0bdb60e0c067,,15132,7,3,10,11,,
2026-05-22 00:10:21,e7492b4c678824a347f145c8b47b9b238cc263fc,,20006,4,6,10,1,,
2026-05-22 00:10:21,9488c023856af60a931671746857a7f6c2d64e06,,14137,0,1,1,29,,
2026-05-22 00:10:21,c46567223fe581bb9576f1a401c5af5e29d3a1ad,,31709,12,0,12,9,,
2026-05-22 00:10:21,c654e421c755fb518edec363d10b4851dd8bebc4,,13209,1,0,1,23,,
2026-05-22 00:10:21,06fde3fe7b9053acd19453bb5b67c54a1d0b1ee0,,12002,4,8,12,4,,
2026-05-22 00:10:21,6f1d41e0edbc16f782276ff83d59453a7abb93b0,,21506,16,0,16,6,,
2026-05-22 00:10:21,7658b1ab208973817b090ec8782b862d47a5a49a,,3001,3,42,45,5,,
2026-05-22 00:10:21,3b7e62cd13a8f3f0f09ad6716ed317c9861aeb03,,9037,1,1,2,22,,
2026-05-22 00:10:21,0c193f441af7cb0ddc8aa4c5e3cc014a376a34d0,,7021,1,5,6,20,,
2026-05-22 00:10:21,a9669aa4f630b4274326b17218fec418ac07ec1f,,2015,0,0,0,32,,
2026-05-22 00:10:21,99b98eddbbe511595b14d1cdb79e20faef2380e5,,21026,1,1,2,28,,
2026-05-22 00:10:21,6ef4f63173fd4289b2588e2e7a7fe6a7b842fa40,,32013,6,1,7,15,,
2026-05-22 00:10:21,cd7d085cd615200d47f29e45e66f24ce2a710467,,22503,6,1,7,13,,
2026-05-22 00:10:21,21704d635998a76403cd65696fb192933781f6f1,,1102,2,0,2,35,,
2026-05-22 00:10:21,ecfdb0d6b6be6d73b9b9fb7ba4b9d9690b49a1bc,,15111,17,7,24,1,,
2026-05-22 00:10:21,1406ac5685437dafe802785cd38e3521bab0d6e5,,3009,2,12,14,5,,
2026-05-22 00:10:21,f68f481d5fc3bd2494de3725d23c0c0267491db9,,21110,11,19,30,5,,
2026-05-22 00:10:21,48287bfe3e547472fc5fd4efd2712ea8219fba8f,,31001,1,1,2,25,,
2026-05-22 00:10:21,6be043eeaf607900b89fce3cc9a9df3ff4f042c1,,21507,11,5,16,4,,
2026-05-22 00:10:21,be0b83f38876e2f9b46f238d17744fb08bd7dec4,,22306,6,6,12,8,,
2026-05-22 00:10:21,a921613504fe77cd3f1f40d304a764a7f75a3dac,,14023,6,3,9,43,,
2026-05-22 00:10:21,88b352adc4915d2685998f26eccd9cde862b95e8,,22502,3,0,3,16,,
2026-05-22 00:10:21,2052dfc4a0347b66538cc883d023eb53d26d9634,,3012,2,9,11,13,,
2026-05-22 00:10:21,6036465cfb884d9acef825c75f6846e1a25643f3,,3003,1,0,1,26,,
2026-05-22 00:10:21,93435046ee1d2c0f35a3fd5de53e9cf162d6bd15,,19111,1,0,1,38,,
2026-05-22 00:10:21,8f92af513d4b5a30f5245377579c1746fa364887,,5122,0,0,0,29,,
2026-05-22 00:10:21,33f59cb487aa23a9f3fc807e7c63729f7165b294,,3005,4,21,25,8,,
2026-05-22 00:10:21,e5e8a8e90007f3b4b5b407beff0f9f79ff826db7,,8036,1,1,2,44,,
2026-05-22 00:10:21,a2d514b2b850f2bcdad10c07c325e3d4907c2b51,,6031,1,20,21,12,,
2026-05-22 00:10:21,a44af653115b95235e8448c7ca7b66f1eb0b6192,,14133,1,1,2,33,,
2026-05-22 00:10:21,d353abd4be829fe292f76f7d4e965f0e0c7088f4,,21215,0,1,1,31,,
2026-05-22 00:10:21,2681caf268a7a47bdb7631ad84dfe003ce40de86,,41208,3,2,5,16,,
2026-05-22 00:10:21,693ca022c95aa263fbc87056d81b00b660e8df06,,26006,14,14,28,1,,
2026-05-22 00:10:21,b72e1c24a53197f2d3bf22eba0b8670d78f295a2,,42211,18,2,20,5,,
2026-05-22 00:10:21,6a52e350f647c61c66d2681b8a752f53fc3d0035,,12163,8,6,14,28,,
2026-05-22 00:10:21,45e186d5ee863a8e0289974c95d60958d9e5e817,,35012,6,0,6,18,,
2026-05-22 00:10:21,b76e7ecf54131f73bdf28a45edcbd08f9e9e9b1c,,21505,3,0,3,21,,
2026-05-22 00:10:21,7827d23fc87d5d116c85a0eb0965730645b3c832,,2016,1,5,6,15,,
2026-05-22 00:10:21,8d5311429ba8645e5deb1292625cd5a4e4d7744f,,4018,1,16,17,13,,
2026-05-22 00:10:21,c84557ce26a4d61d20ee564352ababf8f19367f3,,4009,1,3,4,24,,
2026-05-22 00:10:21,cc2f51a6dc7c0ecc27c1289390f76114f88b19fa,,33020,1,0,1,29,,
2026-05-22 00:10:21,8e1d75499df59838603264ac5cab40301402185a,,32019,6,21,27,0,,
2026-05-22 00:10:21,3dd5b063b2b49acceaa55dc756dfae1225907220,,22506,7,2,9,8,,
2026-05-22 00:10:21,9cc61c3eec88054b976bcbebd0818e238fa1fb5e,,27001,5,7,12,5,,
2026-05-22 00:10:21,419814e117e40fb9fc5168a134b3ca05cf3fb72c,,1018,2,3,5,13,,
2026-05-22 00:10:21,4331f79f7b1f2c0ea6231f99b479a9186c27064b,,18015,10,5,15,25,,
2026-05-22 00:10:21,cc30fcb06218b5e525456765a1c95168a4082d57,,1116,2,2,4,21,,
2026-05-22 00:10:21,f6d9fa9c49fbcf47fec883931e2290bedd7b0285,,32024,10,2,12,11,,
2026-05-22 00:10:21,7f03497a7194beb3c83ff0242d927a40b31ad003,,1017,1,0,1,17,,
2026-05-22 00:10:21,104ee392e4b548346f9a772dd3d73e481f13346d,,15040,19,10,29,7,,
2026-05-22 00:10:21,4404748c90bdc17e0745ea916ba93bddede4ba90,,23107,3,1,4,18,,
2026-05-22 00:10:21,2529ebd74842f1829d1d69975057ffa642a0f364,,6026,0,3,3,59,,
2026-05-22 00:10:21,7401f6a4b09ef5b5e5960f3ff6f49792ab8fa094,,42018,3,3,6,25,,
2026-05-22 00:10:21,335251186a1951adf32fabf4cd9c27dac1b8fe62,,48008,2,1,3,27,,
2026-05-22 00:10:21,8eb16496f8c4b2832e2a9e8ad781a7c61031c200,,19202,11,0,11,34,,
2026-05-22 00:10:21,de8cad9404a56579ef0dcb958139ed547484c6c5,,14201,6,0,6,22,,
2026-05-22 00:10:21,e443a5bc9b0ad73597bbde33489ca77036cf318f,,17021,8,1,9,24,,
2026-05-22 00:10:21,a7e186fa380ea08a00a7ff02999865dc63c1c84d,,31020,5,2,7,27,,
2026-05-22 00:10:21,a63192cfe0665fb1f0c7721811057115244a8957,,28005,10,3,13,15,,
2026-05-22 00:10:21,87b860ba5643cdfeb0f893b52a1f9c14085d3791,,35005,10,3,13,10,,
2026-05-22 00:10:21,d127c99b0c4013c1ad5409cc737cf10c4a612b24,,16139,2,0,2,28,,
2026-05-22 00:10:21,bddad4b35808df6d7adcaea193e429b488cdbbd5,,42028,13,5,18,9,,
2026-05-22 00:10:21,a73ab3c6289e05aad16e5d2fe6869aab832a8c1e,,12166,17,6,23,1,,
2026-05-22 00:10:21,3559c8366d3212ff767e83b5bcc64cc4ad0911ed,,21119,11,13,24,0,,
2026-05-22 00:10:21,f6d28ae4628f2a950990261c0b0baedd55437c2e,,16010,2,1,3,20,,
2026-05-22 00:10:21,601ee4ab513214db0e33df2e0d9008b853c82899,,16201,3,0,3,62,,
2026-05-22 00:10:21,50f8d28dc52156c36a87c33f81ce67de4a58eac5,,32020,8,6,14,1,,
2026-05-22 00:10:21,bf44dffe5bbcaad83bb033c992aafcac57e3ac7e,,27006,4,9,13,8,,
2026-05-22 00:10:21,d7d7fdd071b58487007788b129ded7a826f84576,,1008,0,1,1,31,,
2026-05-22 00:10:21,732dd88d53a1608b4408df755319d36ab1e6c7af,,1024,3,0,3,17,,
2026-05-22 00:10:21,163d8bda615974957c5138685cfb00ef58e1e474,,2020,1,1,2,17,,
2026-05-22 00:10:21,4fb4ff7cb8de404bdc072748337259710d74c785,,10201,2,1,3,20,,
2026-05-22 00:10:21,ff854048755ff7262e469a08f25b8adf1a298dd2,,6007,0,3,3,20,,
2026-05-22 00:10:21,8fed8f1c6ea6f7e628a7a83c57d6400e0c3b1c08,,6029,1,4,5,20,,
2026-05-22 00:10:21,ab26080a4057da77ec52e5fe5e45f22f3b59d11f,,44008,6,2,8,22,,
2026-05-22 00:10:21,4a8dd50abf0a19868d1363ef3270596e91e66d20,,23104,0,14,14,14,,
2026-05-22 00:10:21,6dd98f028a69af14474d54108f9e12249d2ae0e8,,21011,2,15,17,4,,
2026-05-22 00:10:21,679ec6336161b244212f471ea7939c64792276ad,,23303,7,12,19,11,,
2026-05-22 00:10:21,e3b03e5e78ae1da6e27751702b672b5dab2d9049,,26012,4,13,17,1,,
2026-05-22 00:10:21,9a714e288a96d752facd185f4619ee0d0ec3a4c7,,13049,1,1,2,20,,
2026-05-22 00:10:21,7702a6282e5645aeb132e7179f01bcd3c9cd213a,,17020,6,3,9,18,,
2026-05-22 00:10:21,f342e35383a05403ef802a193f3430edff640ee9,,12202,4,32,36,3,,
2026-05-22 00:10:21,d2598e984b86aed9d32f2a9666fa297102b34e4a,,23206,7,0,7,21,,
2026-05-22 00:10:21,6a21363b5db282437e567ffcccc4f47a24d134b4,,8040,0,0,0,25,,
2026-05-22 00:10:21,ba95756777d769550abb86e54d2d3520f4ddc62c,,20142,7,0,7,13,,
2026-05-22 00:10:21,df13872b6d0f451fe1627ad49ca0cbce6d9f1ff5,,18010,27,6,33,3,,
2026-05-22 00:10:21,f5bcec23aa288c9bb3c710d492856b68e3b2a9bf,,48001,2,1,3,22,,
2026-05-22 00:10:21,5588f3830f351afbda43f56eeaef737788d72bff,,51008,27,2,29,8,,
2026-05-22 00:10:21,4a65d832f11b642d78820606c8d624b584978f63,,18135,3,3,6,17,,
2026-05-22 00:10:21,fa5302e8d1a2393030ce5f1ff6633342f03a1b04,,21329,1,27,28,0,,
2026-05-22 00:10:21,2956679edab53f23796847dec0343d88f3957234,,13015,6,15,21,13,,
2026-05-22 00:10:21,1495dd6999ff50dae52a0917d8a8765de2da5ad5,,13024,6,9,15,16,,
2026-05-22 00:10:21,46856eed1c76900257e524072768750ec78aeef5,,16021,4,6,10,13,,
2026-05-22 00:10:21,cc1e9438d2129f6b0abb158b26de701d6c4a0fe7,,23041,3,6,9,16,,
2026-05-22 00:10:21,e42fd314cd516bf36e45a6d5c7c5ec8ff940c2dd,,24005,6,3,9,24,,
2026-05-22 00:10:21,4fa27d78363443f74e512c3701ac45cf4b5c5598,,13116,1,0,1,49,,
2026-05-22 00:10:21,27c5efe21710d46b0f06d653fd01b01739e0120a,,18016,6,1,7,27,,
2026-05-22 00:10:21,6430ec816047b3f26c8fe5485eaba4670fcff303,,15053,10,34,44,0,,
2026-05-22 00:10:21,92897105885cdc975ff088e372db5054f1fb9308,,20003,1,4,5,15,,
2026-05-22 00:10:21,4b950e8d9d288e05ef390fff5650cd8b325ce959,,10003,1,2,3,11,,
2026-05-22 00:10:21,f6724350c9ff95ddaae715e4c4992f082a4cff77,,41602,4,21,25,7,,
2026-05-22 00:10:21,b9e9ec81d5e4cdb559d26eee27e9cb4e5e92be90,,14027,6,2,8,46,,
2026-05-22 00:10:21,e78fb980109af32878f07b8014d5f7580f25c261,,42303,9,6,15,5,,
2026-05-22 00:10:21,93a3f55107cdf80f185a9945425e636b0a77fe3b,,41605,11,6,17,5,,
2026-05-22 00:10:21,65de222f5d9a5c7a06ee9d87ffe118731650af5a,,30003,24,4,28,1,,
2026-05-22 00:10:21,b6c0ca1210b6c3d45447427908e30680ae6b07f4,,35013,6,3,9,11,,
2026-05-22 00:10:21,ebe7fe592d055d7456d161283a14ce379d77cfb3,,20020,13,0,13,16,,
2026-05-22 00:10:21,9ce978bf9574d9afc2a4932ed54965bcc6b5cd2f,,12102,2,26,28,2,,
2026-05-22 00:10:21,26de1e81b19c8c4dd0c5f8d68f435b9f80ec2cc6,,15024,2,6,8,15,,
2026-05-22 00:10:21,43e47a1d05a7bf7276d4813d4faf0bfbc1d8ce1b,,10009,2,7,9,9,,
2026-05-22 00:10:21,65209e60137acae1d772e428bc00ef5670f978bf,,13006,3,21,24,16,,
2026-05-22 00:10:21,e9d6b11d94ae3c33e59fa10fddcfc528e5fe7a45,,23803,4,13,17,3,,
2026-05-22 00:10:21,84fc97dd85d8c6eff1c1b918005f1934d16728fb,,11111,12,22,34,4,,
2026-05-22 00:10:21,c76980cdb0e73875db6660c1ed72b88b0504cc49,,43007,1,3,4,22,,
2026-05-22 00:10:21,970ccd9ec0de5458c8704e744e0cc00016088e59,,16025,9,24,33,32,,
2026-05-22 00:10:21,eacc61019e7212ba742d8efc1bd8d7341b9b1f52,,13036,9,1,10,26,,
2026-05-22 00:10:21,440603b92804e16f09030553e3af0053f35f83da,,14009,4,5,9,27,,
2026-05-22 00:10:21,5e6fbb8ab5838a05886381546ee4d73961e5740e,,16017,6,1,7,9,,
2026-05-22 00:10:21,1c7355f9715138f8c4fd8127f1238c4743c471d7,,20013,3,1,4,41,,
2026-05-22 00:10:21,806813aee8315d98d3110ee5eee620037c1c8cfb,,5033,2,20,22,7,,
2026-05-22 00:10:21,74340cba45abf1eb394985eab9963b71a7d2278f,,25004,2,19,21,3,,
2026-05-22 00:10:21,50b4cada030651716fbac8837bfc2b91624bccdf,,21023,2,8,10,15,,
2026-05-22 00:10:21,3d8dd0fdd7050aa4fab9fd2f16610bad3c8de7d9,,31105,12,4,16,1,,
2026-05-22 00:10:21,ebedfb9a2e79a9b9cada1c06d660ff0b3ac72092,,42205,6,7,13,21,,
2026-05-22 00:10:21,54faef18eeccd0e5d1583d743dff4e96e6d2a181,,17110,2,3,5,25,,
2026-05-22 00:10:21,0ae87a85a32450045020d84eba4710ba2ee34b58,,31701,15,1,16,11,,
2026-05-22 00:10:21,2f0b32560a1125cdd2def6ff80c9139ca456ef8d,,14035,1,1,2,48,,
2026-05-22 00:10:21,dfb87fd8c76e3cc0218b31d12183a3b39304813c,,30004,22,3,25,1,,
2026-05-22 00:10:21,ec6c6d0aac8f5227e96db9627e0fbff21112a830,,8046,2,4,6,24,,
2026-05-22 00:10:21,afcf0e13ce9b986e76b3bbd233694e8fa0a90f53,,32306,2,0,2,27,,
2026-05-22 00:10:21,e6f6d25ca01fc0053440eb633afd1a67453d64a9,,8007,0,1,1,29,,
2026-05-22 00:10:21,5d0e2a2946b4d7e733171df4446ace2f58e9f71d,,17006,12,3,15,20,,
2026-05-22 00:10:21,58a51902615cd49531c1c7ad7ba50b0d152ffb73,,6028,1,11,12,23,,
2026-05-22 00:10:21,dc7200668bee67bfade6c13ed6452364f6da0f58,,20005,0,0,0,19,,
2026-05-22 00:10:21,440467054016054d05fadd458e43b645aaea6de5,,21207,2,16,18,11,,
2026-05-22 00:10:21,997625f124544298feb0560bba94cb725a162136,,12122,2,4,6,43,,
2026-05-22 00:10:21,d5eda6d0a8f8c127d77ef392236f683b446de2ce,,16033,4,4,8,21,,
2026-05-22 00:10:21,a74c1d631dccbec91fd7276ea50c36156ef8e51e,,21205,4,0,4,22,,
2026-05-22 00:10:21,ba99174d16fe44dfeef296e048e604ae0c4b9fce,,16023,2,6,8,24,,
2026-05-22 00:10:21,c476b6a3d89ae8f6a8b50f7f77358472c14ba9fc,,24007,7,12,19,0,,
2026-05-22 00:10:21,87a8c798343a68e2232e9a128bfb12aacdffe1dc,,15114,0,0,0,33,,
2026-05-22 00:10:21,7a9e905ad067900d3a6a5661dfa6877fa43ec6d3,,19014,6,5,11,7,,
2026-05-22 00:10:21,b5001f4af78144761604e5c845c931453733b6c8,,15014,2,2,4,30,,
2026-05-22 00:10:21,e03d487da7083d9f346e73eb3612978c4e447d9c,,11028,10,9,19,19,,
2026-05-22 00:10:21,96221f79734634e88b1fd41797c18c379b913d09,,13055,4,3,7,66,,
2026-05-22 00:10:21,d847d0a6fbbcabaa3d93852d54da1f8515c4ec6c,,22014,6,3,9,16,,
2026-05-22 00:10:21,13cc6679470a8f5fdb587de86345c58fc0fb3fd1,,21027,1,11,12,13,,
2026-05-22 00:10:21,c938095e91a6f1f069b7a124255353648e1a2391,,28002,0,16,16,6,,
2026-05-22 00:10:21,69fc099d529e555a3baa7c1cab9a21eb7c3e330f,,25002,4,7,11,8,,
2026-05-22 00:10:21,08ba681417dfb0bcf09d535223f9c48be353feed,,19001,15,2,17,37,,
2026-05-22 00:10:21,aee4e08edd5708f23906a1a2d83cdddf076b8803,,15044,6,1,7,26,,
2026-05-22 00:10:21,a59f23e180d7bdc772a6c2118c040b0e69648855,,12040,8,1,9,57,,
2026-05-22 00:10:21,4cb8b50d0a1f678a04a5e76fbad22396a683a769,,6005,2,2,4,45,,
2026-05-22 00:10:21,18accd743372b96926a6d54944b82ab8bb9f68eb,,6020,0,7,7,4,,
2026-05-22 00:10:21,65529cb6e934490778a687fd7317518a922aad11,,21007,2,21,23,30,,
2026-05-22 00:10:21,88eefaa0a336d33d80242b613ee90ae17fee4405,,21016,8,28,36,4,,
2026-05-22 00:10:21,f980a2e9ace333d7a08620f040db45128a8f223f,,5105,3,10,13,3,,
2026-05-22 00:10:21,c4de9c1013f979f321c204a625ccdbfc7f986933,,11018,6,22,28,22,,
2026-05-22 00:10:21,73798fca4e96d901649153cf1cf98dea83d4f816,,19123,6,2,8,22,,
2026-05-22 00:10:21,cf9f73054ca1f6b3f613cb84009338f518b10376,,22007,13,19,32,0,,
2026-05-22 00:10:21,d2d8157045033aa1291d067c20ca88143634011a,,13037,3,3,6,14,,
2026-05-22 00:10:21,8d9fa3b75d545b514ab3cdce82dabf82b63228fa,,16104,1,0,1,16,,
2026-05-22 00:10:21,d93df05bbbb2bc38d4d04384cb915d64ba61cab7,,17050,2,1,3,25,,
2026-05-22 00:10:21,0a35c854ab57306300776c3a94b0ef5306326af5,,8044,0,1,1,32,,
2026-05-22 00:10:21,29c33e430206aef7556c35349a1fed40bbbb7181,,21510,1,6,7,17,,
2026-05-22 00:10:21,d15628fb2f821a38237e6f464f304f96155916dd,,11040,4,14,18,18,,
2026-05-22 00:10:21,4e450b192a75114d7b971f4a7ace2cb6c780e5ee,,11038,3,15,18,24,,
2026-05-22 00:10:21,066d89511343cdb7dddd872b8576744ab9971025,,21511,3,7,10,36,,
2026-05-22 00:10:21,83f1afe10033e60a5e63a17592699256b43833e0,,21033,2,12,14,4,,
2026-05-22 00:10:21,3f6c5afc39d8772e5fc30dcca4fc28ee4caf19c0,,17004,3,5,8,30,,
2026-05-22 00:10:21,949e93421eb2968bbee934e84445f437dc3f4a36,,8003,1,0,1,46,,
2026-05-22 00:10:21,3807fcefe726c8eaf44bc6a7c79412ae5415adaf,,22703,20,3,23,7,,
2026-05-22 00:10:21,ababc61e30da4536e562cb8b4f0242db93ace5e2,,26010,8,11,19,1,,
2026-05-22 00:10:21,51b00ffe332ae417dbb6e7a0ded8358af206449d,,16140,2,7,9,20,,
2026-05-22 00:10:21,d76a6b30e9a6c38d48c16b840a01f74b60e1fa91,,20035,2,0,2,24,,
2026-05-22 00:10:21,c5f57e4da6f9eda2d613e31084a97e7d3c0d094a,,19045,3,1,4,62,,
2026-05-22 00:10:21,cd9fc42b9552721057b62e3d5b2bb2b614d6f373,,13053,1,8,9,26,,
2026-05-22 00:10:21,0b1dbf5a0613bd8fae4449508a142be8e021c401,,48011,7,3,10,9,,
2026-05-22 00:10:21,bb544764683cf30ff36aab658d0271f1acb6ecac,,41212,11,1,12,10,,
2026-05-22 00:10:21,93c1aa57c3de85a9c2750b3a855d9dca6b7bb23a,,20030,5,3,8,33,,
2026-05-22 00:10:21,f78f7af508c1fdc08061cc1570c6f2a2c34feae7,,22208,0,2,2,16,,
2026-05-22 00:10:21,703fa638105b7da1e8439ad56dace25ba97b432b,,45005,4,12,16,10,,
2026-05-22 00:10:21,8801d98f9323a8424b6803af4d00dba19b5c88e4,,35021,4,1,5,25,,
2026-05-22 00:10:21,7157c68d589b909c381dde51fb1107600f23af42,,22305,12,19,31,3,,
2026-05-22 00:10:21,719accfe960b8767290c7b78acd4e88bdcdfd4f6,,21954,5,2,7,16,,
2026-05-22 00:10:21,951ca5722075e74867714cae771338675cd55826,,11201,3,5,8,8,,
2026-05-22 00:10:21,cae589e14ed92e9ead1fc1dc1f5e76ca4a0b1728,,12106,5,18,23,45,,
2026-05-22 00:10:21,6d43a00d5b45bfa02378e9d20a4ffbbcf7abfd33,,23205,4,7,11,12,,
2026-05-22 00:10:21,8d4c2fd4bf4041dfb718147995754980f308bc0e,,12001,1,35,36,25,,
2026-05-22 00:10:21,a66af5b5a0915646654eefce7cb4a16af55da4ec,,21320,0,10,10,30,,
2026-05-22 00:10:21,51bcc231abe598a3660f048436b6c37e6e5c33df,,21327,5,15,20,11,,
2026-05-22 00:10:21,e512730d77b80eae53172e475c5e184c641f7a87,,2010,0,3,3,24,,
2026-05-22 00:10:21,9ac0c7964cbfe38a349293bfa03cecd0294ab0cb,,34005,18,1,19,11,,
2026-05-22 00:10:21,75916aed7023edf42db331bcf6fa4a914b55a5e8,,17127,6,16,22,16,,
2026-05-22 00:10:21,d276da2c32965dc27fae77f32f924ee4e391e8fe,,26008,17,16,33,0,,
2026-05-22 00:10:21,dccb36436e59da01010580b55362869b9da8be20,,31301,18,6,24,5,,
2026-05-22 00:10:21,808c7fef59111dfcfb522f9afbb61ad1eb8b1abb,,21514,2,1,3,20,,
2026-05-22 00:10:21,d370dce855b43edb1c13d5670ed730dcd6a55d16,,31303,11,7,18,9,,
2026-05-22 00:10:21,09b203c1a1d4ae58f1998cb7c216bb144456aad3,,5107,0,10,10,10,,
2026-05-22 00:10:21,4a824d7b48421fa325d7118bf3e5ed45fca07e49,,10026,3,1,4,53,,
2026-05-22 00:10:21,e58ed1cd143b70dab7b075ef46b9b89da73a73b3,,18023,10,4,14,21,,
2026-05-22 00:10:21,891149376652fc398200e3806302f84c9e31dd58,,18024,8,1,9,25,,
2026-05-22 00:10:21,da9f8d305191582f61582d02c9b663c90ccf67af,,42004,7,18,25,0,,
2026-05-22 00:10:21,ab8d13e50e1225d180d43badededd48e9128eb4b,,20112,6,1,7,15,,
2026-05-22 00:10:21,33b9a616044da16e4fca051bda860d5967841c1a,,22019,1,0,1,17,,
2026-05-22 00:10:21,d849a114295a3f7c65970703ddd441f0e73b4a39,,15013,0,26,26,2,,
2026-05-22 00:10:21,acdb882cb315b1faf76add401f753d1ebe3f0969,,13035,4,4,8,12,,
2026-05-22 00:10:21,6a7e71c78e0f58d73ceb7c86e3ff982641d8933d,,10114,6,18,24,35,,
2026-05-22 00:10:21,1c8f96e4323c2cc85f473f97b0edfcf61ef4b5bd,,18134,1,0,1,24,,
2026-05-22 00:10:21,0c4d787e2883c59944261fc307b0f91932277567,,13203,7,1,8,16,,
2026-05-22 00:10:21,4a8b876ce726bbdfbf59392ad065437a3fa557f4,,47008,10,8,18,2,,
2026-05-22 00:10:21,41a8bbf774820b14a5f278f7061bb54df6ed328e,,8038,1,2,3,50,,
2026-05-22 00:10:21,0c8ddd7971db78c394fa2aaa9ec2b80f6ede64f9,,18206,17,11,28,10,,
2026-05-22 00:10:21,df1fc16994548257ad206319cbd3d7c459f37312,,18042,3,0,3,16,,
2026-05-22 00:10:21,db837d8d465ed3ac6f206734b86ef9823617ea3b,,35002,9,2,11,19,,
2026-05-22 00:10:21,fffa4086c95c69eeb759e7108c3bbe87259592b4,,8039,0,0,0,17,,
2026-05-22 00:10:21,bfc6febddd21c7a48c5ed6f29843e2c0a86812a4,,7109,2,7,9,27,,
2026-05-22 00:10:21,5e3769f20ac46444ac41bba0674f00f534c5f928,,8057,2,0,2,31,,
2026-05-22 00:10:21,5e9bc914191b2ef4d3d658159c8a0573b08e3831,,3004,2,4,6,11,,
2026-05-22 00:10:21,0447b010028ba17d6eeaa40282bf6e5c523a03a0,,15060,3,17,20,1,,
2026-05-22 00:10:21,654ad7c39cd7d954244294562ec589a6fda8d90d,,11020,16,32,48,1,,
2026-05-22 00:10:21,d492b3dd31ef49f2119e06c5bb85291a9ffc7848,,15105,0,6,6,19,,
2026-05-22 00:10:21,67537b454418160b47eaff959edd793d8f5e40e9,,4108,0,16,16,8,,
2026-05-22 00:10:21,df5e6240f0a81ce660462dfae391f44b4027e4ff,,40010,10,2,12,9,,
2026-05-22 00:10:21,a986b4eaf43180c206b911d8132278d7d7c10f65,,40013,8,1,9,27,,
2026-05-22 00:10:21,bdfe46ca3861058259d1d06aabfd6d230acd1617,,12107,3,14,17,4,,
2026-05-22 00:10:21,6033d66b05e82cce2d623ad9a1719f05811d8ead,,40014,10,6,16,11,,
2026-05-22 00:10:21,ebbb6e81a15d639ecb82e5573291197be95e4a63,,4104,3,0,3,12,,
2026-05-22 00:10:21,8f47656654ccea2be09cee5bdfef64dbbf98505b,,23011,3,22,25,1,,
2026-05-22 00:10:21,807b65f573d49704b1f1b6d0d3c31501c6dd904a,,26005,9,18,27,0,,
2026-05-22 00:10:21,081a8490e6a3753fbc235eaf765960ddf667fb2e,,40004,15,3,18,7,,
2026-05-22 00:10:21,87354061e22d44f70c2defc66f4b1a3c285d0ae4,,23703,4,0,4,14,,
2026-05-22 00:10:21,91e9447ba7e4d2648017aab47f8e13a2056772a6,,40015,6,2,8,16,,
2026-05-22 00:10:21,7620e9a1d634fea3230b621b2a5848c81ac7e2da,,30006,0,0,0,35,,
2026-05-22 00:10:21,1043805df083108bcc43e8f285c9bc2aa3e77d1a,,13001,5,11,16,1,,
2026-05-22 00:10:21,774b65f4bf6537465178b72186b1680ab14891e4,,13010,2,0,2,38,,
2026-05-22 00:10:21,f4dd3a048461233f614a8356fc45c134acc23692,,35014,2,0,2,22,,
2026-05-22 00:10:21,71ef06482c7da0455896596c92e6b381744195eb,,15103,3,45,48,3,,
2026-05-22 00:10:21,7db335e83bede1ab2acea565904628119c18ad23,,15026,0,7,7,24,,
2026-05-22 00:10:21,7654e81d131141aa9d386be1c923511567ffe136,,1022,3,3,6,31,,
2026-05-22 00:10:21,8012c8a26a522dcc348b792cea1c8dbdb8dd92f3,,41301,22,7,29,17,,
2026-05-22 00:10:21,f7686146e99bc72ca1bd6587b3e5ed0ed37595f8,,19203,5,1,6,19,,
2026-05-22 00:10:21,d5bf26252fda09f7b25a19b433a575c59bfd933f,,34014,20,9,29,1,,
2026-05-22 00:10:21,5d631e613468cc6a6182b8ed46fe3aa67d546f89,,21404,17,1,18,0,,
2026-05-22 00:10:21,28be891282f14e8bb10529728d3607391e9e94cd,,35022,0,1,1,22,,
2026-05-22 00:10:21,2132d14b8a4034eeb0c6d6741820c065886841ce,,10208,9,10,19,11,,
2026-05-22 00:10:21,7020e5db1a686a28e924cb437878d98cc6c94ca1,,30001,20,13,33,0,,
