Timer,ID,Station,Code Station,Ebikes,Mechanical Bikes,Bikes Available,Docks Available,Capacity,Coordonnees Geo
2026-08-25 01:29:50,5653b0c147558fd41c29808f36745a71c0888441,Benjamin Godard - Victor Hugo,16107,1,10,11,24,35,"[48.865983, 2.275725]"
2026-08-25 01:29:50,e234fa0e38b2bbbac2076551dee0b285b5aa7b4f,Charcot - Benfleet,32304,0,6,6,22,28,"[48.878370277021, 2.440523876268]"
2026-08-25 01:29:50,781930297a39ad47b72d717d7ffd0aad59f4bc3c,Cassini - Denfert-Rochereau,14111,2,4,6,18,25,"[48.837525839067, 2.3360354080796]"
2026-08-25 01:29:50,28faa88e4bc6d6f4d1e493726e034164a76f13da,Messine - Place Du Pérou,8026,1,1,2,10,12,"[48.875448033960744, 2.315508019010038]"
2026-08-25 01:29:50,670f2846bb5af40529ecf20ca89bc108f6631892,Lacépède - Monge,5110,16,4,20,2,23,"[48.84389286531899, 2.3519663885235786]"
2026-08-25 01:29:50,22f28f1535286ea05e864e6f94861db8f5f0d66b,André Karman - République,33006,8,3,11,19,31,"[48.91039875761846, 2.3851355910301213]"
2026-08-25 01:29:50,1ea6cbe57dda6372545ba777ccc5a0b556853b28,Pierre et Marie Curie - Maurice Thorez,42016,11,3,14,13,27,"[48.81580226360801, 2.376804985105991]"
2026-08-25 01:29:50,a30d9e817c63b801235414f836377fa430df68b7,Place Nelson Mandela,25006,5,0,5,17,22,"[48.862453313908, 2.1961666225454]"
2026-08-25 01:29:50,0802789c67ccc23ba9aa6e95fe367361b717c44d,Jean Rostand - Paul Vaillant Couturier,30002,11,2,13,27,40,"[48.908168131015, 2.4530601033354]"
2026-08-25 01:29:50,f8a076a8948cddff36bec5d11feb88bb438f9c8f,Bas du Mont-Mesly,40011,1,6,7,20,27,"[48.779751, 2.460837]"
2026-08-25 01:29:50,171b973f47d10603edbf94c81f907ef57b92f588,Square Boucicaut,7003,2,11,13,46,60,"[48.851296433665276, 2.325061820447445]"
2026-08-25 01:29:50,0bcad2c30a8bce98b219cb8c7f5662f43f2479b6,Guersant - Gouvion-Saint-Cyr,17041,2,9,11,20,36,"[48.88287775178599, 2.287667370814871]"
2026-08-25 01:29:50,54ebac6ba054e26f75b5100e5c9d1ba6fbdeffe1,Jouffroy d'Abbans - Wagram,17026,7,2,9,31,40,"[48.881973298352, 2.301132157445]"
2026-08-25 01:29:50,c7fa38adc628ba0bc9c909db288f5ba0cc2a2b3a,Beaux-Arts - Bonaparte,6021,0,17,17,3,20,"[48.856451985396, 2.3348518833518]"
2026-08-25 01:29:50,bc6d764ed081ade6760badcdca1bf450ef18b49a,Bracion - Périphérique,15202,2,1,3,27,30,"[48.826103771275, 2.3004549373748]"
2026-08-25 01:29:50,495b15c47a7aba36ac53e9eceffcc5c6bc52e358,Place des Marseillais,42208,20,0,20,14,35,"[48.826605522232, 2.4059119927899]"
2026-08-25 01:29:50,d6229d076be9ec98a3bcda468d972f3fcd78e78c,Thouin - Cardinal Lemoine,5016,6,1,7,10,17,"[48.845047166615, 2.3494647851273]"
2026-08-25 01:29:50,763d6db079549c9ce2f181964f5fd22e605f7785,Le Brix et Mesmin - Jourdan,14108,0,4,4,15,21,"[48.82234096593411, 2.327861653302471]"
2026-08-25 01:29:50,32f7b4c388ca25f29facddf025d380faf4821c58,Romainville - Vaillant-Couturier,31024,12,1,13,25,38,"[48.86785, 2.446748]"
2026-08-25 01:29:50,f89c277f08f050589efbe044265445196c7cb5e2,Saint-Fiacre - Poissonière,2022,0,6,6,29,35,"[48.870828911558, 2.3459213599563]"
2026-08-25 01:29:50,80dad2242350c256f7eae83b463e620ace2e50d0,Cambrai - Benjamin Constant,19033,2,2,4,38,43,"[48.89594736851349, 2.381133802246315]"
2026-08-25 01:29:50,ec210504146821cc2baed29c4365b8c15ea31a80,Chazelles - Courcelles,17025,2,8,10,23,35,"[48.879406604954, 2.3034455627202988]"
2026-08-25 01:29:50,01f38d738af77ffb4cba11f740ccf89004523245,Ramponeau - Belleville,20143,13,5,18,26,44,"[48.871031137596, 2.379056852114]"
2026-08-25 01:29:50,e2be287d539a56c6072cf766a9483bc0fa639f20,Lagny - Victor Basch,43002,4,2,6,20,26,"[48.84884147189881, 2.426325418925233]"
2026-08-25 01:29:50,57c0e93141151742e0dcd28e669b34ba0fe95768,Jules Guesde - Pont du Port à l'Anglais,44017,23,0,23,6,30,"[48.79628807093802, 2.417212128639221]"
2026-08-25 01:29:50,1db78c265c9abfd51f6d9f5cbeae41e6948a3d13,Michel-Ange - Parent de Rosan,16118,6,6,12,13,26,"[48.840579923690115, 2.2584119439125065]"
2026-08-25 01:29:50,4e326b62f3414d69099c6337cbaae424066739a1,Caire - Dussoubs,2017,1,15,16,24,40,"[48.86785342111862, 2.349364310503006]"
2026-08-25 01:29:50,653fc7ff42273d2da0acd5de5dbf0f7b8780d05c,Marceau - Chaillot,8048,2,0,2,18,21,"[48.868834023334, 2.2986030816809]"
2026-08-25 01:29:50,bd36936a0e0ecd64ddbfd624d6c6d559670e798a,Liard - Amiral Mouchez,14013,13,4,17,10,28,"[48.8214169, 2.342167]"
2026-08-25 01:29:50,09986b9a1cc4d1f576ae4cae540d9b920ece03a2,Regnault - Patay,13118,3,32,35,27,63,"[48.82435782216384, 2.377065159380436]"
2026-08-25 01:29:50,81abf54ded204bbf017a2209bff79efe892849c8,Sarrazins - Saussure,40016,15,1,16,6,22,"[48.769626617432, 2.4717841148376]"
2026-08-25 01:29:50,af6e9c037aedb1c2d49e75f648c2e998d53e9df2,Félix Ziem - Armand Gauthier,18111,8,2,10,15,25,"[48.88949630486821, 2.333393658804396]"
2026-08-25 01:29:50,d97b1273c5911e3484b75087c15049165b803c40,Octave Feuillet - Albéric Magnard,16110,4,1,5,16,21,"[48.86106902949534, 2.2730283066630363]"
2026-08-25 01:29:50,d93e5d689a00baa0c5166769095c113d199bcb19,Jean Oestreicher - Porte de Champerret,17032,1,1,2,16,21,"[48.88655580065981, 2.288640439510346]"
2026-08-25 01:29:50,b2e6567fc8147762e22f8573c6cef3b729496209,Square Louis XVI,8016,2,5,7,22,29,"[48.87320440102894, 2.323658830743138]"
2026-08-25 01:29:50,2bfc70ad60023f53ed814eaf78c905974266f5f6,Dunkerque - Rocroy,10029,1,6,7,16,24,"[48.880726, 2.351464]"
2026-08-25 01:29:50,608e543c6390aaddf57b1a74095073e2d03a4271,Gare de l'Est - Faubourg-Saint-Martin,10161,1,2,3,29,32,"[48.875642647477, 2.3594588041306]"
2026-08-25 01:29:50,aadd217bd5b22512c32c05c20baf880e684bd5b4,Quai de l'Horloge - Pont Neuf,1001,2,0,2,15,17,"[48.857058739111, 2.3417982839439]"
2026-08-25 01:29:50,eeb8854ecdf557bc22a6b887dec2aaa1d03ddb91,Jean Jaurès - Bouret,19207,0,2,2,27,32,"[48.883144703938, 2.3712364995651]"
2026-08-25 01:29:50,84091be90893f5733dfe9c19adfe93c95bc386b3,Ségur - d'Estrées,7018,0,2,2,16,19,"[48.851419978983, 2.3097044974566]"
2026-08-25 01:29:50,d8461b058de7acb1688be101db54fa113cbf64ed,Place Georges Guillaumin,8053,15,9,24,5,29,"[48.874750203957, 2.301771435326]"
2026-08-25 01:29:50,af08024c3004aee6210f50c38aadf67345d34bd5,Ambroise Rendu - Porte Brunet,19105,3,7,10,6,17,"[48.883667, 2.395733]"
2026-08-25 01:29:50,c9f96d8e53a1f5a6c361a7caaaeb2f28524a6fa0,Château - République,31706,6,2,8,18,26,"[48.862923800596, 2.4155035614967]"
2026-08-25 01:29:50,7dd380bc920b80b065aebf4d907a35cd1dba5958,Thionville - Ourcq,19015,14,0,14,10,24,"[48.88917613743794, 2.3833653330802917]"
2026-08-25 01:29:50,386a5d919ae612c2095bfa11f19d6c593d26b73b,Argenteuil - Voltaire,26003,11,2,13,2,16,"[48.918648659556, 2.281411215663]"
2026-08-25 01:29:50,9a2afa98ff4c4e57b0e5578e597d22095325585c,Lieutenant Colonel Prudhon - Repos,51006,18,7,25,1,26,"[48.946800700149, 2.2380727982588]"
2026-08-25 01:29:50,10352abd4ce438f4bf842388434731ad1b113b91,Pesaro - Préfecture,92007,0,1,1,21,22,"[48.89577046284005, 2.223908342421055]"
2026-08-25 01:29:50,06219bdd30fef88a78664f4cea1af2262d0ad142,Belidor - Gouvion-Saint-Cyr,17043,0,0,0,37,39,"[48.88022154052015, 2.2854680567979813]"
2026-08-25 01:29:50,397911c8370be6fa35733e8273a1c2a3ffbef6e0,Place de Rhin et Danube,19026,6,1,7,23,30,"[48.88192765861766, 2.392586767673493]"
2026-08-25 01:29:50,03d6062970e062e134d34a45a1b7f5c9601823b4,Delphine Seyrig - Général Leclerc,19043,10,0,10,41,53,"[48.893923963057865, 2.39790290594101]"
2026-08-25 01:29:50,6180de104c6d3e54ae324566c4f88f3287f721ac,Panthéon - Valette,5032,7,6,13,38,51,"[48.847020571652, 2.3464982619671]"
2026-08-25 01:29:50,f1202570d1517fdb2956aca4519b3b02188de19e,Place Jacques Bonsergent,10010,2,20,22,11,33,"[48.870948218595, 2.3612049221992]"
2026-08-25 01:29:50,586c07fade9fdfda0bbe17c8b7f563af168a6361,Chartres - La Charbonnière,18107,10,9,19,15,34,"[48.8847601, 2.3534657]"
2026-08-25 01:29:50,5255075c383d226577c7bc62d8025e5d906bad79,Desaix - Edgar Faure,15067,5,7,12,0,12,"[48.852804604940296, 2.293077029857222]"
2026-08-25 01:29:50,895f6b41a7349bf7836a49f2bb18ea0cb2bb9d43,Pyramide - Ecole du Breuil,12128,15,3,18,15,34,"[48.82237977153955, 2.4586871266365056]"
2026-08-25 01:29:50,b894569c7afdbc07a9db3d998ff804a4f6530a82,Liège - Moscou,8010,2,1,3,14,17,"[48.8795431, 2.3264628]"
2026-08-25 01:29:50,35540d00332f6a13f0afc8185d1980a5d7fca783,Mairie de Montreuil,31022,4,0,4,47,52,"[48.86131452758348, 2.440614402294159]"
2026-08-25 01:29:50,107ba7661558127138b01162da78e7e15435d548,Récollets - Square Villemin,10016,2,2,4,12,17,"[48.875034655883944, 2.359801238597928]"
2026-08-25 01:29:50,50e8a41073ba74dd4d2057790e6b613c13f9679d,Pajol - Place Herbert,18011,19,10,29,8,39,"[48.8927825, 2.3635598]"
2026-08-25 01:29:50,44f5e67f0534c314f95069228fce53437b0c14c2,Carducci - Place Hannah Arendt,19120,9,1,10,17,27,"[48.877436681515796, 2.3860743641853337]"
2026-08-25 01:29:50,167b657b6798067969588960529775ef8cb26329,Pyrénées - Emmery,20042,9,13,22,18,40,"[48.87202880542, 2.3918598091484]"
2026-08-25 01:29:50,e85370f605c4641e98bd02bc7da7f1a0f845568a,Hôpital Européen Georges Pompidou,15104,2,41,43,35,78,"[48.837695319163, 2.2753742337227]"
2026-08-25 01:29:50,33db30a51c9ef7404a3126c64bd2ce2d1d0c6a9a,Square Simon Bolivar,19101,5,0,5,17,24,"[48.875089888322, 2.3826304078102]"
2026-08-25 01:29:50,fa4760fe9c1168440acbe42dbc985c6e5b401c83,Pereire - Rennequin,17030,1,13,14,9,23,"[48.883647828876, 2.2952447086573]"
2026-08-25 01:29:50,cbb8ef09d679296546da5285950a20c2b0ed38af,Sablons - Georges Mandel,16108,1,2,3,34,38,"[48.863875, 2.28189]"
2026-08-25 01:29:50,f78a77f32981f6e9efbc37f0ac681446931e6ceb,Porte de Vanves,14138,5,17,22,10,32,"[48.828012849445, 2.3056878894567]"
2026-08-25 01:29:50,91ed1c95452317ef1d557a8bacb341f360a9fb2b,Victor Hugo - Jeanne Jugan,12114,7,4,11,17,28,"[48.843949064031825, 2.415081394834419]"
2026-08-25 01:29:50,17ca43c1d164af84c94cec54e4b9e44c84e08c58,Rocher - Laborde,8017,1,32,33,30,65,"[48.87590240712654, 2.322616316378116]"
2026-08-25 01:29:50,3d5dd821ffa895b8ac009c6dbb52977081585c84,Lecourbe - Jean Maridor,15054,6,9,15,4,19,"[48.83796366147599, 2.2877392172813416]"
2026-08-25 01:29:50,cd1828bce06fc9d16a76dec54d674594cd7675b2,Chabanais - Petits Champs,2111,0,1,1,26,30,"[48.86703740186721, 2.336716018617153]"
2026-08-25 01:29:50,0f623cefa712b5ee4d0b5f997759698e59260e4e,Cevennes - Bergers,15109,6,14,20,8,29,"[48.84240765130395, 2.281037718057633]"
2026-08-25 01:29:50,7fd5b97d136681a97f22462980fff0c5e1e8234a,Molière - République,21209,10,8,18,12,30,"[48.81111581390707, 2.3145738624448158]"
2026-08-25 01:29:50,544be52a4e302fea44360ae510a2c6e3301e15ad,Enghien - Faubourg Poissonnière,10042,1,11,12,21,33,"[48.872420063053, 2.3483952362828]"
2026-08-25 01:29:50,10946c86c2dc11eff65e057d1462ccec394d1472,Manin - Carrières d'Amérique,19103,9,2,11,9,20,"[48.884672142095, 2.3919698596001]"
2026-08-25 01:29:50,b8ee8711202ebecc772d5763102ee4f983e8914d,Place de la Porte de Champeret,17203,0,10,10,16,28,"[48.886062068226, 2.2917001576821]"
2026-08-25 01:29:50,0b5cb6ad7bf210f25e559433e7bce333de6d39ee,Hôtel de Ville de Boulogne Billancourt,21005,2,16,18,7,26,"[48.834958851668, 2.2416803240776]"
2026-08-25 01:29:50,5dae9aed402fa7ffc92c27d5a8ce4a057e03e419,Arsène Houssaye - Champs-Elysées,8028,6,3,9,28,52,"[48.873409276267, 2.2977904602885]"
2026-08-25 01:29:50,542cee225972219f74472fe9bc85895d73343178,Saint Lambert - Blomet,15133,6,19,25,2,27,"[48.83659148147257, 2.2930556908249855]"
2026-08-25 01:29:50,b92fff716a5c26630356d14e6d3b52cf8781991a,Place Robert Guillemard,15110,5,15,20,3,24,"[48.836191728066666, 2.2811267160086417]"
2026-08-25 01:29:50,5a43a5a5e383970039533eed86bab504040548e3,Edouard Tremblay - Julian Grimaux,44013,0,1,1,29,30,"[48.781383825117, 2.3723508417606]"
2026-08-25 01:29:50,085d14a4d1dbad306c2738b4aa53214d7cc97af0,Lakanal - Commerce,15034,10,34,44,8,53,"[48.84442462786544, 2.294059172272682]"
2026-08-25 01:29:50,e66643525e0ae7b39e0c8e57e262e83f32292a3b,Censier - Jardin des Plantes,5028,4,19,23,4,28,"[48.84107178161383, 2.355475388467312]"
2026-08-25 01:29:50,5d0bb1846bef5ad9c5e38c958b838408cc4a0957,Tertres - Fontaine,22203,16,0,16,12,28,"[48.787553654715644, 2.306235730648041]"
2026-08-25 01:29:50,8d982f3904853621f84a6b246a26f6dc8f1356a1,Gare Rer de Fontenay sous Bois,41202,22,16,38,23,61,"[48.8436279, 2.4630465]"
2026-08-25 01:29:50,39e3c51eb040157bb085eb4934e8a903f6919062,Raspail - Manufacture des Oeillets,42021,10,18,28,3,32,"[48.8094458, 2.3903009]"
2026-08-25 01:29:50,83b95865e34dacbae7589402fbdfb271c5ecde8f,Louis Lumière - Porte de Bagnolet,20115,1,1,2,18,20,"[48.86431136, 2.4105210229754]"
2026-08-25 01:29:50,e40214377b917cd78c4cf021fd1df5d25d4b9e49,Marcelle - Thalie,35020,11,0,11,9,20,"[48.8835462, 2.4137883]"
2026-08-25 01:29:50,0f74d873c827d0e78a95fae8670c1f4255435c82,Paris - Emile Zola,31003,10,2,12,18,30,"[48.854898095789295, 2.4186685681343083]"
2026-08-25 01:29:50,59584830c1444d948e09d283c6ca391eb62caf48,Jean Jaurès - Salvador Allende,22402,5,7,12,31,43,"[48.821475594736775, 2.3026576638221745]"
2026-08-25 01:29:50,64bfac4b27b8a404b6d0ff0292a5f836a581e149,Victoire - Chaussée d'Antin,9116,0,6,6,15,24,"[48.875065791004396, 2.3316738009452824]"
2026-08-25 01:29:50,d0de98f481013ff24c098079e3dbc798035b65fa,Oberkampf - République,11030,11,10,21,2,24,"[48.86531608707, 2.37611478491]"
2026-08-25 01:29:50,2af7e8c203d1e90a587dec7a7af9237ca3c46570,Paix - Ulbach,24012,7,2,9,25,35,"[48.901924014503, 2.2644201216326]"
2026-08-25 01:29:50,8fce95a9dfe89c88a3aada55d801aefcc73fdf96,Richard Lenoir - Jean-Pierre Timbaud,11039,4,18,22,14,36,"[48.865804276686, 2.3693370749669]"
2026-08-25 01:29:50,a65e1777af6ab9c77936b2a9bdca780adf4a4771,Jules Guesde - Alsace,23006,2,1,3,18,25,"[48.890566275506, 2.2950777411461]"
2026-08-25 01:29:50,a3ca7931dfc1e48b45d5b2fe0ee08934cc4dde4b,Joseph Liouville - Croix Nivert,15021,15,29,44,17,64,"[48.844835471244416, 2.297508493065834]"
2026-08-25 01:29:50,bcda3342e26e0f97aca5378477c23b9879ac2b2f,Place Madeleine Daniélou,17105,3,9,12,30,42,"[48.883498, 2.282015]"
2026-08-25 01:29:50,eb5e14c94150b6bb7f0882f917c427db04a49071,Marie-Georges Picquart - Pereire,17125,3,3,6,26,32,"[48.88863669349711, 2.3111706599593163]"
2026-08-25 01:29:50,618218b5a8aedb4fb10d058af39c5afb05dd80d0,Place de Barcelone - Mirabeau,16030,1,33,34,21,55,"[48.847623027364, 2.2735664248466]"
2026-08-25 01:29:50,2a3e2d0b0b6ee58479e0bc5a53f5387a427f40a0,Gare RER de Vincennes,43005,1,0,1,47,51,"[48.847563015126106, 2.433383166790009]"
2026-08-25 01:29:50,8336d554f1cc28ce59b935f5e95d34005e2ebf65,Théophile Gautier - François Millet,16136,4,8,12,15,30,"[48.85034821320644, 2.273029983043671]"
2026-08-25 01:29:50,337b117f06c679fb3df775a8dded56fb077b6a0e,Larmeroux - Baudelaire,21701,8,3,11,18,29,"[48.816939911292, 2.2809894804846]"
2026-08-25 01:29:50,965009e0071b1134533080db780f261702f39648,Marché Secrétan,19022,4,3,7,16,26,"[48.88125496379482, 2.373463287949562]"
2026-08-25 01:29:50,5fab14f0ebcc3b3adfff2cfb66fc26820d732de2,Carnot - Général Lanrezac,17033,0,2,2,26,30,"[48.875443870736, 2.2938242935036]"
2026-08-25 01:29:50,c30dca20cfdd735cb306ea3a4c0e4eef6d021bc2,Lieutenant Chauré - Etienne Marey,20134,4,0,4,16,20,"[48.86746195408435, 2.405970990657807]"
2026-08-25 01:29:50,4a79d9a5cf09dd07539aac56ea936a7395941b04,Arche - Léonard de Vinci,24001,0,2,2,24,28,"[48.89790972494496, 2.2383723043644914]"
2026-08-25 01:29:50,e71eb42eb538b705e05758bccc648955aa5f4b97,Charles de Gaulle - Sablonville,22016,1,7,8,18,26,"[48.87991924860035, 2.2763770446181297]"
2026-08-25 01:29:50,7f6c8b19e404364116a93c0a55592efbfac59c6c,Carrefour Pleyel,32012,7,7,14,53,68,"[48.92034156960326, 2.3438543826341625]"
2026-08-25 01:29:50,48f58979a1187b510ff3100fe0b5137eca30e923,Auguste Cain - Jean Moulin,14136,7,4,11,28,40,"[48.82577028927573, 2.3210415244102482]"
2026-08-25 01:29:50,2bd3ff4c0c30e86ec84c274491218b1a0ff02107,Marseille - Beaurepaire,10014,3,13,16,35,55,"[48.871624306962985, 2.3639265082738348]"
2026-08-25 01:29:50,d6a82468a1d2175f74ce8085d1a7ca774b1251c9,Mairie d'Ivry-sur-Seine,42010,3,21,24,29,53,"[48.81057120969284, 2.3842826485633855]"
2026-08-25 01:29:50,77fd2ebb433a588e7200f8e4e19792b75e2198ef,Place Paul Eluard,46001,9,0,9,10,19,"[48.7672039733195, 2.4144977331161503]"
2026-08-25 01:29:50,d37e16c9b7405c1df638764e9cb91ea7e941d133,Exelmans - Michel-Ange,16040,2,9,11,21,33,"[48.84309486651855, 2.2597770800669053]"
2026-08-25 01:29:50,673859b8ba3ca709fa2ab18c5605e2ccf0eb9c14,Pierret - Madrid,22006,4,2,6,20,28,"[48.882976576876565, 2.260125767248034]"
2026-08-25 01:29:50,09da07ea776425e22f228fba5a0b931311af0c1a,Reims - Raymond Pitet,17028,3,0,3,32,37,"[48.8888, 2.296319]"
2026-08-25 01:29:50,29183dc794afbc82085ae699f57c418252de7dea,Seine - Flandre,19029,6,3,9,10,19,"[48.886785741479684, 2.3746193200349808]"
2026-08-25 01:29:50,9ccc30c041db9ece87a077e06d726065e2338f41,Mathurins - Auber,9032,3,9,12,21,36,"[48.872988840744, 2.3294984212276]"
2026-08-25 01:29:50,298754897cdbb5153c41f7872d126713c072c68c,Wilson - Métallurgie,32003,3,7,10,18,28,"[48.909423010092326, 2.3584435880184174]"
2026-08-25 01:29:50,cb629ac777851f1364c1a8314f1bcd64070fe469,Mairie du 7ème,7102,0,15,15,33,48,"[48.8577967, 2.3192664]"
2026-08-25 01:29:50,aa827c588238cbea97487606b7202c1e254e00d1,Boyer - Ménilmontant,20121,4,1,5,14,19,"[48.868895162679, 2.3919824145635]"
2026-08-25 01:29:50,a90ab8fbc2f07106e86973187d197f3287220eac,Laumière - Petit,19013,4,9,13,20,34,"[48.88467368538326, 2.380039058625698]"
2026-08-25 01:29:50,9c58306d2158df98a8e3438dce0a1817737c74f5,Hôpital Bégin,43003,5,0,5,21,26,"[48.84571672113, 2.4272462725639]"
2026-08-25 01:29:50,20481499fb16ad01d39cbb37565e7fbf60dd5317,Villiers de l'Isle Adam - Pyrénées,20111,20,0,20,0,20,"[48.867362, 2.396222]"
2026-08-25 01:29:50,fc684c6bb4927816909037708442fbd2ed9ddfd1,Charonne - Avron,20043,0,8,8,19,27,"[48.851602665222, 2.3984030470379]"
2026-08-25 01:29:50,82489eff1ed1115a18be8356beff12e25240c773,Place Jean Ferrat,42015,13,1,14,11,25,"[48.8184945213025, 2.3744174838066106]"
2026-08-25 01:29:50,b958a46b1592d3374db5763004b375a219ab1d1f,Place Amédée Gordini - Lefebvre,15201,0,0,0,37,38,"[48.83061737745, 2.2920634208276]"
2026-08-25 01:29:50,eabbedf977cf8ad8102bfa84705fc05081e17711,Charonne - Faubourg Saint-Antoine,11004,1,30,31,2,34,"[48.852191909696, 2.3740932717919]"
2026-08-25 01:29:50,9ad4fe2ed6b956f57723c1a0129ff6536e16a409,Hôtel de Ville de Nanterre,92008,11,2,13,25,38,"[48.892371898250424, 2.205548956990242]"
2026-08-25 01:29:50,50e0af0279cdd79b5b2e0388c4c0a0f099057cc3,Victor Hugo - Ecoles,41402,14,9,23,1,25,"[48.80476007936134, 2.4180373930262093]"
2026-08-25 01:29:50,029666e0d71bf42a91a2306933d7b4bef5923604,Saint-Germain - Thenard,5123,2,24,26,1,31,"[48.850571, 2.3471015]"
2026-08-25 01:29:50,a257ebf94242703cd56ed5e2e0ae8488c0e78cb3,Mairie du 4ème,4015,1,28,29,15,44,"[48.855949910497, 2.3563823103905]"
2026-08-25 01:29:50,0cfd9a03ca987212a8c2dea9515216fdfbe65f73,Henri Barbusse,31203,24,2,26,4,30,"[48.932092978246, 2.3982878482409]"
2026-08-25 01:29:50,dc1c1409702736ae7ee2bf0dc1460dec9fbacba1,Saint Georges - d'Aumale,9021,2,7,9,13,23,"[48.87778639599673, 2.337429821491241]"
2026-08-25 01:29:50,fa61dca0f3f9e5d94a6d2ec4bc2aac858e6545e1,Stalingrad - Germaine Tailleferre,42029,14,2,16,12,28,"[48.80257200481316, 2.3786691203713417]"
2026-08-25 01:29:50,e5c13682834df67fe6497f55b8f339bfd9f968a8,Bienfaisance - Place de Narvik,8035,0,1,1,33,36,"[48.87660163459077, 2.3129771277308464]"
2026-08-25 01:29:50,33ccc053b4172c6320fb2608964ec9cb4822f2ae,Guynemer - Séverine,21313,2,1,3,23,26,"[48.83091743371036, 2.2790706530213356]"
2026-08-25 01:29:50,c436074b5e4fbd9c4b0318b816026d3201b538f6,Richard Wallace - Place du 8 Mai 1945,28001,7,17,24,5,30,"[48.87866794788021, 2.2420343756675725]"
2026-08-25 01:29:50,b25be87436d0dc8bf088f99e00851b259bbb210c,Square Gilbert Thomain,26007,3,0,3,17,20,"[48.90717373809284, 2.2695400938391685]"
2026-08-25 01:29:50,4862cb1b1a9789725a3851c38fe05fe967b0588a,Flandre - Riquet,19005,7,3,10,10,21,"[48.888013281448, 2.3737595955229]"
2026-08-25 01:29:50,51af3c6cc059afe5c9f667ab56bc5a8a479e23ba,Parmentier - Hôpital Saint-Louis,10113,8,13,21,21,43,"[48.871379874257, 2.3698963836667]"
2026-08-25 01:29:50,b5bd77617349c12df3b007d60abba69b4b06bf78,Place de Verdun,43402,3,35,38,2,40,"[48.8202823, 2.473775]"
2026-08-25 01:29:50,144d550417bc48d2dd38d45c72bc358cc2561cd6,Montreuil - Gonnet,11115,5,10,15,9,24,"[48.850500564921, 2.3890856287864]"
2026-08-25 01:29:50,1ddd696070d2f45296ee5857b3b27999b9c2afeb,Jean Macé - Faidherbe,11007,5,53,58,17,78,"[48.85337548426, 2.3828620836139]"
2026-08-25 01:29:50,7047ac7880f10c3b6599db563acedfe7967a43e8,Porte de Vincennes,12115,16,0,16,14,33,"[48.846454, 2.415514]"
2026-08-25 01:29:50,d03552fd41a72d6d3b886205250afdf8adf22a59,Anatole France - Louise Michel,23009,9,7,16,33,50,"[48.88873214926474, 2.2881576418876652]"
2026-08-25 01:29:50,e218f82a7556208b1891963453a657a635618779,Jardin d'Acclimatation,16121,0,11,11,22,33,"[48.878772242510465, 2.270772233605385]"
2026-08-25 01:29:50,fee52509dd13e2f22bc0e44ee3cea20c20305207,Paul Vaillant Couturier - Chaptal,23001,7,3,10,28,39,"[48.893479576183, 2.2775253653526]"
2026-08-25 01:29:50,c3543bd4728b966815243abd712ef3735de1fdde,Gare de Laplace,41102,14,1,15,27,43,"[48.80893199114179, 2.3349460959434514]"
2026-08-25 01:29:50,a463a6dae67d7e9f0b5fde9bd1df850e6adb007e,Bayen - Pereire,17037,5,7,12,9,22,"[48.881804409079656, 2.2921088710427284]"
2026-08-25 01:29:50,d369100e12df9c34b7ed0a34d84b9dce819e5adc,Bordier - Félix Faure,33003,19,15,34,14,48,"[48.90390751882016, 2.3830059170722966]"
2026-08-25 01:29:50,4159f951622792713e5d3f424ef5abc0513fe821,Jean Colly - Tolbiac,13045,1,2,3,33,36,"[48.827817291597846, 2.3705490678548813]"
2026-08-25 01:29:50,75919d967d5c00ea4c9e7972d4e83506e2d3ee95,Ouest - Château,14034,2,0,2,39,41,"[48.83617286014242, 2.319392143923804]"
2026-08-25 01:29:50,bbd64009da942c9c38fcd4c57279bc3ec207f8cf,Place du 8 Mai 1945,25008,4,0,4,14,18,"[48.871552174017, 2.2025031970585]"
2026-08-25 01:29:50,93674ce3a3f00201b1ee237e079ddd58312e856f,Grands Moulins de Pantin,19044,12,6,18,30,50,"[48.89738369720229, 2.3959985375404362]"
2026-08-25 01:29:50,665fc336d04d4e7d3ab71415d47a8332aba18116,Carnot - Pâquerettes,41404,21,3,24,2,26,"[48.79592939432515, 2.4261841177940373]"
2026-08-25 01:29:50,d09861ff4b1ffca8d0da73ca1a79746ac014f104,Assemblée Nationale,7009,2,13,15,57,76,"[48.861411014652, 2.3201214185208]"
2026-08-25 01:29:50,6619c7ae5e5412b9e8eec9c6864e872a511bfa5a,Réunion - Avron,20132,7,3,10,16,26,"[48.852566752033766, 2.403928068708116]"
2026-08-25 01:29:50,8c412536cc60bf786cc1a62cbeed248c3deba990,Gare du Nord - Place de Valenciennes,10152,3,1,4,39,44,"[48.879089, 2.354235]"
2026-08-25 01:29:50,dc8d52b6e1f54664c6d16ad215e799f553bfeea1,Place Jean-Baptiste Clément,42707,6,2,8,16,24,"[48.81240466867336, 2.3617091774940495]"
2026-08-25 01:29:50,ec96fb7cb062f746a01281123ddb256b24764b86,Chanzy - Sud-Est,92003,18,4,22,3,25,"[48.888912037698766, 2.195632159709931]"
2026-08-25 01:29:50,a699b12844a60d41e405c3efeda9d78187352c65,René Boulanger - Lancry,10206,1,16,17,16,33,"[48.868769331741, 2.3598745346052]"
2026-08-25 01:29:50,0b0f0482ed5fd78fd5df087733db8807ba7c669f,Guichet - Jean Jaurès,21109,9,9,18,7,28,"[48.905169868129036, 2.3023840785026555]"
2026-08-25 01:29:50,9d08499087cf0b24bdba4044ad7dbea4b955337d,Navier - Epinettes,17007,7,7,14,38,54,"[48.89587780769155, 2.3226776719093327]"
2026-08-25 01:29:50,0b8d2577c4a4cbb69fca789ca32663bb6dc5c5f5,Place Carnot,31012,7,3,10,15,25,"[48.85593932186797, 2.441531717777252]"
2026-08-25 01:29:50,8ce6b3e20a116f06806a56a90774c20088c1007e,Gare de Bercy,12024,2,0,2,33,35,"[48.839794573906, 2.3826066032052]"
2026-08-25 01:29:50,ee437194ae06f236467f8ed9d991ed0dcfa870eb,Ceinture du Lac Inferieure - Saint-Cloud,16129,3,0,3,38,42,"[48.86218070933143, 2.2617871686816216]"
2026-08-25 01:29:50,536da100056767b4768f2e83b6136fd3e889072c,Square des Saint-Simoniens,20119,9,10,19,5,25,"[48.8701796, 2.3967273]"
2026-08-25 01:29:50,bcf7d72be89023dacec13e5efdb98c54fcce6414,Raymond Poincaré - Allée de la Marche,23802,7,6,13,10,23,"[48.838634069623, 2.1724102640451]"
2026-08-25 01:29:50,178bee16b1acaa1bffbf2de4ddbe2368e69e3bf2,Petit - Manin,19019,5,0,5,15,22,"[48.886506875343, 2.3938155401308]"
2026-08-25 01:29:50,9d4b5d36c4863b8a5d9f24a286971f091a700430,Lagny - Joffre,41604,2,3,5,26,31,"[48.84930687084088, 2.417949736118317]"
2026-08-25 01:29:50,5b85be5c711c342a7c371dad62a3b5d31cc60689,Parc Monceau,17018,3,7,10,7,18,"[48.881077914129, 2.3095492646098]"
2026-08-25 01:29:50,20600245cb4cbd9adc4f5482d7a5a51f57b05375,Lamennais - Washington,8102,7,5,12,28,40,"[48.873529900265, 2.303444892168]"
2026-08-25 01:29:50,e3aaadc144b597337180377f01fdc572dbd35a34,Francoeur - Marcadet,18020,17,1,18,2,20,"[48.89104123261663, 2.340014585442034]"
2026-08-25 01:29:50,2ea9fd1809e816bad5df7d9559e5e9a9c1f71907,Henri Chevreau - Couronnes,20136,10,0,10,17,27,"[48.87033205312931, 2.388777695596218]"
2026-08-25 01:29:50,3c3781b2c3eb2ceab6e65e2fe009c38f9a17196a,Vignerons - Minimes,43006,1,3,4,25,29,"[48.841486, 2.430793]"
2026-08-25 01:29:50,7831651e994dd66dfa33a695cb2b6f896044257e,Pierre et Marie Curie - Julien Grimau,31702,3,0,3,15,18,"[48.870714014863225, 2.424097023904324]"
2026-08-25 01:29:50,729935a1158480796a12e0b9ba6ad7d950dca5dd,Raspail - Varenne,7004,1,9,10,8,18,"[48.853147816545, 2.3263905197382]"
2026-08-25 01:29:50,67467663893cda7f3a8cdaaa9f575e1e1e87ac86,Vladimir Ilitch Lénine - Andrée Chedid,42503,18,2,20,11,31,"[48.813240124373, 2.3319716067039]"
2026-08-25 01:29:50,a79cc9032d2d98346acd891e1e3615297d5dc9f5,Professeur René Leriche - Général Leclerc,21111,5,15,20,28,50,"[48.90782845483013, 2.307887971401215]"
2026-08-25 01:29:50,5cce84705e6adc228cc8f8146b8dee0c16309668,Ledru-Rollin - Charonne,11114,0,31,31,1,32,"[48.85345855607243, 2.3772463581947094]"
2026-08-25 01:29:50,6a200bf84ac019e75dda4e31d5b9239141d4ad45,Place Valhubert,5116,2,9,11,39,51,"[48.844182577315, 2.3640366643667]"
2026-08-25 01:29:50,5e594e0587b5d18af03b572b513475954ae02065,Quai Voltaire,7006,2,11,13,19,32,"[48.858942986179, 2.3314182047146]"
2026-08-25 01:29:50,eacc16b4b886bca1cc66673bbd59ba3041f5d1f8,Berthier - Porte de Clichy,17106,0,15,15,7,24,"[48.894222687781, 2.3125872006816]"
2026-08-25 01:29:50,a591a70b9a97f0eef826764e515151edcab95959,Parc de Belleville - Julien Lacroix,20040,3,3,6,20,26,"[48.8703459, 2.3842214]"
2026-08-25 01:29:50,90688966fa0d30c4c9ce07014745704c8481a546,Gare de l'Est - Verdun,10023,0,2,2,8,14,"[48.876156054271, 2.3609149083206]"
2026-08-25 01:29:50,a71e8de24664dd96cda729b292bcc7fe366459cb,Capitaine Glarner - Gabriel Péri,34002,13,11,24,2,27,"[48.902449900418745, 2.3304807533425724]"
2026-08-25 01:29:50,7f97c563266c714fd562c0cd9b897ee91fd86f97,Place Jean Delay,13026,2,5,7,28,35,"[48.823316, 2.354336]"
2026-08-25 01:29:50,d9e4490a1af5687759a2339e3c939d38c8dfab5d,Pont de Levallois-bécon,23002,1,0,1,48,50,"[48.8984179, 2.2791311]"
2026-08-25 01:29:50,efd90820cf174411ad661282369787e6c35d2932,Pierre Larousse - Raymond Losserand,14139,9,2,11,19,30,"[48.83059564231877, 2.3119183257222176]"
2026-08-25 01:29:50,1e9cacbd1d6d33e6e6d60bc6a2755176b8678940,Pitié-Salpêtrière,13102,0,22,22,29,51,"[48.83748810318667, 2.365213818848133]"
2026-08-25 01:29:50,7f0571cb934983151f6fd3c27acd5d1557c59a7b,Charles Delescluze,11101,7,27,34,15,49,"[48.85242200848887, 2.380632497370243]"
2026-08-25 01:29:50,4a269ec57fd7a3c55a567f87bf325e7ab8fb3b18,Jonquoy - Didot,14130,9,6,15,15,30,"[48.82890454823947, 2.31648076325655]"
2026-08-25 01:29:50,06dd96b101f475a0b1c58f48c929426f856c30a2,Lucien Sampaix - Récollets,10015,2,2,4,39,46,"[48.874330377560476, 2.3621229082345963]"
2026-08-25 01:29:50,ae50fccfcf3bc18a421b9a3cb84a1266021c2fb0,Porte Dorée,12032,4,5,9,25,36,"[48.8354337, 2.4077132]"
2026-08-25 01:29:50,f483f956343f11dbe3a6b476d5c1daa9ef6224c4,Mézières - Rennes,6103,2,19,21,33,55,"[48.85023459321703, 2.3303819820284843]"
2026-08-25 01:29:50,9e2f3a210f9e40a38346bda3e647de82306b4f64,Indre - Prairies,20021,15,1,16,21,38,"[48.86254398506782, 2.403290458023548]"
2026-08-25 01:29:50,fce043d15e4850599fbb34f2aca0f37281fba8d2,Raspail - Bac,7005,2,35,37,14,52,"[48.855628721101, 2.3256602883339]"
2026-08-25 01:29:50,c679dcfeeef0f286f5c429ac666d5172cca0c759,Labouret - Saint-Denis,27008,13,9,22,1,24,"[48.924066621513, 2.2539156570765]"
2026-08-25 01:29:50,f46cefd7411b068a4ec2e2f4b88f86a1ecd74125,Tanger - Place du Maroc,19109,5,3,8,11,19,"[48.8862524447104, 2.3689296841621403]"
2026-08-25 01:29:50,29c5fe6f34519b3fa0f94a52e2643ece08b62474,Vincennes - Douy-Delcupe,31019,5,7,12,25,38,"[48.85493692155721, 2.436049282550812]"
2026-08-25 01:29:50,43f97ea817fa100de38032872d7894d7095ee3a7,Porte de Clignancourt.,18032,0,0,0,56,56,"[48.897488, 2.343996]"
2026-08-25 01:29:50,79c87f4bd0c42287bcbd8fd627ba177560319e1b,Génie - Mozart,44012,3,1,4,15,19,"[48.794902381218904, 2.3734183609485626]"
2026-08-25 01:29:50,5fd0de16180795c4fa5fd4d439012141a688e952,Place du Maréchal Juin - Péreire,17027,4,4,8,35,46,"[48.885263, 2.298286]"
2026-08-25 01:29:50,ab2ce19abfec1b860b677178e8594cba9accf7d4,Gare Routière de Saint Cloud,22101,1,10,11,19,31,"[48.84288183896324, 2.222245037555695]"
2026-08-25 01:29:50,9f1fa6f3f30168d15ac4489288a810459141c1a0,Primo Levi - Frigos,13016,2,14,16,18,34,"[48.83094844846017, 2.37965351592796]"
2026-08-25 01:29:50,c42b6a15e4891477c813569b41bd81066d500847,Dunois - Clisson,13043,5,22,27,23,51,"[48.832294, 2.3674523]"
2026-08-25 01:29:50,76b0188256aa6635d5008c27006c6bf85c35f0e8,Milton - Manuel,9115,3,2,5,17,22,"[48.878249, 2.341181]"
2026-08-25 01:29:50,255c241d140c00dad71979399ec2cab962c8c1b5,Eglise d'Auteuil,16032,3,4,7,14,21,"[48.84749841771691, 2.26848387135299]"
2026-08-25 01:29:50,a8ac3449f75056bb315ccf8facba932f0fc0145e,Jean Jaurès - Jean Baptiste Clément,21003,9,17,26,12,39,"[48.84576261454011, 2.2369650006294255]"
2026-08-25 01:29:50,abedb7737412d211b26a18b374615273646f2cf7,Château - Bineau,22001,2,16,18,4,23,"[48.890404028589806, 2.270106375217438]"
2026-08-25 01:29:50,694bdab16bae746be65a6fcaa05f8ab1f4d2509f,Bridaine - Lamandé,17122,4,2,6,23,29,"[48.8862074, 2.3206239]"
2026-08-25 01:29:50,4f2eeaf4c477addbcfc925cfbab8ee5aeea89bde,Laffitte - Italiens,9023,0,3,3,30,33,"[48.871815737396, 2.3372015478451]"
2026-08-25 01:29:50,1bf25f8cc9190afde97ce83464ab3e5437090b3a,Filles Saint-Thomas - Place de la Bourse,2009,0,0,0,54,58,"[48.868899890853, 2.3397543845203]"
2026-08-25 01:29:50,858fa697f6792b61114cd5eccd80655d9cc1a254,Paris - Désiré Préaux,31007,12,2,14,35,49,"[48.85742876694898, 2.4323049187660217]"
2026-08-25 01:29:50,cc25384e4b2679acc5f36190685dabd75941b172,Belleville - Télégraphe,19040,2,0,2,38,41,"[48.8756045, 2.3995549]"
2026-08-25 01:29:50,7181aa5d85ea36baf524da744abc1d86a3e3d8e8,Pelleport - Belgrand,20023,5,0,5,10,15,"[48.865000818477, 2.4039808363775]"
2026-08-25 01:29:50,e6f2e95e02b5b9497101b6c53b41f63cf877f530,République - Danton,41204,14,1,15,5,20,"[48.85249172181667, 2.462034523487091]"
2026-08-25 01:29:50,bbe8fd68414daa29811e7e1620886584d4d1091d,Cité des Sciences et de l'Industrie,19009,8,5,13,16,30,"[48.89659571178903, 2.384599149227142]"
2026-08-25 01:29:50,48dded2a7e01e9e0ca78f47d9f996b60dfca9e72,Lassus - Delouvain,19038,4,15,19,1,20,"[48.8755044846, 2.3890327325519]"
2026-08-25 01:29:50,9e992d8c06ff408f4fa47a1e38e11540eba944f7,Emile Blemont - Poteau,18029,6,5,11,26,39,"[48.8943782, 2.3415122]"
2026-08-25 01:29:50,631f65ae096d94f552e6cf646628d7ca8e88f1b4,Toffier Decaux - Cartier Bresson,35017,7,5,12,4,18,"[48.90165072551549, 2.4017545580863957]"
2026-08-25 01:29:50,86e9d937a7c5148842c89bc3a33e8e5de6093f21,Orteaux - Mouraud,20118,6,6,12,12,24,"[48.85558642847872, 2.408762907764669]"
2026-08-25 01:29:50,0dc0ed51cca34961e200c6b4e24f638cc6e64d4f,Fragonard - Porte de Clichy,17011,1,43,44,9,56,"[48.894155633419, 2.3143893107772]"
2026-08-25 01:29:50,880ee5fa566b49e6f493d7df10455975039f6b66,Provence - Chaussée d'Antin,9031,0,5,5,18,25,"[48.87428447542072, 2.332976511564311]"
2026-08-25 01:29:50,6e54a50f27a0132081e9c0632e8ca39a031a9854,Place Etienne Pernet,15035,6,18,24,18,43,"[48.84243457133779, 2.2921819612383847]"
2026-08-25 01:29:50,d5c93ac00d014869771e5e3ea697ed9958b13d49,Porte d'Aubervilliers,18049,10,5,15,39,55,"[48.89859661942376, 2.3689722642302513]"
2026-08-25 01:29:50,19247ff0b1c32a05e297d2d92fc2e00a50de006f,Hôtel de Ville de Saint-Ouen,34010,1,0,1,45,48,"[48.911380185786, 2.3340076807601]"
2026-08-25 01:29:50,40a778246f710117f501fdbad7683f1548e85bf4,Lepic - Armée d'Orient,18113,7,0,7,17,24,"[48.887536403814, 2.3343077301979]"
2026-08-25 01:29:50,d268c9f2af4adfc8324c7825e4f180ae17430322,Square Saint-Ambroise,11041,8,32,40,3,43,"[48.860934, 2.375841]"
2026-08-25 01:29:50,7acac302655451204c64754c74a69672094a8891,Théâtre - Lourmel,15031,5,22,27,25,53,"[48.8482070397636, 2.2898658737540245]"
2026-08-25 01:29:50,829a022a81dd24eca73830bf1a893ef4bb0ced72,Hameau Fleuri - Marché,21014,3,13,16,5,22,"[48.831448892608314, 2.2412404417991643]"
2026-08-25 01:29:50,62950cf62ec0300950237531d323c5d4368523e2,Square René Viviani - Montebello,5121,0,32,32,12,47,"[48.851904891406, 2.3478421568871]"
2026-08-25 01:29:50,cc592152d61c302a0244ff72713e2c7b76f1bf10,Ledru-Rollin - Place du Père Chaillet,11006,6,27,33,3,37,"[48.856433706943704, 2.379020587761426]"
2026-08-25 01:29:50,fd4f34a32ca2a404ea865677dc69268fd3658107,Ecole Vétérinaire,47005,11,12,23,13,36,"[48.81488859822486, 2.4224362157778994]"
2026-08-25 01:29:50,d94ecfc96e20cfef73a82069d419db3538a59363,Pereire - Ternes,17040,4,15,19,29,48,"[48.87973954830735, 2.288012132048607]"
2026-08-25 01:29:50,1e91505d2d4e7d6c8e877a714a7ff88fef9a1a6c,Méchain - Faubourg Saint-Jacques,14112,2,1,3,13,16,"[48.83586772099485, 2.33798034198275]"
2026-08-25 01:29:50,7852d684690059566a43fe5e931820b7017d888d,Stade Auguste Delaune,47004,4,8,12,9,21,"[48.80896378683884, 2.4345204234123234]"
2026-08-25 01:29:50,bb731550065ad05e154e8f528a7a0820d965ff03,Jean-Baptiste Pigalle - La Bruyere,9026,3,3,6,11,17,"[48.87939826447722, 2.333709173337285]"
2026-08-25 01:29:50,3f2b6b17cc73ff82a7ea232db5d28ab1e7c5d422,Transvaal - Charles de Gaulle,21001,4,10,14,13,27,"[48.848280403628806, 2.2373420120857195]"
2026-08-25 01:29:50,fdae10624064b92c7bfba39d8b1997246dd1217c,Belliard - Damrémont,18033,3,2,5,29,34,"[48.89669238777841, 2.338023450388167]"
2026-08-25 01:29:50,fd1aed0e54ed0c5d420a87c4f48bf3028633451c,Boulets - Faubourg Saint-Antoine,11010,9,10,19,24,43,"[48.849259262115, 2.3917546141943]"
2026-08-25 01:29:50,e8e34ea1209f6df2f7d9aea658ac93f820d63a32,Maine - Antoine Bourdelle,15002,0,0,0,17,17,"[48.84308531746595, 2.320263946784738]"
2026-08-25 01:29:50,1adf16eb1ebde7d69bf27eb554891bf968704313,Kléber - Gouverneur Général Eboué,21310,1,22,23,1,24,"[48.826885843069796, 2.2723413258790965]"
2026-08-25 01:29:50,7fa90e3d9cddbfd23294a6846aba8a2b09804731,Président Wilson - Jean Jaures,23007,7,8,15,10,27,"[48.89034054052266, 2.2920683026313786]"
2026-08-25 01:29:50,ff8fd7e6ebacf345117a449f6fc08fda03967301,Gare RER de Saint-Denis,32015,5,2,7,32,40,"[48.93554324248177, 2.3471488058567047]"
2026-08-25 01:29:50,3d7d6f05cf14d819f7ae0a18bd76f2f4f142e6ce,Faubourg Montmartre - La Fayette,9014,0,25,25,8,35,"[48.875254549053, 2.3408536612988]"
2026-08-25 01:29:50,3d711e369ebddd9b6e8498a3568f75dd0b54a701,Place de Passy,16043,4,2,6,9,15,"[48.85780291711202, 2.277500546942199]"
2026-08-25 01:29:50,268b1fb6a8f09348bbe48c21b0a202f320831315,Mozart - Jasmin,16027,7,7,14,45,62,"[48.85286124871689, 2.268483570651513]"
2026-08-25 01:29:50,dcd254881d41372f1257e6540d7b831d0966d615,Place Alphonse Deville,6107,0,15,15,8,23,"[48.850188262662, 2.3275961726904]"
2026-08-25 01:29:50,fbe50806151928b4aa2d5a38a0ddf961e9211459,Maison de Radio - France,16029,0,10,10,36,47,"[48.85132886434057, 2.277785539627075]"
2026-08-25 01:29:50,9dfc630dd1d3b065c2840f29fab5e3de6c72a752,Naples - Rome,8019,2,0,2,24,26,"[48.879960700846226, 2.321358695626259]"
2026-08-25 01:29:50,a5aed0f29f412fb5e4a1ee345496a18f6a049ef0,Lallier - Trudaine,9017,8,1,9,18,29,"[48.88109246617963, 2.3408224806189537]"
2026-08-25 01:29:50,23f2c17751932b9c32776fea5cb1877f98911f29,Villersexel - Saint-Germain,7008,2,6,8,8,16,"[48.858297001218, 2.3237934708595]"
2026-08-25 01:29:50,b6b56214ae7fb2dd48886c7d767c993561c67a4e,Chernoviz - Raynouard,16112,1,1,2,35,37,"[48.8569864146289, 2.282173218142987]"
2026-08-25 01:29:50,1d18baaa42a9ce2a5de9e587eaada5414edbe1b1,Fontainebleau - Edmond Michelet,42703,0,1,1,43,45,"[48.80956436844049, 2.3626908659935]"
2026-08-25 01:29:50,9a21980714f3678e39a74da6baec07b6a8919498,Gare Montparnasse - Vaugirard,15003,1,0,1,65,66,"[48.8418071798797, 2.31951002690117]"
2026-08-25 01:29:50,7f86ee44f167609fd4eafd510940f1a248c18b10,Sabot - Rennes,6032,0,17,17,9,26,"[48.852575112948415, 2.331552766263485]"
2026-08-25 01:29:50,58730a43fb5d168b3884c49ef93aad7e1c849ad2,Pereire - Place de Wagram,17022,5,13,18,27,46,"[48.887070607581215, 2.304111124531457]"
2026-08-25 01:29:50,1f888071bb72c117d09517bc2eea50c42c68fa82,Champ de Mars - Cler,7020,9,27,36,3,40,"[48.856691550115315, 2.306646779179573]"
2026-08-25 01:29:50,0083673661e8f94ecf72769b0a00e7eed87a00b3,Larue - Lycée Pauline Roland,45502,0,0,0,18,18,"[48.772695647197, 2.3403334480725]"
2026-08-25 01:29:50,da4e02875585b6b5c27b6bf3d2aaca0dea49ce54,Palais des Sports,15107,0,10,10,12,22,"[48.833468517426, 2.2858720645308]"
2026-08-25 01:29:50,3efc4366d76bee967af053e575ec03d8e6420d2c,Place Pasdeloup,11043,1,14,15,4,21,"[48.862654215631, 2.3670325062844]"
2026-08-25 01:29:50,6bc75f020f45bd1f1b9f46baebd30cef0b315503,Alexandre Dumas - Voltaire,11102,13,12,25,48,74,"[48.852888670365, 2.3891476408096]"
2026-08-25 01:29:50,740fa4ac10c39c2564a97ed6d9a4b5291a854838,Jeanne Hornet - Girardot,31704,4,0,4,24,29,"[48.873802681432146, 2.427820265293122]"
2026-08-25 01:29:50,43135161274827e25faf5cebcce4d542a01fc7ff,Stade Gaston Bouillant,23903,17,4,21,7,30,"[48.939958667023, 2.3279571813836]"
2026-08-25 01:29:50,446466ecf989a127f29bb0da32a03ed0ef72d6a6,Vieille du Temple - Francs Bourgeois,4013,1,6,7,22,29,"[48.858256413365815, 2.35821794718504]"
2026-08-25 01:29:50,7e88797819474584aa8d37466897e664c71f9985,Billancourt - Général Leclerc,21024,5,7,12,10,22,"[48.8322649, 2.2380413]"
2026-08-25 01:29:50,129ed3a9853ef18d6bf6575ed48685edba3b0e4a,Greneta - Sebastopol,2001,1,17,18,13,32,"[48.865242333228, 2.3516669869423]"
2026-08-25 01:29:50,e45be5a510fdc2dd515a82a171cd51b7c25ad328,Manin - Simon Bolivar,19023,14,0,14,11,26,"[48.876499654127, 2.3794073625991]"
2026-08-25 01:29:50,9a28f20705066b49e8cdcfea6fe4237a856b9448,Place du Maquis du Vercors,20019,1,0,1,28,31,"[48.877321579493575, 2.4083782732486725]"
2026-08-25 01:29:50,29a93b99b6228cfd327d05a8a4ac7870cc1408c9,Poissonniers - Nord,18137,2,1,3,24,28,"[48.892511213520656, 2.3522228747606277]"
2026-08-25 01:29:50,24e13a149ac5bd0ccfd1f6e7a8c0402f166f46c4,Station Paris Basketball - Ney - Charles Hermite,18138,7,3,10,10,20,"[48.898748039775, 2.3645754531026]"
2026-08-25 01:29:50,0737a36e4924072112d722d2502015de1db2ad44,Reims - Porte d'Asnières,17116,7,8,15,10,26,"[48.891834448210986, 2.300144659954865]"
2026-08-25 01:29:50,0e6997f5e023cd8708d82a49adbb6a82a99dac87,Tourlaque - Damrémont,18208,5,0,5,11,16,"[48.887912943261, 2.3328311485014]"
2026-08-25 01:29:50,81816646697179df7c52525963254628206a1c3c,Porte d'Ivry,13041,8,1,9,41,50,"[48.821768747596, 2.3688706755638]"
2026-08-25 01:29:50,2ca2e07450a068fa085a02afa13881997eaa844b,Hôtel de Ville - Pont-Marie,4011,2,21,23,11,36,"[48.853899645527, 2.3569472506642]"
2026-08-25 01:29:50,91d6fbc1e78bd6fac6269d154e44f9b067efe10f,Saint-Jacques - Tombe Issoire,14006,1,2,3,20,23,"[48.833206330538864, 2.3369108140468597]"
2026-08-25 01:29:50,f1c6745714dbb4e57cd007a701372ce66aae71c7,Charles Robin - Grange aux Belles,10207,12,0,12,11,23,"[48.877376705016, 2.3698456519833]"
2026-08-25 01:29:50,2ce4c45e939088132aec3e5a8ffbef21ad0628d2,Gustave Eiffel - Parc des Impressionnistes,21114,13,15,28,1,30,"[48.90390619651018, 2.2946908324956894]"
2026-08-25 01:29:50,b7c542ce0a2a857c4f7d2cd1f1312dfbeb5ecee2,Gare Arcueil - Cachan,42301,17,8,25,1,26,"[48.799824, 2.328171]"
2026-08-25 01:29:50,f0ef7dec7e381e3418fb3dbc5ce3d2a35c9be13e,Franciade - Gabriel Péri,32018,5,0,5,19,26,"[48.93261499331498, 2.355954498052597]"
2026-08-25 01:29:50,d64b184f99df0d3b5255a011050c39f175e3020f,Beaujon - Wagram,8056,19,1,20,8,29,"[48.875352455985, 2.2964416444302]"
2026-08-25 01:29:50,5ce342e6b62f5628b1484cd9b241a38b17b8f9fc,Square Raymond Souplex,18019,14,2,16,35,52,"[48.89183721478911, 2.335426103165901]"
2026-08-25 01:29:50,b8e92bce669dcb7545aeae36081816ce2b251eb0,Keller - La Roquette,11003,1,33,34,0,34,"[48.8555508, 2.3752778]"
2026-08-25 01:29:50,d67f875d6dda340c9f5a690e1e6d57cb2dcfc37e,Roquépine - Malesherbes,8015,2,19,21,31,53,"[48.873450733908, 2.3204044997692]"
2026-08-25 01:29:50,432b358ae10040ea0ffe7fe2b37233c84a58ed15,Parmentier - Fontaine au Roi,11034,6,6,12,36,48,"[48.86787670551736, 2.372705978671471]"
2026-08-25 01:29:50,8252385271124f519747ec791e2d34ea68bdaeff,Place des Larris,41206,23,1,24,8,34,"[48.8568363, 2.4780236]"
2026-08-25 01:29:50,ca5fff26d9af89cc17883b603bbbdb0a0a299e4e,Manin - Crimée,19031,13,2,15,8,23,"[48.8831217743719, 2.3863670602440834]"
2026-08-25 01:29:50,929b443c801b72e5b97b59877a09189248610edd,Square Desnouettes,15061,1,12,13,9,22,"[48.83476837934194, 2.284142297394666]"
2026-08-25 01:29:50,6891272dd4dfc9b20251a472ad6ab823b864908a,Pont de Lodi - Dauphine,6014,1,20,21,2,23,"[48.855296898603285, 2.339947307565249]"
2026-08-25 01:29:50,f979d70b3eecf50d67c52a5f25e84781f0ddd201,Faidherbe - Dahomey,11107,6,29,35,8,44,"[48.851358329771806, 2.383823134795429]"
2026-08-25 01:29:50,8f2d8c55a220d3e8bb022d531d7ca21096680642,Bleue - Trévise,9113,9,13,22,8,30,"[48.87578906564573, 2.347289621829987]"
2026-08-25 01:29:50,7c3ab4ff976add691a750f8d9020f68496096fd7,Le Vau - Maurice Bertaux,20103,0,1,1,23,25,"[48.86803439043193, 2.411030612453627]"
2026-08-25 01:29:50,fa408c282c3a9e9bf96f5df2348467252d0df701,Daunou - Louis le Grand,2014,0,6,6,23,32,"[48.869113, 2.332515]"
2026-08-25 01:29:50,f6e200d313a2119203cfa30ea928cee2790ac11f,Place du Canada,8029,2,17,19,37,58,"[48.865346269363, 2.3101937879648]"
2026-08-25 01:29:50,1a6c04dae9cb0ca53823ad9feabf73ce66bd3a9b,Bachaumont - Montmartre,2101,1,13,14,17,33,"[48.86617395079137, 2.3449775576591496]"
2026-08-25 01:29:50,2337f3bd9307dbacb1dd937d634955a7e52f0241,Square Georges Melies,12154,0,1,1,38,40,"[48.84070239213081, 2.409667745232582]"
2026-08-25 01:29:50,060658372561af1f169ba311807fbb7abbb81709,Charles de Gaulle - Louis Philippe,22017,1,3,4,23,28,"[48.881742142181, 2.2710045335353]"
2026-08-25 01:29:50,57935a836d2390cb3f51d0a7ae474216373318a7,Mairie du 19ème,19021,7,0,7,18,27,"[48.88256264247959, 2.3812624812126164]"
2026-08-25 01:29:50,1aab2693df3b61b94991f7af2f2dd81e71466831,Melun - Jean Jaurès,19030,9,5,14,14,28,"[48.8837796723475, 2.376477420330048]"
2026-08-25 01:29:50,131547162fa3173e650552f79b74a266e0a8787f,Argenson - Château,22002,2,9,11,14,25,"[48.888559314669514, 2.2642001509666447]"
2026-08-25 01:29:50,10a2909b2b5add592d54949c5604ebb77fef32af,Place de l'Eglise - Pantin,35008,5,1,6,24,30,"[48.892809461520265, 2.4124351143836975]"
2026-08-25 01:29:50,fc2fedee903e35f604dd225f160353435f6bf01d,Butte aux Cailles - Esperance,13022,13,1,14,19,36,"[48.82758774190948, 2.3492151126265526]"
2026-08-25 01:29:50,20e1257bc7a290543ea7525bb49025faaf55aed7,Fernand Braudel - Vincent Auriol,13019,1,16,17,19,36,"[48.83637852318147, 2.3723404482007027]"
2026-08-25 01:29:50,5fb05b9a7ea0f28bdeac7dcce800fc4adbf47c2e,Place Tony de Graaff,21952,5,14,19,23,42,"[48.8181645, 2.2458109]"
2026-08-25 01:29:50,8096d8e64fcae48389c1ed2834010e6c25bf96a6,François 1er - Lincoln,8105,0,10,10,21,31,"[48.869517979344, 2.3024262188416]"
2026-08-25 01:29:50,b056b9149e2145d24bfd98537f9d1330ca23b6d0,Hippodrome de Paris Vincennes,12507,1,2,3,97,100,"[48.820484866661, 2.4502807724015]"
2026-08-25 01:29:50,6bad374246f17140bfe502adf64af41c58aaac13,Brochant - Clichy,17005,4,10,14,36,53,"[48.89032998912038, 2.319730559929781]"
2026-08-25 01:29:50,abf6100967c5e976bd4d65b3b7ec5714bcc2c515,René Coty - Parc Montsouris,14016,3,3,6,48,55,"[48.82479134498032, 2.336124926805496]"
2026-08-25 01:29:50,90abf7fbcffc02ba4a90a6c4c52bd1f305d1ddb3,François Truffaut - Saint Emilion,12033,0,17,17,49,66,"[48.83372354344807, 2.386601903271428]"
2026-08-25 01:29:50,ebd97425c75a850e8737225fc384fbbaffa29b69,Jessaint - Marx Dormoy,18142,4,4,8,18,30,"[48.88484543106364, 2.358930408954621]"
2026-08-25 01:29:50,a784bffe3a679d13acbebb349114f62c5e480d8e,René Binet - Porte de Montmartre,18035,8,0,8,28,37,"[48.89905109950848, 2.3365534096956253]"
2026-08-25 01:29:50,298539dbd526797fb567e300bdef0bc2250bf401,Sèvres Rive Gauche,23105,6,9,15,18,33,"[48.821443218278, 2.2150785306885]"
2026-08-25 01:29:50,64e6daf5821629dc96b780e25e8b843270344117,Gare de Clichy-Levallois,23005,3,6,9,15,26,"[48.89679827481989, 2.2984680533409123]"
2026-08-25 01:29:50,f2fd895d5a6846aff362fba73791b5e89942ea35,Dareau - Broussais,14125,3,5,8,14,24,"[48.8307758, 2.3361804]"
2026-08-25 01:29:50,0a86d0ec25ce3c54fdb7f36606419168fd0ac77d,Le Corbusier - Jean Jaurès,21009,3,27,30,16,46,"[48.83780830557548, 2.2408381104469304]"
2026-08-25 01:29:50,d319ff6f0aee4d0a204cfe7869796eb965f6a0b7,Boutroux - Porte de Vitry,13047,9,28,37,12,49,"[48.822632, 2.377738]"
2026-08-25 01:29:50,d16e95b65762608a2aa00326ab615abd9b91929a,Quai Marcel Boyer - Victor Hugo,42011,9,19,28,1,29,"[48.822556366667, 2.3920395970345]"
2026-08-25 01:29:50,9a8861605ab5b1dce291f3abc8eee7a27761bc3f,Cours de Vincennes - Davout,20047,0,0,0,48,48,"[48.847238029966, 2.4107042336225]"
2026-08-25 01:29:50,456f6347341fd266c41c42e9ffccc397200f0e6f,Mairie du 9ème,9013,2,6,8,15,24,"[48.873267137583, 2.3407534480528]"
2026-08-25 01:29:50,c0f5fa8ea36748f9b962faf9edfaa8ff4f73cda0,Monte Cristo - Bagnolet,20204,9,0,9,27,36,"[48.85656581187, 2.3972699046135]"
2026-08-25 01:29:50,88ff94b90e9ba46a144f9660273d1dd004529641,Odessa - Départ,14127,0,0,0,37,39,"[48.842885590081, 2.3244281485677]"
2026-08-25 01:29:50,b3bf76c33380f649c18b99d1058ebc8907bdbc78,Vivienne - Petits Champs,2201,0,4,4,25,30,"[48.867331390877, 2.3391437530518]"
2026-08-25 01:29:50,8f3a694da785588fbdff4f533ecf04217c548386,Place Centrale,21951,1,0,1,21,22,"[48.78740167690531, 2.2278830409049992]"
2026-08-25 01:29:50,0e5e1f5bc683015cb27d37cedb78582845df329a,Sambre et Meuse - Villette,10039,6,4,10,15,25,"[48.874405666217, 2.3738072379951]"
2026-08-25 01:29:50,d60e5e78c6c2f6d5a792c8d1a553af6a276146a1,Hôpital Robert Debré,19036,1,0,1,31,32,"[48.88005222200894, 2.4008650346327003]"
2026-08-25 01:29:50,00d3c5d644078d0a7f23b61299283742e141d86e,Jules Guesde - Laennec,31101,4,8,12,5,19,"[48.87628983900398, 2.5006942078471184]"
2026-08-25 01:29:50,3d9a3cd038afb3f54a59d7d3384f8badc5d01025,Edouard Vaillant - Galliéni,31707,6,2,8,41,49,"[48.858462881661, 2.4147954583168]"
2026-08-25 01:29:50,5e2e92a2fdc94de6a834d8c68ec15cf9ec4eb943,Clapeyron - Moscou,8011,2,0,2,13,15,"[48.88078819514121, 2.324815057218075]"
2026-08-25 01:29:50,0fbaafedcb7fcae89c45d32f1a926cc3e356690c,Alexander Fleming - Belvédère,19124,9,0,9,22,31,"[48.88179064200294, 2.4030599377642674]"
2026-08-25 01:29:50,ea6fb7a7bad8b27970db7d207cf2c6be12711132,Versailles - Résistances,43203,5,1,6,11,17,"[48.75695884522, 2.3885755413796]"
2026-08-25 01:29:50,6022ab15364a9155aaed0195d327854641083c70,Place du Front Populaire - George Sand,32021,19,8,27,39,65,"[48.90680713698062, 2.364541214992642]"
2026-08-25 01:29:50,f8beadf31c9a77381794659a5473be02d009e90f,Rapp - Place du Général Gouraud,7024,1,15,16,13,31,"[48.858102885107, 2.3004072904587]"
2026-08-25 01:29:50,ac2adcd8e45b6e78ff45e1838eb9a556505a23fc,Bastille - Quai de la Rapée,12150,1,2,3,24,27,"[48.84682410855, 2.3669364675879]"
2026-08-25 01:29:50,14666e309a5f5ff4f11fff5a93fddac3f688d136,Jacquard - Ternaux,11031,13,12,25,14,39,"[48.8646605, 2.373162]"
2026-08-25 01:29:50,8a69e979b940b5e5132ca0914176bcc54e987541,Auguste Blanqui - Glacière,13515,7,47,54,5,60,"[48.831151602964, 2.343822196126]"
2026-08-25 01:29:50,f39ac3f83d474eb8f2041276ab4d454afa1ddb5a,Choron - Martyrs,9016,2,11,13,16,29,"[48.877851443503, 2.3396701365709]"
2026-08-25 01:29:50,94f2aec7b1a81d812c0feae4c37a8895f4ba5bbf,Charles Lecocq - Lecourbe,15131,4,23,27,21,48,"[48.84044, 2.294867]"
2026-08-25 01:29:50,b7cddc086ecb84d5d4578a61f981a36015c55f9a,Parc Suzanne Lenglen,15125,1,25,26,24,52,"[48.833250690537874, 2.2765403240919113]"
2026-08-25 01:29:50,5263d099110dbddc8ed748ba4d1820ae9587c39d,Mazagran - Pierre de Coubertin,13027,4,0,4,11,15,"[48.816218640260445, 2.344226874411106]"
2026-08-25 01:29:50,716b6f40de890521ab1afe469b8da88d7bcfdec1,Metz - Faubourg Saint-Denis,10004,3,41,44,4,48,"[48.870893, 2.353521]"
2026-08-25 01:29:50,0abe83903eac2562795b0657e489df6a5dc5751c,Place Jules Ferry,21203,6,4,10,18,28,"[48.812107928414775, 2.325837314128876]"
2026-08-25 01:29:50,31de40998f988c66fa0789f4cfbc418b9816ec0e,Gare de l'Est - Fidélité,10017,6,4,10,4,15,"[48.874575, 2.356796]"
2026-08-25 01:29:50,2e96cc34cccbfa4beca135c0acfe8838f7dd5ddc,Saint-Didier - Raymond Poincaré,16009,1,9,10,7,17,"[48.86642312020962, 2.285863497192411]"
2026-08-25 01:29:50,fa40c900b642f8b88e12ce1ae379a50a43a8cba0,Sérurier - Alphonse Aulard,19208,1,0,1,14,16,"[48.880528901839, 2.398028970957]"
2026-08-25 01:29:50,afbcd7d829eeb150bfacf10bf0eaa14677f5d958,Longchamp - Place d'Iéna,16007,2,5,7,32,40,"[48.864917233434, 2.2926748171449]"
2026-08-25 01:29:50,b8bcc2cc8e192e5f1effcbab1a14bc4b0d8d9f0b,Square de la rue Pixérécourt,20002,10,15,25,20,45,"[48.8736824, 2.3960278]"
2026-08-25 01:29:50,69b97b47d175055d02d6fe401759110a6be92b08,Marc Sangnier - Division Leclerc,42304,7,5,12,12,24,"[48.78599652305309, 2.329955510795116]"
2026-08-25 01:29:50,9d0832805f3dd508461efc322e27740368ce029c,Résistance - Hoche,31021,8,1,9,19,29,"[48.864273423741956, 2.435784414410591]"
2026-08-25 01:29:50,baebe08a431c4c0875d1de5247b9437d6d1bda63,Commerce - Letellier,15123,5,31,36,8,44,"[48.84797660373612, 2.2966245196598805]"
2026-08-25 01:29:50,766393473669cd651a32f754d03412491c545fec,Fessart - Château,21030,3,3,6,14,20,"[48.84245, 2.23989]"
2026-08-25 01:29:50,9871295b12d9d2cda2ddcf0ea972e9a1ef34c47c,Ranelagh - Maison de la Radio,16024,1,11,12,9,22,"[48.85293603169479, 2.280449643731117]"
2026-08-25 01:29:50,23af2811e66ce535b0485510398c110f87277974,Brancion - Lefebvre,15043,3,2,5,6,11,"[48.82900222785569, 2.301431038163409]"
2026-08-25 01:29:50,ae85721a0f91e27db512c37a5eea61718c74e0d3,Place Saint-Ferdinand,17039,1,19,20,17,38,"[48.87815529789739, 2.288518047864942]"
2026-08-25 01:29:50,69c588a5936f5c1f46685d833f5ae76c9057725d,Hôtel de Ville de Fontenay-aux-Roses,22604,10,1,11,23,34,"[48.790844603480856, 2.2871455930319455]"
2026-08-25 01:29:50,822994c6c2c5a5302c772dff41f53e61e60bf255,Vanne - Saussaies,42305,7,1,8,11,20,"[48.786404, 2.338848]"
2026-08-25 01:29:50,6a465d3a5442654adfb35c93f7680293f1d46b56,Malakoff - Place de la Porte Maillot,16101,0,1,1,27,28,"[48.876733496638, 2.2834577411413]"
2026-08-25 01:29:50,b6cd5077111b4ced162cdd5b61dc72da1d1d8145,Petit Palais,8001,0,9,9,35,46,"[48.8667692, 2.3157655]"
2026-08-25 01:29:50,030ca8a9309e76dad28e989448b7eb742b67d77c,Vinaigriers - Magenta,10012,3,10,13,12,25,"[48.8731167, 2.3593052]"
2026-08-25 01:29:50,228d2f50d15732b8a221ade0df14df022e7312f3,Wurtz - Tolbiac,13048,10,15,25,1,28,"[48.82631195621, 2.344585955143]"
2026-08-25 01:29:50,59925c8f8603707738a7f15a05f13d30d2b25db5,Pierre Lefaucheux - Traversière,21028,12,15,27,8,35,"[48.82435208303827, 2.2417913004755974]"
2026-08-25 01:29:50,24def969d3b043d5a46b57fef2d94c82fda477fd,Quai aux Fleurs - Pont Saint-Louis,4003,5,3,8,12,21,"[48.852915956209, 2.3521957173944]"
2026-08-25 01:29:50,dd6b254646386d683c945fe704e6850ed78d73d7,Jardin de l'Hospice Debrousse,20108,1,1,2,20,23,"[48.861451061938, 2.40568600595]"
2026-08-25 01:29:50,0d2384d4bd93c6d1f19969e73afc54dbfa72be97,Amaury Duval - Gabriel Péri,21219,15,9,24,12,36,"[48.81718759671675, 2.323841750621796]"
2026-08-25 01:29:50,299fcaa005e6b2475fb1a90b64ad554391334384,Arcole - Notre-Dame,4001,4,1,5,8,14,"[48.853883541328, 2.3493797332048]"
2026-08-25 01:29:50,5e11eec74be528636a123e31f89e034cb9500d13,Gallieni - Lycée Charles Petitet,23902,2,14,16,28,45,"[48.927640283627, 2.3308986340524]"
2026-08-25 01:29:50,640eed30c5b9286ff12067829f7c888a4ce6eb35,Vitruve - Davout,20122,8,1,9,14,23,"[48.86053161154489, 2.4091592812626543]"
2026-08-25 01:29:50,5f269e7c15502e63916c0db9f880c5a42d9e8369,Place de la Porte de Passy,16020,2,3,5,30,36,"[48.857341095470794, 2.2644165538827115]"
2026-08-25 01:29:50,19eb2984425446727be575b7ebb8ccea0362dee6,Place Nationale - Château-des-Rentiers,13126,3,0,3,15,18,"[48.829268, 2.365212]"
2026-08-25 01:29:50,c9a16d1e7a39c50c5272cefe466ef830477a058d,La Motte-Picquet - Grenelle,15023,4,11,15,19,34,"[48.84858321339195, 2.299347817897797]"
2026-08-25 01:29:50,786037385d4bec54247c09d80e5e1cf0ec2d1e53,George V - Christophe Colomb,8549,0,6,6,17,24,"[48.87046, 2.30104]"
2026-08-25 01:29:50,3dabafda3b793497c714ee465aef8b01c0876ffe,Daumesnil - Hébrard,12043,4,19,23,17,40,"[48.8429, 2.38474]"
2026-08-25 01:29:50,0046e1cf11138f1c6f133ed8d33c33a90286fed4,Président Wilson - Baudin,23003,2,1,3,25,28,"[48.89826887103676, 2.2849336266517644]"
2026-08-25 01:29:50,ebc98837724bc788afceba82c6ed1fe93b978f2f,Jourdan - Monticelli,14131,3,0,3,27,30,"[48.822032, 2.329095]"
2026-08-25 01:29:50,cc5a759c2983ad2ac4a02f5d290e3525db94bf15,Marché aux fleurs,4002,1,2,3,19,23,"[48.855258115391, 2.3473754525185]"
2026-08-25 01:29:50,222251014d372c113134ecf10f99d72554474f40,Mazagran - Bonne Nouvelle,10105,0,16,16,6,25,"[48.870047123655, 2.3511248454452]"
2026-08-25 01:29:50,35398473a0c7ea54fc7d82b2773a34518e3676ae,Raspail - Albert Schweitzer,42501,4,10,14,14,28,"[48.81031545, 2.34395871]"
2026-08-25 01:29:50,321b93d60a2f4c1a3f74a52f5dfed4984b35fadd,Assas - Luxembourg,6008,8,1,9,24,33,"[48.843734468779, 2.3334283818759]"
2026-08-25 01:29:50,2a68e871613db26367568dc159ca07721d899477,Brillat-Savarin - Küss,13109,4,17,21,0,21,"[48.822203, 2.350422]"
2026-08-25 01:29:50,22a60b1588aac702cc955d844a888a6330ed20bd,Charonne - Pierre Bayle,11021,0,0,0,23,23,"[48.858445054262, 2.3903981223891]"
2026-08-25 01:29:50,279d73ebc2375742c0f2425360ce8f13707a44ff,Louis Rolland - République,21217,0,0,0,25,26,"[48.81710889740748, 2.3193106434955717]"
2026-08-25 01:29:50,e0de8be7a7232d78dc59dd6f4c949e8504fc05aa,Emeriau - Beaugrenelle,15030,1,58,59,13,74,"[48.84791249714942, 2.2843059897422795]"
2026-08-25 01:29:50,2330a2c108f425b80c798cb81f81304f2b5ebb39,Faubourg Poissonnière - Dunkerque,9114,5,2,7,21,30,"[48.880883445404436, 2.349934279918671]"
2026-08-25 01:29:50,ddea22fc30f598b58c52c656a1ffc0f9612d8ddf,Victor Hugo - La Pompe,16011,6,4,10,30,41,"[48.86795222470859, 2.28146318346262]"
2026-08-25 01:29:50,808ef266555455b125a8a508e01dd27b4028a6e3,Gare de Lyon - Chalon,12007,0,1,1,43,45,"[48.845666194202, 2.3741452395916]"
2026-08-25 01:29:50,04809b96a17666837355b560bcbde69dbcce54fa,Benjamin Delessert - Jean Lolive,35007,5,10,15,1,21,"[48.89392043619345, 2.417981922626496]"
2026-08-25 01:29:50,e730db34476eef96e0264e418b0f0f3d82a92b0f,Gare de l'Est - Place du 11 Novembre 1918,10165,0,6,6,31,40,"[48.876327, 2.3585464]"
2026-08-25 01:29:50,24b9a1b140386207aa34e173ec227a7bca05cc8a,Quai de la Gare - Pont de Bercy,13128,0,17,17,12,30,"[48.83730787972, 2.3740861260598]"
2026-08-25 01:29:50,cec73adeb004bd063a67e75829e1a2ff6a493214,Batignolles - Beudant,8020,17,7,24,20,44,"[48.882164014664, 2.3198529705405]"
2026-08-25 01:29:50,b60f43b1290a3543d09632338d7f8bcc4e91acf3,Conservatoire Marcel Dadi,40005,9,8,17,9,26,"[48.790090379157, 2.4535970427243]"
2026-08-25 01:29:50,1b1868a6beda9267f8b05517505fc50aaa609fe4,Berthier - Place Stuart Merril,17107,3,3,6,31,37,"[48.885927922355044, 2.2933450341224675]"
2026-08-25 01:29:50,f3a1e0d3b9c58cdf7eabacd33a40f056a3ceed29,Lucien Bossoutrot - Général Martial Vallin,15057,0,1,1,38,39,"[48.836956046311, 2.2741072252393]"
2026-08-25 01:29:50,16210bf3f393c23aa321c1049bcf4c6239681e94,Goutte d'or - Barbès,18007,9,6,15,5,20,"[48.885124323627, 2.3496962338686]"
2026-08-25 01:29:50,60b8f4c5859e911522576f189606df9fabaddd0d,Quai de l'Oise - Aisne,19128,12,3,15,13,30,"[48.8906231, 2.3833701]"
2026-08-25 01:29:50,e558853c45eca32fe4f175e29991079573d51277,Place Jacques et Thérèse Tréfouël,15005,1,0,1,42,43,"[48.842726498317, 2.3125657439232]"
2026-08-25 01:29:50,739e70e839dc13ca520f2026c9de5043a1745918,Mairie de Clamart,21401,13,1,14,18,33,"[48.800612, 2.262151]"
2026-08-25 01:29:50,dab88bc87177786d9b8e4c535ce47d8bd398fd28,Monceau - Malesherbes,8037,4,6,10,26,38,"[48.8795079, 2.3145456]"
2026-08-25 01:29:50,7fc9d23b300ec145c2fa857af905bf5687861c7c,Emile Zola - Fondary,15022,3,17,20,22,42,"[48.847051143113745, 2.2953405976295476]"
2026-08-25 01:29:50,fcc74dd512721ed2db8336c952d83771c3ac467d,Charonne - Bureau,11017,8,3,11,36,47,"[48.854176, 2.396093]"
2026-08-25 01:29:50,804f624b65c8684779d8009eefb493b0ae51a1f6,Halles - Bourdonnais,1021,0,2,2,17,20,"[48.860448992575, 2.3460162431002]"
2026-08-25 01:29:50,cbccf237e3c76dc8fc4676e6d8233591b6d318ed,Delizy - Louis Nadot,35006,2,3,5,16,22,"[48.896212845581346, 2.4094578623771667]"
2026-08-25 01:29:50,c48b644bb4b39a8bef4763084f021c9f3826415b,Saint-Mandé - Fabre d'Eglantine,12018,3,3,6,27,34,"[48.8453579, 2.3965022]"
2026-08-25 01:29:50,8f878b25d4e828d0ec7c774ab62c93773fa00aec,Gérando - Rochechouart,9004,2,1,3,17,21,"[48.88294340845, 2.3464846238494]"
2026-08-25 01:29:50,b0063e0639ae30af0fbb43122bfa36b2c8042836,Suffren - Champ de Mars,15071,2,12,14,8,23,"[48.8547194, 2.2952168]"
2026-08-25 01:29:50,f4e403f7692a6a56307218663d8a2704ebfd6d26,Place Ginette Hamelin,12026,1,13,14,37,51,"[48.837853, 2.382064]"
2026-08-25 01:29:50,9b066fa6cb235b8951630088a9d7d166c1ca4958,Alexandre Parodi - Quai de Valmy,10162,3,2,5,17,24,"[48.879359419425, 2.3665961623192]"
2026-08-25 01:29:50,b82224f0e3cda8e0ced9d43cf1707902d66463c5,Saint-Germain - Ciseaux,6012,3,10,13,5,18,"[48.853305277595, 2.3344654618827]"
2026-08-25 01:29:50,9cccf66e1d30e2c9ffb7855c97397be4c38b7258,Auguste Blanqui - Corvisart,13009,3,3,6,20,26,"[48.8300989, 2.3502726]"
2026-08-25 01:29:50,72b94586617fcfb10afc12f4936719874a26afde,Quai du Président Roosevelt - Pont Aval,15311,0,14,14,14,30,"[48.834388367639, 2.2656820714474]"
2026-08-25 01:29:50,481c95737a9f98ec70f33858a5977eb3cd4a6ccd,Taitbout - La Fayette,9024,1,38,39,13,53,"[48.8733298892, 2.3352625966072]"
2026-08-25 01:29:50,e88095a8e367b00d11dba79f3eac3a76036bb30b,Conservatoire de Musique,46003,10,1,11,14,25,"[48.770935866676, 2.4034014344215]"
2026-08-25 01:29:50,7158d68fdac88265c56745fe32b0c223aba120ad,Lemercier - Cardinet,17111,5,1,6,16,24,"[48.890097168851746, 2.317377626895905]"
2026-08-25 01:29:50,0ec1ffe629e6f5c1a3732fe45cad322d6daa914b,Place des Fêtes - Solitaires,19210,10,12,22,7,29,"[48.876644633122, 2.3920327806309]"
2026-08-25 01:29:50,6dcb21fe218f59bacddd7ec1ddeff0a39502c929,Dunkerque - Trudaine,9006,7,1,8,3,16,"[48.88215166773376, 2.3463253676891327]"
2026-08-25 01:29:50,af28699bbe47aeeb9dcd657dce8298b54dd00937,Joseph Dijon - Ornano,18030,6,5,11,24,37,"[48.89374453351521, 2.3476678133010864]"
2026-08-25 01:29:50,eccd7937f689049623cffd43ea66ba6738a6ede6,Place Monge,5024,2,6,8,13,21,"[48.842761803051, 2.3524079471827]"
2026-08-25 01:29:50,fb79c035fc9172195d4af225a34aeff2b0868a8b,Square Denise Buisson,31005,10,1,11,33,45,"[48.8562322730982, 2.426436245441437]"
2026-08-25 01:29:50,dc9c20c5510fe1c74c4bc3982024b1df86159323,Chemin de Bretagne,21314,3,10,13,16,29,"[48.824753068884, 2.2588385956052]"
2026-08-25 01:29:50,c4fb217110f6947924bf45ef30ce2165c76873be,Picpus - Louis Braille,12038,13,1,14,44,58,"[48.839988788912, 2.4005256685521]"
2026-08-25 01:29:50,dc0dad77923db6ecac97e0954b6694a2b0ee6f73,Crozatier - Faubourg Saint-Antoine,12005,4,21,25,15,42,"[48.850440013405, 2.378901366211]"
2026-08-25 01:29:50,f6ad91d6a6576e88f49b3e82aafb48dadc1f6fdf,Rottembourg - Général Michel Bizot,12155,8,11,19,23,43,"[48.83787825992554, 2.4044052511453633]"
2026-08-25 01:29:50,898fba2cf6f525a3b89ecf3146908ad532201aa9,Geoffroy - Marie,9011,3,5,8,10,20,"[48.873781940593325, 2.344513876337893]"
2026-08-25 01:29:50,8428a06895bf3d05c9c8f18ea25c8d923eb35756,Vivaldi - Antoine-Julien Hénard,12028,2,2,4,23,27,"[48.841923663276546, 2.389728979467376]"
2026-08-25 01:29:50,0a174c9b211010fc6dafa5609ae1c3a9b3b0683c,Constant Coquelin - Invalides,7202,2,15,17,13,31,"[48.848283157236, 2.315749520203]"
2026-08-25 01:29:50,55e2fa02d3ba55fe67afa368bdf7b3336564d0f3,Louis Xavier de Ricard - Ancienne Mairie,41211,21,0,21,13,34,"[48.84629899065091, 2.472420372068882]"
2026-08-25 01:29:50,ef3bcd24a5ed2d252268f5d9ecb93e692ec97a33,Lebrun - Colonel Fabien,44011,6,0,6,21,27,"[48.78266870733145, 2.381317801773548]"
2026-08-25 01:29:50,02d539a58014d47d0bd16d514910d8b739396085,Square Etienne Jarousse,21707,8,5,13,12,25,"[48.82485182597129, 2.2925933450460434]"
2026-08-25 01:29:50,7702d028df9f2ecc18d2fa8d7e24a4db930c2009,Cloître Saint-Merri - Renard,4019,1,15,16,15,32,"[48.858835448898, 2.3518279194832]"
2026-08-25 01:29:50,2a301c2ba5be38ce9a0637a80bc94be9c59df6d0,Harpe - Saint-Germain,5001,2,19,21,22,45,"[48.851518815017, 2.3436703160405]"
2026-08-25 01:29:50,cfa71b664785613a398634984abcca9390afbfab,Hôpital Necker,15129,0,16,16,24,40,"[48.846043490118454, 2.313245013356209]"
2026-08-25 01:29:50,e2f710ac29d5b7a4097d94acdb9c35df864e9922,Bourg l'Abbé - Saint-Martin,3102,1,38,39,21,61,"[48.863933319493, 2.352406270802]"
2026-08-25 01:29:50,ebc15aeaf57e0a18f98d43af2d3f48e5b1ea25f6,Gare d'Argenteuil,51001,5,1,6,32,40,"[48.947022436806705, 2.256898172199726]"
2026-08-25 01:29:50,f2dabc789b8dd3176c0d0b2070f598ecf2dcb724,Jules Guesdes - Général de Gaulle,21315,10,3,13,11,24,"[48.81930581291959, 2.278934195637703]"
2026-08-25 01:29:50,f21c678d6c5c14d060135ec6624927295e75e531,Place Aimé Césaire,21402,8,8,16,11,27,"[48.783194713067815, 2.2429127991199493]"
2026-08-25 01:29:50,655bec876aa2bf936daaa2367a2a84dcd1a8c427,Bruant - Vincent Auriol,13018,0,6,6,19,25,"[48.834848452929, 2.3668264996271]"
2026-08-25 01:29:50,ac18e1c34da982d3ec27286bf57e54be91d645dc,Jean Monnet - Iles,21303,5,8,13,18,32,"[48.823393984057304, 2.2497073194874866]"
2026-08-25 01:29:50,415570f01d71409adf08a72a81d7e2e8cf19be76,Parc Eli Lotar,33014,5,6,11,6,20,"[48.91844993053703, 2.3727085813879967]"
2026-08-25 01:29:50,f3c513d2d3d249b9dd2d6b4b690b9f1e32896b2e,Place Charles Michels,15127,1,33,34,3,37,"[48.846401, 2.28502]"
2026-08-25 01:29:50,c903f8d1abe15ef61b5ba647295f804059129f45,Balard - Montagne de la Fage,15070,1,29,30,6,36,"[48.838507403334, 2.2782871127129]"
2026-08-25 01:29:50,0c2bc53035419114c64324ac150a9d81d6b28c9c,Benoît Frachon - République,20105,2,2,4,25,30,"[48.85230729014318, 2.415605485439301]"
2026-08-25 01:29:50,e2a68ceaa1a957f48c5317ae662def26187652e0,Jean Jaurès - Jules Jacquemin,33103,8,0,8,16,24,"[48.88433053604843, 2.4082902455152104]"
2026-08-25 01:29:50,b0750d734293decc7f135ffb2e2e077d2bc378c3,Marne - Charles de Gaulle,41401,14,12,26,1,27,"[48.815071719544434, 2.4121668934822087]"
2026-08-25 01:29:50,f5dcfbd0770639448d95d1e51fcc898acaff951b,Davout - Volga,20044,4,2,6,22,28,"[48.852919679957296, 2.410522909779111]"
2026-08-25 01:29:50,da90792b84370cd343b156a0a9b2b62259983feb,Porte de la Muette,16019,9,1,10,25,36,"[48.86302317841182, 2.2687188170157406]"
2026-08-25 01:29:50,5c764c645c074783b861c1001c1bc9bf179b4e05,Pavé Grignon - Bretagne,43202,3,1,4,16,20,"[48.757398255499, 2.4012465523091]"
2026-08-25 01:29:50,8b67f494072e268f9ef35aff0e06c1107e30d00f,Lobau - Hôtel de Ville,4016,0,36,36,22,60,"[48.8562118, 2.3532536]"
2026-08-25 01:29:50,dd4955c4927d0ecff8eb5099c1738e6d48766406,Paradis - Hauteville,10019,3,17,20,11,31,"[48.874999954666755, 2.3522757401923404]"
2026-08-25 01:29:50,8a2c688d53b2651e3ecd547e4568b0f35ef41b6c,Bréguet - Sabin,11033,1,19,20,11,33,"[48.856931678257, 2.3706749462105]"
2026-08-25 01:29:50,e76443cd61e91fd80960f32d20189b56e0bf87c0,Stalingrad - Rigollots,41203,9,5,14,34,51,"[48.84997403844251, 2.45557576417923]"
2026-08-25 01:29:50,34f4fa72465959871c4a03d2589c137dc3afff0e,Cité Riverin - Château d'Eau,10008,4,9,13,5,18,"[48.870702423554306, 2.358739863900845]"
2026-08-25 01:29:50,5186f87269216ef7c15c5a40069e2e0ef9a56836,Flandrin - Longchamp,16012,2,13,15,27,42,"[48.86877849178477, 2.274354539176829]"
2026-08-25 01:29:50,133deb3a01ec7ca9f4b061780a7d580a992ae593,Claude Vellefaux - Hôpital Saint-Louis,10032,4,7,11,21,32,"[48.872859139003, 2.3700717069851]"
2026-08-25 01:29:50,cef888f5a706ea2d112bdf5b95712e39f7b76feb,Maxime Gorki - Louis Aragon,48004,2,0,2,17,20,"[48.78909814728443, 2.368387877941132]"
2026-08-25 01:29:50,a98999d266f1c30e1a5af9ab7d77e39dfdb0d3c9,Edgar Quinet - Gaité,14001,1,1,2,25,27,"[48.841160928966, 2.324595451355]"
2026-08-25 01:29:50,79f17015ef4fc152876b6ed2a7921574a7baef81,Poissonniers - Championnet,18139,5,7,12,15,28,"[48.89543299733937, 2.3530178144574165]"
2026-08-25 01:29:50,d23f35513a783a539f99fc3bdd13821f0fe44309,Grande Truanderie - Saint-Denis,1006,0,11,11,14,33,"[48.8626302, 2.3498075]"
2026-08-25 01:29:50,fae54a7d5d27d08e810c18a6b85bac550663a7c6,Sèvres - Lecourbe,15008,1,34,35,26,62,"[48.8447677, 2.3110086]"
2026-08-25 01:29:50,03f763a74de5f91a28fa9fcbd5e5661b200da7d1,Square Claude Bernard,19110,3,9,12,17,30,"[48.89876016219984, 2.375325746834278]"
2026-08-25 01:29:50,3949a91ec5031455767f025153677c04101e2c13,Henri Ravera - Gabriel Péri,22201,16,1,17,13,30,"[48.79722273833844, 2.302115857601166]"
2026-08-25 01:29:50,f278519f9990ac1ee4e6cdd3425d37edca7a8e88,Jules Vallès - Charonne,11112,1,17,18,5,23,"[48.854284379935, 2.3847674578428]"
2026-08-25 01:29:50,4f88cbaa630cb304c28141e436c828d84f394c13,Murat - Porte de Saint-Cloud,16042,4,1,5,32,38,"[48.837508626213, 2.2577651962638]"
2026-08-25 01:29:50,0d600db0be272ae5a70ff2e1b64c9024e58cdbba,Place de la Madeleine - Royale,8117,0,7,7,33,43,"[48.869228052648, 2.324421107769]"
2026-08-25 01:29:50,46a3b2fa36cd83fe2adfd8ddcc702505565e3e5f,Bourdon - Pont Morland,4006,7,38,45,6,52,"[48.8478103, 2.3659356]"
2026-08-25 01:29:50,c3c08d46ed2ca790a9b65be8d4bd1b8047578792,Place Farhat Hached,13202,6,4,10,18,28,"[48.825487045602, 2.3816306985827]"
2026-08-25 01:29:50,e8a2d3d4a4eb32455041ea9ec882763e926d89dc,Diane Arbus,18202,2,1,3,34,38,"[48.898800717199, 2.3524022474885]"
2026-08-25 01:29:50,459ceec851a7672972c02513019c4c95d77b1415,Perle - Vieille du Temple,3008,3,19,22,12,36,"[48.8601346, 2.3611206]"
2026-08-25 01:29:50,8c7edddddd79d729dda40706e735de7f8815a883,Cadix - Hameau,15128,10,16,26,9,37,"[48.8340107632249, 2.289516180753708]"
2026-08-25 01:29:50,85b23be6a03d8d909fbdbf4f2047f153da50bf2c,Reuilly - Daumesnil,12037,0,5,5,30,36,"[48.8395385, 2.3972516]"
2026-08-25 01:29:50,1ef89c0e471f8ef3266fe2f179977ceb9e4a783a,Turbigo - Française,1007,0,3,3,13,16,"[48.86358858111446, 2.3477794602513313]"
2026-08-25 01:29:50,354f796476f4bb0fb25fb929d5e60a9773abda0d,Mairie du 16ème,16013,4,16,20,14,35,"[48.863936848471994, 2.2765953093767166]"
2026-08-25 01:29:50,039b2020c05d03331a6e759cca8ca5e48ce48964,Leibniz - Jean Dollfus,18034,10,1,11,20,32,"[48.896328348515986, 2.333390423834684]"
2026-08-25 01:29:50,75f1deeaf5bfc1bd921e95a0951df4141dd0b4c6,Louis Lumière.,20104,1,2,3,19,22,"[48.86216198070008, 2.41112578185621]"
2026-08-25 01:29:50,78cf4b345abcf44b2e92658f5191bbf34f1fca5c,Jourdan - Cité Universitaire,14135,9,0,9,29,39,"[48.819897343156676, 2.3397007964124366]"
2026-08-25 01:29:50,e42fb7fb4029a2abb18d4f5f7535c0989f8045df,Porte de Clignancourt - Ney,18140,2,1,3,37,40,"[48.899641123987095, 2.344321422278881]"
2026-08-25 01:29:50,f0175222bcccd4ae3eb1aa84383f6cbf9b86b82d,Square Montholon,9009,1,18,19,1,21,"[48.876620377545024, 2.3457641154527664]"
2026-08-25 01:29:50,2429295853be6e7af06c63fa0b2c905463e5e528,Herschel - Observatoire,6104,2,5,7,48,56,"[48.84342376221923, 2.3376645147800446]"
2026-08-25 01:29:50,9b168cfce42dbb03e9c726dea3a1f6b9aa132873,Pergolèse - Marbeau,16102,2,2,4,22,27,"[48.873568706869, 2.2815125225299]"
2026-08-25 01:29:50,1d7c019c1597bf3a74c8cd9937bb85045b82e44d,Centre Georges Pompidou,4021,0,18,18,8,26,"[48.861419, 2.352581]"
2026-08-25 01:29:50,4d81989edf4cffe0673eba8c670681658e6b61bb,Sorbier - Ménilmontant,20034,13,1,14,10,24,"[48.868542395661, 2.3897721245885]"
2026-08-25 01:29:50,f1f9502933ba2c5dbd081828f71ce0f5b4cedca2,Cordelières - Arago,13005,8,29,37,21,60,"[48.83548071896613, 2.348572461702221]"
2026-08-25 01:29:50,468f78a3417f0a24352210fc91750770b4d61055,Place de la Nation - Charonne,20001,4,9,13,22,36,"[48.848364667777, 2.3997623859813]"
2026-08-25 01:29:50,8adad62b955b5742225fe443ad6e84527bd0e4ee,Petit - Georges Thill,19201,3,1,4,19,23,"[48.88603131999171, 2.3895753175020222]"
2026-08-25 01:29:50,f9f0092cb7439a27ad0beba277a5d1690974b6e2,Gare de Bellevue,21953,3,0,3,17,20,"[48.8192404685572, 2.2295309230685234]"
2026-08-25 01:29:50,7fd9af6c7b97cf3743a52e74fee732e0b93802ef,Sarrette - Général Leclerc,14019,3,10,13,9,22,"[48.825030852925, 2.3264128693982]"
2026-08-25 01:29:50,c546b5484c8d23185bfe7d6cbd43c6ce1247ba16,Turbigo - Réaumur,3011,0,23,23,7,31,"[48.865574047531, 2.3564198613167]"
2026-08-25 01:29:50,db18f9f5e6cdb26400eb3c21b9af943d002cfb0c,Mairie du 8ème,8027,6,7,13,14,28,"[48.877932, 2.318264]"
2026-08-25 01:29:50,c9ca9b440fd09bb187ddb06c4046054b6b799281,Charles de Gaulle - Plateau de Vanves,22401,7,15,22,11,33,"[48.82233088973263, 2.298571803412886]"
2026-08-25 01:29:50,6678c700cbfe3ebf912a50d4043d15bd86724a38,Maurice Payret-Dortail,21506,6,1,7,15,22,"[48.87811957063342, 2.2233625128865246]"
2026-08-25 01:29:50,9787da19cc436d5fe3a1571fe76f6b4fc1e49de6,Archives - Rivoli,4103,1,12,13,12,25,"[48.857346707443, 2.3539767041802]"
2026-08-25 01:29:50,233b27a6b4207d74f7b4e232f1df1ab33b02c012,Parme - Clichy,9037,3,1,4,20,24,"[48.881266424227, 2.3281970934506]"
2026-08-25 01:29:50,7680caac4156a34a38e2a182bcce06c826f75488,Sèvres - Général Leclerc,21026,0,2,2,28,30,"[48.830121559055, 2.2314262390137]"
2026-08-25 01:29:50,219aad862b0983d0d6144f1be2a75e6db5a48c93,Saint-Denis - Université,32013,8,0,8,16,24,"[48.94563430946964, 2.3638297989964485]"
2026-08-25 01:29:50,e21ec8956f338fdf6a04fb40299f8db90fce9859,Frères Flavien - Porte des Lilas,20029,0,0,0,22,23,"[48.8780992764359, 2.41104629853209]"
2026-08-25 01:29:50,d91fe249f56c9e8be51591493cc9e1b156dd42b1,Nationale - Vincent Auriol,13017,7,1,8,25,33,"[48.83252708397293, 2.362354410392119]"
2026-08-25 01:29:50,3beb6122c5ce771cc32df45074ea5ffd5926b872,Olivier de Serres - Leriche,15111,13,6,19,6,25,"[48.83460221715206, 2.2957482933998112]"
2026-08-25 01:29:50,02edec30ab65d997a348115dce27d6e249dabf68,Cours de Vincennes - Soult,12020,2,2,4,40,45,"[48.846918761569, 2.4105220288038]"
2026-08-25 01:29:50,b58fc6d1bd847f280da3508cda5fdb1ab5a44034,Adolphe Lalyre - Armand Silvestre,24006,11,5,16,24,40,"[48.90406266961591, 2.273416221141815]"
2026-08-25 01:29:50,ea4098016c8e0e156e35e40012a05a9481d2b530,Temple - Haudriettes,3009,1,6,7,12,19,"[48.861636880212, 2.3566960206458]"
2026-08-25 01:29:50,9ac753bca99d90d8b6fcef3e3193da05e0f567a1,Parc Roger Salengro,21110,4,5,9,26,35,"[48.905303858642, 2.31055945158]"
2026-08-25 01:29:50,4cfa84ad09faa1f61d3c68736ffae3e4bf68cc99,Etienne Marcel - Montorgueil,2002,0,24,24,4,28,"[48.86450567259199, 2.3461959511041637]"
2026-08-25 01:29:50,b5257dd0e5d7940ffad007680ecd2dd139b24fad,Lagny - Auguste Blanqui,31001,3,2,5,22,27,"[48.84922568052601, 2.4218603968620305]"
2026-08-25 01:29:50,35f945168db2fbf729741e74bb41d45b7bc40d4b,Gardenat-Lapostol - Velettes,21507,12,4,16,4,20,"[48.87387, 2.224185]"
2026-08-25 01:29:50,a650b364618264a0346bd0c6a37d2ddbcc7280f7,Place du 17 Octobre,22306,3,3,6,13,20,"[48.91962690034779, 2.2978286134199792]"
2026-08-25 01:29:50,fbe9f73c7e351a0bba57e7c8a5786792628b94ca,Kléber - National,22502,2,1,3,16,20,"[48.906333898712234, 2.2393910586833954]"
2026-08-25 01:29:50,2ad8a1d66c81709579555ab3b1089f2ac823babd,Cesaria Evora - Rosa Parks,19111,10,6,16,23,40,"[48.89717672825043, 2.3745173960924144]"
2026-08-25 01:29:50,a3f4407c9b050495c9510986be6a358aaac278a8,Victoire - Laffitte,9111,1,0,1,18,20,"[48.87514373494672, 2.338118505144376]"
2026-08-25 01:29:50,ebda5607d7c33b052c5774397873149004d48868,Saint-Michel - Luxembourg,5122,1,3,4,23,29,"[48.84501507626, 2.3394941166043]"
2026-08-25 01:29:50,5b2b6f853f4cee2d214c3ba6e1deeb1e951e67bf,Sainte-Elisabeth - Turbigo,3005,4,22,26,6,33,"[48.86610337431, 2.3596492409706]"
2026-08-25 01:29:50,f97eb63a2425225c82fae0b808315416323c79c0,Lisbonne - Monceau,8036,5,1,6,39,47,"[48.877455676814, 2.3096942214195]"
2026-08-25 01:29:50,22db86e9737539051e5e93a4a95cc1ee19201416,Pierre Sarrazin - Saint-Michel,6031,0,25,25,6,33,"[48.850908146398, 2.342130728066]"
2026-08-25 01:29:50,05d450c4198ba86d446cc6e5d544e03a18c7beff,Mairie du 3ème,3006,0,0,0,32,32,"[48.864461781391, 2.3617628216743]"
2026-08-25 01:29:50,642e102e1df092b21a12efe2baf564b765e4c986,Alouettes - Maréchal de Lattre de Tassigny,41208,1,2,3,19,22,"[48.85511009293948, 2.4930700287222862]"
2026-08-25 01:29:50,ce3e44bc7afad5d90ac3c69568c876e54403f168,Saint-Gilles - Turenne,3002,3,11,14,4,18,"[48.858158956779, 2.3647149920992]"
2026-08-25 01:29:50,ca36fbd53d307eb22f26dc30de221f298571a1dc,Pau Casals - Neuve Tolbiac,13054,2,9,11,65,78,"[48.8311602, 2.3774395]"
2026-08-25 01:29:50,64e30f9f44020837a6dbf563059d6784119a9e19,Candale - Mehul,35012,8,1,9,15,25,"[48.8893935006175, 2.414379715919495]"
2026-08-25 01:29:50,e149781986eee7acf285985fd8e80eb31f9db91d,Édouard Vaillant - Place Jean Jaurès,21505,3,0,3,21,24,"[48.86265537999924, 2.2089037319128613]"
2026-08-25 01:29:50,b59c6e0c4ad6fc3a6b1bf9b93cb4ead9710c4321,Aboukir - Alexandrie,2016,5,15,20,1,21,"[48.86868344444473, 2.3502043269474897]"
2026-08-25 01:29:50,618043d85a3ce9249754627edc6f3def467d6e46,Saint-Bon - Rivoli,4018,0,19,19,10,31,"[48.857999643315, 2.3502172809763]"
2026-08-25 01:29:50,10cff4d929372af6ebee5d62761ada9ad6087efb,Rivoli - Musée du Louvre,1014,0,4,4,16,24,"[48.863646368519, 2.3340958356857]"
2026-08-25 01:29:50,dadc33f69607ee90c1a55073916a89c3265a3ab6,Quai Jules Guesde - Saint-Simon,44001,8,8,16,14,30,"[48.80391487219, 2.4089661620274]"
2026-08-25 01:29:50,6cab0cbbfce99ab3c83454e19bdebf2d9b2dd320,Saint-Jacques - Val de Grâce,5004,16,1,17,2,19,"[48.8417514, 2.3413893]"
2026-08-25 01:29:50,a2ca31f46899a2f9673bfe47eb15aa39369694a5,Village Saint-Paul,4009,1,9,10,17,28,"[48.852639866625, 2.3607301712036]"
2026-08-25 01:29:50,f84ad968384d69e845427eb511b2cd0bb0e58f07,Choiseul - Quatre Septembre,2012,0,0,0,11,44,"[48.869935533187, 2.3359975218773]"
2026-08-25 01:29:50,a46430ff08a1d45865779714522ee40c017bcfea,Waldeck Rochet - Germaine Tillon,33020,9,5,14,14,31,"[48.91105960199651, 2.3676301538944244]"
2026-08-25 01:29:50,490c9ea37ad1aa90d63c19cad129d59463bcde63,Place du 8 mai 1945.,32019,7,6,13,15,30,"[48.938882272105, 2.3566243797541]"
2026-08-25 01:29:50,b1621bf2abf1984c33f22e40dd4eaf1f3507ea70,Oratoire - Rivoli,1025,0,3,3,15,18,"[48.861342760889, 2.3400047421455]"
2026-08-25 01:29:50,aebdae8603398d2ae5d9e9e2cb9632bde72de124,Mairie du 2ème,2008,1,13,14,14,28,"[48.8672190355135, 2.3404625437747044]"
2026-08-25 01:29:50,443166661e58d1161a50687ad2edf9b3697545c0,Custine - Ramey,18015,29,0,29,12,41,"[48.888735896947, 2.3469526693225]"
2026-08-25 01:29:50,f0c68aa79f79d86025f6d1f88d42e72d32eedf06,Ventadour - Opéra,1116,0,15,15,11,27,"[48.866810653323, 2.3343884482519]"
2026-08-25 01:29:50,fff0cd6285ba0f6f2c6d64e0b0ef2066b881c922,Saint-Honoré - 29 juillet,1017,0,9,9,9,20,"[48.86557114282421, 2.330567417577153]"
2026-08-25 01:29:50,ada959abf32364145c5713e27d27ad9bcac840f7,Saint-Placide - Cherche Midi,6026,2,27,29,35,66,"[48.8490535919234, 2.325317971408367]"
2026-08-25 01:29:50,a689f6539672d5a033217b459ab564e0703e33a3,Saint-Honoré - Musée du Louvre,1023,2,2,4,27,32,"[48.863443132848, 2.3348781846405]"
2026-08-25 01:29:50,06a14f4131d2bc8fca47489b083c7a4047a73606,Marseillaise - Grenade,19202,14,2,16,29,45,"[48.889371092747, 2.3979396821544]"
2026-08-25 01:29:50,7119c13f02cf285e2ea9615daa6f9463b1746f0d,Jouffroy d'Abbans - Villiers,17021,2,2,4,29,34,"[48.884215547037, 2.3056533560157]"
2026-08-25 01:29:50,6b79fb12ef7b3429ccfac04c4413efcf1e9b9df7,Charlot - Stade Gabriel Voisin,21323,6,19,25,5,31,"[48.827228120536, 2.268122527474]"
2026-08-25 01:29:50,b25130c942396667cff8914fce6717bc4b29d495,Nicolaï - Charenton,12203,4,14,18,26,44,"[48.835478791995, 2.392894725661]"
2026-08-25 01:29:50,2ce781b4dba7df3f459236cc5e10598ffbb19fae,Jean Jaurès - Paul Lafargue,28005,11,6,17,10,28,"[48.884933177666, 2.2484488785267]"
2026-08-25 01:29:50,d903cd0cebf79c09f93f7a9be4d157b8988a5658,Quai de l'Aisne - Général Leclerc,35005,10,7,17,6,27,"[48.895713, 2.400571]"
2026-08-25 01:29:50,6d42dad2708fa9ce21dc331b3bc34321945e98b4,Verdun - Carnot,42028,20,6,26,2,28,"[48.808439376064946, 2.373795211315155]"
2026-08-25 01:29:50,b3e129ce1bab3c9c96982d61789d6a82a2139be6,Parc Floral du Bel Air,12166,4,0,4,19,25,"[48.839285711865735, 2.438560165464878]"
2026-08-25 01:29:50,8975ed61e60204803fc5da9a7d159a8b1defd090,Place de la Division Leclerc,22603,3,0,3,31,34,"[48.793824988636516, 2.2731140430551027]"
2026-08-25 01:29:50,a900e2d03d5f66e79f38d0e7486fcc88df64e705,Belfort - Victor Hugo,21119,12,7,19,5,24,"[48.9018492, 2.3172724]"
2026-08-25 01:29:50,56077018011ab5485303b558b37bbca0690a38b9,Belles Feuilles - Place de Mexico,16010,1,0,1,20,23,"[48.865804746474, 2.2829206287861]"
2026-08-25 01:29:50,8d34dd691e9358e9d3203854ab696339b4ced2c0,Porte Dauphine,16201,0,1,1,62,65,"[48.871139344351, 2.2749781616017]"
2026-08-25 01:29:50,0b2d77629ac40f585f6b516478de178bb376b9b4,Lampes,42019,3,33,36,7,43,"[48.81152481985875, 2.4017931148409843]"
2026-08-25 01:29:50,16ee43e33a64472f0b4e847eb66969d49bc80904,Henri Barbusse - Marcel Cachin,32022,18,12,30,6,37,"[48.93742089281, 2.3720374971659]"
2026-08-25 01:29:50,e304e70b39a8074a5c80c8b8c74b8886e4ecd665,Jules Guesdes - Carnot,32020,5,2,7,9,16,"[48.93828169931872, 2.3508992046117783]"
2026-08-25 01:29:50,23b2e929a487a27a27805e0b4044190a349a9f4a,Place des Victoires,2006,1,3,4,20,24,"[48.8660354, 2.3420333]"
2026-08-25 01:29:50,4d99d888996a7e28fda2e1453b9047a64aa2a34e,Victor Massé - Jean-Baptiste Pigalle,9019,3,3,6,10,18,"[48.8811043724, 2.3366955667734]"
2026-08-25 01:29:50,4d7a537ed38fb7e020b06bf7ce7f8c7cd5e50896,Place de l'Eglise - Vitry-sur-Seine,44004,7,20,27,1,28,"[48.791922819921815, 2.395057752728462]"
2026-08-25 01:29:50,652bf620236bb1fd56af3dd37950a7d36204491f,Coquillière - Louvre,1024,0,14,14,7,21,"[48.863795909662, 2.3425736278296]"
2026-08-25 01:29:50,121aee028b1b25ea22a1e6ca440e1f5f0434b344,Porte de Pantin.,19046,1,4,5,25,33,"[48.889199725577, 2.3950181901455]"
2026-08-25 01:29:50,ca4e1c8bcde47e2035c11edeb4b229369431f646,Saint-Marc - Feydeau,2102,0,5,5,30,37,"[48.870326843044, 2.3418715826353]"
2026-08-25 01:29:50,f6c372b8dc7e414c7f8256bfcfb0dcfd138e88b4,Bréa - Raspail,6007,0,0,0,24,24,"[48.842738478258, 2.3297942217634]"
2026-08-25 01:29:50,1791d5341b8e5dc5b6dd7906792a94f6de883ad3,Henri Barbusse - Gabriel Péri,23202,13,2,15,13,28,"[48.801773795836, 2.2874166362216]"
2026-08-25 01:29:50,c5230ac597221146e010d7083c998dc70cbc4f59,Victor Hugo - Paul Eluard,42210,10,15,25,7,32,"[48.819602554907, 2.4114319673051]"
2026-08-25 01:29:50,6dea702b3aaf21ea1a6fee03443797d71c9ccb72,Blanqui - Docteur Bauer,34013,8,4,12,16,28,"[48.907735489085, 2.3407192814591]"
2026-08-25 01:29:50,6cdaa17c541ce78110dc6dd62cb1531cc22a5e77,Youri Gagarine - Commune de Paris,44008,15,2,17,15,33,"[48.782427463041, 2.3939734697342]"
2026-08-25 01:29:50,7906c40733b7a192bac03af4ecbeee624aac42ac,Stalingrad - Henri Luisette,48012,3,0,3,22,26,"[48.78363092456589, 2.366935946761926]"
2026-08-25 01:29:50,0324ef2088f9730f73071d33946d7dccbd966573,Dutot - Place Alleray,15018,10,10,20,36,56,"[48.836826091766, 2.3071701095578]"
2026-08-25 01:29:50,b0a1cfcfc05536012bceef3e8d53eeefbc26d453,Jardin Modèle - Pierre Boudou,26012,5,8,13,2,18,"[48.914866710946, 2.3057010525935]"
2026-08-25 01:29:50,998e54f18ba1809468f86c75c7bffe5e0ffbbdda,Vincent Auriol - Louise Weiss,13049,0,2,2,20,22,"[48.834001935501, 2.3703888058662]"
2026-08-25 01:29:50,6f16f5cb36c1b3c774aade95c7431471d9dd2326,André Mazet - Saint-André des Arts,6015,1,43,44,11,55,"[48.85375581057431, 2.3390958085656166]"
2026-08-25 01:29:50,9ee7b219f7d73db7202ab27049563c9422401931,Mairie,32605,3,0,3,17,20,"[48.87914304162, 2.4163350908311]"
2026-08-25 01:29:50,cf7bc35cdf170fccef93bf03077028110edb7e16,Mariotte - Batignolles,17202,3,0,3,17,20,"[48.884571659595, 2.321469503475]"
2026-08-25 01:29:50,28627d728815c733a85cc1cddf5aec5a98f506b8,Stade de France - Francis de Pressensé,32011,6,0,6,37,44,"[48.919141953558, 2.3620655760169]"
2026-08-25 01:29:50,f802e7d1e1e8cb0263af39aa68f74edc5897503a,Charenton - Wattignies,12202,11,29,40,0,40,"[48.836919119234, 2.3916775206425]"
2026-08-25 01:29:50,b996a4ec1992fbcc381f4e5c91c89dc3faea1158,station humanisée Championnats d'Europe de Natation,32053,0,0,0,200,211,"[48.923823707811, 2.3562655959135]"
2026-08-25 01:29:50,7439256ffd6947cb3cb28246fa2903d0a54eb2eb,Riquet - Marx Dormoy,18010,17,2,19,16,36,"[48.89021003702, 2.3601756244898]"
2026-08-25 01:29:50,4edc3e9434da79492473de75628cd76ce6b83fc4,Chastenet de Géry - Marcel Paul,48001,2,0,2,23,25,"[48.800123, 2.3567359]"
2026-08-25 01:29:50,f842be6d4b1d49925492810035464616d6ab5c06,Clef des Champs - Albert Dhalenne,34011,4,11,15,13,28,"[48.914938, 2.330665]"
2026-08-25 01:29:50,a77058c4759fc9da0532911004494ed6b0a792ee,Gare - Aristide Briand,21329,4,3,7,22,29,"[48.821410564722, 2.2555950104387]"
2026-08-25 01:29:50,5d279c7594d04795f73c3cf9bc898c3c9b04237a,Place du Maréchal de Lattre de Tassigny,21704,9,11,20,6,27,"[48.821707715257055, 2.2853431485432423]"
2026-08-25 01:29:50,0ec81ac450465d2ff04a5f4b569f714b6ae74c88,Chevaleret - Louise Weiss,13015,2,7,9,26,35,"[48.832586513351, 2.37121138812]"
2026-08-25 01:29:50,2eb3431af290aa32b2a2155cc3d546ef1a9970b8,Bons Raisins - Voltaire,25007,4,0,4,19,24,"[48.87282451461399, 2.1947155570850896]"
2026-08-25 01:29:50,d44b835032f8642f9bf1b2c274563cd1259b1e23,Manin - Secrétan,19114,7,2,9,11,20,"[48.8791665, 2.3787959]"
2026-08-25 01:29:50,132dfb26729fc7154adb9e8122bc5d4742e5fc0d,Château de Vincennes,12123,1,0,1,48,52,"[48.84423193255657, 2.439209537709179]"
2026-08-25 01:29:50,599fa727170b8dc4af5852122cc9ea0742bd50c5,Place Denfert-Rochereau,21002,4,6,10,10,20,"[48.843252536286684, 2.245987951755524]"
2026-08-25 01:29:50,f9fd5ea99dfd1295d8a813abcc667c8692ae734f,Pierre Charron - Champs-Elysées,8040,0,5,5,24,32,"[48.870103359864, 2.3043501377106]"
2026-08-25 01:29:50,fe1e2490fe1f50c61c237fd1b95610b1615576f3,Général Leclerc - Bièvre,23041,2,5,7,18,25,"[48.782414428747316, 2.3166695237159733]"
2026-08-25 01:29:50,ae5292eda55c18ef41dd0f21be392ea08f8e8895,Edith Cavell - Volta,24005,17,1,18,14,33,"[48.901616564286975, 2.269354350864887]"
2026-08-25 01:29:50,a266b09f5ce27efdceebf2985c1f12f709b1c384,Mairie de Rosny-sous-Bois,31104,5,0,5,25,30,"[48.871256519012, 2.4865807592869]"
2026-08-25 01:29:50,920234e4de46dc52133e91c65c6f33b2587e1074,Danielle Casanova - Ledru-Rollin,42024,6,22,28,0,28,"[48.815783497876815, 2.383259721100331]"
2026-08-25 01:29:50,8a3257f5529e5adb41124bbb8ff7f8fa6d251032,Gobelins - Port-Royal,5027,11,24,35,5,40,"[48.837135900263, 2.3515201359987]"
2026-08-25 01:29:50,c5ede7ca897d8b5311d13c6caf51c8d34787f14c,Place du Docteur Yersin,13116,9,0,9,41,50,"[48.82010494991975, 2.3725583776831627]"
2026-08-25 01:29:50,8b4d1fbb81572fbf9124182bfedd06ac5aace666,Cambronne - Mademoiselle,15012,4,29,33,34,67,"[48.843277330035214, 2.30230766886348]"
2026-08-25 01:29:50,346f311886c91dbd3461f3cd16c80e7b4c284d2d,Euryale Dehaynin - Loire,19117,1,3,4,25,30,"[48.886248917304805, 2.3774591088294987]"
2026-08-25 01:29:50,6cc621fa4ed5d82758189ea0aa36f64010030ed6,Pyrénées - Cours de Vincennes,20003,14,7,21,0,21,"[48.847796779935, 2.4061721563339]"
2026-08-25 01:29:50,473265498b57562eb9c0c7680800668637ef63db,Hauteville - Bonne Nouvelle,10003,0,6,6,10,17,"[48.87077436024, 2.3496496368327]"
2026-08-25 01:29:50,05419f1f0fc00e05cdccb23a07fa80603271e40a,Place Charles Digeon,41602,1,8,9,21,32,"[48.84354203133597, 2.418427169322968]"
2026-08-25 01:29:50,acd33e8ad38657aec5c66e4cf1ec3c4b9d319da0,Gouthière - Poterne des Peupliers,13028,9,15,24,9,33,"[48.820507, 2.351342]"
2026-08-25 01:29:50,b073c44c26dd1aa1315de61dc05d0d4d73c82a1f,Gergovie - Alésia,14027,8,8,16,38,54,"[48.83088717455243, 2.318882101207347]"
2026-08-25 01:29:50,75fdc3fffb6bb223dc452c0a217535faeb5308b2,Place Eustache Deschamps,42303,9,7,16,2,20,"[48.793855, 2.336637]"
2026-08-25 01:29:50,a533c13686bc0ada2ee2aa1bc9e62d7b0ff8cca8,LCL Campus - Place Oscar Niemeyer,48002,6,5,11,26,37,"[48.805342480621576, 2.363983690738678]"
2026-08-25 01:29:50,053fe9f494d797ba7e4192207d9029018a8b40a4,Moscou - Edouard Vaillant,30003,12,3,15,11,30,"[48.90755810177, 2.4689837335263]"
2026-08-25 01:29:50,e2895c98c1a99666b356d363f1e0afb20616e7fc,Guillaume Tell - Parc Henri Barbusse,35013,1,2,3,17,20,"[48.88958925894009, 2.4198862910270695]"
2026-08-25 01:29:50,e8204493d55c42b830376fc3a652f38112b5ab1e,Pyrénées - Charles Renouvier,20020,6,2,8,21,29,"[48.86095933229224, 2.400421852042113]"
2026-08-25 01:29:50,e07de6b85d77196cc8bad2c2e682f14cc7073a2f,Hector Malot - Daumesnil,12008,1,9,10,44,54,"[48.84693552991762, 2.3770876228809357]"
2026-08-25 01:29:50,6ffe860b5226d71f0190caf47fd0f2e3435a2495,Suffren - La Motte-Piquet,15024,0,19,19,4,23,"[48.850881230919, 2.3012199997902]"
2026-08-25 01:29:50,160990c90f74e70c04d5bb0d335a99c010524805,Mairie du 10ème,10009,3,11,14,5,19,"[48.872089449907, 2.3575825989246]"
2026-08-25 01:29:50,f29901798ea7f425194afa33e88e83583e9ba11c,Duméril - Jeanne d'Arc,13006,7,10,17,22,40,"[48.838151608087, 2.3571084495564]"
2026-08-25 01:29:50,90a1e8840adcfbeae1c35d24415bd71c12b3a4c0,Léon Frot - Charonne,11111,11,13,24,13,38,"[48.854963800335, 2.387217085372]"
2026-08-25 01:29:50,0d01b8302ed0ecffccc8e30093ed5b733608cf0a,Hôtel de Ville de Vincennes,43007,2,2,4,23,27,"[48.84827609706963, 2.4398955702781677]"
2026-08-25 01:29:50,f656805461c0050746046993f411c967eee95508,Dominique Pado - Croix Nivert,15050,4,18,22,0,22,"[48.83648798164934, 2.2897250577807426]"
2026-08-25 01:29:50,67cdf09eb5306adf81094c2ea5e56f4c34e8d725,Olympiades,13036,0,2,2,34,36,"[48.826764665199, 2.3650860786438]"
2026-08-25 01:29:50,88af28d0d320c9222bd8bc6b917efd4a6116df02,Montreuil - République,43004,1,4,5,19,25,"[48.85026349463687, 2.4345204234123234]"
2026-08-25 01:29:50,e03f64821a29279e006e8d25f1488d195ff5a547,Porte de la Plaine,15045,0,1,1,34,35,"[48.82805169605981, 2.2924277186393742]"
2026-08-25 01:29:50,8b41432ee09981a2594cbe6d1ebea3d485d03a1f,Duhamel - André Gide,15027,5,0,5,15,20,"[48.8365662244334, 2.312707121097412]"
2026-08-25 01:29:50,ce018cf0187b9883602a723b8a2e1f17a8c76716,Charonne - Alexandre Dumas,20014,2,11,13,21,35,"[48.856077415056, 2.3948693275452]"
2026-08-25 01:29:50,1a5706b2a72b2c479ada883b82d740fba209f50e,Général Leclerc - République,22701,7,6,13,15,30,"[48.915885074177, 2.2682306702811]"
2026-08-25 01:29:50,1421ca06933e688d97bdfb01421400fb980f732d,Legendre - Nollet,17110,13,6,19,11,30,"[48.887742186754224, 2.320293079881375]"
2026-08-25 01:29:50,6b2c47977b0481ad723af60af0a8695f4eb943d9,Maine - Jean Zay,14035,0,0,0,50,50,"[48.837925263898, 2.3225428909063]"
2026-08-25 01:29:50,c1e9e379d692edc7bcad7024c32493562c35abc7,Jean Jaurès - Place de la Libération,30004,15,2,17,10,29,"[48.90617751921, 2.4391458057475]"
2026-08-25 01:29:50,600d44a37f3184b66912b89ad625b43964c89ea3,René Coty - Place Denfert-Rochereau,14005,4,1,5,29,36,"[48.833056477316, 2.3329411447048]"
2026-08-25 01:29:50,740dff91fc78386d8d0448794e51c02a9a09c0ab,Gambetta - Tourelles,20110,1,0,1,19,20,"[48.875337902264, 2.4059921130538]"
2026-08-25 01:29:50,5a3d10b612e8d92f5a9b3639a291694409a2f8c9,Verdun - Carnot,32306,7,5,12,17,29,"[48.883814948134, 2.4402657783125]"
2026-08-25 01:29:50,7317064cc18552461c5a5da2a4667037bfea692a,Lavoisier - Missak Manouchian,31105,1,0,1,14,18,"[48.86286468896063, 2.495676465332508]"
2026-08-25 01:29:50,533f1bbbbb374b088f121fbc44415d1290dcbcbb,Rome - Provence,8007,0,23,23,5,30,"[48.874230055580306, 2.325570111724113]"
2026-08-25 01:29:50,0548ebc5ec07121abb28d96b81eca87b38bd2196,Quatre Vents - Carrefour de l'Odéon,6028,1,13,14,21,37,"[48.851751374458864, 2.338161695134053]"
2026-08-25 01:29:50,13555c92e6c356773eb98e02f1ca85bc28f2f2b8,Verdier - République,21207,4,1,5,24,29,"[48.815403766277, 2.31739372015]"
2026-08-25 01:29:50,fe7ed51fc00d452c22c5bcad257a75a7f9bc1875,Philippe-Auguste,11016,6,2,8,40,48,"[48.851853488265, 2.3932945355773]"
2026-08-25 01:29:50,f88591aaca3c76f088e4bf7203db4f4844fec077,Passy - Place du Costa Rica,16023,6,0,6,25,33,"[48.8584893, 2.2839655]"
2026-08-25 01:29:50,b2f561319c32c86f1f1222a2c24ebb36de249995,Volontaires - Vaugirard,15014,2,8,10,24,34,"[48.84132050184004, 2.30808901725357]"
2026-08-25 01:29:50,a87977496f48a03c22153db7dd1abeb973c57f16,Guillaume Bertrand - République,11028,7,2,9,29,38,"[48.863825174341, 2.380906377155]"
2026-08-25 01:29:50,3ef9b9484d827ed56dbd481aff5ded5c5c058c5a,M.- A. Lagroua Weill-Hallé -  F. Dolto,13055,2,36,38,33,74,"[48.828595283857425, 2.380220606266108]"
2026-08-25 01:29:50,87e20be4b5c50cc01a2d745dd95fba0b5c204f54,Victor Hugo - Bineau,22014,7,5,12,13,25,"[48.88758225888669, 2.2783890366554265]"
2026-08-25 01:29:50,89bdd1b21c89132fcb0c2354d743e30dad4458af,Arsonval - Falguière,15113,3,3,6,18,25,"[48.84040040365445, 2.313117867297474]"
2026-08-25 01:29:50,610274169071c7dde08f88d9328fa3d8b609dfcb,Crimée - Ourcq,19001,20,7,27,28,56,"[48.894104140316, 2.3729460884673]"
2026-08-25 01:29:50,0f2d6718de8fb9c2169232722af0cce6adff1de7,Porte de Charenton,12040,19,2,21,44,67,"[48.831240105856, 2.3989107459784]"
2026-08-25 01:29:50,146e531e37faac917c9d1d2d74212c006d4ea5ea,Montparnasse -  Square Ozanam,6005,0,0,0,48,49,"[48.843310567822, 2.3265242949128]"
2026-08-25 01:29:50,933947cffe5be7f907d02332bab88b77d598635b,Place Saint-André des Arts,6020,0,4,4,8,13,"[48.852886173881, 2.3426544293761]"
2026-08-25 01:29:50,f4b243caecfa9cce10109a28545248d4879f20f2,Flandre - Ourcq,19007,13,13,26,4,30,"[48.89260159189023, 2.3790915682911873]"
2026-08-25 01:29:50,fd2f9fa20e1565ea1eecd03e2f6012658a62e407,Point du Jour - Jean Jaurès,21016,20,20,40,0,40,"[48.828753141436465, 2.245911467014621]"
2026-08-25 01:29:50,0fb5c9cf8935f7e20a619d9e2d7074f409e032a5,Geoffroy-Saint-Hilaire - Saint-Marcel,5105,1,16,17,0,17,"[48.83907826424974, 2.356877340669728]"
2026-08-25 01:29:50,a2cd82873679c511f2811fab2a8363d945c4a3a6,Saint-Maur - République,11018,5,10,15,35,50,"[48.864185861455, 2.3783174157143]"
2026-08-25 01:29:50,1bce95370afe4a58d42efe4bccdc73eabaab31e5,Bertrand Sincholle - Henri Barbusse,21107,7,4,11,12,23,"[48.89925982394349, 2.3042294383049016]"
2026-08-25 01:29:50,fa9309b9846e845b9bd477e7cae17d94a1e4b37a,Commandant Charcot - Bretteville,22007,6,3,9,26,36,"[48.87530570765423, 2.2558460757136345]"
2026-08-25 01:29:50,7ea8406e31afafde5d3f045be9a40b2f74baf0a0,Ivry - Baudricourt,13037,1,5,6,14,20,"[48.824695995415006, 2.363106073577468]"
2026-08-25 01:29:50,71f89d1b5ebc9cfb66c52f15cf278b5ccb2af03e,Saint-Mandé - Docteur Arnold Netter,12017,12,10,22,31,53,"[48.84462585769668, 2.404946386814118]"
2026-08-25 01:29:50,835ee2c59927766e9dcd2ede557fcb7fead52f35,Etienne Dolet - Place Maurice Chevalier,20033,6,1,7,40,47,"[48.86798303359366, 2.3851405311143026]"
2026-08-25 01:29:50,bef0456c3b6d5d8c75366b41498aae9711e4dafe,Alfred de Vigny - Place du Général Brocard,8044,6,7,13,20,33,"[48.87836138361425, 2.305254448220567]"
2026-08-25 01:29:50,3178eab83071639f78bc2c776f6b591a182ae7e1,Fontaine du Tertre - Calvaire,21510,1,1,2,20,24,"[48.8702539, 2.2187778]"
2026-08-25 01:29:50,f171591fb8cd84e59cbb5d7143eceea3564bcc9e,Résistance - Romain Rolland,51007,19,7,26,1,28,"[48.950873482371, 2.2310190077797]"
2026-08-25 01:29:50,05532287a1ec6b86fd6456c2400929cc14ec117c,Place d'Italie - Soeur Rosalie,13008,3,0,3,48,52,"[48.831908520394, 2.3546943448098]"
2026-08-25 01:29:50,f0208331f26fdeb7f9e2072d2568e23ba6a0b8f2,Temple - Charlot,11038,3,20,23,22,45,"[48.865709343796, 2.3652737250724]"
2026-08-25 01:29:50,ac9b34bb8653fa2ec4273cb5ded10f510da7c045,Général Michel Bizot - Claude Decaen,12039,7,40,47,2,50,"[48.834812629825, 2.4009277881277]"
2026-08-25 01:29:50,dec31827a6e8a78e75905845b141104a01052f39,Marcel Monge - Marcel Dassault,21511,4,1,5,41,46,"[48.86096384533371, 2.2246733296048142]"
2026-08-25 01:29:50,97570cf3387e719b5972016c7d9a189a5472647b,Pablo Picasso - Olympiades,41213,31,0,31,5,36,"[48.855203, 2.48724]"
2026-08-25 01:29:50,709872085e65e2b87bfbde45686e1219a9e189b8,Claude Debussy - Marc Bloch,21112,12,22,34,21,56,"[48.910388180512, 2.3117771744728]"
2026-08-25 01:29:50,1ce2860ceaf85b6c31864264e916e48becf0ff22,Hippodrome de Longchamp,16140,4,26,30,0,30,"[48.86413226532, 2.239905372262]"
2026-08-25 01:29:50,5610355b097ea988b8eddf8a0db5b7703bd7c870,Georges Pompidou - Verdun,21508,5,15,20,3,26,"[48.875481, 2.232443]"
2026-08-25 01:29:50,f10a30f54db4fd13a278b4c65ac868875f49f059,Félix Faure - Lourmel,15032,4,22,26,31,58,"[48.83868901709515, 2.2818081825971603]"
2026-08-25 01:29:50,577a6bab3f004f9e3bceaf060edcc31f2ff82848,Macdonald - Césaria Evora,19045,6,3,9,51,67,"[48.89883, 2.37933]"
2026-08-25 01:29:50,3e154ec45a8435ef21bb55fb4a72e8cce849b92b,Chevaleret - Tolbiac,13053,4,5,9,24,35,"[48.82941, 2.375934]"
2026-08-25 01:29:50,919a2c2ad9f763feb5803a204c1df5ddb22f73c5,Epi d'Or - Chevilly,48011,4,2,6,14,20,"[48.781109786782, 2.3549050362061]"
2026-08-25 01:29:50,f6276eb369799ec665eb8469e2b3bfd0d8975192,Port - Maurice Chevalier,41304,10,9,19,9,30,"[48.832474421632, 2.490257616467]"
2026-08-25 01:29:50,9453e196a1813f46147028d780b148c5b38044c1,Galilée - Vernet,8003,1,11,12,34,47,"[48.871715878697, 2.2985444962978]"
2026-08-25 01:29:50,de5561b70f942b73a09a0c41c5f25a90d0e477c2,Abbé Groult - Convention,15039,5,3,8,17,27,"[48.83596927866069, 2.302064039509349]"
2026-08-25 01:29:50,c40376045ecc8da4107a668c5664d28a0703c0ad,Stalingrad - Général de Gaulle,45005,5,1,6,20,26,"[48.823450589614, 2.4965062363218]"
2026-08-25 01:29:50,163b33b1746f807930c2c15a9da4cb04a9b3b057,Abbé Carton - Plantes,14110,3,3,6,18,25,"[48.827673823166, 2.3209181427956]"
2026-08-25 01:29:50,fbec46561c41306e0057e4b375079f8dc808028c,Faubourg St-Antoine - Place de la Nation,11201,2,3,5,11,16,"[48.8487726, 2.393606]"
2026-08-25 01:29:50,024f118c7e4f4e546a6834c23e126f8fbc8c515a,Gare de Lyon - Roland Barthes,12106,0,19,19,49,68,"[48.84395729494058, 2.3790882155299187]"
2026-08-25 01:29:50,b5efb030c909ed91170ef4417ae3e38633dd0ec1,Guy Môquet - Jean Moulin,32023,8,5,13,17,30,"[48.940931521020836, 2.363948999931771]"
2026-08-25 01:29:50,a7c9ab2df1a958b562cb14e7999c13f87acbeb0f,Champs de Manoeuvre - Cartoucherie,12165,9,17,26,9,35,"[48.835261, 2.447974]"
2026-08-25 01:29:50,3b341badb6abf0d31e143935db7ce4dd1492cf63,Charles de Gaulle - Les Sablons,22018,0,5,5,30,35,"[48.880987514929, 2.2715748726513]"
2026-08-25 01:29:50,675697c01882635b41d4429561060ca22c97d524,Richard Lenoir - Place de la Bastille,11001,1,29,30,18,53,"[48.8538327, 2.3697222]"
2026-08-25 01:29:50,14346717688ca927c3783ce496f6eab288da76bf,Jean Bouin - Gouverneur Général Eboué,21327,12,14,26,5,31,"[48.824792734266, 2.2651904328524]"
2026-08-25 01:29:50,204718d5d883000818e4f6058ccc76e611eceb17,Uzès - Montmartre,2010,2,4,6,23,29,"[48.870790980241, 2.3431010171771]"
2026-08-25 01:29:50,48bf99748cc11dfd58417ca256ae9deec0acd0a1,Gare du Nord - Demarquay,10163,1,1,2,28,30,"[48.881154, 2.358411]"
2026-08-25 01:29:50,535d65465a55a2ea81df6480cbe6e9de9d7bfcfd,Adrien Lesesne - Docteur Bauer,34005,12,14,26,4,30,"[48.90263867304635, 2.348248063431511]"
2026-08-25 01:29:50,9f8dad5ffb86826b7a954c8d95a97eeb566c6897,Bateliers - Quai de Seine,34012,4,13,17,6,26,"[48.915817585516, 2.3239533298594]"
2026-08-25 01:29:50,cbccf264ed3834b6a2bea81ed52d0f324833e422,Roland Garros - Jean Bouin,23204,7,1,8,20,28,"[48.809460857173, 2.2853198638301]"
2026-08-25 01:29:50,84837f42e1d522869bec651707b9076aed215bde,Gare RER,31301,22,5,27,2,30,"[48.896280181078, 2.4581568985227]"
2026-08-25 01:29:50,78122b6053017b63360566638de9c61b30abb60e,Simone Signoret - Paris,31303,14,7,21,5,28,"[48.903600624712865, 2.465406596265139]"
2026-08-25 01:29:50,341e7ca28d52453140e812d4ff34506458917368,Pontoise - La Tournelle,5107,1,21,22,1,23,"[48.850458009188, 2.3524542754922]"
2026-08-25 01:29:50,6c063ee25a05b82e99e4e0163821a150c283ccde,Clignancourt - Ordener,18024,8,0,8,25,35,"[48.891457726153774, 2.348636478060487]"
2026-08-25 01:29:50,0d18afe9e592563c4ebaa57b858a9c49e8b73009,Vivienne - Montmartre,2108,0,13,13,40,54,"[48.871347597383, 2.3414588347077]"
2026-08-25 01:29:50,d8a9b381507cdd5314d08b171b2d8e35d60cc621,Choisy - Pointe d'Ivry,13205,4,2,6,18,24,"[48.822154170359, 2.3633708034878]"
2026-08-25 01:29:50,e76aa73b5df3de1503f4a7df047d1fb97db3996b,Gabriel Péri - Jules Ferry,31202,9,10,19,5,25,"[48.926182814311, 2.3912295762525]"
2026-08-25 01:29:50,05aa95e26916327edbf20c20ba9395a52c8d7f98,Jourdain - Place des Grandes Rigoles,20112,9,0,9,13,22,"[48.874031137272, 2.3895947635174]"
2026-08-25 01:29:50,a8e32be467c47857e0a7fcb9ab92731f4e64f4c6,Place De Fontenoy - Saxe,7201,1,1,2,16,18,"[48.850270554523, 2.3069813815839]"
2026-08-25 01:29:50,78f481564c21b001d1efc936e32150ad86fc051c,Charles de Gaulle,22019,3,3,6,12,18,"[48.885368380902, 2.2595618686871]"
2026-08-25 01:29:50,dce68ce2670aa1f0623ddaa3ce1d1db227b61f0e,Suzanne Masson,31201,12,1,13,21,37,"[48.923306888013, 2.3847292397611]"
2026-08-25 01:29:50,f66365e88d396ea653a0259be58329310dc923f2,Choisy - Tolbiac,13035,1,4,5,15,20,"[48.82591155587, 2.3602393269539]"
2026-08-25 01:29:50,53b3e6594812c8a54f79adb6d23b840fe9477272,Joseph Sansboeuf - Saint Lazare,8008,1,27,28,3,32,"[48.875315630653, 2.3229019716382]"
2026-08-25 01:29:50,347e2c03dbf035be674c6c865543d59cc13c33a7,Ney - Porte de Clignancourt,18134,1,1,2,23,25,"[48.8978867, 2.3458001]"
2026-08-25 01:29:50,9327b5ab148ba0321d7148ee169a57741f952ba4,Square de Choisy - Eastman,13203,1,0,1,23,24,"[48.828543456283, 2.3583075090494]"
2026-08-25 01:29:50,419e7769ad48efd87150d3deb00098c4fd2b033c,Halle Freyssinet - Parvis Alan Turing,13051,0,2,2,35,37,"[48.832846814471, 2.3711421713233]"
2026-08-25 01:29:50,c773abe7e247355c0262c7253121c88d1acdfb05,Pont de Suresnes,21501,24,26,50,1,51,"[48.867415092322, 2.2258946679617]"
2026-08-25 01:29:50,82d5e934e40ffd69467bcf4f8b6a264460b4a260,Octave Gréard - Tour Eiffel,7025,1,15,16,17,33,"[48.856502977696, 2.2931787543289]"
2026-08-25 01:29:50,e3fa62792d7a0a058acf631da3dc634830b3c5a4,Albert Kahn - Duhesme,18206,5,1,6,32,38,"[48.895623001056, 2.345815078896]"
2026-08-25 01:29:50,2a9955cec97e5473d9c61f877ff17c51b5927cdb,Dunkerque - Faubourg Saint-Denis,10203,6,1,7,41,51,"[48.879591377764, 2.3570314097411]"
2026-08-25 01:29:50,a2da017206bb821cebdb8c63b0983b6495db2216,Place Pigalle,18042,7,0,7,14,21,"[48.8827555, 2.3361566]"
2026-08-25 01:29:50,464075ed2795ee8bf88a3eb5f0bb324a43470b7a,Place de la Nation - Taillebourg,11014,2,0,2,44,47,"[48.8488408, 2.3973043]"
2026-08-25 01:29:50,879dfcc7cf39b23167f04d2dccd47f11795a2a3a,Fédération - Suffren,15105,5,8,13,12,25,"[48.852828153442, 2.2978776320815]"
2026-08-25 01:29:50,b9220db8d37ed8a3d0569f2c915921d65b004ec2,Clichy - Douai,18044,2,0,2,29,32,"[48.883687771522, 2.328063700029]"
2026-08-25 01:29:50,e25d9c26079db03487e1265cf7d56727d1416b4a,Vanne - Général de Gaulle,21213,8,1,9,16,25,"[48.815007, 2.328318]"
2026-08-25 01:29:50,d15083478793a26bd70e5b290c63d99d4beb395d,Boulets - Voltaire,11009,4,3,7,31,38,"[48.85218705621, 2.3890301585197]"
2026-08-25 01:29:50,db806a64ddbdff5b182e6a3dd119eeec67b4c211,Jean Jaurès - Ouvrières Pivéreuses,35001,13,7,20,2,22,"[48.910423437526, 2.3995766043663]"
2026-08-25 01:29:50,661a86a47707dc7d849494561dc4110613bbc024,Place de la Montagne du Goulet,15060,3,4,7,14,21,"[48.8443415, 2.2773844]"
2026-08-25 01:29:50,8e170ff7dba72fe754e7b38446ddf0bd38639ac7,Richard Lenoir - Voltaire,11011,2,23,25,0,25,"[48.86164273878, 2.3727491497993]"
2026-08-25 01:29:50,9ffa55a161ff47ed5b66fca103886ce71710f6d6,Hoche - Tilsitt,8057,14,1,15,18,33,"[48.874836457837, 2.2971323132515]"
2026-08-25 01:29:50,aa38163bc5eafacde628cf81af2de76bbafddfbd,Bourdonnais - Tour Eiffel,7023,1,48,49,10,60,"[48.860897797941, 2.295599598447]"
2026-08-25 01:29:50,84fb8e55e72b66b3b6b94c58ecfb0d9defd16988,Taitbout - Châteaudun,9025,1,31,32,22,54,"[48.876383969379, 2.3353566779335]"
2026-08-25 01:29:50,720f935c41d57415bf20f6a147696ec0e5cf20e6,Quai de Béthune - Pont de la Tournelle,4108,0,18,18,7,25,"[48.85097433194, 2.3563072085381]"
2026-08-25 01:29:50,b85c6a8a950556dbb8f7291202221d00f0fe19b2,Bineau - Louise Michel,23011,7,16,23,0,26,"[48.88666162207, 2.2843274474144]"
2026-08-25 01:29:50,c035557415c3a516413b5beca99cde1bd732c6f2,Place Daydé - Ile Seguin,21034,1,0,1,28,31,"[48.822959442715, 2.2362314489433]"
2026-08-25 01:29:50,19850057346bca06a1a687d44d402932f1800dcf,Raymond Poincaré - Place Victor Hugo,16005,2,7,9,16,25,"[48.87030612437, 2.2850745414202]"
2026-08-25 01:29:50,9767695c2405d911e2063b3c09c6658f49df7bba,Stade Pershing,12164,17,4,21,5,26,"[48.829107826857, 2.4583535268903]"
2026-08-25 01:29:50,bb3f4fca63be255deacac4ee135d86488f466964,Courcelles - Place des Ternes,8055,3,3,6,25,31,"[48.878199928923, 2.2992860188665]"
2026-08-25 01:29:50,5a9396dfba3db74b44e23fb399d5fbe543c390f6,Paul Valery - Victor Hugo,16104,2,0,2,21,23,"[48.871374060802, 2.2887128591537]"
2026-08-25 01:29:50,843018bb43251124ca0ec64c8e5a26884ee78d70,Centre Hospitalier Intercommunal de Créteil,40003,8,2,10,7,17,"[48.797078298909, 2.463801423807]"
2026-08-25 01:29:50,b168060b8b5605382fdfedad5255473ba49a440d,Gare de Chaville Rive Gauche,23703,6,1,7,10,18,"[48.805160304345, 2.188277207315]"
2026-08-25 01:29:50,03ac5c58468e5bb6192f3a68dc2e5e0783a6b675,Réaumur - Montmartre,2202,0,0,0,38,38,"[48.86791186523, 2.3448715883461]"
2026-08-25 01:29:50,3e12a6cb8aab03d093de22183f293ab9d693963b,Iles de Loisirs de Créteil,40015,2,9,11,12,24,"[48.780258200618, 2.4455094301232]"
2026-08-25 01:29:50,53753853f73c2c122d5c1e2e5ae05dc37ace1ebd,Borrégo - Gambetta,20137,8,0,8,17,25,"[48.87330497045532, 2.4014145880937576]"
2026-08-25 01:29:50,07cc3394231020115310bb0ce6217b0f5db8770d,Gare Montparnasse - Arrivée,15001,1,1,2,38,43,"[48.843827994315, 2.3225811123848]"
2026-08-25 01:29:50,9d38ad731cf38c5190e05b846ba193504e71e1a6,Place d'Italie - Vincent Auriol,13010,0,0,0,40,40,"[48.831481874467, 2.3567550292319]"
2026-08-25 01:29:50,795d8ac16175e1222140c4335c6274f2ff8dd760,Noisy le Sec - Jean-Baptiste Clément,31708,9,0,9,13,22,"[48.874515389637, 2.4152836203575]"
2026-08-25 01:29:50,6efece088b044325a28cec1ba3037bdca3389820,Gare de la Garenne-Colombes,27004,2,0,2,25,28,"[48.909752, 2.239145]"
2026-08-25 01:29:50,1c8de1acf42d3638fe0141d463db61060475e26c,Alibert - Jemmapes,10013,1,6,7,52,60,"[48.871044051984, 2.3661044619878]"
2026-08-25 01:29:50,fd6e72cbba85cf7a22815c9ccdb301f42fc398dd,Pailleron - Bouret,19203,1,1,2,24,27,"[48.880516995482, 2.3763902374411]"
2026-08-25 01:29:50,b3ca26df42065d49f043591feea3d2dcb0c98f8c,Michelet - Dr Bauer,34014,13,16,29,3,32,"[48.906125424194, 2.3440374449846]"
2026-08-25 01:29:50,efde7f99d22cb262098524a5c5a0b3d687ba6c95,Sebastopol - Rambuteau,4104,0,5,5,11,16,"[48.86181809267, 2.3501381278038]"
2026-08-25 01:29:50,c3af3a5a0e8e0be015c6c93ecf6a9a6448cbac5c,Mstislav Rostropovitch - Berthier,17123,3,5,8,8,18,"[48.892120821173975, 2.309234105050564]"
2026-08-25 01:29:50,142754781d8cd4954265c042b560491aaa2aa989,Saint-Antoine Sévigné,4010,1,17,18,8,26,"[48.8550222, 2.3612322]"
2026-08-25 01:29:50,928cb7b973e43fac9573b7e42f78ada11d68acba,BNF - Bibliothèque Nationale de France,13123,0,17,17,25,42,"[48.8350268238, 2.3760157451034]"
2026-08-25 01:29:50,2ba2455c87ee96ea456129cc608ca67e13f51d8f,Dr Calmette,43102,16,2,18,0,18,"[48.745456776386, 2.4089241218595]"
2026-08-25 01:29:50,1f0b3754ea81317abb5073cbe15f82990c778c6f,Buisson Saint-Louis - Saint-Maur,10208,7,5,12,18,30,"[48.872274029222, 2.3733284860819]"
2026-08-25 01:29:50,7724d3eea14a8ddb657baca3cb06f62e5226b6e6,Enfants du Paradis - Peupliers,21021,1,3,4,36,40,"[48.833122686454, 2.2571459412575]"
2026-08-25 01:29:50,27e291db14a930a0b187964f67c7fe2fb64c84a8,Balzac - Champs Elysées,8052,2,3,5,26,30,"[48.872699639621, 2.3001953959465]"
2026-08-25 01:29:50,01924247ccfed019e995e0b4aff4b8591b6d494c,Institut du Monde Arabe - Saint-Germain,5020,2,24,26,13,40,"[48.849063299501, 2.3558086529374]"
2026-08-25 01:29:50,32c203ab12e8ef342c7a163a69c824a79b096b00,Gaston Roussel - Commune de Paris,32308,18,2,20,27,50,"[48.894440646006, 2.4323074841326]"
2026-08-25 01:29:50,29c28835d8937c897165ec5316d89f761843c812,Quai de Seine - Pont de l'île-Saint-Denis,34501,8,6,14,10,25,"[48.935421446598, 2.3408389473018]"
2026-08-25 01:29:50,17b2df28eade629ed236d0720dac0af97589eddc,Gare RER les Saules - Chandigarh,43103,11,5,16,1,17,"[48.745653981945, 2.4169882184347]"
2026-08-25 01:29:50,c1fd6a2bbb896a93c9492a785b54524e810d49d9,Danton - Serpente,6016,1,26,27,9,36,"[48.852297362582, 2.3414132371545]"
2026-08-25 01:29:50,315233eb4ce825fe160064a32fe3e72c10e84e38,Avenue de la Paix - Chaillon,23904,15,4,19,0,19,"[48.935291060802, 2.3260894310459]"
2026-08-25 01:29:50,d7825184a4995044373bd271e20ff01cd853358b,Coysevox - Lamarck,18207,0,0,0,0,0,"[48.891072411961, 2.3293416172542]"
2026-08-25 01:29:50,ed8470a70c6eecdb5bc682127a4e5efaaaf25882,Chemin Des Mèches - Marc Seguin,40018,23,3,26,0,27,"[48.784426530213, 2.4370886462938]"
2026-08-25 01:29:50,53f9d757a492ebda5feb16dc3fd0a848edf45df1,Epée de Bois - Mouffetard,5015,7,2,9,51,63,"[48.841508690388835, 2.350066713988781]"
2026-08-25 01:29:50,7b28d14b440059441079f871aa6bda09ea4ce2d9,Versailles - Jardy,24102,3,0,3,20,23,"[48.818290758107, 2.1655421457014]"
2026-08-25 01:29:50,5da7e83cd8f09963dbfe18f38a251e717a4a5491,Place des Ardoines,44018,4,37,41,4,46,"[48.782903985673, 2.406949982641]"
2026-08-25 01:29:50,c2779a9b181779c75087ed876180ae7d3f34ef4a,Aristide Briand - Place de la Résistance,21302,2,9,11,14,25,"[48.82124248401006, 2.2511002421379094]"
2026-08-25 01:29:50,72e0b0675b50728471db3c28a963d56d43339488,ZAC des Louvresses,22304,16,5,21,11,32,"[48.943681749651, 2.3057864216906]"
2026-08-25 01:29:50,d73bee989486f80380891b3c5141b110a4c8b582,Saint-Denis - Rivoli,1003,1,26,27,21,43,"[48.859059340842, 2.3476943001151]"
2026-08-25 01:29:50,f7c9e745e1f26bfdecf5b1a53d59ef93a85494b5,Madeleine Vionnet,33019,7,8,15,23,34,"[48.902519074064, 2.3740895837545]"
2026-08-25 01:29:50,0f0616cd129cb64a78d54935310de23efa6e7c92,Caumartin - Provence,9104,1,10,11,12,22,"[48.874422773426545, 2.3284685611724854]"
2026-08-25 01:29:50,fa6c809f4fb37326a7b90ccbf410e858744be8bd,Tremblay - Lac des Minimes,12127,2,3,5,43,48,"[48.834131261494, 2.4547516554594]"
2026-08-25 01:29:50,2f076eeedcd0bd69d12eddb77c35b5c17d46250f,Gare Saint-Lazare - Cour du Havre,8002,1,2,3,41,45,"[48.875674400851, 2.3265598341823]"
2026-08-25 01:29:50,7b052f012a1f3637e52cdd89ffc2770ad71612ab,Place Balard,15056,2,7,9,13,22,"[48.836395736424, 2.2784192115068]"
2026-08-25 01:29:50,6dc495457032307585955203331aa28ee43d087d,Bercy - Villot,12105,1,8,9,24,33,"[48.841795009027, 2.3767850184816]"
2026-08-25 01:29:50,509a7420b49f4dbd7b5c2516b0149c879bce88b8,Hôpital Mondor,40001,10,4,14,13,28,"[48.798922410229, 2.4537451531298]"
2026-08-25 01:29:50,6d88b5d8d0e204e6226da5c48c2750ebf6f7a77a,Toudouze - Clauzel,9020,0,5,5,16,21,"[48.87929591733507, 2.3373600840568547]"
2026-08-25 01:29:50,ab40e6cbc6c90a9fd5431299e419ee63a38ad0cb,Jourdan - Stade Charléty,14014,6,18,24,35,60,"[48.819428333369, 2.3433353751898]"
2026-08-25 01:29:50,e36cbae5b38efda02a7db380b26752a32c5d68f6,Basilique,32017,8,7,15,4,22,"[48.93626891059109, 2.3588666820200914]"
2026-08-25 01:29:50,f518085d903055ecf883d81d0069243d009cade8,Charonne - Robert et Sonia Delaunay,11104,5,0,5,15,20,"[48.855907555969, 2.3925706744194]"
2026-08-25 01:29:50,7fc14863d5630c0cec970b24287a52eb3419d871,Saint-Sulpice,6003,2,11,13,7,21,"[48.85165383178419, 2.3308077827095985]"
2026-08-25 01:29:50,6850720e5699d38d29b8bb03629294357fa32ffa,Vaneau - Sèvres,7002,3,14,17,18,35,"[48.848563233059, 2.3204218259346]"
2026-08-25 01:29:50,1d9234cf8b1dc8801c86db354d3dcab82b80c033,Saint-Romain - Cherche-Midi,6108,2,3,5,11,17,"[48.84708159081946, 2.321374788880348]"
2026-08-25 01:29:50,a93cc021753a203ed2683d1c400060f01f2ab88f,Froment - Bréguet,11025,2,35,37,6,43,"[48.8570414504784, 2.37289470306807]"
2026-08-25 01:29:50,6936864409b94225c49537f57a7b83ec9907a29a,Morillons - Dantzig,15047,5,7,12,37,52,"[48.83310149953933, 2.299380004405976]"
2026-08-25 01:29:50,011d58244048aeadc1e1075c68305110d5666f57,Mairie du 12ème,12109,3,10,13,17,30,"[48.840855311763, 2.3875549435616]"
2026-08-25 01:29:50,d48b29416281305d7fb993d7f7f0c330a0e822fe,Le Brun - Gobelins,13007,10,5,15,33,48,"[48.835092787824, 2.3534681351338]"
2026-08-25 01:29:50,416bba6c718c8afa05c790ca3c1a76e278564893,Silly - Galliéni,21010,7,9,16,9,25,"[48.835583838706, 2.2325500845909]"
2026-08-25 01:29:50,7d368ebe4bb7506e2bc1c55f23e790fc96094d19,Croulebarde - Corvisart,13101,3,21,24,10,34,"[48.830981659316855, 2.3481646925210953]"
2026-08-25 01:29:50,7f234db3d49065cbd29f681c3a860e2b7917d3aa,Mairie de Clichy,21108,13,12,25,22,51,"[48.903653634661, 2.3059353232384]"
2026-08-25 01:29:50,e824c9cc70e880816c2a7f44dab4c69917e2593b,Porte de Saint-Ouen - Bessières,17044,0,0,0,41,42,"[48.89792240854517, 2.32851451022192]"
2026-08-25 01:29:50,c863bea4ad278f2d574a8cdd1ab542e4960b01bd,Moulin de Pierre - Abbé Grégoire,21326,13,0,13,7,20,"[48.822036188382, 2.2754641655975]"
2026-08-25 01:29:50,fbb311cdc0f2ce4c20f41741117dd42db7fd2915,Saint-Cloud - Hippodrome,16138,1,0,1,28,30,"[48.85772148887421, 2.2549109905958176]"
2026-08-25 01:29:50,769e480178ab420dfd4ae0d696017a6ce0470004,Louis Lejeune - Barbès,21216,3,1,4,21,25,"[48.81807418981508, 2.3267009854316716]"
2026-08-25 01:29:50,17666911ff49e96825a88bd84f1ef2250a558689,Général Martial Valin - Pont du Garigliano,15068,1,0,1,15,16,"[48.83823094269141, 2.270506024360657]"
2026-08-25 01:29:50,d813705b7492e599a86832ca5d5b426b0d79044b,Rond-point du Dr Albert Schweitzer,22207,9,1,10,11,22,"[48.78980918988166, 2.3143940046429634]"
2026-08-25 01:29:50,55e41e111cf3dae3c2235c4e3b65047a9bf46b35,Théâtre des Amandiers - Palais des sports,92002,3,0,3,18,23,"[48.892648526839, 2.2136941552162]"
2026-08-25 01:29:50,b9f4bfb19ffb77af5215e7fe50d035ab6b4c1bf6,Raspail Barbès,31028,8,1,9,19,28,"[48.8529945, 2.4247387]"
2026-08-25 01:29:50,2ef34f9c01e2d27e054ea5c0e1a706737067ddd5,De Toqueville - Terrasse,17048,6,3,9,21,30,"[48.882428, 2.314002]"
2026-08-25 01:29:50,951a6f1b8f31791da964d0696ecd0d524d22c35b,8 Mai 1945 - 10 Juillet 1940,44010,8,7,15,15,30,"[48.784567029674, 2.3979035764933]"
2026-08-25 01:29:50,fcc5bd51d9000e1f85737ad953bd4dafed12addc,Tour d'Auvergne - Rodier,9008,7,0,7,10,17,"[48.879161, 2.343698]"
2026-08-25 01:29:50,178c6bd57e9b2a4166b497477cc7a5a0e2b6ac30,Vigée-Lebrun - Anselme Payen,15112,3,0,3,21,24,"[48.838683941628375, 2.3110422492027287]"
2026-08-25 01:29:50,67a0abcfc73901a5c87e66c00506ca20affb8a5a,Italie - Tolbiac,13030,7,0,7,13,21,"[48.82557229464416, 2.3576171323657036]"
2026-08-25 01:29:50,68ab772c73767b7ed719fe88cfb322da08564205,Abbeville - Faubourg Poissonnière,9002,3,3,6,8,14,"[48.879223, 2.349147]"
2026-08-25 01:29:50,e3b67ce05f76466f6e86630f781a8729437b16fa,Youri Gagarine - Karl Marx,48003,22,0,22,0,22,"[48.78448485079149, 2.35908430069685]"
2026-08-25 01:29:50,ae99bf6ae4954cf73c00fea27e77c506a3eb9a28,Rouget de L'isle - Watteau,44015,17,2,19,1,20,"[48.778192750803, 2.3963020229163]"
2026-08-25 01:29:50,2e2e022cc81bd7b2bdb3cf941f9817f63f2f563d,Place Jean-Spire-Lemaître,43009,12,5,17,33,50,"[48.8468428626593, 2.452062070369721]"
2026-08-25 01:29:50,53924fb3bb30cdf5786ee8bbb96f57c643d6921b,Bellefond - Poissonnière,9001,0,9,9,7,17,"[48.87759897050706, 2.348463758826256]"
2026-08-25 01:29:50,5620e1d477c64593a54316705b43877917432ab6,Granges aux Belles,10115,7,4,11,14,27,"[48.8761373390584, 2.3680844979417]"
2026-08-25 01:29:50,af713de9c30f30c19e89ee75e006715636bfbfb8,Gare de Nogent-le-Perreux,41303,14,14,28,3,32,"[48.83842553348809, 2.493693307042122]"
2026-08-25 01:29:50,749b87e8f78242f5fe276f339cb730fed895d9b8,Gabriel Lamé,12031,3,32,35,1,36,"[48.8351212784276, 2.385534569621086]"
2026-08-25 01:29:50,8af67f96b84207879adcbcd41cc85ad6811e025f,Boulangers - Cardinal Lemoine,5022,8,0,8,11,20,"[48.8462904, 2.3521495]"
2026-08-25 01:29:50,d56456820063fd6bd62e505ef302e744a9f0cafa,Verger - Colonel Guichard,21328,3,15,18,10,29,"[48.816376985087, 2.2670380088932]"
2026-08-25 01:29:50,b11871923de1e3036c8282d161fef0780d910fea,Gare d'Austerlitz - Quai Saint-Bernard,13104,1,2,3,24,27,"[48.84369030864, 2.3657163977623]"
2026-08-25 01:29:50,ddf1b7c419ca1fd774ae24a662c729c1dfbc6e33,Gare Saint-Lazare - Isly,8009,1,11,12,15,27,"[48.874777677621296, 2.326515804784655]"
2026-08-25 01:29:50,e8c62c2faa5b66f08d8eac679cdc80a770e8661f,Gare Rosny-Bois-Perrier,31103,4,4,8,22,35,"[48.88115023337061, 2.480436824262142]"
2026-08-25 01:29:50,ac73e5a3266026fc1ae434be16b655122053d3f8,Porte Pouchet-Bessières,17008,1,2,3,18,23,"[48.8978765, 2.3230632]"
2026-08-25 01:29:50,be6c375dfcc428617e1a8a812276713d8fd7ecf5,Gay Lussac - Saint-Jacques,5005,11,0,11,31,42,"[48.844730256132, 2.3419239448664]"
2026-08-25 01:29:50,9a977f012b84e74e857a5d25b1031e3bb31c9767,Bateliers - Hippodrome,34016,0,0,0,0,29,"[48.912104, 2.327912]"
2026-08-25 01:29:50,a3ba8633cf39cf4a1c250b2ddca0502a6a3b0d72,Douai - Bruxelles,9038,1,0,1,25,27,"[48.883207841228, 2.3308449949029]"
2026-08-25 01:29:50,c449a3e5cae5c4a741a10be2aa006c5e78bebf69,Boudreau - Auber,9106,0,7,7,21,28,"[48.87219, 2.329423]"
2026-08-25 01:29:50,7c8f1cc604cde9ec9fa8233343428fc3b8c79aa1,Henri Barbusse - Stalingrad,22409,10,2,12,3,16,"[48.814183748660554, 2.2872862592339516]"
2026-08-25 01:29:50,a45557e41cce2796ab6d83a44783d0c5c7d4fdfb,Rossini - Laffitte,9022,0,0,0,31,33,"[48.87334627510507, 2.337980867701675]"
2026-08-25 01:29:50,40375bbf1470978f3fec2658b0da72404ce63f61,Gare de Lyon - Place Louis Armand,12151,0,2,2,57,60,"[48.845515089794, 2.3726498446286]"
2026-08-25 01:29:50,e53c346c66caa099e9af7a3fbb0e26084a429457,Ranelagh - Mozart,16026,6,3,9,14,23,"[48.8554439, 2.2704418]"
2026-08-25 01:29:50,a48e54f855874d7b8e88f5d5c50656ab74e1fc0b,Moncey - Blanche,9028,1,2,3,13,17,"[48.88006587474148, 2.3310810327529907]"
2026-08-25 01:29:50,8dbcf912ba219888fc825db2d64260e9d4b4bb02,Gare du Nord - Hôpital Lariboisière,10107,0,1,1,47,49,"[48.881949, 2.352339]"
2026-08-25 01:29:50,c49ebc43a4f3a4cfbb3384c38df976989b2ef82f,Redoute - Les Courtilles,26002,9,9,18,21,40,"[48.929867194519, 2.2836696356535]"
2026-08-25 01:29:50,e56798235ac8403d037c7064d38c26048e8df4f5,Exelmans - Versailles,16039,19,15,34,14,49,"[48.84097491091973, 2.264390252530575]"
2026-08-25 01:29:50,56d2c1e1cad41b676f241483f42e7ea01627ad48,11 Novembre 1918 - 8 Mai 1945,45003,17,3,20,15,36,"[48.80889533774377, 2.5382421165704727]"
2026-08-25 01:29:50,67b92fec7e5af81cf3e560511846e54f3f49fe19,Roquette - Thiéré,11002,1,10,11,12,23,"[48.85507930579506, 2.3733686318721463]"
2026-08-25 01:29:50,a362ca2ccd3f1655d7452e519622579dfe5369c7,Claude Decaen - Cannebière,12111,12,7,19,26,45,"[48.83761417037952, 2.397253782195704]"
2026-08-25 01:29:50,80487ea713c81bc1909d4c5fb1e44ec2d398014e,Berri - Haussmann,8034,0,1,1,48,49,"[48.874746047357135, 2.3082953318953514]"
2026-08-25 01:29:50,5359794784d7196c46ca28d1053441a7bb55bcf1,Amelot - Saint-Sébastien,11047,2,22,24,5,30,"[48.861142162761, 2.3677996181077]"
2026-08-25 01:29:50,1750408c28b5b56521d2db22ada20265282a00f1,Saint-Maur - Roquette,11023,11,11,22,43,65,"[48.858688774063, 2.3835539945715]"
2026-08-25 01:29:50,2247809412ef0f31db1383eba6807e3653002fd3,Jean Mermoz - Champs-Elysées,8031,1,31,32,15,49,"[48.869689856852, 2.3107324540615]"
2026-08-25 01:29:50,1ee71218b6fdbc996094bbc26204592b7b83845c,Notre-Dame-des-Champs - Stanislas,6006,0,7,7,11,19,"[48.84479928858768, 2.329337755887181]"
2026-08-25 01:29:50,79d2c063e2da2c24a703446695e78d4a8f6cb63f,Saint-Ambroise - Parmentier,11027,6,12,18,20,38,"[48.862147844548, 2.3772348091006]"
2026-08-25 01:29:50,6413b34755e5b2f7635ae0d60d0cadad6d0dbf23,Rouget de Lisle,46002,16,11,27,7,35,"[48.764615483395254, 2.4071189761161804]"
2026-08-25 01:29:50,565da366ee0ed0dc27238cc39c5071f16ab43054,Place Du Général De Gaulle,31009,5,0,5,21,26,"[48.8687591, 2.4329931]"
2026-08-25 01:29:50,797f8daed2512fd3c089c0f403e6ede4cbcdb6ea,Charles de Gaulle - Beauté,41302,16,5,21,28,49,"[48.83649602312711, 2.479562651149885]"
2026-08-25 01:29:50,360b81194a737dc55dbcfa07bde8dbfc79c1996f,Cimetière de Montrouge,14020,4,2,6,52,58,"[48.821466904768, 2.3215785772007]"
2026-08-25 01:29:50,ee3352cf02e0ba0b0468ab8272b835c2c45da8d4,Anatole France - President Roosevelt,33017,12,16,28,1,29,"[48.9155156, 2.3814103]"
2026-08-25 01:29:50,48a5d6c83c414306e4201827d2c62bcb3d8be972,Henry Farman,15042,0,1,1,14,16,"[48.83372430280548, 2.2713854536414146]"
2026-08-25 01:29:50,d0c94687b95fc1698389eae319ab72c3b41e3435,Gabriel Péri - Francisco Ferrer,33102,8,1,9,9,18,"[48.88633710236977, 2.407338917255402]"
2026-08-25 01:29:50,2f71cde2e79d1c4130be84f24237abe077d5b5a7,Roger Salengro - Fontainebleau,42706,4,2,6,18,25,"[48.814548697325, 2.3611663654447]"
2026-08-25 01:29:50,cef137a8912c021318c66a54cfba2d56fe439a0d,Marne - Germain Dardan,21212,5,0,5,17,22,"[48.81217465201, 2.3035024699104]"
2026-08-25 01:29:50,cc88474dd87f0e77c2ab2d528440474c47822879,Concorde - Stalingrad,44006,13,4,17,14,35,"[48.7985844, 2.3821302]"
2026-08-25 01:29:50,806a07f19d0af16b5ea6785bc8eec266b3a4a9cf,Richard Lenoir - Republique,11113,6,11,17,41,58,"[48.8667175, 2.3692541]"
2026-08-25 01:29:50,334803fceba762205b980c7121a940537ec66658,Schoelcher - Raspail,14003,3,25,28,17,50,"[48.83681733526843, 2.3312794080411474]"
2026-08-25 01:29:50,e7dbbc4ded1651c34bf0ad3fb23794a0a180b5ad,Fontenay - Libération,43008,4,3,7,17,25,"[48.847803063647, 2.4451419711113]"
2026-08-25 01:29:50,3a167cb020fcd6d3d1122bea16972d7012ad2668,Mutualité,5018,1,31,32,5,37,"[48.848225572724, 2.3502873256803]"
2026-08-25 01:29:50,1db89cd1afa37531bf0909b9e9e4105b197649af,Paul Bodin - Clichy,17204,1,8,9,24,33,"[48.892594758409, 2.3171403311203]"
2026-08-25 01:29:50,837a7ba7c5b30c943a758e5a483a56c0215372bb,Cimetière de Fontenay-sous-Bois,41209,11,0,11,4,15,"[48.84706173362218, 2.4787822365760808]"
2026-08-25 01:29:50,97c5b7c4f837aa41951caeef904426338e882cdb,Lucie Aubrac - Fort,21312,2,1,3,27,30,"[48.818144834008976, 2.271184623241425]"
2026-08-25 01:29:50,c605e11de7a6d15f62ba072a55c54b49e4237866,Mouton Duvernet - Général Leclerc,14008,1,1,2,25,28,"[48.831632518293, 2.3293121159077]"
2026-08-25 01:29:50,2829eb4676a92878e33bba36cf5107b15b32472b,Place de la Reine Astrid,8045,2,54,56,1,58,"[48.864920982538, 2.3025491823859]"
2026-08-25 01:29:50,6a714ec77fab174e175788a28dddf25a85bdf9b5,Grenelle - Violet,15106,0,31,31,4,35,"[48.84993035512154, 2.294612042605877]"
2026-08-25 01:29:50,1e8037227641bef25daa310fa98ed1b9ef484a11,Erasme - Ulm,5124,10,1,11,12,24,"[48.84264375274712, 2.3445946723222733]"
2026-08-25 01:29:50,4fa984fc27a85743475412b1babad947c435b8b9,Marc Sangnier - Porte de Vanves,14106,3,0,3,17,21,"[48.825218683556734, 2.3107116669416428]"
2026-08-25 01:29:50,863afb57378903eab145f4f42adf564b8a348d43,Etienne Jodelle - Saint Ouen,18046,15,0,15,17,33,"[48.88794016394694, 2.326124420314341]"
2026-08-25 01:29:50,e434ff74cef818e990161b2b62c160402995c10d,Guy Môquet - Etienne Dolet,22406,9,0,9,13,23,"[48.81527009991819, 2.298078276995073]"
2026-08-25 01:29:50,22b9966efe55055993ab69bc843306295cd6be48,Boissière - Etienne Dolet,31102,5,1,6,15,21,"[48.876111, 2.4677312]"
2026-08-25 01:29:50,0842dbb3b1c50f7974bba0244d6f29e099477f5e,Marcadet - Barbès,18022,11,0,11,25,37,"[48.890451120965, 2.3490573929687]"
2026-08-25 01:29:50,4f81a936f6a42154fb36c0c6d7ee1887e621cc3a,Sibelle - Alésia,14012,2,10,12,25,37,"[48.826701758539215, 2.3384983465075493]"
2026-08-25 01:29:50,8b0649b6d8e5c3d27a9efc1012aa0807c6bf0d27,Place Marcel Cachin,42014,6,24,30,2,32,"[48.81411442356866, 2.39090770483017]"
2026-08-25 01:29:50,1b0b7ad590760f45656c8443dae5802c85a24034,Victor Cousin - Cujas,5203,1,5,6,12,19,"[48.847909849567, 2.3424898070094]"
2026-08-25 01:29:50,93978a1da383fd1492224477086935bb6f6f961a,Station Tour de France,18501,0,0,0,200,204,"[48.883291, 2.334151]"
2026-08-25 01:29:50,6bf37294eab8ece154e1377c993c07a8a4fda879,David Weill - Parc Montsouris,14124,3,1,4,18,22,"[48.821092374256104, 2.333725690841675]"
2026-08-25 01:29:50,dcd7d95b23f9c0d75d50377b15262b8fae3f8de2,Marcelin Berthelot,21006,6,12,18,9,27,"[48.8415473058801, 2.233161628246308]"
2026-08-25 01:29:50,5f6cc75f58813ec4d82e8eb8f306d7cff144727b,Repos - Cimetière du Père Lachaise,20131,1,0,1,32,33,"[48.859358523593, 2.3896131366845]"
2026-08-25 01:29:50,bafecfceb23c30bdc79f6ed8cc629294e397e5df,Hoche - Jean Lolive,35010,5,1,6,15,24,"[48.891102392008, 2.4028435349464]"
2026-08-25 01:29:50,dda706023dc52377b128a1c13962c1ec13c52ea1,Nationale - Place Jules Guesde,21015,4,19,23,0,23,"[48.82753962462998, 2.2416052222251897]"
2026-08-25 01:29:50,fae69a055f459bb72e2bea9edc93103f955dc48b,Gabriel Péri - Danielle Casanova,44003,6,5,11,9,20,"[48.790114, 2.4025777]"
2026-08-25 01:29:50,8f13653a02bd2c434c19647977fc530d4b8f92e7,Karl Marx,48010,1,0,1,15,16,"[48.784527937293184, 2.3646667979455587]"
2026-08-25 01:29:50,048c24990e2ef82bb3c4cd1c80c00554ea05eb5d,Cossonnerie - Sébastopol,1119,1,0,1,19,24,"[48.86132665908402, 2.349419631063938]"
2026-08-25 01:29:50,f002a68e35000908b4d5e7816830155701429ec0,Henri Ste-Claire Déville - Paul Héroult,25003,11,1,12,11,24,"[48.892663, 2.172411]"
2026-08-25 01:29:50,613de36cc59dc05030f7b006106011611e78f921,Assas - Rennes,6025,1,20,21,9,32,"[48.8492084999386, 2.32851454623001]"
2026-08-25 01:29:50,c419950b4121d45a7f082dc00e85ef45c9f12f56,Quai des Célestins - Henri IV,4201,3,2,5,6,12,"[48.851290697625, 2.3624387532495]"
2026-08-25 01:29:50,7a361aee97698cb5654cc84a258f679065926403,Legendre - Dulong,17013,6,7,13,10,23,"[48.885325169402904, 2.316423766314984]"
2026-08-25 01:29:50,11afb769f4942dbb90edf84d3f2b74b56073df79,Chemin Vert - Saint-Maur,11026,25,13,38,7,45,"[48.86112461407359, 2.381299026310444]"
2026-08-25 01:29:50,254c9467f7705a0db2855941d392010eae51b1cb,Square du Théâtre du Garde-Chasse,32604,15,0,15,34,50,"[48.881287375060616, 2.420119643211365]"
2026-08-25 01:29:50,6e361b498aba714ada58948b660e5f6e4c88527d,Botzaris - Parc des Buttes Chaumont,19024,7,0,7,13,20,"[48.877951, 2.381464]"
2026-08-25 01:29:50,d5101c600f531f4e44748c3e716fb5247cafef31,Général De Gaulle - Alouette,41601,18,7,25,1,26,"[48.839109, 2.4175664]"
2026-08-25 01:29:50,7824b09e645bc5d63d8e825fcfbb3b49842574e8,Rochechouart lamartine,9010,2,20,22,1,24,"[48.876719895109, 2.344393021854]"
2026-08-25 01:29:50,b24db94411034399f759f91b917e1ed184c3a177,Championnet - Vauvenargues,18028,6,4,10,22,33,"[48.89401874744574, 2.3319872841238976]"
2026-08-25 01:29:50,e89cb2272498d30ffc291e403b5dc0c2cbdeee03,Jean-François Lépine - Stephenson,18009,2,5,7,15,22,"[48.88611466796807, 2.356855627529275]"
2026-08-25 01:29:50,e50dc3a0c928a1d3ea8ecf915904cfcfe57287d8,Villette - Belleville,19032,15,2,17,29,48,"[48.8726877314, 2.376461327076]"
2026-08-25 01:29:50,d8452b82165c4348dd6373eaa34767bb9fa95f7f,Beffroy,22003,8,4,12,14,26,"[48.886591074488, 2.2613945603371]"
2026-08-25 01:29:50,d6210c91fce100f6ca434417514c1872f5cd28d7,Mairie du 11ème,11024,9,40,49,0,51,"[48.858925, 2.3789759]"
2026-08-25 01:29:50,b31b65f3202c763c6cc6b8b20de421dae89cc686,Quai Panhard et Levassor,13050,5,44,49,8,57,"[48.828374828097, 2.3842737458056]"
2026-08-25 01:29:50,57b0303d7c0ad63e906fe989523e49c80511b583,Parmentier - République,11105,7,16,23,27,50,"[48.8644954, 2.3750124]"
2026-08-25 01:29:50,1d6b09acb2f672c152956eb7618bf03a0c68a586,Victor Hugo - Galliéni,21008,4,28,32,2,34,"[48.838020154411, 2.2460845112801]"
2026-08-25 01:29:50,1d11e39be533070cc5558480a33221385db8d8da,Chemin Vert - Fraternité,32302,3,0,3,17,20,"[48.877141208359035, 2.4461565166711807]"
2026-08-25 01:29:50,efc0eb88b93c2c691875d7e12b570b2db1112863,Parmentier - Abel Rabaud,11035,13,9,22,29,52,"[48.86921273836114, 2.371688821240712]"
2026-08-25 01:29:50,b700839ecaabc37f131d5b368ebbb8ebc7f2e569,Parc Georges Brassens - Brancion,15046,12,2,14,14,29,"[48.83227829269761, 2.3022570088505745]"
2026-08-25 01:29:50,a7be5ec097673ab758a9ec244ce2492f35b8b150,Saint-Vincent - Verdun,21301,2,8,10,22,34,"[48.819211549234495, 2.254007756710053]"
2026-08-25 01:29:50,c48da342f6c52271dd88a0cb942b16eb2fcf13b4,Aristide Briand - Gare de Bagneux,42302,15,7,22,0,22,"[48.79387269664978, 2.321148812770844]"
2026-08-25 01:29:50,34b0685df070c068eaa2c6192995df12cbd6019f,Hautpoul - Jean Jaurès,19016,6,4,10,20,32,"[48.886393679436, 2.3865414544355]"
2026-08-25 01:29:50,1fd3ee8b9623cf5e3d8ce04ee6e34e93bc747c4b,Madame de Sanzillon - Mozart,21104,0,0,0,19,22,"[48.90379820774301, 2.3187401890754704]"
2026-08-25 01:29:50,82cc39eeed1c7e282cdc535e2752a9b6e509c072,Grand Prieuré - Crussol,11042,2,12,14,35,49,"[48.864660627935, 2.3692265531829]"
2026-08-25 01:29:50,2f4e19009bc7343cfdeac3c523ee86b7b51403f0,Leroy des Barres - Médiathèque,32026,14,0,14,12,26,"[48.928253687082, 2.3681719727966]"
2026-08-25 01:29:50,eb9fd5b5f1b8d5b2f2227a30efb79d1e04ee3810,Square d'Anvers,9005,7,2,9,24,33,"[48.882633484311, 2.3448844062122]"
2026-08-25 01:29:50,2d4ad623c35854d796226e3da53f23976379a163,Miromesnil - La Boétie,8025,2,6,8,25,35,"[48.873722412917, 2.3158480972052]"
2026-08-25 01:29:50,14a45d0c0879d0618ea5685292ada86a82c60e76,Arago - Glacière,13002,6,20,26,1,27,"[48.83486054775774, 2.3445770524322067]"
2026-08-25 01:29:50,0037350f4211079233bfad339c55aa23b2908fb7,Prague - Théophile Roussel,12204,2,21,23,10,34,"[48.850330563516, 2.3758223011125]"
2026-08-25 01:29:50,23daf68c81feb2ca17bc4bc8d07cf00d103fbe42,Gare RER de Gentilly,42504,17,3,20,10,30,"[48.814280450380224, 2.3410347104072575]"
2026-08-25 01:29:50,d73e0048b53c88046822c408fccca106ab9d1061,Quai du docteur Dervaux,26013,0,2,2,23,26,"[48.910482, 2.297998]"
2026-08-25 01:29:50,d0b9122fb4dcaa04753dfd22b79451e4df9baad9,Place de la Porte de Paris,32016,8,4,12,27,40,"[48.93009363207303, 2.3564037680625916]"
2026-08-25 01:29:50,9936a58052dedcfd3942338cc422bcd37fd8e775,Stalingrad - Désiré Chevalier,31010,12,0,12,30,42,"[48.85670169739857, 2.445072233676911]"
2026-08-25 01:29:50,7fa743f8c0cda5213f4f29188904a87c9ac48db0,Tristan Tzara -  Tchaïkovski,18201,4,1,5,27,33,"[48.89490221746837, 2.3648490384221077]"
2026-08-25 01:29:50,15ab8a9585f8c26a18f491199c8a70a328e423f4,Général Delambre - Prebuard,51004,9,4,13,17,29,"[48.93870344444, 2.2234171606307]"
2026-08-25 01:29:50,d35b53fd0449394e2e0abb46f9c6435f762fc7e7,Stephenson - Doudeauville,18012,16,6,22,14,36,"[48.888537048944826, 2.3561610281467438]"
2026-08-25 01:29:50,4062f5225daf09be3b3cd15c83845cf2dae6a136,Place de l'Édit de Nantes,19125,7,4,11,18,30,"[48.88879, 2.3785]"
2026-08-25 01:29:50,967730f12edfbc22aae73505375e81ca111a7e11,Boulard - Daguerre,14036,6,1,7,38,45,"[48.83446472680611, 2.3293386027216907]"
2026-08-25 01:29:50,c46c6c13a4e1beb91204352a75d764389942726e,Charenton - Diderot,12009,1,12,13,5,18,"[48.846171461187, 2.3793068155646]"
2026-08-25 01:29:50,04979d799c9f507759b19d99b19cea8da68265d8,Simon Bolivar - Henri Turot,19205,7,9,16,7,23,"[48.877475489801, 2.3739709492211]"
2026-08-25 01:29:50,3524c1c3476355fc118acf6ba918774d60e1ed9d,Boétie - Ponthieu,8050,0,0,0,40,41,"[48.871417284355, 2.3076787590981]"
2026-08-25 01:29:50,a4ef18706b46188515c7d523eddb60bad8165e65,Flandre - Alphonse Karr,19008,4,4,8,17,26,"[48.89465, 2.381868]"
2026-08-25 01:29:50,8ee01813c66165f418585bb04576dd929c83f868,Montgallet - Charenton,12027,4,10,14,2,16,"[48.842647778701, 2.3861649278137]"
2026-08-25 01:29:50,d21a121112097421ef5504ef0d1b1a6ad2ad400b,Alfred Roll - Berthier,17102,5,8,13,15,28,"[48.887808570529, 2.3000952981763]"
2026-08-25 01:29:50,761d79ce23742390bcb3fec17eceeab3cc6f3cc0,Cambon - Rivoli,1020,2,7,9,26,40,"[48.866143390992, 2.3251800647137]"
2026-08-25 01:29:50,b1ac498ab51e29773dea074315045fcd64743204,Dupleix - du Guesclin,15025,3,23,26,20,47,"[48.85147910413369, 2.296709530055523]"
2026-08-25 01:29:50,a061c9d272fc897803d3587056903caae430eb5d,Ancien Canal - Hélène Brion,35018,11,8,19,4,23,"[48.89484799296163, 2.4188338592648506]"
2026-08-25 01:29:50,41f146b9cb6c418db03ccd64f00cd0f38c9ed215,Departement - Pajol,18110,4,3,7,12,19,"[48.886674849730184, 2.3613611608743668]"
2026-08-25 01:29:50,a9e11c066c44d444ca2c278b3deae06e0ebc9d58,Pasteur - Gambetta,41606,0,5,5,14,19,"[48.84572797384512, 2.4236011505126953]"
2026-08-25 01:29:50,aa03420b1ed7dc333b87251862055dc622cf1d47,Place Jacques Madaule,21305,9,14,23,2,25,"[48.823933787309, 2.2606918215752]"
2026-08-25 01:29:50,9aea3057fceb0921db0d82cd143fd25d73722845,Edouard Poisson - Victor Hugo,33018,14,9,23,2,30,"[48.91118557052621, 2.379864752692811]"
2026-08-25 01:29:50,76ee27dc8c9826b5c21497efb65477bd3a2ac17f,Montgallet - Reuilly,12013,4,9,13,2,15,"[48.844291, 2.3896481]"
2026-08-25 01:29:50,035a390c2e212df521c94014d1a48b70eb203666,Faustin Hélie - Desbordes-Valmore,16111,3,5,8,25,33,"[48.859403, 2.276522]"
2026-08-25 01:29:50,871a1bb9a8654cbb377486ed18b48c08689b9dd9,Jussieu - Fossés Saint-Bernard,5021,2,24,26,10,39,"[48.847185510023, 2.3534858599305]"
2026-08-25 01:29:50,099be16430ba56759a40289223ff42ef22b1ad7c,Jacques Callot - Mazarine,6013,0,11,11,17,28,"[48.855280175332, 2.3375743255019]"
2026-08-25 01:29:50,8264bfd74277315a752a41a16f5deb5585021852,Varenne,7015,1,11,12,35,47,"[48.857202661803, 2.3152771219611]"
2026-08-25 01:29:50,bd0d4b064957aef1aa4ad01c6c30d7237364bc24,Porte de la Chapelle - Boulevard Ney,18204,1,3,4,48,52,"[48.900097357789, 2.3586005020149]"
2026-08-25 01:29:50,c348bce0791eafe682641802dfc624d3feee74b1,Square Cambronne,15010,20,32,52,5,59,"[48.84756654526, 2.3025691509247]"
2026-08-25 01:29:50,e08200f322062ab0eb6aeaba8410e518c3161095,Clignancourt - Sofia,18141,14,0,14,5,19,"[48.88511992309783, 2.34719488842051]"
2026-08-25 01:29:50,05e836072d1092991ce84e4cba28fe1bdcbfb819,Route de Sèvres - Porte de Bagatelle,16124,11,16,27,38,66,"[48.87525984132485, 2.249415814876557]"
2026-08-25 01:29:50,79a7acae8ae07b44e823da3a5bd9c9751c696565,Félix Faure - Sadi Carnot,33009,12,8,20,12,33,"[48.90812110228388, 2.378623187541962]"
2026-08-25 01:29:50,a893f1bf8e36b14080892b1eed569a4b19890a72,Place Violet,15033,9,24,33,12,45,"[48.844878938365, 2.2905756533146]"
2026-08-25 01:29:50,012d827a35d4b5430c390fac9008b5165577c7c1,18 juin 1940 - Buzenval,25005,2,2,4,20,25,"[48.868807, 2.185428]"
2026-08-25 01:29:50,a28c81072d27baf0e575a3a012fb50f340d0be74,Mairie de La Garenne Colombes,22505,7,4,11,11,22,"[48.90663823468682, 2.24679596722126]"
2026-08-25 01:29:50,6313305d2acc3ca0c646a4e365e00b5d8ee3c037,Porte de la Villette,19115,8,3,11,16,27,"[48.89835196548483, 2.386150136590004]"
2026-08-25 01:29:50,f7e11223cc024cc7fcb4bbe8d0577357aa673b0c,Place aux Étoiles,32010,1,3,4,35,40,"[48.91835629408464, 2.3523425683379173]"
2026-08-25 01:29:50,7155640e3550b4e7706232e4bc7200bd3ddd8fa3,Flandrin - Henri Martin,16018,7,11,18,0,18,"[48.8643275, 2.2724174]"
2026-08-25 01:29:50,64a8f2494a4c7b4f04f3088b79844660c1187268,Pirogues de Bercy - Libourne,12034,1,19,20,29,49,"[48.832308, 2.38637]"
2026-08-25 01:29:50,d39f03ab99f64f32b58ad0445b7c4efbdc9270b2,Gare de Courbevoie,24002,9,0,9,24,35,"[48.8993867, 2.2506506]"
2026-08-25 01:29:50,2d1f36f85e546725d385666bb8c4e5cd53485a77,Victor Hugo - Magasins Généraux,33001,5,7,12,21,34,"[48.903281401126755, 2.368072383105755]"
2026-08-25 01:29:50,626786fa60ca14add81251029dcf1f5ea07ad0c2,Porte d'Auteuil,16034,3,2,5,26,33,"[48.8479394142243, 2.2608396783471107]"
2026-08-25 01:29:50,b6d9b8be7243320b318fd02548e172779bbb2cd1,Jules Ferry - Faubourg du Temple Paris,11036,11,22,33,24,58,"[48.868397, 2.3678933]"
2026-08-25 01:29:50,8b0c96be5232435e361c3f1d9dc18194c0c0c80a,Commandant Rivière,8033,0,7,7,35,42,"[48.872933, 2.309796]"
2026-08-25 01:29:50,5325e89075e23257085ca4a971d9904116bec002,Gare Montparnasse - René Mouchotte,14117,0,0,0,41,41,"[48.839203843292, 2.3208839446306]"
2026-08-25 01:29:50,6ec092602150b33164ef88136b76d9050683c14a,Jussieu - Guy de la Brosse,5119,1,2,3,36,40,"[48.845665, 2.355653]"
2026-08-25 01:29:50,c873bf2dc4377f6d3754fb2e7b0daf82c04ed8f3,Jean Lolive - Parc Stalingrad,35009,6,0,6,15,22,"[48.89206174403158, 2.4091735482215886]"
2026-08-25 01:29:50,2a7523830a1c16c1d5592576cbe1f0ee06d877b1,Verdun - Place Henri IV,21502,0,0,0,0,0,"[48.870797375639, 2.2277003154159]"
2026-08-25 01:29:50,173bfa304a93fbffc4a70d11df7d6a3f2f509f2f,Parc Pierre Lagravère,27002,14,0,14,15,30,"[48.92650488131725, 2.239069678491417]"
2026-08-25 01:29:50,4756110cfb1eb770c9690d15a9d2f3cacc251a8b,Parvis Robert Schuman - Roger Salengro,23701,12,2,14,10,24,"[48.812657470558754, 2.1921751275658607]"
2026-08-25 01:29:50,fada451b1de1af7b86f39e7ad63f9af7997e279e,Anatole France - Jean Lolive,35019,12,11,23,2,28,"[48.8949922, 2.4253764]"
2026-08-25 01:29:50,30cf268ce35adea20542eeeef24bc24cc3fa5feb,Boyer-Barret - Raymond Losserand,14104,7,2,9,14,23,"[48.83329880233322, 2.3173383995890617]"
2026-08-25 01:29:50,9653f8210d9e52ea9dea94003d0cea3319445c7d,Piat - Parc de Belleville,20113,7,0,7,13,21,"[48.87195626635528, 2.384981390278095]"
2026-08-25 01:29:50,1040c1270e6aaa185c9d6db686ada1261f760ec0,Champeaux - Gallieni,31705,5,0,5,42,50,"[48.864459134684644, 2.4161778017878532]"
2026-08-25 01:29:50,2612750c7d329de98e76c576ffdd6d13e9ba32c5,Assas - Vaugirard,6030,0,10,10,23,35,"[48.848274111398, 2.3292413726449]"
2026-08-25 01:29:50,0ca6d9f051254f26d998642970024be5b2de1146,Gravelle - Route du Bac,12126,12,4,16,35,51,"[48.824407, 2.418455]"
2026-08-25 01:29:50,e4b3aba2b5bc04a1f950348a2e7e96702983b916,Ménilmontant - Pelleport,20036,12,1,13,18,32,"[48.870682633845, 2.3989596023316]"
2026-08-25 01:29:50,6753c779ab7f9994dcf6e1397f1acf0aa56d792a,Emeriau - Place de Brazzaville,15029,3,23,26,23,51,"[48.850785261674964, 2.2871585190296173]"
2026-08-25 01:29:50,e61d6a3410c5ed51b4b21f9d6cfea0c5dba12c19,Tardieu - Chappe,18005,0,0,0,18,18,"[48.884146759782, 2.341845408082]"
2026-08-25 01:29:50,9c4a3b6676b063f2f7fe5e074677ea2216bf80a2,Petites Ecuries - Faubourg Poissonnière,10005,4,9,13,4,17,"[48.87397217237368, 2.348388757504776]"
2026-08-25 01:29:50,4dfbe0d552ccb10cb1ec38147711d19641bf6642,Gare d'Asnières sur Seine,26001,6,1,7,16,24,"[48.90636459217474, 2.2835066914558415]"
2026-08-25 01:29:50,782c9b974c4c36994df787471bdf6043a77ec8e0,Place Falguière,15017,8,5,13,10,23,"[48.83629973941847, 2.3104464635252953]"
2026-08-25 01:29:50,f97c00434d40239d01c82d2c0ccad27ff2a7fd3a,Pascal - Claude Bernard,5026,2,26,28,20,49,"[48.839061952159746, 2.3499782010912895]"
2026-08-25 01:29:50,65d5b92df42bf24175e5e434f83ab062eadc169d,Grenelle - Dr Finlay,15028,7,59,66,3,71,"[48.851315406715976, 2.2919502854347233]"
2026-08-25 01:29:50,33d913bbc71cdf7357dc4a1b1104499b4237e4fd,Porte d'Orléans,14018,3,1,4,42,48,"[48.8227639, 2.3249313]"
2026-08-25 01:29:50,14040f15247318663fe752b3c4d8509fab3e7aab,Pierre Grenier - Pont de Billancourt,21013,6,8,14,6,21,"[48.8258020742942, 2.2487989068031315]"
2026-08-25 01:29:50,0d465ffbe187a22d06d936b6cb57404f1877bf5c,Saint-François-Xavier,7014,1,14,15,26,42,"[48.85154484769, 2.3146149516106]"
2026-08-25 01:29:50,c7db924c5a68f8ab10f529bbcde3ef1bffeda788,Sommerard - Saint-Jacques,5002,2,26,28,6,34,"[48.850310432924, 2.3450158352986]"
2026-08-25 01:29:50,0aad2e33b9f72dc6f9fa24c90993a3e8c4357adb,Château -République,22508,13,1,14,2,17,"[48.905905048494, 2.2534525632894]"
2026-08-25 01:29:50,91bd7a61f144dc9944ea22f56b6962b9bbbe2287,Batignolles - Place de Clichy,8012,0,0,0,47,47,"[48.883474535757, 2.326493114233]"
2026-08-25 01:29:50,32849e7f799c7399b92a9ba5909c7d1d9d97a525,Gare de Pont-Cardinet,17017,9,2,11,22,34,"[48.88713901475306, 2.314494143994255]"
2026-08-25 01:29:50,d6753e994261188bb32ab9d2382e42738d06a8a7,Dunkerque - Maubeuge,10204,3,2,5,29,35,"[48.880432768947, 2.3528900992907]"
2026-08-25 01:29:50,8f4d344e9577c17855dc9cacf21fc756f3d7988e,Vasco de Gama,15055,11,16,27,26,54,"[48.83671783466264, 2.283664085650799]"
2026-08-25 01:29:50,5f9a71ffdba1c59af6f460e1889cddf7f2a57a95,Place du Général de Gaulle,41207,11,1,12,15,28,"[48.8525288, 2.4877332]"
2026-08-25 01:29:50,9822f7bdee14e10bcd5c70db4a2848dbc66cedde,Charenton - Place du Col Bourgoin,12011,3,27,30,0,35,"[48.844867319554, 2.3825789350545]"
2026-08-25 01:29:50,f5d747794b3e8b609cb267e433ca06ad59d9dd9e,Bara - Henri Farman,21308,0,35,35,23,58,"[48.833218027457846, 2.2677567601203923]"
2026-08-25 01:29:50,d077ef7d906de2f09b3c3b325f9009f251531934,Belleville - Porte des Lilas,19037,2,0,2,30,32,"[48.87660391892763, 2.404769691129476]"
2026-08-25 01:29:50,b237f6ad0bf906d9044d4994f28a5b775cfe8d93,Place Adolphe Cherioux - Vaugirard,15038,13,31,44,19,63,"[48.83959442800459, 2.3010657727718353]"
2026-08-25 01:29:50,743f4b683793d83a7a899229da0424b64b3f5168,Michelet - Assas,6018,5,3,8,10,18,"[48.842741502832, 2.3350211977959]"
2026-08-25 01:29:50,f5aae4f6f0f5a97a15c511f918a9515c4b2c54fd,Edouard Vaillant - Paul-Adolphe Souriau,21019,4,2,6,22,28,"[48.834845858829, 2.2479459643364]"
2026-08-25 01:29:50,a732360a0ca6ca5e669d12d549334620b60a7c0d,Morice - Général Leclerc,21105,5,14,19,6,25,"[48.90245471981591, 2.3128929734230046]"
2026-08-25 01:29:50,48382aa743c1b5cb3250d9cc9afeb833f110c600,Sèvres-Gallieni,21032,1,12,13,14,27,"[48.837809408957, 2.2281519323587]"
2026-08-25 01:29:50,463bc28e7bf1d8c7e5b3d2844ae7b9ea81633184,Place du Cornillon - Stade de France,32014,9,10,19,15,34,"[48.92540695835961, 2.3644426837563515]"
2026-08-25 01:29:50,f46ff4386cd7faf03f1a6b87ca232e9076ad2689,Porte de Saint-Ouen - Henri Huchard,17124,2,3,5,20,26,"[48.898708366365064, 2.3295360803604126]"
2026-08-25 01:29:50,f29fc4fd052bd439da313fdbcfd59147fb5f9b9e,Lucie Aubrac - Franklin,31016,4,5,9,27,36,"[48.86223916006812, 2.4435862898826604]"
2026-08-25 01:29:50,8d8ab9fae16f41c0167fc4bebf91d4b4f7a4218b,Verdun - Adrien Damalix,44102,16,1,17,8,26,"[48.8222334178559, 2.4215328320860863]"
2026-08-25 01:29:50,14fd553042ae5aaf850a174b880be751b7f43071,Edouard Pailleron - Simon Bolivar,19039,7,12,19,4,24,"[48.87979886049996, 2.374839261174202]"
2026-08-25 01:29:50,cf03599067f5d3ce5a80ea904865d55eece57674,Mairie du 18ème,18025,27,4,31,9,40,"[48.892939296937605, 2.3445510864257812]"
2026-08-25 01:29:50,24d5c51c94cac8b36ffbcf24a70d641c000c22a6,Porte de Ménilmontant,20027,1,0,1,13,15,"[48.8691543609174, 2.40932246879487]"
2026-08-25 01:29:50,461fd78856a37a54939ad1ec97079209805794b8,Colonel Monteil - Brune,14122,4,0,4,15,19,"[48.82650293311, 2.3092747998272]"
2026-08-25 01:29:50,9605ab39e752552be9a3a1fd1a02d89cc9749516,Mahatma Gandhi,16123,1,4,5,20,26,"[48.876356, 2.264205]"
2026-08-25 01:29:50,f463c54dfe4b33d93331c6d2aa2ef971cad2083e,Batignolles - Rome,8051,2,3,5,10,15,"[48.881823370567, 2.3202589899302]"
2026-08-25 01:29:50,06b433dbb03c5d99ca7924ccdc1d3decd673aed3,Lourmel - Marie Skobtsov,15108,6,26,32,4,36,"[48.844974, 2.287283]"
2026-08-25 01:29:50,11809452d31569b6ac93e50c1dca27c164bdc4eb,Courcelles - Pierre Demours,17047,2,7,9,15,26,"[48.883769733273496, 2.29858466343129]"
2026-08-25 01:29:50,27a54e275603404d6de4b0aea2f9425ead5a95ed,Square des Epinettes,17121,10,6,16,24,40,"[48.89383909781389, 2.325953990221024]"
2026-08-25 01:29:50,481cfad369848050fe11889c2aeb703c63eb9bee,Pajol - Riquet,18109,21,6,27,18,47,"[48.88960028134536, 2.3628534749150276]"
2026-08-25 01:29:50,8c9df94e81f548321f03dcb8c01e5ea5a561732a,Square du Carrefour de l'Insurrection,21703,15,0,15,7,23,"[48.820864559770676, 2.291113436222077]"
2026-08-25 01:29:50,2b8d2cfed8de3416fcc33ab39b55ba27b1a657ff,Bellefond - Maubeuge,9117,13,2,15,14,31,"[48.878255397645, 2.3452642187476]"
2026-08-25 01:29:50,895d85dfc1ef28de6d9076970827b7ccc69bc291,Edgar Quinet - Raspail,14002,1,10,11,35,46,"[48.83940266673835, 2.32971478253603]"
2026-08-25 01:29:50,5cd0feb134a0cc8c73c32e40097a156a5a27ccf2,Chabrol - d'Hauteville,10020,1,0,1,10,11,"[48.877018388033, 2.3513179644942]"
2026-08-25 01:29:50,c410a302ec20f3a8fa2e49d640fe39ad5bf5bb7e,Nanterre - Université,92004,10,1,11,7,20,"[48.901365, 2.212693]"
2026-08-25 01:29:50,4046ccaf1ce8825c6cbcebee7538bc04375f655d,Sadi Carnot - François Mitterrand,31703,6,0,6,20,27,"[48.87532687671517, 2.4241617321968083]"
2026-08-25 01:29:50,6196aa7c43fdcc2899c1557f4d73f2359fa332b0,Gabrielle Josserand - Edouard Vaillant,35003,13,8,21,4,25,"[48.90271566255436, 2.3933270573616032]"
2026-08-25 01:29:50,4d8806f90261081a86fba2e2520b8effe966e403,Paul Signac - Aristide Briand,31025,15,2,17,18,35,"[48.869502621564, 2.450226098299]"
2026-08-25 01:29:50,8dbe4f90f3e9fb8b551ac00d04a12d0807af79df,Aubervilliers - Curial,19127,3,1,4,14,23,"[48.89088305227546, 2.3688579350709915]"
2026-08-25 01:29:50,382818396a7130c86ddfef7fc1a35b561ab3e476,Bassano -  Iéna,16015,1,3,4,10,15,"[48.868144510482075, 2.296149600985935]"
2026-08-25 01:29:50,9934e0dbc63ff4446931e9559ba1933d31af15cd,Lavandieres Sainte Opportune - Rivoli,1120,0,12,12,14,27,"[48.859279702476, 2.3466217517853]"
2026-08-25 01:29:50,6ef9770bee1be1bc3e5f532bc2f313cf0fdde497,Route de la Muette - Porte de Neuilly,16122,4,2,6,44,50,"[48.8798926, 2.2587671]"
2026-08-25 01:29:50,93002b57adf84c3c618eefcedd07ae36141dbc1f,Pyrénées - Maraîchers,20016,8,1,9,24,33,"[48.85714001395299, 2.4043509364128113]"
2026-08-25 01:29:50,4660b0a53bae1b584878658d0bf55faad4b25d46,Haies - Réunion,20116,4,2,6,15,22,"[48.85386896766491, 2.402426162238911]"
2026-08-25 01:29:50,8caff436559483187b3b54e059d986c86fb98656,Square Léon,18008,9,1,10,23,33,"[48.88667396788626, 2.353205569088459]"
2026-08-25 01:29:50,94c5ac6a21db277eb41b1c73b3e4c1c32c6c8c07,Pernety - Raymond Losserand,14030,6,0,6,26,32,"[48.834254627953, 2.317609339387]"
2026-08-25 01:29:50,94896d6a5eb8e1b5684ff7b4d1060c1c46b231a8,Eugène Reisz - Davout,20201,4,7,11,8,20,"[48.85631874632638, 2.410396970808506]"
2026-08-25 01:29:50,5e8d122f5ddba3d39dbf9c348cbf1b733712a1b4,Eugène Oudiné - Dessous Des Berges,13046,16,17,33,11,44,"[48.8256423, 2.3750226]"
2026-08-25 01:29:50,71892b483502682ae8b533a6f9d1bffaa990f0eb,Mont Valérien - Michel Salles,22102,1,1,2,22,24,"[48.8561915, 2.2152966]"
2026-08-25 01:29:50,d3555779c3e5a59d5543fc12607b71c53dcaf786,Neuve Saint-Pierre - Beautreillis,4110,0,16,16,4,20,"[48.85355351439652, 2.3639122769236565]"
2026-08-25 01:29:50,1ea1c75c75c3566f864d6a2a651cf69f54d07e1f,Mairie de Sceaux,23304,27,2,29,4,33,"[48.778916905132, 2.2887361764861]"
2026-08-25 01:29:50,e3dbc17f8edaa79f9fcf51219e8192934c1ca8c4,Sénat - Condé,6017,3,11,14,18,33,"[48.84954227788459, 2.337939441204071]"
2026-08-25 01:29:50,9a4c28e8c05700ce22a0f38778c99b66849957ad,Diderot - Reuilly,12161,3,28,31,11,44,"[48.847208456061, 2.3861273378134]"
2026-08-25 01:29:50,9e025b9551d3cf82dbdbe388417d363c0505e6d4,Cadet - La Fayette,9101,3,12,15,4,19,"[48.875601632672, 2.3435704037547]"
2026-08-25 01:29:50,9d9bbd168cf6197cb38c904ffe31015dfb4934ce,Caulaincourt - Place Constantin Pecqueur,18017,8,1,9,35,44,"[48.889677905028, 2.3381787144261]"
2026-08-25 01:29:50,8f98163c488c5c204e8eee161a9cf6c8f8a1a213,Belleville - Pyrénées,19041,4,0,4,36,42,"[48.8741908, 2.3860039]"
2026-08-25 01:29:50,ce1425099f936b73fd0a003a748027b542ba4b1b,Pont Neuf - Rivoli,1117,0,9,9,14,27,"[48.860089892617, 2.344057559967]"
2026-08-25 01:29:50,13d6f7487e0e80d9c43b71bc98299d45d0193bf9,Hôpital Pitié Salpêtrière,13103,0,2,2,48,50,"[48.8377016, 2.3604946]"
2026-08-25 01:29:50,799bf609ed8e520a96717ad25edcdf828beff290,Aqueduc - Villette,10036,1,0,1,24,28,"[48.883886063895, 2.367198803315]"
2026-08-25 01:29:50,55e6d2a2c0d78841a470099e710081faad91237f,Parc André Citroën,15059,2,36,38,27,65,"[48.840639944297, 2.2780618071556]"
2026-08-25 01:29:50,d506381f277d3a309a8cc66b1f51f94257774cbe,Calmette,32603,28,1,29,0,32,"[48.88104925098552, 2.424993216991425]"
2026-08-25 01:29:50,e2b899162bdb0379bb5033a227e1a2a3e06b5b00,Porte Maillot - Perreire,17201,1,5,6,40,51,"[48.878021154637, 2.2842371277102]"
2026-08-25 01:29:50,5bce918e0c0c82dce191fb9468fb3573996ec0f4,Chateau,23403,8,12,20,2,22,"[48.774661399959, 2.3135878035462]"
2026-08-25 01:29:50,5e1782ed3c218dc2f3c06098b7d5dbf77c9ab03c,Hôtel de Ville de Champigny sur Marne,45001,2,1,3,16,21,"[48.813810628405, 2.5096759200096]"
2026-08-25 01:29:50,90809fac8a832ac9798be7c8715eefcbf89b82ab,Place François Mitterand,31023,5,1,6,26,34,"[48.86492782016328, 2.442958317697048]"
2026-08-25 01:29:50,f96b2315076af7567c3134e62aad2ebe5715dd07,Faubourg Poissonniere - Delta,9118,4,1,5,31,36,"[48.882555807626765, 2.3497482016682625]"
2026-08-25 01:29:50,40f8be477cdd6d116e5d594ecc71a3db3b878c96,Blaise-Desgoffe - Vaugirard,6027,0,3,3,29,32,"[48.846128877747, 2.3242672160268]"
2026-08-25 01:29:50,3dd6e2c6e02adfe85c4581f33f0d4ec6faee9d73,Raspail - Chomel,7101,1,31,32,17,49,"[48.852233164303, 2.3266580700874]"
2026-08-25 01:29:50,2c3104f1436fc82233fc0757dc03bb6f2b927401,Surcouf - Université,7016,1,24,25,29,58,"[48.861273016278, 2.3094535509142]"
2026-08-25 01:29:50,02a5eb46589f14f894cc1a26940be4fd74a8360b,Bois de Vincennes.,12041,6,2,8,52,60,"[48.8338064, 2.4132221]"
2026-08-25 01:29:50,9e9cb0ad6482e307b8a0ceffd6f07dc1b582060a,Bercy.,12108,1,5,6,59,66,"[48.839966914994, 2.3788625746965]"
2026-08-25 01:29:50,9d954605767443ccd809c1fc137a2ba2848864a3,Duroc - Place de Breteuil,7013,4,24,28,13,42,"[48.847460641142, 2.3126140236855]"
2026-08-25 01:29:50,d8a0e0961f68c2836cdb3392f918e20d2fffed88,Parvis Corentin Celton,21311,4,49,53,0,55,"[48.827472525227, 2.2784319519997]"
2026-08-25 01:29:50,ccf73e15e8a7a1c7d8489df976eb974bd8da56bb,Centenaire - Sorins,31013,32,1,33,12,45,"[48.85853523359734, 2.4273508787155156]"
2026-08-25 01:29:50,f45383a18a637b39ee6c8543c11014555c9b7fd6,Dupont de l'Eure - Gambetta,20202,13,0,13,17,31,"[48.8679385, 2.4003649]"
2026-08-25 01:29:50,819e8ec19f158308dbc3d79768a5e8b7a605bd89,Rougemont - Poissonnière,9012,0,12,12,32,44,"[48.871611569354755, 2.345873080193996]"
2026-08-25 01:29:50,80c7f23a273d1f07d92b00fa072e030839698d7e,Mairie du 15ème,15020,7,21,28,15,46,"[48.8417762, 2.2986539]"
2026-08-25 01:29:50,4d168cf3a739534fd002de4d5ce3c651c9fd8e37,Vistule - Choisy,13113,2,3,5,28,33,"[48.82365543660611, 2.3615723848342896]"
2026-08-25 01:29:50,400173fa923332f20fb6be6b7006b089159a6efc,Nationale - Marcel Duchamp,13114,2,1,3,20,23,"[48.82463749337136, 2.3678014799952507]"
2026-08-25 01:29:50,905a54f3cf60489ca3c2a1213efe0aab7ad90ba4,Saint-Blaise - Mouraud,20017,9,3,12,14,27,"[48.85696177597818, 2.40869477391243]"
2026-08-25 01:29:50,fd084a3a1d43a372dbc958508715848f2dafcaa3,Charonne - Philippe-Auguste,11019,11,14,25,7,32,"[48.855603162026, 2.39054639062]"
2026-08-25 01:29:50,abdf6484ce48063412094b8781b85bf38bc649cc,Hôtel de Ville de Levallois Perret,23008,1,2,3,20,26,"[48.89314451997415, 2.2888818383216862]"
2026-08-25 01:29:50,ae68b7744de1b5dae53e7f36cc6c2f709e828afc,Convention - Saint-Charles,15063,5,9,14,9,23,"[48.843156111116, 2.2831090539694]"
2026-08-25 01:29:50,08aef2bf4d4202d2d85f7653c5b30ac7b9cfcf8a,Romain Rolland,14116,2,1,3,22,25,"[48.820215229662765, 2.3234144234418346]"
2026-08-25 01:29:50,9dba91f250e1af0060d3ecb23676e9f951585858,Gambetta - Michelet,31018,6,1,7,26,33,"[48.85273792380526, 2.429966032505036]"
2026-08-25 01:29:50,9a136a7bc08ef5a80518834e35a6969152d49429,Place de Finlande,7026,1,3,4,18,25,"[48.862408335967, 2.3113624379039]"
2026-08-25 01:29:50,6055b4d6a0b679f057e8935677aae7b35f3e8cbc,République - Henri Barbusse,33005,11,4,15,17,32,"[48.90661553626751, 2.389432489871979]"
2026-08-25 01:29:50,0b529df1019e5ea41e9cbb45f2b5a29f36ab6487,Jeûneurs - Mulhouse,2110,0,22,22,5,28,"[48.868997, 2.346925]"
2026-08-25 01:29:50,49377524a2668928dad68691a47e540b26c3a6d6,Thérèse - Opéra,1016,2,5,7,18,25,"[48.866483514509, 2.3344334212238]"
2026-08-25 01:29:50,ef683a9a4dce76bfb507725e2b2330b95b155d4e,Cléry - Montmartre,2021,0,8,8,49,58,"[48.867458, 2.3445211]"
2026-08-25 01:29:50,ad5aab1b3c4a1e5f7471479b45494ca2a0aad745,Place des Ternes.,17045,8,11,19,27,46,"[48.878438631227, 2.2977277636528]"
2026-08-25 01:29:50,6b8862a688dd2c92ba9b37df6e6b743746c7b48f,Poissy - Saint-Germain,5019,2,7,9,16,25,"[48.84969649427, 2.3529685288668]"
2026-08-25 01:29:50,7ee9f0361ff11d1b949bf620ae45a9e9ccc10105,Ferrus - Saint-Jacques,14007,7,3,10,24,34,"[48.8313878, 2.3408563]"
2026-08-25 01:29:50,1b9fb88395c2c46b68afe9473bf409fc3f1a2fa0,Claude Vellefaux - Sambre et Meuse,10164,8,3,11,23,34,"[48.875022, 2.370478]"
2026-08-25 01:29:50,b69555973a85c5483f83fa8c62b84350cddb915b,Mornay - Sully,4109,1,12,13,2,15,"[48.84970399548416, 2.364460788667202]"
2026-08-25 01:29:50,2caa63e19a9d51a399d2b689eb5ce1e7ee8202c0,Porte Saint-Martin,3101,1,22,23,10,34,"[48.86860172112996, 2.35570102930069]"
2026-08-25 01:29:50,91449c25bf7305b665bbdbf45b7ffb7a705ce80c,Place Mireille Havet,11048,3,36,39,4,43,"[48.850533, 2.383756]"
2026-08-25 01:29:50,a2e6f7327791caaf5ef71547715cb7783526fdd3,Georges V - François 1er,8049,0,2,2,19,22,"[48.87034, 2.30082]"
2026-08-25 01:29:50,9b8853360528044d3f211406d83cba2214522fd3,Jardin Marguerite Long,17104,2,0,2,20,22,"[48.8816985773914, 2.2836575657129288]"
2026-08-25 01:29:50,325a1d9fec3844351c3e8ea600ff8c89021ae9a3,Jean Jaurès - Reine,21004,1,10,11,20,31,"[48.84009622558849, 2.239872515201569]"
2026-08-25 01:29:50,aba3c00f8c94d210a36dc3560a9efb692f28188c,Louis Ganne - Davout,20045,12,3,15,14,30,"[48.86338720692607, 2.409725748002529]"
2026-08-25 01:29:50,2d09c4bb7adaaf26e672be005aafa842d68dcaba,Square du Bataclan,11044,0,10,10,10,20,"[48.8633762, 2.3711327]"
2026-08-25 01:29:50,763a084c7fed12749fc38fc2c00bee52ff09c739,Sorbonne - Ecoles,5030,0,62,62,7,69,"[48.849686566191, 2.3434996604919]"
2026-08-25 01:29:50,7b99afd14ed7b0107c51177d7830e1aa2095731a,Versailles - Claude Terrasse,16041,11,13,24,21,46,"[48.840219338074, 2.263834191153]"
2026-08-25 01:29:50,c13a8e6f191f85fe1c3683c5d0ea49e5a1609689,Lamartine - Faubourg Montmartre,9015,1,26,27,3,32,"[48.876613982891, 2.3397656902671]"
2026-08-25 01:29:50,6e12263186de7a8366f6602b68f8ce86a4f5bb41,Place du Palais Royal,1013,1,26,27,39,67,"[48.862382970647, 2.3384822532535]"
2026-08-25 01:29:50,157f37c258d725121f102d788a86ea4f92de7ec1,Vignes - Boulainvilliers,16031,1,0,1,20,21,"[48.856399483950504, 2.275240458548069]"
2026-08-25 01:29:50,0b3371c4cb78d19091e771caf312db04d903a075,Terroirs de France - Lheureux,12153,0,14,14,39,55,"[48.83212027074841, 2.388618104159832]"
2026-08-25 01:29:50,5fb1216e9dd8524865708ceffbf65abd89725240,Roquette - Folie Regnault,11110,11,3,14,37,52,"[48.859246959155, 2.3865536235787]"
2026-08-25 01:29:50,56db085af3da165bb79c2da6d857ced1684f006c,Madeleine Michelis - Roule,22012,8,3,11,14,25,"[48.88260431301364, 2.2773634269833565]"
2026-08-25 01:29:50,8987847d23dbcd03be7a8baea8d281a4b3816672,Lac Daumesnil - Saint-Maurice,12120,5,2,7,43,50,"[48.82774555743318, 2.4183654785156246]"
2026-08-25 01:29:50,081a1ced31206169b9a5af5ec35ac2dc99cb4a29,Moulin de la Pointe,13110,13,0,13,9,22,"[48.82092946051445, 2.3563179373741145]"
2026-08-25 01:29:50,cadfb043413c99aee41133222eae6a5b376f5a3f,Suffren - Pérignon,15009,3,16,19,27,46,"[48.84717561492764, 2.307052147596786]"
2026-08-25 01:29:50,2513da84947d9c1ad5ccc4f7581cced7a40daf57,Docteur Calmette - Martre,21120,11,16,27,2,30,"[48.898969358483, 2.3086513252383]"
2026-08-25 01:29:50,347ba11564ab341172fd9b16fec5ebe5e786db8a,Saint-Fargeau - Mortier,20117,4,0,4,25,31,"[48.87266656122256, 2.407912909984589]"
2026-08-25 01:29:50,ee9ac82db1c0bcfe388199d7d4ff43a7f5f38f7f,République - Auguste Perret,48009,15,0,15,15,30,"[48.78695280952244, 2.3518594354391094]"
2026-08-25 01:29:50,d23a2f4a523009253117eada40e27f623fc353ee,Jean Moulin - Paul Doumer,31017,7,0,7,13,20,"[48.8622179854695, 2.45533436536789]"
2026-08-25 01:29:50,b01b7dda03b3ab45eb2b85b390fa2a1ed91e796b,Pont De Charenton,44103,8,9,17,0,18,"[48.8179685, 2.4199531]"
2026-08-25 01:29:50,1d7aa03a704640a1f2d57cc75ec8ce4289d56351,Beaumarchais - Pas de la Mule,4107,0,8,8,10,18,"[48.855580507049, 2.3684333673431]"
2026-08-25 01:29:50,3603ec92cf3c72c644b798f3a2943391cdb990bc,Pierre Brossolette - Adolphe Pinard,22403,2,4,6,17,24,"[48.821772279548, 2.3131558299065]"
2026-08-25 01:29:50,c2db28468247b6e2cc6526d24821e97d2e4a3e50,Véron - Lepic,18114,9,0,9,11,23,"[48.885261233953, 2.3345598578453]"
2026-08-25 01:29:50,b9bb81668201db63c8feffb2dad4e42eb1a78945,Place Marcel Sembat,21017,2,28,30,25,56,"[48.833288650307, 2.2441747784615]"
2026-08-25 01:29:50,265a7bf543b66b3a769d015d82d87b35f4a214fb,Gare de Nanterre Ville,92005,19,3,22,21,43,"[48.8950295, 2.1957932]"
2026-08-25 01:29:50,847f90bed8dd26f033b750975cd39c99d13e1e76,Senard - Charles Blum,22103,0,5,5,19,24,"[48.857315824799, 2.221091687679291]"
2026-08-25 01:29:50,58147e7dd68c227af49fc2d459c1c84862787f02,Pré Saint-Gervais - Lilas,19113,12,1,13,15,28,"[48.877870626988, 2.3959073424339]"
2026-08-25 01:29:50,90831881c35d3419d777bb7a14f3864413a1b575,Gergovie - Vercingétorix,14128,3,1,4,25,29,"[48.83453413883994, 2.313154547426182]"
2026-08-25 01:29:50,a05ce49787f0761818ca833a3cde409c04b0a5f9,Guy Môquet - Saint-Ouen,17001,13,11,24,26,53,"[48.892777719023975, 2.3270335793495183]"
2026-08-25 01:29:50,07730520ec29685ee0c1ff5a1605b7a089193a01,Bois de Vincennes - Porte Jaune,12129,2,5,7,28,35,"[48.838751246689455, 2.4605489149689674]"
2026-08-25 01:29:50,03004e554061c75e967d213f874dcddb8dd97146,Place du Président Salvador Allende,35004,5,4,9,50,60,"[48.897307310356055, 2.40079153681279]"
2026-08-25 01:29:50,a71ad57ded6025d9f62c89dbe102a349b2cca08d,Paul Klee - Place Augusta Holmes,13020,3,5,8,35,43,"[48.838946417408025, 2.3704235663952966]"
2026-08-25 01:29:50,541c420469b370bb1b7205d28b42e68ced17d187,Constantine - Université,7010,0,5,5,58,65,"[48.860680473738, 2.3148481955842]"
2026-08-25 01:29:50,e6200be6fedce339a400df2d8e81cc54f8e1c916,Santé - Arago,14113,2,8,10,28,38,"[48.83507657562064, 2.3415737262044938]"
2026-08-25 01:29:50,9f2d9610f7403646f2e4fafb39abebffa82a0c94,Averroès - Aimé Césaire,35015,9,4,13,2,19,"[48.91405323432864, 2.412636950612068]"
2026-08-25 01:29:50,b231631f2682f5bd190e0dca5fe9945133155df8,Paul Barruel - Vaugirard,15019,5,5,10,27,39,"[48.84014918546239, 2.3044332861900334]"
2026-08-25 01:29:50,3966f0bf09e0fe25ef9ff61924296f4287227365,Evariste Galois,20203,3,0,3,18,21,"[48.873341356228, 2.4133544409574]"
2026-08-25 01:29:50,3b66021af5cc32c14ea9a659272cf0efda69443c,Commandant l'Herminier - Gallieni,20004,6,4,10,7,17,"[48.847040552603, 2.4160453677177]"
2026-08-25 01:29:50,3efef8cb981bc99061cdaa1c3b4329add49172df,Pyramide - Parc Floral,12125,7,8,15,33,50,"[48.837442, 2.440452]"
2026-08-25 01:29:50,a3fb7fe26b807b1878afd99a4b151f2c75fd29f8,Demi-Lune - Aristide Briand,31026,2,0,2,18,20,"[48.8762638192, 2.4562818557024]"
2026-08-25 01:29:50,24cf3d8e6551ffe6cc87b15018e9407acc24be9d,Cimetière d'Issy-les-Moulineaux,21316,3,0,3,21,24,"[48.817699773925, 2.2609312087297]"
2026-08-25 01:29:50,01ceb33ec4a7713ac77cb3139bfe711c4c0fdeef,Athènes - Clichy,9036,2,1,3,15,20,"[48.878113787876, 2.32956021945824]"
2026-08-25 01:29:50,113b0b97d9aef8eaa89f7b176bd0ace97a7a65dd,Stade Georges Carpentier,13117,1,4,5,35,40,"[48.820482438381, 2.3668321967125]"
2026-08-25 01:29:50,cd6ac65b76e9d2ba248a0876aa9ec76b884baeee,Pierre Demours - Laugier,17029,7,22,29,6,37,"[48.8813072, 2.294846]"
2026-08-25 01:29:50,f7979cadddbb0f1b4abf582233ee5d27fc2d20ac,Neuilly - Petit,21118,3,5,8,7,16,"[48.898965361341254, 2.29627937078476]"
2026-08-25 01:29:50,882984ad709384d1f24b46e207b9d3932ed39055,Censier - Santeuil,5034,0,25,25,42,69,"[48.840658921385234, 2.3537524044513702]"
2026-08-25 01:29:50,1dfd34c832f4431b8bf5d4b6c2f5649693249026,Cours de l'Ile Seguin - Parc Billancourt,21029,1,7,8,20,29,"[48.82714055843935, 2.234234511852265]"
2026-08-25 01:29:50,bee1f75ffc2d92a64c40d8e38ba6c8a271183b2f,Botzaris - Crimée,19025,11,4,15,6,21,"[48.87959698690176, 2.3887913337477067]"
2026-08-25 01:29:50,703726c3233a938cf8f2ecfc040fe2a809ce0259,André Maurois - Joseph et Marie Hackin,16003,0,3,3,24,29,"[48.8778983, 2.2789591]"
2026-08-25 01:29:50,0c5e32f7c18f49af2e75c58f5f58aae7b75e30f8,Pelée - Alphonse Baudin,11103,7,12,19,18,38,"[48.8600265, 2.3710541]"
2026-08-25 01:29:50,d7079827bc62fedb44466a730f660c2258b905ba,Mairie de Neuilly sur Seine,22013,4,4,8,23,31,"[48.884947287658, 2.2677031159401]"
2026-08-25 01:29:50,8e894a22935b6db14f76ce14c9d39ef312f16e81,Louis Blanc - Jemmapes,10110,2,0,2,27,31,"[48.879330755297, 2.3684485629201]"
2026-08-25 01:29:50,1ab98b7c6b0ddf779cf7c4d04d1f01c3500cc7dc,Chancé Milly - Cimetière Communal Sud,21115,11,10,21,10,32,"[48.89687189382465, 2.303922325372696]"
2026-08-25 01:29:50,09622bd8102af978f9a7c1652248eacb691364ef,Belleville - Couronnes,20039,11,1,12,38,50,"[48.868831082877, 2.3809862136841]"
2026-08-25 01:29:50,89e5dd1414a6a97fd1898d52da799b3a680cb162,Marcel Yol - Jullien,21708,5,0,5,25,30,"[48.82537611802588, 2.287235018058929]"
2026-08-25 01:29:50,49922dc5e4a63e2b1b815ed8880e2919005737cb,Victor Cresson - Telles de la Poterie,21307,13,10,23,8,31,"[48.822698842979, 2.2686498274964]"
2026-08-25 01:29:50,621f946d863ecffc6b01695e3723eee3d8d8244a,Hôtel de ville de Fontenay-sous-Bois,41210,17,2,19,1,20,"[48.84949749106274, 2.4750164151191716]"
2026-08-25 01:29:50,fd77e19f708e42f052b18ef441d55f8cb0c4bdef,Gare SNCF Vanves-Malakoff,21702,9,1,10,40,51,"[48.819002163836444, 2.292150005103606]"
2026-08-25 01:29:50,a9f4d9fefa0dfbbef99d8d5a59ecf11da5ca9e2f,Pierre Levée - Fontaine Timbaud,11109,3,12,15,7,23,"[48.86632723374305, 2.3711163550615306]"
2026-08-25 01:29:50,eef930acd00a2fac3b857c81a4a0a74c140cdd69,Paul Vaillant-Couturier - Gare RER,44002,5,17,22,3,26,"[48.80108159069614, 2.402097210288048]"
2026-08-25 01:29:50,7dd7cd15316b680b9e872b4d6e26978bde52d1a2,Raffet - Montmorency,16115,3,1,4,36,42,"[48.85258670812, 2.2629252456151954]"
2026-08-25 01:29:50,9e7fc5467d6f97b0c7f0b216f56e22c98289b736,Ivry - Simone Weil,13039,2,0,2,16,18,"[48.823283932030755, 2.3659095168113713]"
2026-08-25 01:29:50,bf537be8ae673380151227e7b757ecd9e60143e3,Cimetière de Boulogne-Billancourt,21031,7,17,24,16,40,"[48.830764, 2.252024]"
2026-08-25 01:29:50,0ad4428aa88f185fc9b83ce2e3834fc26bf75572,Jean-Pierre Timbaud - Vaucouleurs,11032,7,16,23,23,47,"[48.867937, 2.377885]"
2026-08-25 01:29:50,e8ef6af0e907cb1b8875710bd31a0feae6bc38bb,Vaugirard - Verrerie,21955,7,15,22,4,26,"[48.820881336842, 2.2367222622987]"
2026-08-25 01:29:50,4d617bfd4faf047dd8e624ba14ae39012eb8b3c1,Bruneseau - Quai d'Ivry,13121,4,22,26,20,46,"[48.824945637583, 2.3885661363602]"
2026-08-25 01:29:50,2b8a4d925c9efb2456d1584e4020292d02399412,Martignac - Grenelle,7203,0,11,11,13,25,"[48.858278471985, 2.3187066793468]"
2026-08-25 01:29:50,c60c7677fbd889bf372f59297b6b4f7daf1e082b,Square Alban Satragne,10018,5,3,8,21,30,"[48.875388227727, 2.3559567333359]"
2026-08-25 01:29:50,3e02c5eaa2f2412c8917c60b06d808f4353f5f9a,Mairie de Romainville,32301,5,0,5,11,17,"[48.885109, 2.435679]"
2026-08-25 01:29:50,857491bbf82513da06cb890cbf17df23335a4d1a,Place Fernand Forest,15072,4,14,18,14,33,"[48.849269143836, 2.281863167882]"
2026-08-25 01:29:50,2e30467ba789157a1ba87f6b02f7eca66f2295d6,Marignan - Champs-Elysées,8013,0,4,4,35,40,"[48.869495661232, 2.3066138139003]"
2026-08-25 01:29:50,0367e50c8bb596490687f7125ae48ab37ee485c6,Jean Calvin - Tournefort,5014,4,2,6,21,28,"[48.84158856925782, 2.348489575088024]"
2026-08-25 01:29:50,06316cbefdb528b38d2bd96b2bb9b2bc7470c21a,Buzenval - Avron,20007,15,4,19,31,50,"[48.851617204999, 2.4015135973077]"
2026-08-25 01:29:50,4c5187f1448d267ad8fc8b2bcc88fb0ee20f5f10,Porte d'Italie,13033,5,0,5,8,13,"[48.817161987718954, 2.360236309468746]"
2026-08-25 01:29:50,4c71d43021f84607566606555f73fdaee66b0a12,Charles Gide - Fort de Bicêtre,42701,5,2,7,23,30,"[48.8071937956922, 2.353984415531159]"
2026-08-25 01:29:50,17e6e67020dd7a58af9817d72db9054a426cba7c,Gare Montparnasse - Edgar Quinet,14101,0,0,0,32,33,"[48.841487851079, 2.3233232282801]"
2026-08-25 01:29:50,1dc7b4a9821e5f94c2667c549bfe44b27e680a12,Place de Lévis,17015,6,10,16,28,48,"[48.883546851533254, 2.3131933808326726]"
2026-08-25 01:29:50,929f71924f568c5915365a5f6098bc99cae13f97,Théâtre de La Garenne,22501,5,1,6,13,20,"[48.905658361454, 2.2345951981176]"
2026-08-25 01:29:50,17b0a55e7e22a07b916c2cb2c2ea3ae5e3e32501,Place de l'Insurrection d'Août 1944,42003,16,12,28,2,30,"[48.81477852751594, 2.398074567317963]"
2026-08-25 01:29:50,4a862bbb0dd29662e38ffd1b523bebf7bbd1c530,Hôpital - Campo-Formio,13011,2,3,5,5,11,"[48.835405, 2.358218]"
2026-08-25 01:29:50,febee8bc8791a77bae86b01c9c78bac8644da784,Lycée Saint Exupéry - Juliette Savar,40009,15,6,21,9,30,"[48.783021513972, 2.4637357216879]"
2026-08-25 01:29:50,57383eb83c320c7468f492b9e60cdc5ca0acbacb,Porte d'Asnières,17023,5,10,15,21,36,"[48.89035817610495, 2.3036286234855656]"
2026-08-25 01:29:50,ac8f2988dcabee592ce3926f80cba40d94d5e588,Gaston Tessier - Rosa Parks RER,19108,8,2,10,27,37,"[48.8963765, 2.3743692]"
2026-08-25 01:29:50,df66b6b158664d02ae6994ff8df9172f05d6812b,Camille Groult - Guy Môquet,44007,5,11,16,6,22,"[48.787482746521306, 2.3976725712418556]"
2026-08-25 01:29:50,db9f0377eed2bfc2af457473a699de1b758016db,Jacques Kellner - Saint-Ouen,17003,13,6,19,24,45,"[48.895809485802886, 2.327897409164145]"
2026-08-25 01:29:50,8247d2561fa210cdb90c92a6af955f3df20fd7e2,Estienne d'Orves - Henri Ginoux,21204,7,5,12,19,31,"[48.815388220397274, 2.320886790760933]"
2026-08-25 01:29:50,2fc10de74563a40fee984f6bf22b6f763bf95521,Place de l'Europe - Quai de Bercy,42209,5,9,14,3,17,"[48.82529858840266, 2.3945679143071175]"
2026-08-25 01:29:50,2e820e6bcfae0dc805c704354a7cd55a9df86e2f,Louis Pasteur - Albert Petit,22206,4,2,6,25,31,"[48.796261, 2.317289]"
2026-08-25 01:29:50,507d161a1ce135456487afc76250246ea1c4f37b,Colmar - Victor Hugo,25001,0,12,12,19,32,"[48.88652251096166, 2.173960916697979]"
2026-08-25 01:29:50,8f832afd50bb490981bd7473dd7141b04cac562e,Place de la Gare,47001,16,30,46,0,46,"[48.80253358011283, 2.4275037646293645]"
2026-08-25 01:29:50,1e10b76ea798803c21fa20ace13545cdcccfc8d9,Place Mongolfier,44101,8,4,12,26,39,"[48.815160030060376, 2.4592879414558415]"
2026-08-25 01:29:50,4af3bc0393702b5a8cc28c8deafbb9ae943c5159,Italie - Jardin Joan Miro,13032,0,0,0,26,26,"[48.81990914045756, 2.3592948541045193]"
2026-08-25 01:29:50,097fde7a1a468084314b48fb82e9f44e0a29fd69,Javel - André Citroën,15064,3,37,40,2,45,"[48.846276485475, 2.2786368057132]"
2026-08-25 01:29:50,2527cf1505b5a2f2631196b6a7899d7c39e4c4b5,Jean Moulin - Place Victor et Hélène Basch,14010,5,1,6,32,41,"[48.82764910241, 2.3261967301369]"
2026-08-25 01:29:50,63ca211d38b4e337a5d7ae16c4c62af71dd580ce,Paris - Laitières,43001,10,0,10,12,22,"[48.846302741513, 2.4207553267479]"
2026-08-25 01:29:50,b867c524156e2242094ae34d65a5fbf972c40a9f,Cimetière de Montmartre,18003,8,0,8,34,43,"[48.886472466142, 2.3328901827335]"
2026-08-25 01:29:50,025b94b164f64895df83ef7f949fa722598f1512,Lucien Lanternier - Le Luth,22303,2,21,23,3,27,"[48.93159430558871, 2.2889783978462224]"
2026-08-25 01:29:50,dbbec55781591600f5d4a3e5587f4a71fd8fe68d,Mairie de quartier du Plateau - Mont-Valérien,92001,7,1,8,11,20,"[48.8799933, 2.2072437]"
2026-08-25 01:29:50,b1f2143ed5a0c5dbd11c2cc4f19917ca0c53dddc,Pergolèse - Malakoff,16002,3,6,9,27,38,"[48.87521088779225, 2.2842781618237495]"
2026-08-25 01:29:50,25f0cc2a970c2f97c8b7ff3a02aa705d328ec439,Vaugirard - Pasteur,15004,0,0,0,21,21,"[48.84040868803496, 2.3154367133975033]"
2026-08-25 01:29:50,599a950522f9a2307cf1214576fcb1a83c5ec318,Voltaire - Anatole France,23010,3,2,5,22,27,"[48.891999360257, 2.2842627391219]"
2026-08-25 01:29:50,af8ca960aea7e1fc68a73bc8a5d5e99ba2ead987,Square Louise Michel,18006,4,3,7,29,36,"[48.884687354509, 2.3441386967897]"
2026-08-25 01:29:50,9602f4550157f6cc823e275a8aed3ec4836dd202,Place Jeanne d'Arc,13044,13,7,20,16,36,"[48.829575, 2.369126]"
2026-08-25 01:29:50,93413b76a513482116205090f081151b6dde16c8,Bessières - Porte de Clichy,17108,0,3,3,27,33,"[48.89611762451474, 2.31790903955698]"
2026-08-25 01:29:50,82fe363c7c8a6a1ebe04d5eaa1e059e2dc703781,Place Edmond Michelet,4020,1,2,3,20,23,"[48.860134890542, 2.3500636965036]"
2026-08-25 01:29:50,a99f4265cce5bfbf358537db58394d7cdbff687d,Paul Vaillant-Couturier - Victor Hugo,23004,2,3,5,30,36,"[48.89819702263572, 2.293848017974069]"
2026-08-25 01:29:50,025b846ef4e284101eca981dc74f85c96bc1aa89,Place du 14 Juillet,22408,4,4,8,14,22,"[48.819266959525, 2.3011998832226]"
2026-08-25 01:29:50,f0511db5110eca53e9143c214b70796d867a6f0f,Estrapade - Ulm,5012,2,2,4,12,16,"[48.84512772828, 2.3454568170362]"
2026-08-25 01:29:50,a5eaaabf1f8418288984663faed0d9bc06cba14e,La Jarry - Place Diderot,43010,4,7,11,14,25,"[48.849726940367, 2.4520137906075]"
2026-08-25 01:29:50,540549fbd9c8d2933fb37122a037cc35bcb74033,Place Lafayette,21306,2,15,17,42,62,"[48.829654975522, 2.2638675570488]"
2026-08-25 01:29:50,733c3cbc5dbd42acc81ad3ef13b6b4f4da9f7335,Douai - Pierre Fontaine,9027,2,0,2,21,25,"[48.882291011481, 2.3332412168384]"
2026-08-25 01:29:50,dffea866f87454ab991eb5146684f011fce9f907,Charles Tillon - Cimetière Communal,33015,9,9,18,11,30,"[48.91844023641836, 2.3935630917549138]"
2026-08-25 01:29:50,1374205e4b3de710a609073956840b4da500dd56,La Motte-Picquet - La Tour Maubourg,7017,9,21,30,9,40,"[48.856926701847, 2.3096215831203]"
2026-08-25 01:29:50,a4e03110f5aaf2525ab4d7ce594dd3728f252ef3,Maréchal Joffre - Verdun,41205,6,0,6,14,20,"[48.85385, 2.470307]"
2026-08-25 01:29:50,c6fa3749b2d0f4be011da7fea2fca3fd63ca4e85,Île de la Jatte,22015,10,2,12,10,23,"[48.894036161302104, 2.2666339203715324]"
2026-08-25 01:29:50,6d5796384aee08a4ac2b997152a551f991bcdf1f,Place Saint-Just,44005,14,5,19,2,22,"[48.790379518724265, 2.3895226791501045]"
2026-08-25 01:29:50,23fc9db905e4cc337a438ebcc05d58c49568ad32,Toqueville - Cardinet,17119,4,5,9,23,33,"[48.88490187110713, 2.3109393194317818]"
2026-08-25 01:29:50,9f3946eaf175fbde4d75d6913ee08b82453c5be7,Cambronne - Villa Croix Nivert,15011,1,30,31,31,62,"[48.845847561366, 2.3017574474216]"
2026-08-25 01:29:50,f761e953d536783d83b4e8958fbfd2e76eaabb4c,Placette Grégoire Collas,51002,10,11,21,3,25,"[48.94342014002797, 2.2487476095557213]"
2026-08-25 01:29:50,aae374572ccf555e6f88d203b085b8e0624e3450,Porte des Lilas - Faidherbe,32601,6,0,6,32,39,"[48.87861855668978, 2.4120327830314636]"
2026-08-25 01:29:50,7ae2437cc44405a04590de1be19d3988356aef14,Fort d'Aubervilliers,33016,8,2,10,12,22,"[48.91502382370325, 2.4035281687974925]"
2026-08-25 01:29:50,e6e86b3e5d883b503c4f2e42d06525a479c85762,Gare du Stade,27005,17,2,19,0,20,"[48.9312676, 2.2603778]"
2026-08-25 01:29:50,5831e6f646cb4cf127a27ca08976b5284fadc65b,Balzac - Olympes de Gouges,44016,5,6,11,16,28,"[48.778503324868, 2.4006786569953]"
2026-08-25 01:29:50,4d265257b9662f68be296ded4859f88b20697597,Arsène Houssaye - Friedland,8201,19,3,22,7,29,"[48.874510616163, 2.2994716674148]"
2026-08-25 01:29:50,99775a945ae07a8566359b5344f665bf734dd49a,Londres - Place d'Estienne d'Orves,9102,0,5,5,20,25,"[48.876693805756986, 2.3305362090468407]"
2026-08-25 01:29:50,af7e81322ff7cc4eaeaa4edc0c7e9e7e1a8f0c05,Place Nelson Mandela,92006,2,2,4,25,30,"[48.897874318180556, 2.2182820737361912]"
2026-08-25 01:29:50,51a5dbaf0149890d6137309168f8083bea3827ed,Glacière - Soeur Catherine Marie,13516,7,13,20,20,40,"[48.829522989420596, 2.343570403754711]"
2026-08-25 01:29:50,0df8ac7038e3e12b603b039613abe18c63a84270,Larue - Parc des Sports,45504,2,7,9,21,30,"[48.762769890152, 2.3378724861293]"
2026-08-25 01:29:50,8ac0e78e11b0e75fdee2714607105a92553bce30,Madagascar - Meuniers,12035,16,31,47,0,47,"[48.83460464474706, 2.3970650508999825]"
2026-08-25 01:29:50,3725c7e90025e516a3bbde22e973f5bda8cf589f,Marché Saint-Quentin,10021,1,4,5,9,15,"[48.877356057652, 2.3545114456374]"
2026-08-25 01:29:50,11cfe9ddc04b3b38b01bdee0e5219fb12723bf8c,Buffon - Jardin des Plantes,5115,1,6,7,22,30,"[48.842668466104875, 2.3618587106466293]"
2026-08-25 01:29:50,01be88c5261b13b0a51ff284b2a91c23db614d85,Champs-Elysees - Bassano,8116,0,0,0,25,25,"[48.871811807816, 2.300238981843]"
2026-08-25 01:29:50,00457000cf4cd367efeb35e6531e6195d775a688,Charenton - Prague,12101,1,10,11,15,26,"[48.848175129981, 2.3763584494312]"
2026-08-25 01:29:50,66b1cab2b88a02c1ea8eefced2347f432414a6fb,Esplanade du Foncet - Camille Desmoulins,21319,2,21,23,4,28,"[48.827090233495, 2.2606857866049]"
2026-08-25 01:29:50,414699b4d2e599ad53019f236c2e540f9fc55841,Godot de Mauroy - Madeleine,9034,1,0,1,34,36,"[48.869789, 2.326347]"
2026-08-25 01:29:50,43785c6c967fdcd72d3216fcd8cd4d909b8af00d,Charentonneau - Maison Alfort,47009,11,16,27,2,28,"[48.809972406542, 2.443241664773]"
2026-08-25 01:29:50,9e0c3fd749ed6badd78bbe5e533fe51fa6113f1b,Barrault - Place de Rungis,13206,1,41,42,7,49,"[48.822658791556, 2.3467585146383]"
2026-08-25 01:29:50,2449d9ed8b71940cb18ee5392c27d5fac3a9ca71,Hôtel de Ville de Sèvres,23102,11,12,23,9,32,"[48.824363561289, 2.2131047397852]"
2026-08-25 01:29:50,9b6a613c9420fab7f0b602b91f409d252c3a54e1,Marché Saint-Germain,6022,1,18,19,1,21,"[48.85165625855281, 2.335500307381153]"
2026-08-25 01:29:50,a43f24fd6967f84784684aaf7bb4e8f346380361,Cherche-Midi - Hôpital Necker,15006,0,0,0,37,38,"[48.84461063309956, 2.317914068698883]"
2026-08-25 01:29:50,8dc3199ca7e60dc87ae33829fddffaccc34cc4db,Leredde - Tolbiac,13052,4,12,16,26,44,"[48.82887629664, 2.3744382709265]"
2026-08-25 01:29:50,c2ee5d284aa8a8ed721a69ecf868ec4990282bce,Gare RER - Malleret-Joinville,41403,12,5,17,2,20,"[48.802936, 2.42531]"
2026-08-25 01:29:50,1de36d51222a3a390a528107c7c410341d10891d,Condorcet - Turgot,9007,9,2,11,9,20,"[48.87985155789093, 2.345232367515564]"
2026-08-25 01:29:50,af989dc43f5706e8fd1e4c6a27455770e52b2b43,Mairie du 14ème,14032,9,13,22,10,32,"[48.83254578123, 2.3254923149943]"
2026-08-25 01:29:50,1efbd2aace9f5f9aac9bcae8ec4db5963bb0a358,Place des Droits de l'Enfant,14011,14,8,22,17,39,"[48.8274804, 2.3319217]"
2026-08-25 01:29:50,d1c57f31eafd49842f040b499291b055b8a8ea55,Saint-Benoît - Jacob,6002,3,6,9,14,23,"[48.85545136013941, 2.3334722220897675]"
2026-08-25 01:29:50,0ac2bf241b1378d83dddc93e73a4f14b422efdec,Didot - Place de Moro-Giafferi,14031,12,2,14,24,38,"[48.8337, 2.3215]"
2026-08-25 01:29:50,6fb650f54942965291b8286a246e2bb4c308a991,Landy - Heurtault,33012,12,6,18,9,30,"[48.915096534520316, 2.375951372087002]"
2026-08-25 01:29:50,ef464de0196513d821214929947637275c7724ef,Favart - Italiens,2013,0,0,0,16,17,"[48.871446353921, 2.3382901058508]"
2026-08-25 01:29:50,1bef277ffa6183d4664a4719be4d3469b79b8f85,Villiers - Batignolles,17024,2,3,5,18,23,"[48.881252538461, 2.3165384307504]"
2026-08-25 01:29:50,f68a498907e22797f518a8b2bef16e9648979bf0,Gare du Nord - Saint-Vincent de Paul,10033,5,2,7,15,24,"[48.880955741648, 2.3524305148385]"
2026-08-25 01:29:50,0e88f3b63959ae6d8370b3d0699c1e0536eec506,Place du Général Leclerc,43201,2,1,3,19,22,"[48.76529107158, 2.3926565092808]"
2026-08-25 01:29:50,be53862479247c7a57e3127e0c9a98a887cffa9e,Jardins d'Eole,18039,6,2,8,11,20,"[48.8869703, 2.3668488]"
2026-08-25 01:29:50,276ccf167a037d60114086119da18da4bb85a1da,Université Paris Est Créteil,40006,18,3,21,21,43,"[48.787714467944, 2.4461909509055]"
2026-08-25 01:29:50,2aa49962d1a111948be5ddbc65df15fe459d92b5,Porte de Bagnolet,20022,3,16,19,14,33,"[48.864707139122984, 2.408344637349607]"
2026-08-25 01:29:50,e54a316898ed1c5392c2c3fab5764cd0c7e25ebd,Reuilly - Place Felix Eboue,12036,4,9,13,29,42,"[48.84030274499962, 2.394630398715453]"
2026-08-25 01:29:50,50f9a712287cf7b11c1929684d573d474af9fee2,Plantes - Moulin Vert,14026,8,5,13,32,45,"[48.83005755305626, 2.3232302069664006]"
2026-08-25 01:29:50,51a3cd4137d73f974b7be204ac431ce938a30039,Charles Frérot - Albert Guilpin,42505,8,7,15,13,30,"[48.8155839183714, 2.3505029082298283]"
2026-08-25 01:29:50,41af449c58fa63d704856d24a81be9f7150777cb,Place de la Nation - Picpus,12015,6,10,16,20,36,"[48.846821681548, 2.4001130461693]"
2026-08-25 01:29:50,1f0641de6cbcf2e434d39571f846eb94ea54fd3b,Gare RER les Grésillons,26004,2,15,17,1,22,"[48.919898633572764, 2.31458459136273]"
2026-08-25 01:29:50,b3b26cd9923d55ecb04219dbb21a208143760e72,Ecoles - Carmes,5007,0,0,0,36,36,"[48.848904447989, 2.3473486304283]"
2026-08-25 01:29:50,43a56f24596e9b3270a6528b3f9353393b603343,Crevaux - Bugeaud,16105,3,3,6,24,31,"[48.87080942867, 2.2811490076919]"
2026-08-25 01:29:50,29416f76b8ae28c8d6243a9447f44a228ddfcb58,Porte Molitor,16036,6,18,24,34,60,"[48.845247635114, 2.256901524961]"
2026-08-25 01:29:50,e22f957c661386ae9fa813346ec2fbd7783ba7a8,Roger Salengro - Général de Gaulle,45002,12,12,24,3,27,"[48.820029010376956, 2.4846760556101803]"
2026-08-25 01:29:50,f9a75f1c0cb0b00dde51fe2003cb80e873a0e82f,Camille Risch - Paul Armangot,44014,2,0,2,23,25,"[48.774703, 2.373685]"
2026-08-25 01:29:50,196d73474628caaf47123112ca01ea18c4c231f5,Mairie d'Issy,21309,13,9,22,18,41,"[48.823767792468, 2.2723111510277]"
2026-08-25 01:29:50,dab656c5bca30d894eb5a0c99bdc39c9c4773f43,Tage - Italie,13208,2,0,2,29,31,"[48.822282643954, 2.3584301877038]"
2026-08-25 01:29:50,4d4a9162fd52c2537314e8ab1c0713f7c650b2c4,Place des Abbesses,18004,2,1,3,9,12,"[48.884542726149725, 2.3386867716908455]"
2026-08-25 01:29:50,dac80c70d411894d9de19204e97690cc5ee64971,Cité Vaneau,7012,1,4,5,20,26,"[48.8542210666207, 2.319614924490452]"
2026-08-25 01:29:50,839ca7e887006f79ffe1cd0aa0cfefc5ab89f343,Pyrénées - Avron,20008,2,4,6,25,32,"[48.853246898211985, 2.405871044529538]"
2026-08-25 01:29:50,d593521668a05183b9a61763af3c9572e4e681d2,Gare de Reuilly - Picpus,12019,3,10,13,15,28,"[48.84267354116789, 2.3972943797707558]"
2026-08-25 01:29:50,2874a0a73a12d0de8de0ffb04cc3f6a4b4429834,Gambetta - Père Lachaise,20024,12,0,12,17,29,"[48.864295696165875, 2.398228667282044]"
2026-08-25 01:29:50,b4b1e71fe408bb2b90409a67a5d59671ccecf71b,Beaubourg - Michel-le-Comte,3010,1,10,11,6,17,"[48.862534941806, 2.3543103039265]"
2026-08-25 01:29:50,5bdbf981565655fc0d8cce57748288de3440f986,Niger - Soult,12156,6,0,6,18,24,"[48.84369906369085, 2.410361237220498]"
2026-08-25 01:29:50,91db11ad0e68be07dd87a732c9c17539c69563ab,Centquatre,19002,10,3,13,29,42,"[48.889333538455, 2.3707854375243]"
2026-08-25 01:29:50,4546a5ece2a247c73d565bb010f381efbdd937eb,Louis Blanc - La Chapelle,10034,7,4,11,8,21,"[48.884008964514, 2.3599335551262]"
2026-08-25 01:29:50,729563cc6154d74fe8f06240f0c14fd4218f8409,Gare Saint-Lazare - Stockholm,8110,2,4,6,22,32,"[48.877127316667654, 2.322417162358761]"
2026-08-25 01:29:50,1ddd71240a171e0951c877dfdfd1c9ac326c61df,Phalsbourg - Villiers,17019,1,2,3,17,20,"[48.88242307900951, 2.3090453445911407]"
2026-08-25 01:29:50,01bebdee75f161c78db3858d1dbf77a36f6bc251,Emile Reynaud - Porte de la Villette,19010,11,4,15,7,22,"[48.90098953630053, 2.3887022584676743]"
2026-08-25 01:29:50,5901f52fb8c0fd923c1a877ef208e1e93ff9912d,Chausson - Gabriel Péri,22301,10,6,16,4,22,"[48.921891003481115, 2.2952306270599365]"
2026-08-25 01:29:50,3e052c1e7da55530c8d8b60f026071d43556d682,Bargue -  Dutot,15132,3,9,12,8,21,"[48.837884, 2.308876]"
2026-08-25 01:29:50,dffb7b37d35bdea6e29f6ba239678944f24b64b1,Place de l'Europe - Alfortville,41405,13,5,18,6,24,"[48.78913702405837, 2.4284800887107854]"
2026-08-25 01:29:50,c86e68389a11ebaf91c3ed1c9e20e27ccb3394d4,Pyrénées - Plaine,20006,4,2,6,6,12,"[48.85026702458, 2.4062821269035]"
2026-08-25 01:29:50,a7ba699211279a5535581c5e7bb0b2b59e124615,Bourse du Travail,10011,0,7,7,8,17,"[48.868976638826, 2.3623438552022]"
2026-08-25 01:29:50,f54d41d82954fd73288d1e3029f35e7f35451986,Maurice d'Ocagne - General Maudhuy,14137,3,2,5,25,30,"[48.82414282524159, 2.3158789426088333]"
2026-08-25 01:29:50,eb84e8da6c7693d93b6e5fbd71269268fa88c4ee,Place de la Fraternité,31709,10,2,12,10,22,"[48.85716405838368, 2.422847449779511]"
2026-08-25 01:29:50,3f8da4b588ade6eb939dd6e9288d627f9fc907a9,Petites Ecuries - Faubourg Saint-Denis,10006,0,20,20,8,28,"[48.872871205898, 2.3542150855064]"
2026-08-25 01:29:50,031182ef7c8ee2923699d1de4699b35864229bd6,Dunkerque - Alsace,10027,3,0,3,15,20,"[48.879355, 2.358379]"
2026-08-25 01:29:50,88d18d903cbd9bda5229cc3ea06ad943a18d233a,Lacuée - Lyon,12002,1,7,8,8,16,"[48.849268481958, 2.3704585433006]"
2026-08-25 01:29:50,5eea9124f105adb3bc5f7ed34f3e273ea84fd83c,Maine - Liancourt,14103,0,1,1,25,27,"[48.835064363954, 2.323731449974]"
2026-08-25 01:29:50,cf0ceee5fc757a23aa4b402534b4ec54295fce56,Beaumarchais - Saint-Gilles,3001,1,18,19,32,51,"[48.8580378, 2.3679352]"
2026-08-25 01:29:50,f203a042d3b3ed14495831d715298aadd0ac0e37,Bosquet - Saint-Dominique,7021,8,20,28,0,28,"[48.858651709526, 2.3037165802346]"
2026-08-25 01:29:50,19faf8f81635ff0861c82f29ab1ef2f4da8e6ab4,Louis le Grand - Italiens,2015,0,0,0,31,33,"[48.870508937204, 2.3340544619393]"
2026-08-25 01:29:50,1d6c2e111d9fe7ce1676b5ccbad4ea63d0dc2581,Italie - Vistule,13209,0,1,1,21,24,"[48.823439332972, 2.3582062304047]"
2026-08-25 01:29:50,c4eede67638821a46dc400d7f45eb2064e77d1bb,Saint-Denis - Réaumur,2003,0,19,19,13,32,"[48.8661116315789, 2.3507790675507594]"
2026-08-25 01:29:50,b2d922640310efb17ff0c24f2db8614110e56f44,Joffre - Aigle,22503,6,0,6,12,20,"[48.904033, 2.245096]"
2026-08-25 01:29:50,e524561ee756cd91dcee46493372f21718479a48,Française - Etienne Marcel,1102,0,18,18,17,37,"[48.864053304653766, 2.347587011754513]"
2026-08-25 01:29:50,a9386243d1b0862f485a4492c8a3985a73fe89bf,Bézout - Général Leclerc,14132,3,4,7,22,30,"[48.82884804502439, 2.3285973072052]"
2026-08-25 01:29:50,55ac9b8b1145e5ab923aafdc1dc012821857979f,Blancs-Manteaux - Archives,4014,3,23,26,2,29,"[48.85941800703, 2.3559471219778]"
2026-08-25 01:29:50,bb816cd68956ca13778a7215b558a96501c25ffa,Montmartre - Etienne Marcel,2005,0,5,5,10,16,"[48.86502194581, 2.3450684401448]"
2026-08-25 01:29:50,c8f070892cdf6e59ce320394675281841a26f050,Hôtel de Ville de Chaville,23702,6,5,11,9,20,"[48.80887149094033, 2.188134044408798]"
2026-08-25 01:29:50,307d0b2748669260d22bc439dc9094c7a695e730,Didot - Mariniers,14022,7,6,13,20,35,"[48.82650543613106, 2.313136198271666]"
2026-08-25 01:29:50,dc452535faabb08764f76089da4b3fd4d52eef4f,Lally-Tollendal - Armand Carrel,19012,4,16,20,8,28,"[48.88270066221072, 2.374717555940151]"
2026-08-25 01:29:50,b785a682a1572dc0b9d01e92ab403c332a542ee8,Adolphe Pinard - Victor Hugo,14023,8,12,20,32,52,"[48.8236825874564, 2.3077843710780144]"
2026-08-25 01:29:50,b97d08ae078780e247a566404147d38a07342f4d,Square Emile - Chautemps,3012,1,12,13,11,25,"[48.867433724231, 2.3536357283592]"
2026-08-25 01:29:50,d7264941ecce5238586e7cec7674d5667ade4197,Haxo - Darcy,20205,4,1,5,17,22,"[48.870493041975, 2.404957212224]"
2026-08-25 01:29:50,e5e45c1d44e1ce7834b343c96a950a4d9e4d6ed8,Fille du Calvaire - Turenne,3003,1,21,22,6,29,"[48.86210505412563, 2.3649600148200993]"
2026-08-25 01:29:50,76497c2e2103998cec6731ad562702d00b201edf,Gare d'Austerlitz - Pont Charles de Gaulle,13125,1,0,1,73,75,"[48.842319830109, 2.3670300096273]"
2026-08-25 01:29:50,208899065794a9fea8945ea97c9d2b9177347747,Eugène Varlin - Place de la Paix,48005,3,1,4,19,23,"[48.792862, 2.363093]"
2026-08-25 01:29:50,df77f7211189b80ad774b44fd7ce31820fff206f,Froidevaux - Boulard,14133,4,2,6,29,35,"[48.835147319625, 2.3294411972165]"
2026-08-25 01:29:50,b7cb1f046243f93e3d3bfc29bcfda6e80395afac,Tiron - Rivoli,4012,0,18,18,9,28,"[48.855692253233, 2.3579058051109]"
2026-08-25 01:29:50,2f49b7768ad2753c8ee5ab274c546a91d93c3622,Verdier - Jean Jaurès,21215,4,2,6,26,33,"[48.81614048711214, 2.3123561963438988]"
2026-08-25 01:29:50,098ca1569235ea81390291ddbb1de0789d063de9,Mairie du Kremlin-Bicêtre,42704,8,3,11,14,25,"[48.81191981537702, 2.3570189997553825]"
2026-08-25 01:29:50,cb2be4a448cd0396e66690859dad156050b3206b,Jean Bleuzen - Square du 11 Novembre,21706,2,7,9,40,49,"[48.8232579, 2.2965213]"
2026-08-25 01:29:50,c6b2affe5d5eb08b3675f2a20672959b0350a533,Place de l'Hôtel de Ville,4017,0,7,7,7,14,"[48.8573314, 2.351458]"
2026-08-25 01:29:50,a9cdbe4cc1344870afdf60365a8f3f1de320a3c8,Bas - Gabriel Péri,26006,2,13,15,13,30,"[48.91585580539625, 2.2948095202445984]"
2026-08-25 01:29:50,0fa4d91843e2d8f2367f4d4fdca431f9b157cd01,Séminaire de Conflans - Liberté,42211,4,3,7,19,26,"[48.823194, 2.404179]"
2026-08-25 01:29:50,c4beff2cdc0771bbb7a9b12d6c4bfb0b5a28be34,Barbès - Monique Maunoury,42026,3,13,16,23,40,"[48.81552718820216, 2.3687169334905405]"
2026-08-25 01:29:50,288870715f2a4a6f8040366fde35903b07e2656d,Hippodrome Paris-Vincennes,12163,14,4,18,24,42,"[48.82048387758518, 2.446271181106568]"
2026-08-25 01:29:50,94c5c18d01b7684c1d6b41bdff9dadd5e21cc33e,Gardenat Lapostol - Franklin Roosevelt,21509,8,1,9,15,24,"[48.871839, 2.222505]"
2026-08-25 01:29:50,83c1cf5914f428928d9f5e8e81df4a13ec8121b9,Jean-Jacques Rousseau - Deux Ecus,1012,0,8,8,13,22,"[48.86297805972131, 2.3414635285735126]"
2026-08-25 01:29:50,95e37c1131b36fc86280e94360042b0996b130da,Place Paul Delouvrier,19130,8,4,12,30,42,"[48.89197621431365, 2.3851288855075836]"
2026-08-25 01:29:50,7c91799753be93c304ec6b9c120a8dfdddcafa14,Square Pierre Lazareff,2004,0,3,3,14,17,"[48.867141720746, 2.3483933508396]"
2026-08-25 01:29:50,72ac82686a3f8167e2cc669555d48e6e1914e38b,Place de la Bastille - Bourdon,4007,3,8,11,23,35,"[48.852364355271, 2.3681089282036]"
2026-08-25 01:29:50,287b1f393b4c723bcd8bafb09db23afc6819ff69,Gare du Nord - La Chapelle,10041,4,0,4,14,18,"[48.884178287286, 2.3561057075858]"
2026-08-25 01:29:50,8118b249719921a88d71b635dad4fd8b00847c79,Commandant Schloesing - Pétrarque,16202,4,1,5,25,30,"[48.861773096259, 2.2838841134601]"
2026-08-25 01:29:50,11b340482d1a260ae9dde43cb82a372bfb4e4a86,Bastille - Beaumarchais,4101,2,4,6,17,23,"[48.853833463852, 2.3685702681541]"
2026-08-25 01:29:50,ac108110c71482bb33e76744a677423c7523c47d,Chaussée d'Antin - Haussmann,9039,0,7,7,32,40,"[48.87243, 2.33359]"
2026-08-25 01:29:50,333a7a63d6ff1477ad32b48c9f0d3bc964d4e9b8,Gare des Vallées,22506,5,4,9,10,20,"[48.913179, 2.257726]"
2026-08-25 01:29:50,e3274cdf7aeb973d6c874f78df59b06554540842,Square Victor Basch,27001,5,3,8,11,20,"[48.914304862261, 2.2289156913757]"
2026-08-25 01:29:50,57693c79a234602ae050366aa64446f858294ebb,Alger - Rivoli,1018,0,6,6,15,21,"[48.864773553495, 2.3294493936128]"
2026-08-25 01:29:50,638f49d67f8e1e1c304ddb8332aa627accc88c73,Place du Lieutenant Henri Karcher,1026,0,22,22,8,30,"[48.863490871724466, 2.3400671035051346]"
2026-08-25 01:29:50,8ab44f6d0b4e24ea6d251de8a55628c397677a1f,Grande Rue - Europe,23101,8,12,20,5,25,"[48.8218104687602, 2.205879874527455]"
2026-08-25 01:29:50,a5b8abc6e670b63eb20d309cf38bf6d212de7dc8,Port - Confluence,32024,5,5,10,15,26,"[48.936093926526, 2.3436167797955]"
2026-08-25 01:29:50,f06c4286603db780247dc0f9f657127c513553d8,Le Goff - Gay-Lussac,5003,2,2,4,31,35,"[48.846102400979, 2.3412207886577]"
2026-08-25 01:29:50,2d36071747d73bfc5a3a85796186909b8e9ce786,Saint-Amand - Labrouste,15040,11,9,20,15,36,"[48.834097274832295, 2.3087677359581]"
2026-08-25 01:29:50,82d26461b36a81c4b6a143ba44351b10106e9638,Gare de Sèvres - Ville d'Avray,23107,4,0,4,16,22,"[48.826262366227, 2.2001516849313]"
2026-08-25 01:29:50,685d90eeef206f4615632b8207849bf02338059d,Saint Pères - Saint Germain,6201,1,1,2,20,22,"[48.853729675265, 2.3300181032703]"
2026-08-25 01:29:50,b468d320202854c0097d9e0605944f1ebdf76f80,Marx Dormoy - Château Sainte-Barbe,22601,15,4,19,3,22,"[48.791782341055324, 2.297856844961643]"
2026-08-25 01:29:50,811f771f0cc189283386f807ab719dcb7526647d,Amédée Huon - Fort d'Ivry,42018,12,1,13,17,31,"[48.805131376899986, 2.388489693403244]"
2026-08-25 01:29:50,e13e69307a880ce58528dbac9e632f040353e212,Guy Môquet - Parvis Georges Marchais,48008,2,1,3,27,30,"[48.79518840095975, 2.35943466424942]"
2026-08-25 01:29:50,ca926e347a484ea8420c2a1cb901681c303e1f2a,Decrès - Alésia,14201,9,5,14,16,30,"[48.832200060759, 2.3139070151575]"
2026-08-25 01:29:50,a4e1e2c7e504fc5e99a81b599be8ccc13647aae4,Gare RER - Canadiens,43403,19,1,20,20,40,"[48.819659244971, 2.4644082766769]"
2026-08-25 01:29:50,b92770e70a32b5a426b042bd039cf03fc0c7e642,Archives - Pastourelle,3007,1,9,10,17,28,"[48.8623615, 2.3595041]"
2026-08-25 01:29:50,ffb1523cfe88fe208419a333ab452b90aac46f27,Résistance - Parmentier,31020,1,0,1,34,35,"[48.85965138131299, 2.436705082654953]"
2026-08-25 01:29:50,69a7f5b54f3a985879bf588297eb4a0a6baab6f8,Arthur Ranc - Hôpital Bichat,18112,1,3,4,21,26,"[48.8978712500682, 2.333521842956543]"
2026-08-25 01:29:50,91cba6e894513384960def0ea19a9539a415761f,Suresnes - Muette à Neuilly,16139,0,0,0,28,30,"[48.868570404348, 2.266000919044]"
2026-08-25 01:29:50,97c22dace71fc578e682cfdabd3aa4cee584f8cb,Cardinal Lavigerie,12113,7,4,11,32,46,"[48.832934193699835, 2.402636749399156]"
2026-08-25 01:29:50,1858fd80898f88b1cddc9b51472e831530497dc3,André Theuriet - Blagis,23042,4,23,27,3,30,"[48.77977325745441, 2.3130525648593903]"
2026-08-25 01:29:50,5a5c814174a6ddf0fa145992d585cb74850a55a4,Victor Hugo - Gare,27006,10,10,20,2,22,"[48.923133952658, 2.2600970417261]"
2026-08-25 01:29:50,9e6acc89fa545d17b77d32663b907ad27df38d93,Place André Malraux,1015,0,20,20,15,37,"[48.863925158727, 2.3356226831675]"
2026-08-25 01:29:50,89c730958c611cdabdf993a59d4e624a08734564,Les Halles - Saint-Eustache,1008,0,9,9,22,32,"[48.86362695901683, 2.342623919248581]"
2026-08-25 01:29:50,1a5fc101aaccff3f8d5778d811ac6a7627cead5f,Danielle Casanova - Opéra,2020,1,2,3,15,20,"[48.867643242297, 2.3333894088864]"
2026-08-25 01:29:50,7474a7dc8e2d033f1f97421264a6760705fdbcde,Magenta - Chabrol,10201,4,3,7,16,24,"[48.876495350882, 2.3560990020633]"
2026-08-25 01:29:50,9723cf037549ec48ee289f59450a2be8675a8518,Vaugirard - Monsieur le Prince,6029,4,6,10,16,26,"[48.848951441614, 2.3411329463124]"
2026-08-25 01:29:50,11d51fa4ba3ea4035b2a733759e747d1e1b5a5c1,Saint-Mande - Picpus,12016,1,5,6,29,35,"[48.845127728278, 2.4015686296482]"
2026-08-25 01:29:50,891382a13f45180599bdfa01683f5a53e09a373c,Quai de Sèvres - Manufacture Nationale,23104,4,21,25,3,28,"[48.828688, 2.22499]"
2026-08-25 01:29:50,106addbe87d24ec629d8e3ce557727550f1cefd7,Silly - Louis Blériot,21011,2,6,8,15,23,"[48.83219045374266, 2.2340199351310734]"
2026-08-25 01:29:50,6a727b547dd9a780ebed2d2c7be765328bc17d02,Paganini - Davout,20140,2,0,2,19,22,"[48.85135, 2.412021]"
2026-08-25 01:29:50,21aee259b480212538667a81da20f12d25902bd1,Gare de Robinson,23303,9,0,9,20,30,"[48.7799259211605, 2.281828634440899]"
2026-08-25 01:29:50,0c1b93e4d09bf0f570b57d8cd72093d61c0dc80f,Sorbier - Gasnier-Guy,20010,9,0,9,25,34,"[48.865217631011, 2.3936596512794]"
2026-08-25 01:29:50,42f3a55234d243d7b493a15205d619531080481e,Gare RER - Maurice Grandcoing,42022,4,2,6,31,37,"[48.813881, 2.392429]"
2026-08-25 01:29:50,0b3618f5291228715f763db9e4bc65596ac56c16,Bagnolet - Place Saint-Blaise,20048,5,3,8,20,28,"[48.85973, 2.40334]"
2026-08-25 01:29:50,ccecdc4069b959d8c3adcdc16a77774fce44da2d,Strasbourg - Saint-Denis,10166,1,0,1,15,16,"[48.869601642433, 2.3542908579111]"
2026-08-25 01:29:50,4ce59b85924c2335ab904a4128f35a69a7430be2,République - Louis Loucheur,45004,7,4,11,25,37,"[48.823549261189, 2.5101865455508]"
2026-08-25 01:29:50,cc05fab168191790408f8be80bdd907914decc60,Londres - Europe,8202,1,0,1,26,27,"[48.878618556803, 2.3248164693922]"
2026-08-25 01:29:50,53776841743d79b9b40f69e4398dbab4c2fa87b3,Jouffroy d'Abbans - Malesherbes,17020,5,8,13,13,27,"[48.8850134, 2.3070717]"
2026-08-25 01:29:50,080160db3f8403d718c995e6e4202e43b0db1c1e,Les Blagis,23301,12,7,19,7,27,"[48.785205, 2.302526]"
2026-08-25 01:29:50,2e351a4987a0e1e7951b7efe2b1e1112b61cf405,Béranger - Félix Faure,23206,5,1,6,22,28,"[48.80404828621485, 2.2848263373723436]"
2026-08-25 01:29:50,9c3a399d6bb60d79e0f91a0448f40c730fc0bddb,Bichat - Grange aux Belles,10202,4,14,18,12,30,"[48.873688, 2.365015]"
2026-08-25 01:29:50,70cd43562b73a130347297ac9bb5e6e1bd971c6b,Stéphanie Bouvard - Gambetta,42030,1,23,24,5,30,"[48.814548138856, 2.4024386957288]"
2026-08-25 01:29:50,4d97f146b08ed61ad5e3de53c384763dbbfc0fec,Saint-Augustin,8018,0,18,18,25,45,"[48.876200974701, 2.3197862505913]"
2026-08-25 01:29:50,d4ca2c5bd1803d95bf88a42383f4618eb0c2f239,Mûriers - Père Lachaise,20142,10,0,10,10,20,"[48.864130509668044, 2.39164982067019]"
2026-08-25 01:29:50,6234dd57a5a35710296c004d6854fcec7639681d,Martyrs de Châteaubriant - Jean Grandel,51008,21,1,22,13,38,"[48.951432, 2.211214]"
2026-08-25 01:29:50,052782fad89f93a5aba96abed0706992adf0f736,Ney - Porte de Montmartre,18135,1,1,2,22,24,"[48.897918, 2.3364872]"
2026-08-25 01:29:50,617b06d56184972a33891067a322ae0afd9e7f5a,Place Charles de Gaulle,24101,8,1,9,13,24,"[48.826073335699, 2.1894485725692]"
2026-08-25 01:29:50,e5be5eb7a9c0edb4ebb4c0eb04178d5c4f991637,Belleville -  Pré Saint-Gervais,19121,6,0,6,29,35,"[48.875565910073, 2.3930460959673]"
2026-08-25 01:29:50,8a506b5557396d2d0f80ac6ae1e5b023fc0d7b27,Bobillot - Tolbiac,13024,13,13,26,7,33,"[48.8255961335041, 2.350204177200794]"
2026-08-25 01:29:50,3306b3504b63cd73ad3240300dda54f09534978f,François Ponsard - La Muette,16021,4,1,5,18,23,"[48.8583666, 2.2744515]"
2026-08-25 01:29:50,9542e6310a642259cae506cfda8b50f6599e5502,Porte de Versailles,15203,3,3,6,22,28,"[48.832324016657, 2.2875617349045]"
2026-08-25 01:29:50,f018dff04fcd2259d172a3e99697ad36cf714785,Maxime Gorki - Paul Vaillant-Couturier,48006,4,14,18,2,20,"[48.79673508795443, 2.3683342337608337]"
2026-08-25 01:29:50,0f8f3218eec503600f9c429a7a2b8937b1f9b367,Francoeur - Caulaincourt,18016,7,1,8,23,34,"[48.8899944409612, 2.342529706656933]"
2026-08-25 01:29:50,41940372b82361960e26fd09f4e103dd0a2225d6,Roquette - Auguste Laurent,11022,2,13,15,1,16,"[48.858001906023, 2.3817977026508]"
2026-08-25 01:29:50,303d692a667294e65df0ce88b7b5150cd890464d,Lecourbe - Convention,15053,9,27,36,10,46,"[48.83923319241899, 2.2915197908878326]"
2026-08-25 01:29:50,70dd4d1a0d2c8e63051e4aee45abe0a65b57b066,Dôme - République,21022,6,11,17,8,25,"[48.832681, 2.250257]"
2026-08-25 01:29:50,5b288c8ff6722a4c53e762e21c234479e20de56d,Franquet - Labrouste,15041,17,9,26,11,37,"[48.83287705011431, 2.306762784719467]"
2026-08-25 01:29:50,d48f507ee8daa8d4081c65280ce7c8b4c3cbde6c,Place de la vache noire,41103,5,1,6,18,25,"[48.81040517059777, 2.327060401439667]"
2026-08-25 01:29:50,886efcb18c05bf37019e61a962c83abedf385704,Félix Faure - Convention,15069,6,27,33,11,44,"[48.841249336041, 2.2883866008495]"
2026-08-25 01:29:50,fe21043f5df7231b77ecc06a38b233dbfecff9f8,Buzenval - Vignoles,20012,4,7,11,5,17,"[48.853858171688, 2.4000040814281]"
2026-08-25 01:29:50,8e76ca57973c8c4b72f28619b18c1e17ce280e23,Général De Gaulle - Vivien,41605,13,8,21,1,22,"[48.83607420090204, 2.4189166724681854]"
2026-08-25 01:29:50,da58816f5f7e7291f032e5332e06f301f0ddc153,Bercy - Traversiére,12102,3,1,4,26,30,"[48.846192642574, 2.3703800886869]"
2026-08-25 01:29:50,b3fff50b5c39e96fac6d9a207b9b1ff5dab04250,Pierre Joseph Desault,13120,5,14,19,0,19,"[48.82110230800372, 2.378775402903557]"
2026-08-25 01:29:50,c40f7843c1ca509c0438712059c291df71fec418,Dom-Pérignon - Gravelle,12119,10,3,13,37,50,"[48.825481574435, 2.409880310297]"
2026-08-25 01:29:50,62db4b75ac654c131e005908e18f0af8a9d6a665,Sydney Bechet - Jacques Gautier,23803,5,0,5,14,20,"[48.844373437692, 2.1882475733068]"
2026-08-25 01:29:50,084e65c2e923fc49f758d2da56397ee818f885f3,Port Royal - Hôpital Cochin,14004,0,2,2,21,23,"[48.838608030238, 2.3406994164846]"
2026-08-25 01:29:50,31f8540b2c80282cde66d1f39e6818e9eecf49f1,Jean de la Fontaine - Boulainvilliers,16025,4,48,52,16,68,"[48.85264791461651, 2.2758664190769196]"
2026-08-25 01:29:50,e3195cb8c70f2dcc453d2b972c4933b5c429ae66,Tombe Issoire - René Coty,14009,10,8,18,18,36,"[48.830512876709, 2.3343613743782]"
2026-08-25 01:29:50,87c34a5d2112144048c6205a8db1f679b192d95e,Pereire - Saussure,17117,7,6,13,19,32,"[48.888229075478, 2.3101296275854]"
2026-08-25 01:29:50,9e265541f9e264f1e4420dc9e24370a5b3c04002,Siam - La Pompe,16017,1,1,2,14,16,"[48.861720329027264, 2.275346568555312]"
2026-08-25 01:29:50,ce71eb3a48eee95a3faeb9d23d99cec149d78a7a,Marcadet - Ramey,18021,14,0,14,23,39,"[48.890875, 2.3449019]"
2026-08-25 01:29:50,ef165311c841cd19628eb74b88946bbcdefb2394,George Sand - Jean de La Fontaine,16116,4,15,19,10,29,"[48.84986918764119, 2.268257387525699]"
2026-08-25 01:29:50,351e8b17ae7b69303badea9c33038f12306a5a70,Alexandre Dumas - Place de la Réunion,20013,17,9,26,19,45,"[48.85533710742046, 2.3997703687646292]"
2026-08-25 01:29:50,66fcf5848606344e770957d715ed7b271e5c4e84,Saint-Séverin - Saint-Michel,5033,0,18,18,10,30,"[48.852731305488, 2.3440927639604]"
2026-08-25 01:29:50,eb737eeb22c5f25ec19c43a0c9bab426dcb9c09b,Marcel Pourtout - Édouard Manet,25004,4,10,14,10,24,"[48.87555620763429, 2.1655967831611638]"
2026-08-25 01:29:50,1333015e8db2f52a49d55f4498963a88e5ffc4fa,Sahel - Général Michel Bizot,12022,12,12,24,23,47,"[48.840872964793355, 2.4044444784522057]"
2026-08-25 01:29:50,de91a50046d8183f8fd21d9c8066df5956ae7b6b,Ancienne Mairie - André Morizet,21023,5,17,22,3,25,"[48.838311, 2.234077]"
2026-08-25 01:29:50,df972b6ecc7ce95392c0a395e12305b1e742a543,Place Aristide Briand,42205,18,8,26,8,35,"[48.82189236575831, 2.413003742694855]"
2026-08-25 01:29:50,99e26293c92b28ef77d06173a461fb581a1131f2,Mairie de Bagnolet,31701,16,1,17,11,28,"[48.868421318555, 2.4179587885737]"
2026-08-25 01:29:50,cea55727104377de2b2731b5db90287c23b1a1ab,Pierre Brossolette - 12 Février 1934,22404,3,4,7,18,25,"[48.8176962416867, 2.3076123744249344]"
2026-08-25 01:29:50,24bf50105f79205bf66358575ff6710fe58ecbff,Square des Amandiers,20032,5,1,6,20,26,"[48.86615630668046, 2.3891324177384377]"
2026-08-25 01:29:50,027733354406139fea2868cb18eaf867fa9fda0b,Quai de la Seine,19003,0,1,1,24,24,"[48.884492238408, 2.3703941702843]"
2026-08-25 01:29:50,22e66f1d1931c408b558a45e42bf6ec075ec3d7d,Marceau - Président Wilson,8046,4,18,22,7,32,"[48.8652359, 2.3002513]"
2026-08-25 01:29:50,07bba6e2d566fe7d76c9bc05e5766e0c9e79f26a,Gabriel Péri - Place de la Libération,21218,7,2,9,8,18,"[48.819828421929, 2.3117361743705]"
2026-08-25 01:29:50,908d5c5c5aa739e4d978333f4a7911efdbb59077,Guy Môquet - Compoint,17006,13,11,24,11,36,"[48.89213559044868, 2.32321947813034]"
2026-08-25 01:29:50,2f9d7fbc6e44bf8f7fedd0099be62b43c4a7a651,Championnet.,18101,2,8,10,11,22,"[48.8953643, 2.3498166]"
2026-08-25 01:29:50,a66fcc8a64b8cee53a74a9828ec0f90196e86b18,Reynaldo Hahn - Lagny,20005,3,0,3,15,19,"[48.849266043601794, 2.412330328844772]"
2026-08-25 01:29:50,f5a4d1a76fb527e271961717a2d7ba4f987c52e0,Bois de Vincennes - Polygone,12122,0,0,0,50,51,"[48.83544491617421, 2.431421081436563]"
2026-08-25 01:29:50,266504493c8ec9434b71feb6818b44f5c616f6f8,Colonel Pierre Avia,15120,1,9,10,19,29,"[48.8296843300915, 2.275342586850291]"
2026-08-25 01:29:50,c509073771a2f7be2cf6eb510d5be9c018acdec4,Marché d'Auteuil,16033,3,2,5,27,32,"[48.84842761367387, 2.265253821160005]"
2026-08-25 01:29:50,cfa6f45a817236cb30e90fd04babe76669f091e3,Arthur Auger - Jean Jaurès,21205,3,1,4,22,26,"[48.813736445585235, 2.3069277405738835]"
2026-08-25 01:29:50,81da855b8410ce97cd78d47197af9ba5f7e1943d,Jean-Baptiste Charcot - Sainte-Geneviève,24007,2,2,4,17,21,"[48.90310883721567, 2.278892956674099]"
2026-08-25 01:29:50,a17d41954727b1fbf0a7147af94357ee365823f3,Regard - Rennes,6004,1,1,2,44,46,"[48.847385404956, 2.3268555477262]"
2026-08-25 01:29:50,09f3878e8fa6df85e7844c2a50d9b6155a9395a4,Pasteur - Cotentin,15114,3,0,3,30,33,"[48.8389284, 2.316356]"
2026-08-25 01:29:50,9d1589be5fd00ab2b75835bb7abf6c523bcbe906,Lorraine - Jean Jaurès,19014,1,3,4,14,19,"[48.8863865, 2.3825772]"
2026-08-25 01:29:50,016780787476d29031a66d6e106e6ac01cccf484,Fief - République,21027,0,7,7,18,25,"[48.83170888166024, 2.255771979689598]"
2026-08-25 01:29:50,1c3f6bb8b6c48460b130079bec37137b6cb0c141,De Gaulle - Moulin,28002,9,1,10,12,23,"[48.885816808239, 2.229607694148]"
2026-08-25 01:29:50,35b9f66095bc1cd1d4acfaa2a75440955f069262,Hôtel de Ville de Rueil-Malmaison,25002,11,5,16,2,20,"[48.878194, 2.181724]"
2026-08-25 01:29:50,b801e52fc8608a56ede641a5e7e4650ae94875fe,Jean Bologne - Passy,16022,4,0,4,14,19,"[48.857566889784465, 2.280027395306772]"
2026-08-25 01:29:50,d66d49f9482b0f05c200c517794e0dc33029d60d,Dantzig - Lefebvre,15044,1,1,2,31,33,"[48.83013921586756, 2.295934036374092]"
2026-08-25 01:29:50,77b0e5bf752e35d3464b73698ec426bdf3212d55,Bobillot - Moulin des Prés,13023,8,0,8,19,28,"[48.828657346203, 2.353020646317]"
2026-08-25 01:29:50,d906650334e5b8ebd19155068e2659f116767743,Mairie du 20ème,20106,5,0,5,21,27,"[48.865302324275, 2.3990669846535]"
2026-08-25 01:29:50,d96523e31c6e854aef253c60ce1bcc6311ad2440,Ménilmontant - Oberkampf,11029,6,4,10,30,40,"[48.866617658681, 2.3830134404158]"
2026-08-25 01:29:50,2b282519a7a85ed3edf35798e398706da4c065a4,Pyrénées - Dagorno,20011,4,0,4,16,20,"[48.855425770695, 2.4051643162966]"
2026-08-25 01:29:50,b1dc7cc3de2cb855cc6a8d84a8a7a2631fa60410,Rond-Point Rhin et Danube,21007,2,39,41,9,53,"[48.840452820991764, 2.2280225157737736]"
2026-08-25 01:29:50,0b3e954613e6c74c6a14cfd57de6dad55f8e765b,Metz - Marne,19123,5,3,8,21,33,"[48.891163, 2.3865705]"
2026-08-25 01:29:50,382a2aa14ef648bbb2420c4b78ac5e9db4288c98,Lacépède - Linné,5031,10,12,22,32,54,"[48.8437035476636, 2.354651279747486]"
2026-08-25 01:29:50,db95bb85666361b28faeb87dbcbfa847429c17f8,Jacquier - Didot,14025,6,5,11,19,30,"[48.82953336292279, 2.318179272115231]"
2026-08-25 01:29:50,8771439fc62ee200f303828e6fcd57515d530cca,Verdun - Pierre et Marie Curie,42027,5,0,5,20,26,"[48.812822398263286, 2.3707106709480286]"
2026-08-25 01:29:50,d5fb13a80d69d340fae37c9f7febf1f67c05817a,Convention - Campus de Bobigny,30005,16,0,16,14,32,"[48.914920058264, 2.4172238067445]"
2026-08-25 01:29:50,28db30ef8120d324b89c019105fca34f8e55e059,Batignolles - Abel Truchet,17050,8,0,8,20,28,"[48.883103904582, 2.3238347490884]"
2026-08-25 01:29:50,2fdc263f00f524f2ac0e571f001a55312be66d8d,Saint-Marcel - Hôpital,13013,6,5,11,10,21,"[48.839504424583, 2.3609894170229]"
2026-08-25 01:29:50,163cd604b345abaa9a7802729ee3ca00c03e6bf4,Place Tristan Bernard,17036,7,13,20,6,28,"[48.8794936, 2.2915423]"
2026-08-25 01:29:50,a81a9ccccfd5d624a5422dd79c35895fe72c40fe,Temple - Jean-Pierre Timbaud,11040,2,13,15,20,36,"[48.86446597201, 2.3660597205162]"
2026-08-25 01:29:50,6cffe155804a1a1e3cb4954e89995759a7f5f673,Perrault - Place du Louvre,1201,0,3,3,25,28,"[48.860273568996, 2.3412468419093]"
2026-08-25 01:29:50,4d2adfb851e2a5b361974232f00dd7bc0d34d714,Guynemer - Jardin du Luxembourg,6009,5,5,10,26,36,"[48.8466127, 2.3325478]"
2026-08-25 01:29:50,7b84fb19dddfb26a1c163a58164b16215496e124,Sèvres - Maréchal Juin,21033,0,3,3,14,18,"[48.8324305, 2.2292812]"
2026-08-25 01:29:50,a84b889f987fb414d87894ad8c2e39d5213c0c98,Legendre - Clichy,17004,20,10,30,8,40,"[48.888961618559, 2.3225289750944]"
2026-08-25 01:29:50,a07d6aebdfc87ea76c67a67eda0acafeeef55ea1,Place Jean Mermoz,22703,15,8,23,6,30,"[48.9220937, 2.2718348]"
2026-08-25 01:29:50,3d43764981f6fc94efafa258fd7b7a5475fd653b,Charles de Gaulle - Rue de l'Alma,24010,1,2,3,24,28,"[48.896620592993, 2.252313240191]"
2026-08-25 01:29:50,46926aa6c6e70b60feba39080c0dddf5ec27ef5c,Place des Arts - Jean Mermoz,25009,12,4,16,2,20,"[48.880391139734, 2.1832160452221]"
2026-08-25 01:29:50,fa533bee3039aab6ee1913d3e3e8974313d5ea90,Paul Doumer - Stalingrad,41101,14,3,17,7,24,"[48.806518992199, 2.3368880152702]"
2026-08-25 01:29:50,12022ba965e59723f9b82c98e98cb2ba155fa8cf,Louis Armand - Bernard Palissy,26010,8,13,21,0,21,"[48.916974, 2.313384]"
2026-08-25 01:29:50,3d03e27c542b1f27703001d1e605d78a4ca553e5,Payenne - Square George Caïn,3201,0,2,2,21,24,"[48.8578329, 2.3622643]"
2026-08-25 01:29:50,1dde078838d67d43c65cf183a52cb50f68772392,Pyrénées - Ménilmontant,20035,16,0,16,10,26,"[48.8693268535238, 2.395084574818611]"
2026-08-25 01:29:50,4593c8caef7783aff3ea648fd289a23fa526d3c5,Pavé des Gardes - Charles Vaillant,23106,0,0,0,20,20,"[48.81168551728, 2.2111820107205]"
2026-08-25 01:29:50,f979d3db51f94fb131e04985ee8c5e50e29bfa29,Gambetta - Saint Fargeau,20037,7,0,7,16,24,"[48.871244610447015, 2.4039056897163396]"
2026-08-25 01:29:50,1dad77cfc55b4a52701c3527dc577e3b464ec6f5,Gare RER - Général de Gaulle,22302,24,5,29,11,41,"[48.933548439566, 2.3064726536317]"
2026-08-25 01:29:50,32879a83e40360bdd9279d8421e6f053d56bd9b4,Saint-Lazare - Place d'Estienne d'Orves,9029,1,25,26,12,39,"[48.8768345, 2.3329067]"
2026-08-25 01:29:50,a468389dcbf04f35e2be4219fd15e7faabf367fc,Nungesser - Santé,41212,6,0,6,16,22,"[48.852335, 2.448967]"
2026-08-25 01:29:50,74c0cad50dffb6940cdfd6758a7ea9e7a23e68c5,Dora Maar - Nadia Guendouz,34009,2,1,3,27,30,"[48.905452421305, 2.3220406472683]"
2026-08-25 01:29:50,ad0d9f7273da8aa4c5d07bdd8b5fa157aed99050,Ménilmontant - Père Lachaise,20030,2,7,9,32,41,"[48.863287291502, 2.3869940266013]"
2026-08-25 01:29:50,393005669786b992cefbfd5ce54332ed45c7150d,Musée d'Orsay,7007,0,30,30,35,65,"[48.859726157909, 2.3258604481816]"
2026-08-25 01:29:50,ed748ccff97949914b2e23f5f218826e9e80fffb,Ménil - Argenteuil,26011,11,4,15,3,20,"[48.925901818305, 2.2741496502338]"
2026-08-25 01:29:50,8b6e0aaea260e42343b26729fae31b424c5fc468,Stalingrad - Barbara,22208,3,0,3,17,20,"[48.809223658808, 2.3175904558822]"
2026-08-25 01:29:50,29604e7ac021ade2ab3f870da2feee6969ee668e,Cartier Bresson - Denis Papin,35021,13,6,19,10,31,"[48.902616, 2.397814]"
2026-08-25 01:29:50,dc06c9e837a4f42b75c07f937282fffd7073c396,Pierre Ginier - Clichy,18045,1,0,1,12,16,"[48.8867667, 2.326228]"
2026-08-25 01:29:50,b341be5159056f391b7052b804ac84978739a878,Carpeaux - Place Jacques Froment,18018,11,2,13,6,19,"[48.8906542, 2.3309428]"
2026-08-25 01:29:50,8ad456e2aa81afe2b025ea91b89109fdc76eb9c8,Jemmapes - Ecluses Saint-Martin,10025,0,8,8,6,15,"[48.87748519186726, 2.3660067468881607]"
2026-08-25 01:29:50,f64be4605cd016ee22efc6e1813df26076c975f2,Saint-Germain - Verdun,32305,9,1,10,20,30,"[48.882877330093, 2.4331868384644]"
2026-08-25 01:29:50,2f542f0bde3efaf832f9572d7271011b1a17425e,Jean Jaurès - Place du Dr Roux,22305,5,15,20,13,35,"[48.927567032796, 2.2947337017374]"
2026-08-25 01:29:50,b32eb618dcabb0a3feb8e2378fd346cd47fec7b3,Val-Fleury,21954,7,1,8,15,23,"[48.807671407991, 2.2407217696309]"
2026-08-25 01:29:50,db906de9a320f99b93bf0eddf2f91a3b33679e65,Châteaudun - Place de la Liberté,22507,8,1,9,16,26,"[48.90970830301211, 2.2454486480600626]"
2026-08-25 01:29:50,64fc43b5cd7fc23518fe6758197460425bcf1301,Place Henri Dunant - Gare RER,22602,4,13,17,13,31,"[48.788093281931, 2.2909234046643]"
2026-08-25 01:29:50,aa44a7bb3efbb27607e3afe6e591d960bb4ae3b9,Maréchal Leclerc de Hauteclocque - Marché Buzenval,25010,9,0,9,21,30,"[48.858446, 2.192077]"
2026-08-25 01:29:50,7986532fb8f6b1dd9849958dedd0a9756dbb9002,Parc des Pierrettes,23205,5,0,5,17,23,"[48.7973062, 2.2909969]"
2026-08-25 01:29:50,1a318139f05cc7e36d22efbe792677b2babee129,Avenir,23201,0,4,4,41,45,"[48.8103438, 2.3003776]"
2026-08-25 01:29:50,3b111b713e5f8c2cdd15eb0dfe88412f757e6ffb,Bastille - Biscornet,12001,2,29,31,31,62,"[48.851355779579, 2.369220033288]"
2026-08-25 01:29:50,8fb413a39e59b0fea42f920639255fdffd2df35b,Président Roosevelt - Rouget de Lisle,21320,0,21,21,16,40,"[48.83047518749, 2.2616135525345]"
2026-08-25 01:29:50,94c447d96f1d4fbb8eabed27cfa394a6a8f3aeb3,Division Leclerc - Kléber,23203,1,1,2,23,25,"[48.798666226364, 2.2833752789972]"
2026-08-25 01:29:50,9bef77d85c75bbe292f946584b73f9a53e6cfec2,Gare Saint-Lazare - Place de Budapest,9035,0,0,0,44,44,"[48.877753, 2.327339]"
2026-08-25 01:29:50,71edc52f73e83399712a5af9c23b2ee232aa260d,Hélène et François Missoffe - Emile Borel,17126,2,4,6,25,32,"[48.89990653843488, 2.321543991674844]"
2026-08-25 01:29:50,20445915875b9ff7fb8a754be6a0fd9b88ea0ce2,Porte de Clichy - Place des Nations Unies,17127,4,5,9,29,40,"[48.896737263309504, 2.310542999196392]"
2026-08-25 01:29:50,cf68f8cf9f02c0de8e1075f90789789786a16214,Henri Barbusse - Bourguignons,26008,16,12,28,5,34,"[48.91301722799713, 2.2734212270774417]"
2026-08-25 01:29:50,77774421fcc4a23697019f43ecb521302bf2d671,Marceau Delorme - Pierre Brossolette,26009,4,9,13,15,28,"[48.91206062860357, 2.295897423568745]"
2026-08-25 01:29:50,6a9bb372a1e8d69f318d4bf19a54792b90d53c2b,Garibaldi - Gabriel Péri,34008,12,12,24,6,30,"[48.905741911394, 2.3316044208059]"
2026-08-25 01:29:50,951b360230d51105521197efb66f4ccb1e7718a9,Place de la Paix - Abbé Saint-Pierre,21514,1,1,2,22,24,"[48.86462724459225, 2.2047570338469806]"
2026-08-25 01:29:50,676de05a81545af16d6dbffcce67e2a2f4ce1e18,Convention - Vaugirard,15052,11,42,53,6,62,"[48.837676822332, 2.2955869260203]"
2026-08-25 01:29:50,8358c9cbe12626f4088a843e5cd63280b37ae700,Gare de l'Est - Chateau Landon,10026,5,4,9,47,59,"[48.879305, 2.362424]"
2026-08-25 01:29:50,30a09d981a3d6330067ea075e0c4c67c43e8ea4d,Jonquière - Docteur Paul Brousse,17010,2,14,16,38,54,"[48.894799816683985, 2.318705212173216]"
2026-08-25 01:29:50,8387462da5b8076f9ea72d30df0720ce019c44d2,Ordener - Poissonniers,18023,5,1,6,29,35,"[48.891213890844654, 2.351288666219873]"
2026-08-25 01:29:50,999fb8e295791e7f12042c8305deb30e73c8c7ef,Ruisseau - Ordener,18026,12,5,17,33,53,"[48.89299462568024, 2.340144887566567]"
2026-08-25 01:29:50,d0b130a93e654ae8fd5b329985961e0b5244ee63,Lauriston - Copernic,16006,3,1,4,15,19,"[48.86926, 2.289918]"
2026-08-25 01:29:50,e8d411c20771a96f9cc73dc150253779273416ef,Les Juilliottes,47002,12,1,13,7,21,"[48.804356733455, 2.4434815704655]"
2026-08-25 01:29:50,7143992a80d6c220e071855af33d607b453eba65,Volontaires - Lecourbe,15013,6,12,18,12,31,"[48.84351378799, 2.3065522313118]"
2026-08-25 01:29:50,1f9ed5367992040cce73756c2ac6f4318c3a7255,Tolbiac - Boussingault,13204,12,12,24,17,41,"[48.826177754027, 2.3420378552202]"
2026-08-25 01:29:50,82f39a2c3dbe8ca20e3658565cbddf626354dfd2,Convention - Lourmel,15062,9,26,35,1,36,"[48.842055041656, 2.2859910875559]"
2026-08-25 01:29:50,a6c2916da2c2016ecae07975fadd7a943b583e1f,Granges aux Belles - Hôpital Saint-Louis,10114,3,9,12,46,60,"[48.874794994841, 2.366669436985]"
2026-08-25 01:29:50,8749a509d2135d2fa09236120966b30cf75e0961,Liberté - Vert-de-Maisons,47007,11,5,16,4,20,"[48.790147809608, 2.4328628182411]"
2026-08-25 01:29:50,0bdc5500591125462359f21ad0d2eb35da76bc9e,Les Planètes,47008,7,1,8,12,21,"[48.80929410761, 2.4596271973784]"
2026-08-25 01:29:50,50364f7cfdb1e0d2e8e125dcc6c3d8494dbec0cf,Cloys - Ordener,18209,14,1,15,23,38,"[48.89353865165, 2.3364427977844]"
2026-08-25 01:29:50,d59b7715202dde6b5e3fe9bb4abbe16ef08df0f5,Saint-Jacques - Soufflot,5201,5,2,7,9,16,"[48.846280383395, 2.3430785379567]"
2026-08-25 01:29:50,4e23b94c04995b210555247ae9ec6a1a16d38512,Rampal - Belleville,19204,13,0,13,7,20,"[48.873114661405, 2.3798409114805]"
2026-08-25 01:29:50,e40b6e7cd3d22de3aa1aa9bf64742f1b1767d8f7,François 1er - Montaigne,8038,1,14,15,37,53,"[48.866887649978, 2.3066755757207]"
2026-08-25 01:29:50,6cda2e0a514eab90c4b29abeeb3064039fee334a,Place Joffre - Frédéric le Play,7109,3,22,25,13,38,"[48.853754486938, 2.3044242337346]"
2026-08-25 01:29:50,c612b66601d50dab060d77d900638c51cff4781a,Jean Jaurès - Presles,35002,13,8,21,9,31,"[48.907134414988, 2.3960057280531]"
2026-08-25 01:29:50,bc0579463073b4bde9cb4d96c34a605d03e3726d,Galilée - Kléber,16008,2,0,2,29,32,"[48.867411865714, 2.2907813801148]"
2026-08-25 01:29:50,72b1fdd72016f5ba0e5b33464c3f8b6b164c288a,Place de la République - Voltaire,11046,2,11,13,4,19,"[48.866830968942, 2.3654810339212]"
2026-08-25 01:29:50,30437ce8e2f8b0f6aeb6c0747a8738119cd438e9,Fabre d'Eglantine - Place de la Nation,12157,2,2,4,64,68,"[48.8471116, 2.3956204]"
2026-08-25 01:29:50,31f1b0ec402a3ca3c100382066ed0ce988c6ecd7,Rochechouart - Martyrs,18041,12,2,14,4,20,"[48.882193779572, 2.3405495658517]"
2026-08-25 01:29:50,174692def11365e5fba058d4d10389c99e4e8666,Montreuil - Voltaire,11012,15,6,21,13,34,"[48.850507011842, 2.3930755582745]"
2026-08-25 01:29:50,f1927d55cd2c1d78284e395964ca4cedd389d64d,Place de la République - Temple,3004,3,8,11,7,18,"[48.867211201859, 2.3635464370545]"
2026-08-25 01:29:50,4bf55d09e5eca3d94f28a7b6bf4bcf1bdd4062fb,Faubourg Du Temple - Republique,11037,0,19,19,17,38,"[48.867872484749, 2.3648982158072]"
2026-08-25 01:29:50,1395a0e44a087b7995ea93bf571161fcbb3031ea,Belfort - Voltaire,11020,6,29,35,18,53,"[48.8563358, 2.3829901]"
2026-08-25 01:29:50,31da17426cf1e1764a26374c5a749e87d88c7159,Colisée - Champs-Elysées,8039,1,3,4,19,24,"[48.870475399387, 2.3076190799475]"
2026-08-25 01:29:50,c1dd6e89e0a1126b7ed7b200dff97115dc65534f,Mauroy - Cheminots,18205,18,6,24,6,32,"[48.897715198403, 2.357895075822]"
2026-08-25 01:29:50,7ab26afbc192a7860e91c6a99ada9d8202c37ae8,Ecole Militaire - Place Joffre,7111,5,16,21,4,26,"[48.852060203583, 2.3017993569374]"
2026-08-25 01:29:50,6471448a227c21b4ac277c870c67255497a67b2d,Traktir - Foch,16103,5,2,7,15,22,"[48.872755334614, 2.2915497802487]"
2026-08-25 01:29:50,9609cc3347e87812f9f028d2676ec8a3d06fca38,Préfecture de Créteil,40007,5,9,14,13,27,"[48.783680285918, 2.4544713672215]"
2026-08-25 01:29:50,e624e0bd8155114676e2ac31e6389a5ff00838d2,Haut du Mont-Mesly,40010,12,2,14,7,21,"[48.780191921646, 2.4685737495183]"
2026-08-25 01:29:50,fe247e26b0316aefca81636e35566d41ea696f6e,Stade de la Habette,40012,13,0,13,3,16,"[48.774397033806, 2.4668785263921]"
2026-08-25 01:29:50,03d10f2656ebe6dfbe7d81fdb612b0f0e8ae65b8,Hôtel de Ville de Créteil,40013,8,1,9,27,36,"[48.77699496201, 2.4552552404284]"
2026-08-25 01:29:50,1c5fa9f16506a792f5fe150088e9857e917cba88,Diderot - Pierre Bourdan,12107,3,11,14,7,21,"[48.847648620797, 2.3902582749724]"
2026-08-25 01:29:50,a5569d3de28777b53c4e67399e7fd9bba87ddc7a,Créteil Pointe du Lac,40014,2,6,8,19,28,"[48.76918082375, 2.4628850657025]"
2026-08-25 01:29:50,929ae59f6d5b79478d61cb00551557f69d4e7920,Mac-Mahon - Brey,17046,2,1,3,19,25,"[48.87753208413, 2.2945125360529]"
2026-08-25 01:29:50,b7d98363299b1f7f3d019bddb17fdf3ec764da2f,Dugommier,12201,8,6,14,39,53,"[48.838811048815, 2.3896577954292]"
2026-08-25 01:29:50,5fec58b850edd553b1d76e99a1e2683bfcb60e8f,Eylau - Trocadéro,16014,1,0,1,22,24,"[48.863354122371, 2.2864209115505]"
2026-08-25 01:29:50,64d19139e7fee8cf466520faf2b46be8280a580c,Bertie Albrecht - Hoche,8054,1,0,1,31,32,"[48.876140398264, 2.3013031383076]"
2026-08-25 01:29:50,c082da2e66e7af3973ce09fbee70714aed0bcb22,Hôtel de Ville d'Asnières sur Seine,26005,13,10,23,7,30,"[48.90999330025577, 2.288238108158112]"
2026-08-25 01:29:50,bce883adfa728a2985c71e2f2cf93e5782c46382,Pierre-Simon Girard  - Paris,30006,0,0,0,35,35,"[48.901342171637, 2.4560186601176]"
2026-08-25 01:29:50,41aed2677b518e4adbd28fe79bd764c0c1be06bd,Place de la Gare,23801,3,10,13,6,20,"[48.838513582184, 2.1866139007512]"
2026-08-25 01:29:50,0fd6df3356e12db9c08bed5035c4a009e65c632e,Créteil Village,40004,18,4,22,3,25,"[48.79122395576, 2.4642198533952]"
2026-08-25 01:29:50,0767290c4019e1c41888a7e98a8e5f3ab8cda3b1,Créteil Pompadour,40008,36,3,39,5,44,"[48.773011623355, 2.435166164893]"
2026-08-25 01:29:50,e037ebb7c4640a96e491569704b6e20d2cbe6589,Place de la Porte de Châtillon,14021,2,6,8,51,59,"[48.8242469, 2.3186306]"
2026-08-25 01:29:50,29ced6d2edaaadbaaa290f712f71b84b7d8ef8fb,Porte de Saint Cloud - Parc des Princes,16044,3,14,17,13,32,"[48.838662757066, 2.2525164484978]"
2026-08-25 01:29:50,9822f5a61a2a0454cd7657e0e56e90f8cc881c8d,Bobillot - Paulin Mery,13106,1,0,1,22,23,"[48.829899841747, 2.3543356766749]"
2026-08-25 01:29:50,2d600ade872599f2145a6c15db03af7f79d6533c,Brochant - Square des Batignolles,17016,0,1,1,28,31,"[48.88818698581, 2.3168611431512]"
2026-08-25 01:29:50,8390fb9d9dc0239fd6ee9301c2f246bb71635b88,Yves Farges - Route d'Enghien,51005,21,5,26,9,35,"[48.95756799268, 2.2834496977978]"
2026-08-25 01:29:50,88a123383d870e41faa4cff4d5ff1d85452c868c,Wilson - Landy,32004,4,3,7,13,40,"[48.915167262214, 2.3576332256198]"
2026-08-25 01:29:50,70aef0602c15f3fa5bb9637e86afee14b16e4779,Roossevelt - Impasse du Marché,23305,11,0,11,9,20,"[48.777117364904, 2.2968097761411]"
2026-08-25 01:29:50,ac6d51f6ceef15e07250e55fadccc878564535f0,Port-Royal - Hôpital du Val-de-Grâce,13001,6,9,15,2,18,"[48.837668272811, 2.3448138346607]"
2026-08-25 01:29:50,6ecc8ca943ce6664d02269d4545b83164ce672bc,Chevreuse - Montparnasse,6010,2,2,4,11,15,"[48.841739161231, 2.3315522167367]"
2026-08-25 01:29:50,6d86777d1afe0ae5fbea7c302058f5b000be5fbf,Charles de Gaulle - Jean Lolive,35014,0,1,1,24,26,"[48.8932644350857, 2.4126765131950383]"
2026-08-25 01:29:50,c2f65df9f596ece0e89862e1a20b53d4987c7db4,Louis Blanc - Aqueduc,10031,8,3,11,26,37,"[48.882030182599, 2.363561578095]"
2026-08-25 01:29:50,d5761848c7bfdc2586a2ce44107f7d62d7deb071,Vincennes - François Debergue,31029,1,1,2,21,24,"[48.857497590947, 2.4375258284792]"
2026-08-25 01:29:50,15d8adcc520c068914b19c3683e7bc7131f8d02e,Cauchy - Cévennes,15103,0,24,24,27,51,"[48.843372571022, 2.2751328349113]"
2026-08-25 01:29:50,909e705fb613af84e301c121cffe415f1e4789b0,Westermeyer - Paul Vaillant-Couturier,42004,2,14,16,7,25,"[48.819116181578764, 2.3966637253761296]"
2026-08-25 01:29:50,89cc83da91bb833c7ba99007dd6933a93697f6a0,Institut de France,6001,0,3,3,29,34,"[48.857615678565, 2.3358313530377]"
2026-08-25 01:29:50,4071cbf8a91edb5926da93baaf79d25587731694,Danielle Casanova - Place Vendôme,1022,1,4,5,30,37,"[48.868266498223, 2.3304839059711]"
2026-08-25 01:29:50,7cd76002c3634ebdc2eaa9d1f0043ec7be65d77e,Bois de Vincennes - Gare,41301,8,17,25,23,50,"[48.836022242887, 2.470833995083]"
2026-08-25 01:29:50,0969bafd82e52e454ec97cdec4149ce9597e3e7c,Bir Hakeim,15026,0,19,19,13,33,"[48.853844054334, 2.289705348222]"
2026-08-25 01:29:50,4641620459c4aed46765a909922549a4165dc7f9,Jean Jaurès - Gare de Clamart,21404,11,3,14,6,20,"[48.81321981219, 2.2716768079163]"
2026-08-25 01:29:50,78572e6df5f201f446491c3d17d866fd09d7b3e5,Place Charles Vallin,15122,16,9,25,0,26,"[48.835523812041, 2.3025986552238]"
2026-08-25 01:29:50,4890f88aa4a9fa4970dd3806a24f065eae97c498,Hôtel de Ville d'Argenteuil,51003,0,0,0,0,0,"[48.946504, 2.2496396]"
2026-08-25 01:29:50,79517103bf6e9d96ef3d9438371f706e761109a9,Victoria - Place du Chatelet,1002,0,14,14,8,22,"[48.857992591527, 2.3469167947769]"
2026-08-25 01:29:50,896bceb8240446c399ffae6d70d99486a31a34a3,Grande Armée - Brunel,17038,2,2,4,57,62,"[48.876116, 2.288124]"
