Timer,ID,Station,Code Station,Ebikes,Mechanical Bikes,Bikes Available,Docks Available,Capacity,Coordonnees Geo
2026-04-14 02:59:30,617a0a10cd9e886bcd0e925f003aa75e76563966,Benjamin Godard - Victor Hugo,16107,16,8,24,10,35,"[48.865983, 2.275725]"
2026-04-14 02:59:30,8ba34d0780dfd5188c3e60fbf14abb5d098347cb,Toudouze - Clauzel,9020,2,1,3,17,21,"[48.87929591733507, 2.3373600840568547]"
2026-04-14 02:59:30,9839c322744efcc9e4f2295ea22de378b7e214fb,Cassini - Denfert-Rochereau,14111,3,0,3,22,25,"[48.837525839067, 2.3360354080796]"
2026-04-14 02:59:30,4ef60872c85b382d08357cef2c59dda5d2adece1,Jourdan - Stade Charléty,14014,6,2,8,51,60,"[48.819428333369, 2.3433353751898]"
2026-04-14 02:59:30,ec98533234a8d218afb9d092dec05498e5407b59,Messine - Place Du Pérou,8026,2,0,2,10,12,"[48.875448033960744, 2.315508019010038]"
2026-04-14 02:59:30,96a042a67094587e65bb2907bab894a1528b57af,Saint-Sulpice,6003,1,4,5,16,21,"[48.85165383178419, 2.3308077827095985]"
2026-04-14 02:59:30,65765f65eb2a6a8e29fde1af689cdda938b507c8,Vaneau - Sèvres,7002,4,15,19,15,35,"[48.848563233059, 2.3204218259346]"
2026-04-14 02:59:30,7cc6cb5aa9eeaf04bfd83438ff8efe6341250a0b,André Karman - République,33006,16,2,18,13,31,"[48.91039875761846, 2.3851355910301213]"
2026-04-14 02:59:30,b2f068df935739743a7195c65cb220b7bf27b345,Pierre et Marie Curie - Maurice Thorez,42016,7,0,7,19,27,"[48.81580226360801, 2.376804985105991]"
2026-04-14 02:59:30,612dbef4d91eb1b904ce86cf00f25700bfb72e32,Jean Rostand - Paul Vaillant Couturier,30002,4,0,4,36,40,"[48.908168131015, 2.4530601033354]"
2026-04-14 02:59:30,fd19e9a6e34c72c562e2bab297952381daf2da6d,Guersant - Gouvion-Saint-Cyr,17041,3,11,14,15,36,"[48.88287775178599, 2.287667370814871]"
2026-04-14 02:59:30,e7db3edd923a4a8df187c70995509dcf78ec736b,Froment - Bréguet,11025,0,29,29,14,43,"[48.8570414504784, 2.37289470306807]"
2026-04-14 02:59:30,80d77e62d4e8662bab6c03484d170d0dc8dcf663,Jouffroy d'Abbans - Wagram,17026,2,14,16,23,40,"[48.881973298352, 2.301132157445]"
2026-04-14 02:59:30,0426884eb1c9a7174a46ee5e8676ce094d6c805a,Beaux-Arts - Bonaparte,6021,1,4,5,14,20,"[48.856451985396, 2.3348518833518]"
2026-04-14 02:59:30,9c9a50d4e74d01e2343e05dfba141757ee5adbe9,Thouin - Cardinal Lemoine,5016,1,0,1,16,17,"[48.845047166615, 2.3494647851273]"
2026-04-14 02:59:30,2538c1f7ac4ecc07262f1555a2b86e58c48f916d,Croulebarde - Corvisart,13101,4,8,12,22,34,"[48.830981659316855, 2.3481646925210953]"
2026-04-14 02:59:30,00fccf9c571b9ef573a06cbc70aa835150a256cf,Romainville - Vaillant-Couturier,31024,4,1,5,32,38,"[48.86785, 2.446748]"
2026-04-14 02:59:30,743654cc3889caddae73e95d12eaceabca620896,Mairie de Clichy,21108,20,26,46,3,51,"[48.903653634661, 2.3059353232384]"
2026-04-14 02:59:30,f3af997e58038577ce91271aa05eb158156ea77e,Porte de Saint-Ouen - Bessières,17044,6,1,7,32,42,"[48.89792240854517, 2.32851451022192]"
2026-04-14 02:59:30,a4db16334adc7601c86fe109106dc27d7219c05d,Chazelles - Courcelles,17025,4,1,5,29,35,"[48.879406604954, 2.3034455627202988]"
2026-04-14 02:59:30,f17b7416e68a7b9bc4b4744346d6f4724bd5a164,Louis Lejeune - Barbès,21216,4,1,5,20,25,"[48.81807418981508, 2.3267009854316716]"
2026-04-14 02:59:30,45e5fc5a16081b07e001337c36898d71e61134bd,Rond-point du Dr Albert Schweitzer,22207,6,1,7,14,22,"[48.78980918988166, 2.3143940046429634]"
2026-04-14 02:59:30,171112a4a9f5da4f0b1326d4861785dcf3ed808c,De Toqueville - Terrasse,17048,0,4,4,26,30,"[48.882428, 2.314002]"
2026-04-14 02:59:30,928e7df4987185e30ab8d0c11f724c4fc42faa21,Jules Guesde - Pont du Port à l'Anglais,44017,0,3,3,25,30,"[48.79628807093802, 2.417212128639221]"
2026-04-14 02:59:30,c7c4748e6a10e8c7d377b8dd7ab09a3ea90f8d91,Caire - Dussoubs,2017,10,4,14,25,40,"[48.86785342111862, 2.349364310503006]"
2026-04-14 02:59:30,5361a07856abfc6f351f76b3c27f59145f0b3f9d,Marceau - Chaillot,8048,2,1,3,16,21,"[48.868834023334, 2.2986030816809]"
2026-04-14 02:59:30,ea8b0ad1ec46597056e9d2386421fb4d3e893df5,Liard - Amiral Mouchez,14013,11,7,18,9,28,"[48.8214169, 2.342167]"
2026-04-14 02:59:30,c2f0c0538d41b67a289fc81b9ac61ff91c02f355,Vigée-Lebrun - Anselme Payen,15112,6,6,12,12,24,"[48.838683941628375, 2.3110422492027287]"
2026-04-14 02:59:30,d7f512ac774ad253bd67a431071ffdd0f41b37ed,Italie - Tolbiac,13030,2,0,2,18,21,"[48.82557229464416, 2.3576171323657036]"
2026-04-14 02:59:30,5f7a04edb567d1e6c6ca6c7ce941f65a05221895,Sarrazins - Saussure,40016,13,3,16,6,22,"[48.769626617432, 2.4717841148376]"
2026-04-14 02:59:30,add9e90d9696395381c145995d2f2b5a0dffe3f1,Félix Ziem - Armand Gauthier,18111,13,1,14,11,25,"[48.88949630486821, 2.333393658804396]"
2026-04-14 02:59:30,fb07f927f3d314d17493c098fd2d037dfa918f99,Abbeville - Faubourg Poissonnière,9002,2,4,6,6,14,"[48.879223, 2.349147]"
2026-04-14 02:59:30,36691b875d5b9b3d02303cbd1d5db1a571a4e3bd,Place Jean-Spire-Lemaître,43009,22,22,44,4,50,"[48.8468428626593, 2.452062070369721]"
2026-04-14 02:59:30,661b5e70dbc7e6d3f7a534ec99bf111eafd4cf41,Bellefond - Poissonnière,9001,2,7,9,8,17,"[48.87759897050706, 2.348463758826256]"
2026-04-14 02:59:30,2f9e6803f362a3bf6632f3c38046955952711b2b,Jean Oestreicher - Porte de Champerret,17032,3,1,4,17,21,"[48.88655580065981, 2.288640439510346]"
2026-04-14 02:59:30,9870b635ce8cc9fc86e725db4810c1b704688468,Square Louis XVI,8016,2,11,13,15,29,"[48.87320440102894, 2.323658830743138]"
2026-04-14 02:59:30,dc585c387be9959d6e1d6cce8e781612edc2640b,Granges aux Belles,10115,5,3,8,18,27,"[48.8761373390584, 2.3680844979417]"
2026-04-14 02:59:30,a47930cdbe3c62e3413df32eace89bf220bf9341,Dunkerque - Rocroy,10029,4,7,11,12,24,"[48.880726, 2.351464]"
2026-04-14 02:59:30,0b168729cb0b22cd24baaa0b4d451acd3aede67a,Gare de Nogent-le-Perreux,41303,18,11,29,3,32,"[48.83842553348809, 2.493693307042122]"
2026-04-14 02:59:30,00d1f373251f5f7169d82a94ad63916fffc00815,Gabriel Lamé,12031,1,24,25,6,36,"[48.8351212784276, 2.385534569621086]"
2026-04-14 02:59:30,07e91d417551babcc3ec50f3852062e70ae55056,Quai de l'Horloge - Pont Neuf,1001,1,2,3,12,17,"[48.857058739111, 2.3417982839439]"
2026-04-14 02:59:30,2bea4f427a34996282f75d344ed3656b64c1b54d,Jean Jaurès - Bouret,19207,2,1,3,29,32,"[48.883144703938, 2.3712364995651]"
2026-04-14 02:59:30,64fa9357d48566aac740d9d7318c6cf31278b31a,Gare d'Austerlitz - Quai Saint-Bernard,13104,1,9,10,17,27,"[48.84369030864, 2.3657163977623]"
2026-04-14 02:59:30,07da5a9a7180c8bd5d0ec378e56160bebcdccea7,Gare Saint-Lazare - Isly,8009,1,8,9,18,27,"[48.874777677621296, 2.326515804784655]"
2026-04-14 02:59:30,26600d1df5026f0ac7fef25c0a868de8ba4cbf17,Gare Rosny-Bois-Perrier,31103,7,1,8,25,35,"[48.88115023337061, 2.480436824262142]"
2026-04-14 02:59:30,d77204dfa371c863628137224edddde2e9b75a50,Place Georges Guillaumin,8053,1,0,1,27,29,"[48.874750203957, 2.301771435326]"
2026-04-14 02:59:30,19fc1e1b9f5c3345a595444d7a92bce0a8907515,Douai - Bruxelles,9038,2,0,2,22,27,"[48.883207841228, 2.3308449949029]"
2026-04-14 02:59:30,3a3badba6ed2f2b6e2b5dbf2c151df6d8b5a7eea,Ambroise Rendu - Porte Brunet,19105,5,0,5,12,17,"[48.883667, 2.395733]"
2026-04-14 02:59:30,42878730772ca712e020b537a808e0f144cd2849,Château - République,31706,14,0,14,10,26,"[48.862923800596, 2.4155035614967]"
2026-04-14 02:59:30,4d8f9ce899356b6f314c953f5df0430c26f952b0,Thionville - Ourcq,19015,10,0,10,14,24,"[48.88917613743794, 2.3833653330802917]"
2026-04-14 02:59:30,6f4386039b7c4e902b0d56724dacf91b904026a2,Argenteuil - Voltaire,26003,8,3,11,4,16,"[48.918648659556, 2.281411215663]"
2026-04-14 02:59:30,95dcb2ea6e96025a2c73a51437c122cb579147a6,Pesaro - Préfecture,92007,2,1,3,19,22,"[48.89577046284005, 2.223908342421055]"
2026-04-14 02:59:30,1d68b85f054e14b998cd49edcfab17bc2a6aff7e,Redoute - Les Courtilles,26002,16,21,37,2,40,"[48.929867194519, 2.2836696356535]"
2026-04-14 02:59:30,23fa0b5e0194c8b18118f74be646f58242488cba,Place de Rhin et Danube,19026,15,0,15,14,30,"[48.88192765861766, 2.392586767673493]"
2026-04-14 02:59:30,6fb95922f1b3b4a7108498932003afb1fad33ad0,11 Novembre 1918 - 8 Mai 1945,45003,18,1,19,15,36,"[48.80889533774377, 2.5382421165704727]"
2026-04-14 02:59:30,f4cb3f946a684e7668a932f42289365a9fa1663a,Berri - Haussmann,8034,1,7,8,41,49,"[48.874746047357135, 2.3082953318953514]"
2026-04-14 02:59:30,17e9e20560d75fcd4bdffbccc5a3572c919a0c48,Amelot - Saint-Sébastien,11047,8,16,24,3,30,"[48.861142162761, 2.3677996181077]"
2026-04-14 02:59:30,685e59f8d49456dace9d322bd5d8de9c19546601,Delphine Seyrig - Général Leclerc,19043,2,0,2,45,53,"[48.893923963057865, 2.39790290594101]"
2026-04-14 02:59:30,0d285bab676585a3a5f339ae6a1d05f7ddfdf827,Saint-Maur - Roquette,11023,17,15,32,14,46,"[48.858688774063, 2.3835539945715]"
2026-04-14 02:59:30,01f717fefb9520d9b9e5bfe8c38da4a7ee5b3ee5,Desaix - Edgar Faure,15067,1,3,4,8,12,"[48.852804604940296, 2.293077029857222]"
2026-04-14 02:59:30,b1eaa46cb4e9ca950981a4a36f5c0f8fbf87d24f,Sablons - Georges Mandel,16108,6,19,25,12,38,"[48.863875, 2.28189]"
2026-04-14 02:59:30,2f76fce2af8318866c8b3480ace8ba3d0c8d3395,Saint-Ambroise - Parmentier,11027,14,13,27,10,38,"[48.862147844548, 2.3772348091006]"
2026-04-14 02:59:30,f28ddab6a0e34517f7ee6d3594613fb948f29d77,Mairie de Montreuil,31022,3,3,6,46,52,"[48.86131452758348, 2.440614402294159]"
2026-04-14 02:59:30,3e44fb393b62785998a97aa9ffd0ef6befeffb19,Récollets - Square Villemin,10016,0,0,0,17,17,"[48.875034655883944, 2.359801238597928]"
2026-04-14 02:59:30,de00d7f43b89d177e737d2ff74e6d659491a9896,Anatole France - President Roosevelt,33017,15,5,20,9,29,"[48.9155156, 2.3814103]"
2026-04-14 02:59:30,27c9b0d5f37a7e4d66067a9f27db36c6f54e1fb2,Pajol - Place Herbert,18011,23,9,32,4,39,"[48.8927825, 2.3635598]"
2026-04-14 02:59:30,a2303e9de163d4dd0fa19931760cd06aae6a78b9,Gabriel Péri - Francisco Ferrer,33102,15,0,15,0,18,"[48.88633710236977, 2.407338917255402]"
2026-04-14 02:59:30,49e27850d8920fc3753bffa5c82052572aee494f,Marne - Germain Dardan,21212,9,1,10,12,22,"[48.81217465201, 2.3035024699104]"
2026-04-14 02:59:30,6bd32f298554228fdae896431c44a440cce3ae30,Concorde - Stalingrad,44006,16,5,21,14,35,"[48.7985844, 2.3821302]"
2026-04-14 02:59:30,440076e6c67422f09e68819bf7c361cfef9308b0,Pyrénées - Emmery,20042,8,0,8,32,40,"[48.87202880542, 2.3918598091484]"
2026-04-14 02:59:30,e4372596da8f1497e2b5dc7c07e782ac902345ea,Richard Lenoir - Republique,11113,1,14,15,43,58,"[48.8667175, 2.3692541]"
2026-04-14 02:59:30,ff4430fbd2e78fc930d4cca33270c1794f8d9773,Fontenay - Libération,43008,6,13,19,3,25,"[48.847803063647, 2.4451419711113]"
2026-04-14 02:59:30,5e1d6cde29ae4a5d43871584e2f0e978f654584a,Mutualité,5018,2,16,18,18,37,"[48.848225572724, 2.3502873256803]"
2026-04-14 02:59:30,fc142b63920acc51dd4754613077d7a49f21878a,Porte de Vanves,14138,3,2,5,26,32,"[48.828012849445, 2.3056878894567]"
2026-04-14 02:59:30,d634359623bb563c012715c052bcfc2971c94ad9,Victor Hugo - Jeanne Jugan,12114,5,14,19,6,28,"[48.843949064031825, 2.415081394834419]"
2026-04-14 02:59:30,31f0eda605f77ee124d481613f211ea9424eec51,Mouton Duvernet - Général Leclerc,14008,6,2,8,20,28,"[48.831632518293, 2.3293121159077]"
2026-04-14 02:59:30,97f0cabf41e3507b3c757efd6e483c9b0ca124de,Lecourbe - Jean Maridor,15054,5,13,18,0,19,"[48.83796366147599, 2.2877392172813416]"
2026-04-14 02:59:30,8125f09bd8a7a873bd2f4d5b7d41f638112ef02f,Etienne Jodelle - Saint Ouen,18046,5,0,5,28,33,"[48.88794016394694, 2.326124420314341]"
2026-04-14 02:59:30,d41e40b9e8071701bad542617b5d76a248d730e2,Cambon - Rivoli,1020,1,4,5,31,40,"[48.866143390992, 2.3251800647137]"
2026-04-14 02:59:30,fcddb6c7d5256566156994ccb070589b9b337965,Chabanais - Petits Champs,2111,1,4,5,24,30,"[48.86703740186721, 2.336716018617153]"
2026-04-14 02:59:30,33a6388f9ed04bf67c37e81e7a6f21990bd95171,Marcadet - Barbès,18022,2,1,3,34,37,"[48.890451120965, 2.3490573929687]"
2026-04-14 02:59:30,ce0d6d5b549ae876c5ec1bb48b82a0458b893568,Molière - République,21209,8,4,12,18,30,"[48.81111581390707, 2.3145738624448158]"
2026-04-14 02:59:30,a0af8cdfba2684da00391cffb1f67ad46b53db07,Place Marcel Cachin,42014,1,19,20,11,32,"[48.81411442356866, 2.39090770483017]"
2026-04-14 02:59:30,492e23005e6f226af6db699cc372bb8cd608e5fa,David Weill - Parc Montsouris,14124,1,0,1,21,22,"[48.821092374256104, 2.333725690841675]"
2026-04-14 02:59:30,ea9b173efb6b6c70fc6373163cd0c718b1298526,Saint Lambert - Blomet,15133,8,16,24,2,27,"[48.83659148147257, 2.2930556908249855]"
2026-04-14 02:59:30,77b3acd47b7df3f8e7ee5ad391d023523248784f,Place Robert Guillemard,15110,0,2,2,20,24,"[48.836191728066666, 2.2811267160086417]"
2026-04-14 02:59:30,6364c29b9136b0676babd7df25cbe4f0f88353f6,Marcelin Berthelot,21006,7,16,23,1,27,"[48.8415473058801, 2.233161628246308]"
2026-04-14 02:59:30,497d7670f16e07f24125aa6b9950ac85b04f53ce,Repos - Cimetière du Père Lachaise,20131,6,1,7,26,33,"[48.859358523593, 2.3896131366845]"
2026-04-14 02:59:30,46efd92fc7f52066b77bf2b4770ee5dccf9c64f0,Nationale - Place Jules Guesde,21015,4,8,12,10,23,"[48.82753962462998, 2.2416052222251897]"
2026-04-14 02:59:30,1ce62f71c785465ae0ffc1fe2ede7e46ae346425,Karl Marx,48010,2,1,3,12,16,"[48.784527937293184, 2.3646667979455587]"
2026-04-14 02:59:30,d03bab0110b0bc19633af75359880aceb4be378a,Raspail - Manufacture des Oeillets,42021,12,16,28,2,32,"[48.8094458, 2.3903009]"
2026-04-14 02:59:30,3c2bc2fa6c42eeab1e3aa92e25b0c853102291de,Cossonnerie - Sébastopol,1119,2,10,12,11,24,"[48.86132665908402, 2.349419631063938]"
2026-04-14 02:59:30,f083cea0acb3d1e8e7cb4b9d0270303afd8877e6,Marcelle - Thalie,35020,5,15,20,0,20,"[48.8835462, 2.4137883]"
2026-04-14 02:59:30,2a57c489e384ba107e584ae97d60c2aa41492c25,Henri Ste-Claire Déville - Paul Héroult,25003,4,13,17,7,24,"[48.892663, 2.172411]"
2026-04-14 02:59:30,41d27719ef4af9ce9d3d52b0404e0bd1e95c0eeb,Paris - Emile Zola,31003,9,2,11,18,30,"[48.854898095789295, 2.4186685681343083]"
2026-04-14 02:59:30,43fea2672341f140ba7576b7b54397697adad05c,Jean Jaurès - Salvador Allende,22402,2,1,3,40,43,"[48.821475594736775, 2.3026576638221745]"
2026-04-14 02:59:30,1459ec7a8c4098e5e908f03ff60549c20f5c8aa5,Oberkampf - République,11030,5,7,12,11,24,"[48.86531608707, 2.37611478491]"
2026-04-14 02:59:30,1a998130bdb1d30b60fdf247d5af0755c3f36126,Legendre - Dulong,17013,7,7,14,8,23,"[48.885325169402904, 2.316423766314984]"
2026-04-14 02:59:30,b27ec78dc6a1317e5b4f715e2a7560c7f7c2d805,Square du Théâtre du Garde-Chasse,32604,5,0,5,44,50,"[48.881287375060616, 2.420119643211365]"
2026-04-14 02:59:30,b479e77df9757020c35f6f969a0673c1df24540c,Général De Gaulle - Alouette,41601,16,7,23,0,26,"[48.839109, 2.4175664]"
2026-04-14 02:59:30,c644a11134c4c9db62c57ad0c9c67be60a59a3a1,Joseph Liouville - Croix Nivert,15021,1,37,38,24,64,"[48.844835471244416, 2.297508493065834]"
2026-04-14 02:59:30,e89bb4c25abf172be129d45eb8f732f4516fe593,Championnet - Vauvenargues,18028,20,8,28,1,33,"[48.89401874744574, 2.3319872841238976]"
2026-04-14 02:59:30,0c32b8b7c83a967838f80079981a821ca5036718,Carnot - Général Lanrezac,17033,1,0,1,29,30,"[48.875443870736, 2.2938242935036]"
2026-04-14 02:59:30,9daaf048d3a5580bb4fa517405acd8b4f24c384f,Villette - Belleville,19032,17,3,20,26,48,"[48.8726877314, 2.376461327076]"
2026-04-14 02:59:30,8c0252484728e240fdade1611480b31a5fce0f65,Marie-Georges Picquart - Pereire,17125,7,0,7,25,32,"[48.88863669349711, 2.3111706599593163]"
2026-04-14 02:59:30,eea95a289f1c59070219d7cb9762a6f1219e7e41,Place de Barcelone - Mirabeau,16030,6,41,47,5,55,"[48.847623027364, 2.2735664248466]"
2026-04-14 02:59:30,00066879e41b16845417456dd7805eecba9afcce,Gare RER de Vincennes,43005,4,1,5,45,51,"[48.847563015126106, 2.433383166790009]"
2026-04-14 02:59:30,caf5938499219bc49db2d64cc1a14de88b522cd2,Larmeroux - Baudelaire,21701,15,10,25,4,29,"[48.816939911292, 2.2809894804846]"
2026-04-14 02:59:30,8a9002a76937b1725279c850d87b40acf64f35ed,Galilée - Kléber,16008,6,0,6,25,32,"[48.867411865714, 2.2907813801148]"
2026-04-14 02:59:30,6ebf87e755bdc87bf2be2f82595d1f9f92459a70,Beffroy,22003,0,1,1,25,26,"[48.886591074488, 2.2613945603371]"
2026-04-14 02:59:30,fd38b50910ad087574f1cf98187ff78305925c80,Mairie du 11ème,11024,4,20,24,25,51,"[48.858925, 2.3789759]"
2026-04-14 02:59:30,f90c44079377c916590de02bea19935ffb26bfb0,Parmentier - République,11105,6,27,33,16,50,"[48.8644954, 2.3750124]"
2026-04-14 02:59:30,c11d1115686680bf9579511c5c008738b8c40018,Victor Hugo - Galliéni,21008,6,16,22,11,34,"[48.838020154411, 2.2460845112801]"
2026-04-14 02:59:30,a0206fda33e4d035ae7037280b800226cb9343c3,Lieutenant Chauré - Etienne Marey,20134,6,0,6,14,20,"[48.86746195408435, 2.405970990657807]"
2026-04-14 02:59:30,a1430f7a75f33192279f89ad8d6ea572f992866e,Beaujon - Wagram,8056,0,0,0,29,29,"[48.875352455985, 2.2964416444302]"
2026-04-14 02:59:30,28ff22e362b8608f6927fc29ff825580c922806a,Auguste Cain - Jean Moulin,14136,10,7,17,23,40,"[48.82577028927573, 2.3210415244102482]"
2026-04-14 02:59:30,b83fd699fcb513ec1c0aa4818668b822dd536fd0,Chemin Vert - Fraternité,32302,4,1,5,14,20,"[48.877141208359035, 2.4461565166711807]"
2026-04-14 02:59:30,694c61cc3b78d780b62fecf550d1451695233a0d,Mairie d'Ivry-sur-Seine,42010,11,16,27,26,53,"[48.81057120969284, 2.3842826485633855]"
2026-04-14 02:59:30,a079c0e19e53ca8edf53c0827fb64bb3d1f76e6b,Exelmans - Michel-Ange,16040,10,19,29,2,33,"[48.84309486651855, 2.2597770800669053]"
2026-04-14 02:59:30,b28fd38a7f36ebfb6672af3fc6740e5e275d9484,Reims - Raymond Pitet,17028,5,11,16,21,37,"[48.8888, 2.296319]"
2026-04-14 02:59:30,b7f8b7382b8c49c2a7e35a1f6266ea2f1f8bf608,Saint-Vincent - Verdun,21301,4,12,16,18,34,"[48.819211549234495, 2.254007756710053]"
2026-04-14 02:59:30,6c25ecc36074da52c8db2c82930736061ef03977,Aristide Briand - Gare de Bagneux,42302,2,0,2,20,22,"[48.79387269664978, 2.321148812770844]"
2026-04-14 02:59:30,f59e9c3cb252f4aab9ec952364e4e1117cb7eb90,Seine - Flandre,19029,11,5,16,3,19,"[48.886785741479684, 2.3746193200349808]"
2026-04-14 02:59:30,ae7dc44318d17235ec292e9af4a101eaefdb1e99,Grand Prieuré - Crussol,11042,0,45,45,2,49,"[48.864660627935, 2.3692265531829]"
2026-04-14 02:59:30,8162579a23f98766bf05eff04483942fbc91a5e6,Leroy des Barres - Médiathèque,32026,8,12,20,6,26,"[48.928253687082, 2.3681719727966]"
2026-04-14 02:59:30,38579f9a1932c7bf8c6a22ed4b40b14231f7d439,Square d'Anvers,9005,6,0,6,24,33,"[48.882633484311, 2.3448844062122]"
2026-04-14 02:59:30,0dbb2105617119293b0d25da0deef270733f7396,Miromesnil - La Boétie,8025,2,2,4,29,35,"[48.873722412917, 2.3158480972052]"
2026-04-14 02:59:30,40546a7268a2e93c1ea49814f58ea69714f8da39,Mairie du 7ème,7102,4,11,15,33,48,"[48.8577967, 2.3192664]"
2026-04-14 02:59:30,5c9969fdcca1cfdfab490ef1b3660ae57e887793,Boyer - Ménilmontant,20121,9,0,9,9,19,"[48.868895162679, 2.3919824145635]"
2026-04-14 02:59:30,face94c32cce3be9a4ba167c8a0464c082bff8c8,Laumière - Petit,19013,8,1,9,25,34,"[48.88467368538326, 2.380039058625698]"
2026-04-14 02:59:30,323d4a9666bb69a64fe67dff7f0451143bd94f33,Quai du docteur Dervaux,26013,13,12,25,1,26,"[48.910482, 2.297998]"
2026-04-14 02:59:30,e0462ba4846c72684078daf8bcc8e245a0ffb30e,Villiers de l'Isle Adam - Pyrénées,20111,11,0,11,9,20,"[48.867362, 2.396222]"
2026-04-14 02:59:30,4183e5510142261d2f6419d97d927024b8a42d3c,Place Jean Ferrat,42015,1,7,8,17,25,"[48.8184945213025, 2.3744174838066106]"
2026-04-14 02:59:30,acf68075b62813f59c48c22861d89e3b5adb7b52,Place Amédée Gordini - Lefebvre,15201,7,1,8,29,38,"[48.83061737745, 2.2920634208276]"
2026-04-14 02:59:30,b5abae7e86baf66f340f31cea24618f0ddc434f0,Charonne - Faubourg Saint-Antoine,11004,5,18,23,9,34,"[48.852191909696, 2.3740932717919]"
2026-04-14 02:59:30,5f6d13149d77f7ffc9f2cf5018256436597e0602,Hôtel de Ville de Nanterre,92008,11,8,19,19,38,"[48.892371898250424, 2.205548956990242]"
2026-04-14 02:59:30,d078a94944a2c6d3c3cb944156cddac4217a9544,Victor Hugo - Ecoles,41402,4,9,13,12,25,"[48.80476007936134, 2.4180373930262093]"
2026-04-14 02:59:30,004175a56f83d3d91eb2cbea31a51ce62d60d21b,Général Delambre - Prebuard,51004,18,11,29,0,29,"[48.93870344444, 2.2234171606307]"
2026-04-14 02:59:30,e1ec0552cfdf299bc7b0a0f751619678cb8fde5a,Stephenson - Doudeauville,18012,11,4,15,21,36,"[48.888537048944826, 2.3561610281467438]"
2026-04-14 02:59:30,fb5cac26108391b9f28664f7b9369bfc4db14e02,Place de l'Édit de Nantes,19125,19,7,26,2,30,"[48.88879, 2.3785]"
2026-04-14 02:59:30,2b4f0e1b09c7e12626f8ca81e00ff394af20e8ab,Boulard - Daguerre,14036,6,15,21,23,45,"[48.83446472680611, 2.3293386027216907]"
2026-04-14 02:59:30,841542b3b67e378dc4ef292c2c00db34e30b71dd,Simon Bolivar - Henri Turot,19205,10,5,15,8,23,"[48.877475489801, 2.3739709492211]"
2026-04-14 02:59:30,30b26e5d63306ecd667f0d9a053ed569d6c3abf1,Saint-Germain - Thenard,5123,2,24,26,5,31,"[48.850571, 2.3471015]"
2026-04-14 02:59:30,7e5c7564604790c063140b9d1caba7aacc177825,Mairie du 4ème,4015,1,31,32,11,44,"[48.855949910497, 2.3563823103905]"
2026-04-14 02:59:30,c6d7abb6991919da158c2ec35e64808f8b8e9697,Henri Barbusse,31203,17,5,22,7,30,"[48.932092978246, 2.3982878482409]"
2026-04-14 02:59:30,dbda7b19c7dbdd923ae08338f849271233743fb8,Anatole France - Louise Michel,23009,8,11,19,31,50,"[48.88873214926474, 2.2881576418876652]"
2026-04-14 02:59:30,9cffc867adc6ac9f445f348a440d388efec82d27,Montgallet - Charenton,12027,6,10,16,0,16,"[48.842647778701, 2.3861649278137]"
2026-04-14 02:59:30,6feee32f2b3a3d7307c699ca11e1e7a9bd0ab424,Stalingrad - Germaine Tailleferre,42029,12,2,14,10,28,"[48.80257200481316, 2.3786691203713417]"
2026-04-14 02:59:30,afaf05681f38a596fed372a7d7306a3b45a079e6,Guynemer - Séverine,21313,3,10,13,13,26,"[48.83091743371036, 2.2790706530213356]"
2026-04-14 02:59:30,6f68b888f1d5834c975aeb87a385a5e5941f4bff,Richard Wallace - Place du 8 Mai 1945,28001,15,10,25,2,30,"[48.87866794788021, 2.2420343756675725]"
2026-04-14 02:59:30,ab7662f778ae8f7bd0ba7ae3921706f0a7d39f29,Departement - Pajol,18110,10,7,17,2,19,"[48.886674849730184, 2.3613611608743668]"
2026-04-14 02:59:30,95d862e889559507795f956c1a8d34e7fc7e32cf,Pasteur - Gambetta,41606,0,5,5,14,19,"[48.84572797384512, 2.4236011505126953]"
2026-04-14 02:59:30,5e6daf6c7e99ef7ee3f04bdb0a3ceadfc5827cd9,Place de Verdun,43402,13,24,37,3,40,"[48.8202823, 2.473775]"
2026-04-14 02:59:30,380f8534a23e9fce66005cee39e4c7f51643130a,Montgallet - Reuilly,12013,1,10,11,3,15,"[48.844291, 2.3896481]"
2026-04-14 02:59:30,ee5ba98de24f776b944e56943ffe80c9b902a1d4,Montreuil - Gonnet,11115,3,17,20,1,24,"[48.850500564921, 2.3890856287864]"
2026-04-14 02:59:30,152888a288388b8014c597689392cea689620339,Faustin Hélie - Desbordes-Valmore,16111,6,8,14,18,33,"[48.859403, 2.276522]"
2026-04-14 02:59:30,80cc125ad1de9eeb728763596ddfec8367aaf221,Jean Macé - Faidherbe,11007,8,69,77,1,78,"[48.85337548426, 2.3828620836139]"
2026-04-14 02:59:30,fd521f4ffb69911eb55cefbddffecc1b641865c1,Jussieu - Fossés Saint-Bernard,5021,0,4,4,33,39,"[48.847185510023, 2.3534858599305]"
2026-04-14 02:59:30,b51fcd75ed26b030749cfb6e1da25bc861848a3e,Jacques Callot - Mazarine,6013,1,12,13,14,28,"[48.855280175332, 2.3375743255019]"
2026-04-14 02:59:30,b15d5b4b825f51dbb552b2dae151e33224d89b7b,Porte de Vincennes,12115,7,11,18,14,33,"[48.846454, 2.415514]"
2026-04-14 02:59:30,068624607a5f69a2a81a807484399c6cb9bcf9c7,Varenne,7015,3,17,20,27,47,"[48.857202661803, 2.3152771219611]"
2026-04-14 02:59:30,290012522528a44286f76a16bfe7e1f5006d3c28,Porte de la Chapelle - Boulevard Ney,18204,3,15,18,34,52,"[48.900097357789, 2.3586005020149]"
2026-04-14 02:59:30,ff18cbf69737638d6e1f3d3f5d9120f77b15b2ac,Commandant Rivière,8033,2,1,3,38,42,"[48.872933, 2.309796]"
2026-04-14 02:59:30,1f5c5f2107c25459089c982a3b0c92c1e5ecfc94,Square Cambronne,15010,2,31,33,26,59,"[48.84756654526, 2.3025691509247]"
2026-04-14 02:59:30,edec4703d52a6581de1888aab335641e98700512,18 juin 1940 - Buzenval,25005,6,1,7,18,25,"[48.868807, 2.185428]"
2026-04-14 02:59:30,117655e29dff66127de147577759ced79ed9eef1,Jean Colly - Tolbiac,13045,3,3,6,30,36,"[48.827817291597846, 2.3705490678548813]"
2026-04-14 02:59:30,67c90070da736b8d29627d34b7e2920d2d5b1bd8,Ouest - Château,14034,1,1,2,38,41,"[48.83617286014242, 2.319392143923804]"
2026-04-14 02:59:30,b6b7c4a2f22d6accbbd9b962cc259111d813a2db,Flandrin - Henri Martin,16018,1,1,2,15,18,"[48.8643275, 2.2724174]"
2026-04-14 02:59:30,b7e3810b53761fbb98462c19f42dfda12e30bbad,Pirogues de Bercy - Libourne,12034,2,1,3,45,49,"[48.832308, 2.38637]"
2026-04-14 02:59:30,abc79dab2394ad850f6850b2397103729ddb09fd,Grands Moulins de Pantin,19044,7,1,8,41,50,"[48.89738369720229, 2.3959985375404362]"
2026-04-14 02:59:30,3d8f9984f210702cc17a6ccac4da327c6b0e7e5e,Gare de Courbevoie,24002,4,1,5,29,35,"[48.8993867, 2.2506506]"
2026-04-14 02:59:30,0e5da6d97966dcbb1294e870d95573be4c672eed,Porte d'Auteuil,16034,7,9,16,17,33,"[48.8479394142243, 2.2608396783471107]"
2026-04-14 02:59:30,54e5221538df3c3fd6465eefc0f40249ec891d95,Jules Ferry - Faubourg du Temple Paris,11036,10,16,26,28,58,"[48.868397, 2.3678933]"
2026-04-14 02:59:30,dbc453d6ddf136b9d9428831e01eef273ea3835b,Assemblée Nationale,7009,2,16,18,57,76,"[48.861411014652, 2.3201214185208]"
2026-04-14 02:59:30,51ac7be1401bd1f649ee60df35cb979a73acf19f,Gare du Nord - Place de Valenciennes,10152,3,0,3,39,44,"[48.879089, 2.354235]"
2026-04-14 02:59:30,e30360fd973516b26bb7e5450a089a96ebb221e1,Parc Pierre Lagravère,27002,6,14,20,9,30,"[48.92650488131725, 2.239069678491417]"
2026-04-14 02:59:30,b8aa1bb07bf30a1d34ec31d3ee88873937d5a702,Parvis Robert Schuman - Roger Salengro,23701,13,6,19,5,24,"[48.812657470558754, 2.1921751275658607]"
2026-04-14 02:59:30,cf9c645780d7f01a38c592b4dc5b0c8fc135ae7e,Navier - Epinettes,17007,13,4,17,35,54,"[48.89587780769155, 2.3226776719093327]"
2026-04-14 02:59:30,0c5218cdbc797c395f1102738299027748fe944b,Place Carnot,31012,10,3,13,12,25,"[48.85593932186797, 2.441531717777252]"
2026-04-14 02:59:30,cc076647ccd281c98e48adf5e42c124390cfe339,Square des Saint-Simoniens,20119,17,0,17,8,25,"[48.8701796, 2.3967273]"
2026-04-14 02:59:30,edd9f42c8f74577cfc955138b65136d61169d4ce,Assas - Vaugirard,6030,2,2,4,31,35,"[48.848274111398, 2.3292413726449]"
2026-04-14 02:59:30,5e1913d1774a50ad007e6304084fd91caae35994,Raymond Poincaré - Allée de la Marche,23802,4,10,14,9,23,"[48.838634069623, 2.1724102640451]"
2026-04-14 02:59:30,b8b1c0d026fa74901fc796a5d62047db1187d3f9,Gravelle - Route du Bac,12126,14,5,19,32,51,"[48.824407, 2.418455]"
2026-04-14 02:59:30,2552e26ea50c72988ea6fbfa5ed817f56d893b20,Ménilmontant - Pelleport,20036,4,0,4,27,32,"[48.870682633845, 2.3989596023316]"
2026-04-14 02:59:30,1769b0d09dce6a9a000a022add1719202e074d46,Parc Monceau,17018,2,0,2,14,18,"[48.881077914129, 2.3095492646098]"
2026-04-14 02:59:30,e88b646b3785f6ea91772c1d6dbf3964c76bca51,Tardieu - Chappe,18005,7,1,8,8,18,"[48.884146759782, 2.341845408082]"
2026-04-14 02:59:30,e38f98dac4e06b43e7c2f7d4402fb5f18d0e4b2d,Lamennais - Washington,8102,1,0,1,39,40,"[48.873529900265, 2.303444892168]"
2026-04-14 02:59:30,49081e88040447aebe6c9f1c7dc53f614f527eb8,Henri Chevreau - Couronnes,20136,11,2,13,13,27,"[48.87033205312931, 2.388777695596218]"
2026-04-14 02:59:30,c84b28f58ff796e8a7c76837f70405a0f3bab7a7,Vignerons - Minimes,43006,10,4,14,14,29,"[48.841486, 2.430793]"
2026-04-14 02:59:30,09d8c4fb903c6e8f1f7ab619d451673984ecd7ad,Porte d'Orléans,14018,4,1,5,43,48,"[48.8227639, 2.3249313]"
2026-04-14 02:59:30,7a4cec10f7aa6fe89fa67c259cf186ed2d6869e1,Pierre Grenier - Pont de Billancourt,21013,14,6,20,1,21,"[48.8258020742942, 2.2487989068031315]"
2026-04-14 02:59:30,bd6f638560563cf0180557104c58c75c2a3e8117,Vladimir Ilitch Lénine - Andrée Chedid,42503,11,2,13,19,31,"[48.813240124373, 2.3319716067039]"
2026-04-14 02:59:30,f37c220256b91171be0166d0373efe52085f58ba,Ledru-Rollin - Charonne,11114,5,21,26,5,32,"[48.85345855607243, 2.3772463581947094]"
2026-04-14 02:59:30,976af90a6de6064a5f4ae29a7e87933ffe3520eb,Quai Voltaire,7006,1,16,17,14,32,"[48.858942986179, 2.3314182047146]"
2026-04-14 02:59:30,14e8c9ebb6c208f390acaf54d337f1d6ff9091bf,Saint-François-Xavier,7014,2,4,6,35,42,"[48.85154484769, 2.3146149516106]"
2026-04-14 02:59:30,b4f6988a14e2be2664fc61bdf72dcdbaddb27470,Batignolles - Place de Clichy,8012,4,4,8,34,47,"[48.883474535757, 2.326493114233]"
2026-04-14 02:59:30,3eba838d5b4f6f9483f5cceff77ea5dbab8bac25,Sommerard - Saint-Jacques,5002,0,17,17,17,34,"[48.850310432924, 2.3450158352986]"
2026-04-14 02:59:30,8cc4a9b9c74fdeb8f83aab5ce718f05f7eb4b040,Berthier - Porte de Clichy,17106,2,0,2,18,24,"[48.894222687781, 2.3125872006816]"
2026-04-14 02:59:30,2133544daa2786b7a47160c622ed57e142e2efa8,Gare de l'Est - Verdun,10023,0,0,0,11,14,"[48.876156054271, 2.3609149083206]"
2026-04-14 02:59:30,4921b2cae91ccbbc8bc6fb271223bcfbabfc7862,Capitaine Glarner - Gabriel Péri,34002,16,9,25,0,27,"[48.902449900418745, 2.3304807533425724]"
2026-04-14 02:59:30,77af27617f8d5592a2bbbf8394ef60cb036abf38,Place Jean Delay,13026,6,7,13,22,35,"[48.823316, 2.354336]"
2026-04-14 02:59:30,e1ba43b1b3ef442f410aee5fc300fb47658087b0,Pitié-Salpêtrière,13102,0,4,4,47,51,"[48.83748810318667, 2.365213818848133]"
2026-04-14 02:59:30,c52b22bc1f5f908b000da19583999f673e542ba4,Dunkerque - Maubeuge,10204,3,1,4,31,35,"[48.880432768947, 2.3528900992907]"
2026-04-14 02:59:30,1a990c10ee227740c35489ac4152c33e61feda97,Lucien Sampaix - Récollets,10015,1,3,4,40,46,"[48.874330377560476, 2.3621229082345963]"
2026-04-14 02:59:30,20519eaa8ffae0f25d65ff96a5ba2981b7bd6adf,Porte Dorée,12032,5,21,26,7,36,"[48.8354337, 2.4077132]"
2026-04-14 02:59:30,f4a9c6db68530b9899cbe47eb867a3653ab9ce01,Mézières - Rennes,6103,6,26,32,21,55,"[48.85023459321703, 2.3303819820284843]"
2026-04-14 02:59:30,6d0766c64c4e33a13567f9f7f043619ed953f159,Place Adolphe Cherioux - Vaugirard,15038,18,31,49,13,63,"[48.83959442800459, 2.3010657727718353]"
2026-04-14 02:59:30,ae36e6de2040252d8f7883629dc7e5570125518a,Raspail - Bac,7005,2,3,5,45,52,"[48.855628721101, 2.3256602883339]"
2026-04-14 02:59:30,8a531bb81281459a31839e0dc2b23873d9cc70f0,Michelet - Assas,6018,0,4,4,14,18,"[48.842741502832, 2.3350211977959]"
2026-04-14 02:59:30,88acb25eb774cc0a69a55ac4b1fabc757f425851,Edouard Vaillant - Paul-Adolphe Souriau,21019,2,12,14,14,28,"[48.834845858829, 2.2479459643364]"
2026-04-14 02:59:30,a4e39aa12d4b6d12adc6d44eef5676601815fd26,Labouret - Saint-Denis,27008,7,3,10,13,24,"[48.924066621513, 2.2539156570765]"
2026-04-14 02:59:30,3f3ab9956de232e364850f32dd85a7a6a67e8d8c,Tanger - Place du Maroc,19109,6,4,10,8,19,"[48.8862524447104, 2.3689296841621403]"
2026-04-14 02:59:30,fb39b85656a7498708b3ea026705f7538fc1facd,Vincennes - Douy-Delcupe,31019,8,3,11,25,38,"[48.85493692155721, 2.436049282550812]"
2026-04-14 02:59:30,faa9f6902f1cef653d6744a21491496149d75458,Porte de Clignancourt.,18032,1,1,2,54,56,"[48.897488, 2.343996]"
2026-04-14 02:59:30,16a6fd445cdee0b65f137cda8f24e1f7992ec021,Place du Maréchal Juin - Péreire,17027,2,4,6,40,46,"[48.885263, 2.298286]"
2026-04-14 02:59:30,1a179f801bc044e3d64377b29545ecf902b9e45b,Lucie Aubrac - Franklin,31016,2,4,6,29,36,"[48.86223916006812, 2.4435862898826604]"
2026-04-14 02:59:30,4de4c5fcbdfa79116842c7dce1d18a5e5ea6525d,Primo Levi - Frigos,13016,1,23,24,9,34,"[48.83094844846017, 2.37965351592796]"
2026-04-14 02:59:30,cd6ab3ef12c99b6bef9ccffd93a279864f08df62,Dunois - Clisson,13043,5,26,31,19,51,"[48.832294, 2.3674523]"
2026-04-14 02:59:30,cf529109c67c60936710c93c6309fb030425142c,Milton - Manuel,9115,7,4,11,11,22,"[48.878249, 2.341181]"
2026-04-14 02:59:30,ac7ac6ed54958afc30334d3cf31814f9c46b62b5,Jean Jaurès - Jean Baptiste Clément,21003,23,16,39,0,39,"[48.84576261454011, 2.2369650006294255]"
2026-04-14 02:59:30,7fbd843e1010f7043fbdf6dfacb66c1cbac33afa,Château - Bineau,22001,6,15,21,2,23,"[48.890404028589806, 2.270106375217438]"
2026-04-14 02:59:30,63e9772f9978c76fd94883276c4353e7077491e2,Porte de Ménilmontant,20027,4,1,5,10,15,"[48.8691543609174, 2.40932246879487]"
2026-04-14 02:59:30,77fe3ad86b9f09a748c3e679bd5b1eaa0d7c2724,Colonel Monteil - Brune,14122,3,1,4,15,19,"[48.82650293311, 2.3092747998272]"
2026-04-14 02:59:30,e50ecec9e788d586833a38d97104675368194031,Lourmel - Marie Skobtsov,15108,2,32,34,0,36,"[48.844974, 2.287283]"
2026-04-14 02:59:30,aed99046b39a17ac0c2bf886f5af2f6850724827,République - Danton,41204,6,2,8,12,20,"[48.85249172181667, 2.462034523487091]"
2026-04-14 02:59:30,f3f1760f31dfd987181ca073665fff4f369c4a8f,Cité des Sciences et de l'Industrie,19009,0,2,2,26,30,"[48.89659571178903, 2.384599149227142]"
2026-04-14 02:59:30,4f293f4accfdeef3bf74d8f8353e876563525a25,Pajol - Riquet,18109,5,2,7,39,47,"[48.88960028134536, 2.3628534749150276]"
2026-04-14 02:59:30,690b39b9843a838f0aaabbcc5a3037f29d9071a5,Lassus - Delouvain,19038,0,0,0,20,20,"[48.8755044846, 2.3890327325519]"
2026-04-14 02:59:30,672cf6b922cf343d9da46d274fc7aaa29ea913d2,Emile Blemont - Poteau,18029,13,7,20,19,39,"[48.8943782, 2.3415122]"
2026-04-14 02:59:30,62d7a0d6f0fc6652981b99f2588346ef8c443c86,Square du Carrefour de l'Insurrection,21703,16,2,18,4,23,"[48.820864559770676, 2.291113436222077]"
2026-04-14 02:59:30,fa253373eae1a8bbb0b8777076d724ac3f1a582d,Toffier Decaux - Cartier Bresson,35017,5,5,10,7,18,"[48.90165072551549, 2.4017545580863957]"
2026-04-14 02:59:30,dd57a89ddd9cb4a006e7b4cc4dbac9146dc9ab1f,Orteaux - Mouraud,20118,5,3,8,16,24,"[48.85558642847872, 2.408762907764669]"
2026-04-14 02:59:30,2b15dc0796ded1fbb6baa83252b6c8b479b7f7cb,Fragonard - Porte de Clichy,17011,6,18,24,29,54,"[48.894155633419, 2.3143893107772]"
2026-04-14 02:59:30,975a6a7c9a4475a2e596d10198ccdf0bf3d5ba64,Provence - Chaussée d'Antin,9031,1,2,3,21,25,"[48.87428447542072, 2.332976511564311]"
2026-04-14 02:59:30,7fcd73632c3b2812eb558c46d671e776ab451cfe,Edgar Quinet - Raspail,14002,0,1,1,44,46,"[48.83940266673835, 2.32971478253603]"
2026-04-14 02:59:30,a770cb4f09b76540e812fe1e5bee4c573e8bb446,Porte d'Aubervilliers,18049,0,15,15,38,55,"[48.89859661942376, 2.3689722642302513]"
2026-04-14 02:59:30,127677d16c616976b38a06630f5542ff0d18d052,Nanterre - Université,92004,6,3,9,11,20,"[48.901365, 2.212693]"
2026-04-14 02:59:30,9a28fbe64de9f8b3ba467db94b5850222c5c501d,Square Saint-Ambroise,11041,3,36,39,3,43,"[48.860934, 2.375841]"
2026-04-14 02:59:30,4d14289c90acbfbabb506701daa3531d10746267,Sadi Carnot - François Mitterrand,31703,19,4,23,4,27,"[48.87532687671517, 2.4241617321968083]"
2026-04-14 02:59:30,5136501e8ebf378acd0d2a1110b355f552a64c12,Gabrielle Josserand - Edouard Vaillant,35003,13,10,23,0,25,"[48.90271566255436, 2.3933270573616032]"
2026-04-14 02:59:30,0a85048c826ecba1f895b7d264db6363bbe930f2,Théâtre - Lourmel,15031,9,27,36,6,53,"[48.8482070397636, 2.2898658737540245]"
2026-04-14 02:59:30,40f77dd3f5bed22973fd0cf083ceceb8b1145a68,Square René Viviani - Montebello,5121,3,35,38,9,47,"[48.851904891406, 2.3478421568871]"
2026-04-14 02:59:30,7db4347cbd7bf051728cfc3fd20af61908c914ca,Ledru-Rollin - Place du Père Chaillet,11006,12,23,35,2,37,"[48.856433706943704, 2.379020587761426]"
2026-04-14 02:59:30,9da8ac449d73e9f960f47acd4e69796c7e01ecb7,Ecole Vétérinaire,47005,12,17,29,6,36,"[48.81488859822486, 2.4224362157778994]"
2026-04-14 02:59:30,8bcdf7d3e774005794b9ff5169449ad1b0f52013,Méchain - Faubourg Saint-Jacques,14112,1,1,2,14,16,"[48.83586772099485, 2.33798034198275]"
2026-04-14 02:59:30,ba0a53c05d785591d4212b64d8241e03b9c7cf85,Stade Auguste Delaune,47004,5,4,9,12,21,"[48.80896378683884, 2.4345204234123234]"
2026-04-14 02:59:30,c761a66c43b9ce148a7455579122c72c04ef0f41,Jean-Baptiste Pigalle - La Bruyere,9026,0,1,1,15,17,"[48.87939826447722, 2.333709173337285]"
2026-04-14 02:59:30,5173f04bd944314c98be9bafdeeb39ff8e0cc429,Belliard - Damrémont,18033,13,10,23,10,34,"[48.89669238777841, 2.338023450388167]"
2026-04-14 02:59:30,14eae97262ec461348aac72389c98ddd7b495a5e,Boulets - Faubourg Saint-Antoine,11010,9,8,17,26,43,"[48.849259262115, 2.3917546141943]"
2026-04-14 02:59:30,916481573e6a9509b645908fb66ee2e5cfa758b9,Kléber - Gouverneur Général Eboué,21310,3,6,9,12,24,"[48.826885843069796, 2.2723413258790965]"
2026-04-14 02:59:30,51e01abd76966b3dc45d6e896a3063366b92398a,Président Wilson - Jean Jaures,23007,5,20,25,2,27,"[48.89034054052266, 2.2920683026313786]"
2026-04-14 02:59:30,6c6ea09ff3128ed2794fe0da6e1bccec3c8d553c,Gare RER de Saint-Denis,32015,23,13,36,2,40,"[48.93554324248177, 2.3471488058567047]"
2026-04-14 02:59:30,71b42e9f5eaa252313f2cdefa93f473015825e97,Faubourg Montmartre - La Fayette,9014,5,12,17,18,35,"[48.875254549053, 2.3408536612988]"
2026-04-14 02:59:30,b7aaf660bbee8af01f7f6dc1e008ac41dc16041c,Place de Passy,16043,4,2,6,7,15,"[48.85780291711202, 2.277500546942199]"
2026-04-14 02:59:30,45c665be354ada5bdc2e25f281027331f3d01192,Mozart - Jasmin,16027,8,7,15,44,62,"[48.85286124871689, 2.268483570651513]"
2026-04-14 02:59:30,65aa58cdcdbca41937075602c3e336a8b1c505e9,Naples - Rome,8019,2,3,5,20,26,"[48.879960700846226, 2.321358695626259]"
2026-04-14 02:59:30,16a6765e0ed1aab8532098619c7b67bf9b8b8a45,Lallier - Trudaine,9017,5,3,8,20,29,"[48.88109246617963, 2.3408224806189537]"
2026-04-14 02:59:30,6c2558e0ee93af58e1ab852c868fc49f1074d080,Square Léon,18008,17,3,20,12,33,"[48.88667396788626, 2.353205569088459]"
2026-04-14 02:59:30,c86c81217ba97fbbf5d99e7d92958c4e1651f75d,Villersexel - Saint-Germain,7008,2,2,4,12,16,"[48.858297001218, 2.3237934708595]"
2026-04-14 02:59:30,aa87492d30105b864fe1d0651e86f6b77cf67d02,Gare Montparnasse - Vaugirard,15003,2,1,3,63,66,"[48.8418071798797, 2.31951002690117]"
2026-04-14 02:59:30,7a707eab50bdde10b232a24bbbaaa6cd9cca0f84,Sabot - Rennes,6032,1,17,18,7,26,"[48.852575112948415, 2.331552766263485]"
2026-04-14 02:59:30,f98e4d8e6b5e991d71f93f444e1244ab91f7bd6c,Pereire - Place de Wagram,17022,5,12,17,28,46,"[48.887070607581215, 2.304111124531457]"
2026-04-14 02:59:30,a0afb7eab0b8d0ac9d93472436c27d7b79d2b86c,Champ de Mars - Cler,7020,7,21,28,10,40,"[48.856691550115315, 2.306646779179573]"
2026-04-14 02:59:30,9cf09a03f2e47d43ac5a03625cc7f27674409632,Mairie de Sceaux,23304,15,6,21,11,33,"[48.778916905132, 2.2887361764861]"
2026-04-14 02:59:30,c60a6c4bc585203705942f43668ed38e0f37fae0,Diderot - Reuilly,12161,5,28,33,10,44,"[48.847208456061, 2.3861273378134]"
2026-04-14 02:59:30,2ec64c0b311e943af55e45c76534398f1da9c91d,Palais des Sports,15107,1,7,8,14,22,"[48.833468517426, 2.2858720645308]"
2026-04-14 02:59:30,aa272ea78e1f43754e825a9084151466c9a03d4e,Place Pasdeloup,11043,5,14,19,2,21,"[48.862654215631, 2.3670325062844]"
2026-04-14 02:59:30,7ed0a780f6a5e9aaa5e31c08e497032ad1b1874b,Hôpital Pitié Salpêtrière,13103,1,6,7,42,50,"[48.8377016, 2.3604946]"
2026-04-14 02:59:30,67ccf268c5080e981e317d2cba5930726edd2db7,Parc André Citroën,15059,3,38,41,24,65,"[48.840639944297, 2.2780618071556]"
2026-04-14 02:59:30,96382e8e7b737f1e272f06c4ca88f2ebdbb8e20e,Calmette,32603,5,1,6,25,32,"[48.88104925098552, 2.424993216991425]"
2026-04-14 02:59:30,5eee49717ff8d50e92ac0bcd255cfba7852d4149,Porte Maillot - Perreire,17201,0,1,1,45,51,"[48.878021154637, 2.2842371277102]"
2026-04-14 02:59:30,f6b459ae15255d0dc88a72201fd3e6be4da6c794,Chateau,23403,2,13,15,2,22,"[48.774661399959, 2.3135878035462]"
2026-04-14 02:59:30,34b26b31065f15ae4dff356d3ad4ff82b609c81b,Stade Gaston Bouillant,23903,8,6,14,15,30,"[48.939958667023, 2.3279571813836]"
2026-04-14 02:59:30,678d61733be89a967b89bf02700754d2a10be8dc,Blaise-Desgoffe - Vaugirard,6027,1,0,1,30,32,"[48.846128877747, 2.3242672160268]"
2026-04-14 02:59:30,c8e1b7f7ca9b1efa2d357057f0ab15e41d98d5a2,Place François Mitterand,31023,2,1,3,31,34,"[48.86492782016328, 2.442958317697048]"
2026-04-14 02:59:30,1b984d912363f99b11b73d9abd49a8038217bac6,Faubourg Poissonniere - Delta,9118,4,1,5,27,36,"[48.882555807626765, 2.3497482016682625]"
2026-04-14 02:59:30,159bd7b280d7d2397382a7e5960b8f0dcf1854c2,Billancourt - Général Leclerc,21024,0,3,3,18,22,"[48.8322649, 2.2380413]"
2026-04-14 02:59:30,18cfb9ee9fd7b7e8e52a12166e78f6677051707a,Raspail - Chomel,7101,0,15,15,34,49,"[48.852233164303, 2.3266580700874]"
2026-04-14 02:59:30,fde64959470d49005264f3e85f048fd790eeb1aa,Reims - Porte d'Asnières,17116,4,1,5,21,26,"[48.891834448210986, 2.300144659954865]"
2026-04-14 02:59:30,95b45fec037d41b1fdbd8e65fe733f30832337ec,Tourlaque - Damrémont,18208,2,1,3,13,16,"[48.887912943261, 2.3328311485014]"
2026-04-14 02:59:30,9e192cff7050030c1394a61d8a3a0363737b25f9,Surcouf - Université,7016,1,15,16,40,58,"[48.861273016278, 2.3094535509142]"
2026-04-14 02:59:30,16b84e264c91a5dccb5230883c478f324d92abde,Bois de Vincennes.,12041,11,13,24,35,60,"[48.8338064, 2.4132221]"
2026-04-14 02:59:30,793bc458ea3466e1a1df0e41433950eea8fc4355,Bercy.,12108,0,28,28,38,66,"[48.839966914994, 2.3788625746965]"
2026-04-14 02:59:30,24e332ee9ec2b1593ef194d641a076061355eb68,Duroc - Place de Breteuil,7013,3,28,31,11,42,"[48.847460641142, 2.3126140236855]"
2026-04-14 02:59:30,baea8b2fd384846468b8778e8bd407e607ce8826,Charles Robin - Grange aux Belles,10207,8,1,9,10,23,"[48.877376705016, 2.3698456519833]"
2026-04-14 02:59:30,316fe3cb5c758739584a14e385f64b843ae92a0d,Gustave Eiffel - Parc des Impressionnistes,21114,11,17,28,2,30,"[48.90390619651018, 2.2946908324956894]"
2026-04-14 02:59:30,e49ec677d82e8af1a06e97a97ee7a78217c26990,Brochant - Square des Batignolles,17016,3,3,6,23,31,"[48.88818698581028, 2.316861143151153]"
2026-04-14 02:59:30,b1affeeacaa03f64838a06372bf187ff4aaea1bd,Dupont de l'Eure - Gambetta,20202,16,1,17,14,31,"[48.8679385, 2.4003649]"
2026-04-14 02:59:30,e80686a79fa12bf67296c1f3fbc204e6d33d659d,Square Raymond Souplex,18019,21,7,28,24,52,"[48.89183721478911, 2.335426103165901]"
2026-04-14 02:59:30,97c24afd51c740e653f0ce94267e51cd374ba29e,Parmentier - Fontaine au Roi,11034,16,15,31,16,48,"[48.86787670551736, 2.372705978671471]"
2026-04-14 02:59:30,8a641293707d76d77ad0c395ba964d73220f84aa,Rougemont - Poissonnière,9012,0,6,6,36,44,"[48.871611569354755, 2.345873080193996]"
2026-04-14 02:59:30,06e963036ca609114225eea8002eb249c83f1ad2,Place des Larris,41206,2,4,6,26,34,"[48.8568363, 2.4780236]"
2026-04-14 02:59:30,99c34b6fd82a309a6eaf411ea21ca47a6da22113,Vistule - Choisy,13113,2,3,5,26,33,"[48.82365543660611, 2.3615723848342896]"
2026-04-14 02:59:30,a35436876ef4ca46caf09599f9e6d0dd38f02b1b,Square Desnouettes,15061,7,10,17,5,22,"[48.83476837934194, 2.284142297394666]"
2026-04-14 02:59:30,0df1f5a8179f5be47b7ff90189a1bed1f50425d0,Roquépine - Malesherbes,8015,2,24,26,26,53,"[48.873450733908, 2.3204044997692]"
2026-04-14 02:59:30,4c3a867a7e48a1aa918349ad18e1095210d1796e,Ferrus - Saint-Jacques,14007,2,7,9,25,34,"[48.8313878, 2.3408563]"
2026-04-14 02:59:30,0b3f8efbc210e1400961cb463aa60f06ef093ca2,Claude Vellefaux - Sambre et Meuse,10164,6,2,8,26,34,"[48.875022, 2.370478]"
2026-04-14 02:59:30,74a272beedb5806f2b1c018f0a77277aef00e716,Faidherbe - Dahomey,11107,4,37,41,1,44,"[48.851358329771806, 2.383823134795429]"
2026-04-14 02:59:30,1d27c3151b5adc3b7621e07176acf2d04643db3f,Le Vau - Maurice Bertaux,20103,3,13,16,8,25,"[48.86803439043193, 2.411030612453627]"
2026-04-14 02:59:30,6456b56db4f0dc75b63e217b72243f7ae34dbe22,Porte Saint-Martin,3101,4,15,19,12,34,"[48.86860172112996, 2.35570102930069]"
2026-04-14 02:59:30,c76905372d9e639e3f529ee80c6e16c42b2d79e1,Mairie du 19ème,19021,10,2,12,14,27,"[48.88256264247959, 2.3812624812126164]"
2026-04-14 02:59:30,bcd7e752e1fe3149a483b97d6e4586d33f5f0e47,Argenson - Château,22002,5,7,12,13,25,"[48.888559314669514, 2.2642001509666447]"
2026-04-14 02:59:30,7c4a975e25ea406ea9972de8c75b4d83a50598f4,Louis Ganne - Davout,20045,1,9,10,20,30,"[48.86338720692607, 2.409725748002529]"
2026-04-14 02:59:30,8f5b63ebcc0c46e20eaad15b13b5e9629770fbe9,Square du Bataclan,11044,2,11,13,5,20,"[48.8633762, 2.3711327]"
2026-04-14 02:59:30,b09e7a9619eb8a884d1be0bdb451345301d95c50,Place Tony de Graaff,21952,11,24,35,7,42,"[48.8181645, 2.2458109]"
2026-04-14 02:59:30,721d50fb5de0edf4d892c4166497ee3385723c42,Vignes - Boulainvilliers,16031,0,3,3,18,21,"[48.856399483950504, 2.275240458548069]"
2026-04-14 02:59:30,69283856192b1c6d1355cfee313d88591d369b0c,Terroirs de France - Lheureux,12153,2,24,26,28,55,"[48.83212027074841, 2.388618104159832]"
2026-04-14 02:59:30,ac99f341ca5e924cb63b527bba39058d1b135375,Roquette - Folie Regnault,11110,20,7,27,24,52,"[48.859246959155, 2.3865536235787]"
2026-04-14 02:59:30,6bf8d25d82aa646a070ca970e5891443a095369a,Brochant - Clichy,17005,7,11,18,32,53,"[48.89032998912038, 2.319730559929781]"
2026-04-14 02:59:30,818f19c641b6d07bccd430f6ead4659eee611ac4,René Coty - Parc Montsouris,14016,4,1,5,50,55,"[48.82479134498032, 2.336124926805496]"
2026-04-14 02:59:30,3f8270d5e9eda732e4a9ecc09faae293d1761441,René Binet - Porte de Montmartre,18035,1,7,8,27,37,"[48.89905109950848, 2.3365534096956253]"
2026-04-14 02:59:30,ca8f67c310a9f3a0e1e14abc5f03a23aaff34939,Moulin de la Pointe,13110,20,0,20,2,22,"[48.82092946051445, 2.3563179373741145]"
2026-04-14 02:59:30,8c9f56f86fea3222b95e82be3a34d2b83daf4420,Sèvres Rive Gauche,23105,2,1,3,30,33,"[48.821443218278, 2.2150785306885]"
2026-04-14 02:59:30,ad6e5172caaa05b0d7637dbd5760ef68ad04a19e,Gare de Clichy-Levallois,23005,2,0,2,23,26,"[48.89679827481989, 2.2984680533409123]"
2026-04-14 02:59:30,104fd66d22c78d73e9271f19c9a797a8c7d78d88,Le Corbusier - Jean Jaurès,21009,3,31,34,10,46,"[48.83780830557548, 2.2408381104469304]"
2026-04-14 02:59:30,247b3ec29ef495aafdb62dd3aa8d4974f6d55374,Boutroux - Porte de Vitry,13047,5,43,48,1,49,"[48.822632, 2.377738]"
2026-04-14 02:59:30,16c92be2ca2afbe3270b981b2e520861395c443d,Pont De Charenton,44103,3,12,15,0,18,"[48.8179685, 2.4199531]"
2026-04-14 02:59:30,9a978e5c497031ecade4a0fb8e45bf14bfb4694c,Beaumarchais - Pas de la Mule,4107,3,9,12,5,18,"[48.855580507049, 2.3684333673431]"
2026-04-14 02:59:30,62c44e340e121dcd04b6b46bdd3b38b885dfff24,Cours de Vincennes - Davout,20047,2,1,3,45,48,"[48.847238029966, 2.4107042336225]"
2026-04-14 02:59:30,d1838a97fb46f1526f30514670aa4918760521ea,Monte Cristo - Bagnolet,20204,21,1,22,14,36,"[48.85656581187, 2.3972699046135]"
2026-04-14 02:59:30,2771e85e61e52038aff54a614e9b3fb0e3d807fe,Place Marcel Sembat,21017,3,1,4,52,56,"[48.833288650307, 2.2441747784615]"
2026-04-14 02:59:30,1570ba1884468a40211633893f5ae0f6c52a8095,Gare de Nanterre Ville,92005,5,15,20,22,43,"[48.8950295, 2.1957932]"
2026-04-14 02:59:30,00c9daa3887a0a312ef8f262656a4aa28f8fb0d2,Senard - Charles Blum,22103,5,8,13,11,24,"[48.857315824799, 2.221091687679291]"
2026-04-14 02:59:30,891e54206d854a0836337b63e6efee89598747f1,Sambre et Meuse - Villette,10039,12,3,15,8,25,"[48.874405666217, 2.3738072379951]"
2026-04-14 02:59:30,6e6a9ef0d863bad0a447a1ac58b0feae8bb0190c,Guy Môquet - Saint-Ouen,17001,18,18,36,14,53,"[48.892777719023975, 2.3270335793495183]"
2026-04-14 02:59:30,cfe5178090b552265883fd381addce613b02ddfd,Clapeyron - Moscou,8011,0,0,0,15,15,"[48.88078819514121, 2.324815057218075]"
2026-04-14 02:59:30,d81b5965d0af091e5510e56e4ccdd91fd5aa89e5,Paul Klee - Place Augusta Holmes,13020,3,3,6,37,43,"[48.838946417408025, 2.3704235663952966]"
2026-04-14 02:59:30,c11371e482d5df62da7043b9fb16a5ddc8a15252,Constantine - Université,7010,3,23,26,39,65,"[48.860680473738, 2.3148481955842]"
2026-04-14 02:59:30,805dfcfafc6c65c31f34d25e7a02287a66423c37,Paul Barruel - Vaugirard,15019,9,19,28,7,39,"[48.84014918546239, 2.3044332861900334]"
2026-04-14 02:59:30,c55baa2f419a137e0d5474011e88d89e36786db4,Rapp - Place du Général Gouraud,7024,7,14,21,7,31,"[48.858102885107, 2.3004072904587]"
2026-04-14 02:59:30,3ce7cdc10f7dc763580118dcf0b52a6490c5b6cb,Pyramide - Parc Floral,12125,4,1,5,43,50,"[48.837442, 2.440452]"
2026-04-14 02:59:30,005967a98235012fc3fc857d1eb6c0c71a62f5d2,Auguste Blanqui - Glacière,13515,2,15,17,42,60,"[48.831151602964, 2.343822196126]"
2026-04-14 02:59:30,9fbc2bd72a0072f38f4d846063339c10ebdb4090,Choron - Martyrs,9016,2,20,22,5,29,"[48.877851443503, 2.3396701365709]"
2026-04-14 02:59:30,ba7dcc60d62ff1ed870bfdca3f0de3a5fb94b78f,Quai de Valmy,10037,2,0,2,22,26,"[48.88126951579429, 2.368186041712761]"
2026-04-14 02:59:30,5f1069cd84d8d023ed24bee7a5d71f6c0a14320c,Athènes - Clichy,9036,1,2,3,16,20,"[48.878113787876, 2.32956021945824]"
2026-04-14 02:59:30,7d5eec37c469068634f94316e4d951f37ae015c4,Parc Suzanne Lenglen,15125,0,22,22,29,52,"[48.833250690537874, 2.2765403240919113]"
2026-04-14 02:59:30,01a3185ec8e398b70a23f62ad4d89eeb4e5264dd,Mazagran - Pierre de Coubertin,13027,5,10,15,0,15,"[48.816218640260445, 2.344226874411106]"
2026-04-14 02:59:30,88ad07457b462d6bd7a9eaffc03996a3c100d7ac,Neuilly - Petit,21118,3,12,15,1,16,"[48.898965361341254, 2.29627937078476]"
2026-04-14 02:59:30,61515b0b3aed8b1ab7ce3dca59f55763d90d1c47,Censier - Santeuil,5034,4,25,29,40,69,"[48.840658921385234, 2.3537524044513702]"
2026-04-14 02:59:30,a4582ea7f3b860e3ad2d1934012511e4b4ec141e,Saint-Didier - Raymond Poincaré,16009,5,0,5,12,17,"[48.86642312020962, 2.285863497192411]"
2026-04-14 02:59:30,1c745362c14000b701539452a651253798d7d22d,Cours de l'Ile Seguin - Parc Billancourt,21029,4,10,14,15,29,"[48.82714055843935, 2.234234511852265]"
2026-04-14 02:59:30,c0f8eb91aa23ad804d15e79bbaaa2c2e3d5c8e50,Botzaris - Crimée,19025,11,1,12,7,21,"[48.87959698690176, 2.3887913337477067]"
2026-04-14 02:59:30,8010b4ef6411951b85380365be753a311a23c4a0,André Maurois - Joseph et Marie Hackin,16003,1,2,3,26,29,"[48.8778983, 2.2789591]"
2026-04-14 02:59:30,7a1ed464542aea209a524c10888ab72d2b6d23f4,Sérurier - Alphonse Aulard,19208,5,0,5,10,16,"[48.880528901839, 2.398028970957]"
2026-04-14 02:59:30,cbdcf8614848a150854da60ac96dc80fc8efd732,Eylau - Trocadéro,16014,0,0,0,24,24,"[48.863354122371, 2.2864209115505]"
2026-04-14 02:59:30,6aad22ff944d9521a1c42d5e4f90d397adcecc19,Square de la rue Pixérécourt,20002,7,1,8,37,45,"[48.8736824, 2.3960278]"
2026-04-14 02:59:30,57aeef8bf6f073a3fe5eba35ea9cbfdf35aabe51,Belleville - Couronnes,20039,6,5,11,38,50,"[48.868831082877, 2.3809862136841]"
2026-04-14 02:59:30,169c2d9ab5e5cd7519394465d45a57bcf9661f92,Gare SNCF Vanves-Malakoff,21702,15,2,17,34,51,"[48.819002163836444, 2.292150005103606]"
2026-04-14 02:59:30,57f19550547af067561b1e42b1bd203a9e1515fc,Paul Vaillant-Couturier - Gare RER,44002,6,15,21,4,26,"[48.80108159069614, 2.402097210288048]"
2026-04-14 02:59:30,8cedde8250a7cb3c9a1ada8dce2c9fbbb3b42d09,Place Saint-Ferdinand,17039,3,0,3,35,38,"[48.87815529789739, 2.288518047864942]"
2026-04-14 02:59:30,dc4ae2aa38b07bff65a54813152565d2da737e85,Hôtel de Ville de Fontenay-aux-Roses,22604,7,2,9,25,34,"[48.790844603480856, 2.2871455930319455]"
2026-04-14 02:59:30,e6e39d9c77800ca0a5dd49b37795f41adf339ed5,Vanne - Saussaies,42305,5,1,6,12,20,"[48.786404, 2.338848]"
2026-04-14 02:59:30,fa5b261cd754e341b5d7b2553c5c6459d5248ecc,Wurtz - Tolbiac,13048,11,16,27,0,28,"[48.82631195621, 2.344585955143]"
2026-04-14 02:59:30,21d8aab489983a8f5177ca2b1a8f4a2061ee9453,Pierre Lefaucheux - Traversière,21028,7,25,32,2,35,"[48.82435208303827, 2.2417913004755974]"
2026-04-14 02:59:30,5b7d0977dbe8dacc775d4f5dad44626c99c1a0ac,Mairie de Romainville,32301,4,0,4,11,17,"[48.885109, 2.435679]"
2026-04-14 02:59:30,033b5b047345f3ee06c460e8afb8ef3da01e4c4d,Amaury Duval - Gabriel Péri,21219,5,0,5,30,36,"[48.81718759671675, 2.323841750621796]"
2026-04-14 02:59:30,1ab545c6282c387fe7533fc58671c74e140e3708,Jean Calvin - Tournefort,5014,0,4,4,24,28,"[48.84158856925782, 2.348489575088024]"
2026-04-14 02:59:30,43fbb4a7667275c79d71e61ec1e8af6d302f5a97,Gallieni - Lycée Charles Petitet,23902,1,31,32,11,45,"[48.927640283627, 2.3308986340524]"
2026-04-14 02:59:30,919a2986d26ef7ab41f326746036a13e94cb2367,Buzenval - Avron,20007,19,1,20,30,50,"[48.851617204999, 2.4015135973077]"
2026-04-14 02:59:30,04b6cea5f50cff0812e22b0dc5eb6fc31563237f,Charles Gide - Fort de Bicêtre,42701,7,0,7,22,30,"[48.8071937956922, 2.353984415531159]"
2026-04-14 02:59:30,ac9ee104917604288bc99cc2d3750f52513f6519,Vitruve - Davout,20122,6,1,7,16,23,"[48.86053161154489, 2.4091592812626543]"
2026-04-14 02:59:30,57d438ae3955ab513b597534691a30b9e356a720,Place de la Porte de Passy,16020,3,8,11,24,36,"[48.857341095470794, 2.2644165538827115]"
2026-04-14 02:59:30,fb07cffa70a135eec1495f198019858dd0681796,Place Nationale - Château-des-Rentiers,13126,6,2,8,10,18,"[48.829268, 2.365212]"
2026-04-14 02:59:30,8fef04f985323b8cea4b945939f0c35d274c6d6d,Gare Montparnasse - Edgar Quinet,14101,0,0,0,30,33,"[48.841487851079, 2.3233232282801]"
2026-04-14 02:59:30,0310b2526f935bf105973fe1e9b696e3a1704300,Place de Lévis,17015,6,3,9,36,48,"[48.883546851533254, 2.3131933808326726]"
2026-04-14 02:59:30,22bc72503d4e0423a17630c94f6e4483292bf01d,George V - Christophe Colomb,8549,1,1,2,21,24,"[48.87046, 2.30104]"
2026-04-14 02:59:30,d4e3ead1f41cb7b92ce2f9d79093c5b4d366500c,Lycée Saint Exupéry - Juliette Savar,40009,14,5,19,10,30,"[48.783021513972, 2.4637357216879]"
2026-04-14 02:59:30,efb248b8532f10f7f7e6699d52a394de1e702a01,Daumesnil - Hébrard,12043,2,7,9,31,40,"[48.8429, 2.38474]"
2026-04-14 02:59:30,69ea3e6074018a571285c7186f7b228f6cb44c19,Place Fernand Forest,15072,7,8,15,17,33,"[48.849269143836, 2.281863167882]"
2026-04-14 02:59:30,122db1a9e1b1fe2571e1df27a05a65f4b6c9cc86,Président Wilson - Baudin,23003,2,11,13,14,28,"[48.89826887103676, 2.2849336266517644]"
2026-04-14 02:59:30,fbf68a40533e94857c89c91354a0d35da66d0328,Gaston Tessier - Rosa Parks RER,19108,19,1,20,15,37,"[48.8963765, 2.3743692]"
2026-04-14 02:59:30,415518dafa97cd3988020cb79ea7e2bccedd68da,Marché aux fleurs,4002,2,4,6,17,23,"[48.855258115391, 2.3473754525185]"
2026-04-14 02:59:30,80ee38914e30c6a0d939315cf0cc5c2aedf66c9a,Jacques Kellner - Saint-Ouen,17003,4,7,11,34,45,"[48.895809485802886, 2.327897409164145]"
2026-04-14 02:59:30,f746376337f93edd9e4ebf61cfbe372af5377a12,Raspail - Albert Schweitzer,42501,4,8,12,13,28,"[48.81031545, 2.34395871]"
2026-04-14 02:59:30,2d4a67fd93b83ca11bd619f5e14eedf99e63d718,Assas - Luxembourg,6008,0,5,5,28,33,"[48.843734468779, 2.3334283818759]"
2026-04-14 02:59:30,c9c61d92c2c410129cd9797189b8f7adc4cdf17a,Charonne - Pierre Bayle,11021,18,2,20,2,23,"[48.858445054262, 2.3903981223891]"
2026-04-14 02:59:30,0605216308f392759b15a699c13fa396de0dae08,Louis Rolland - République,21217,1,0,1,24,26,"[48.81710889740748, 2.3193106434955717]"
2026-04-14 02:59:30,61f2bdbf5b5bafde67b750c0af0a41d56861992a,Emeriau - Beaugrenelle,15030,8,56,64,8,74,"[48.84791249714942, 2.2843059897422795]"
2026-04-14 02:59:30,7b96cfc02fe4cfbdbe7f92e21f36458b38a58956,Gare de Lyon - Chalon,12007,4,1,5,40,45,"[48.845666194202, 2.3741452395916]"
2026-04-14 02:59:30,44ea0fedf98806f14a27160e1b0d38eae729baba,Benjamin Delessert - Jean Lolive,35007,6,0,6,14,21,"[48.89392043619345, 2.417981922626496]"
2026-04-14 02:59:30,c742b036e42a7a33fa69911c840d33fc1d26ebd1,Italie - Jardin Joan Miro,13032,1,1,2,23,26,"[48.81990914045756, 2.3592948541045193]"
2026-04-14 02:59:30,9d22dcb007205093757ab1f5d15808c88a58cdcf,Gare de l'Est - Place du 11 Novembre 1918,10165,2,1,3,34,40,"[48.876327, 2.3585464]"
2026-04-14 02:59:30,6b01f2adfb821dabe165e725e71fbe473dcf3fa1,Batignolles - Beudant,8020,2,2,4,39,44,"[48.882164014664, 2.3198529705405]"
2026-04-14 02:59:30,d00a8942248d59ebe1e362cc356035f1350952ec,Pergolèse - Malakoff,16002,0,0,0,37,38,"[48.87521088779225, 2.2842781618237495]"
2026-04-14 02:59:30,1d1d45729a67e135803b4a395574cf1c3d9bf989,Voltaire - Anatole France,23010,7,16,23,4,27,"[48.891999360256904, 2.284262739121914]"
2026-04-14 02:59:30,3a796b52e8ab77399aaeb296d945c48ed223ce6c,Square Louise Michel,18006,4,3,7,28,36,"[48.884687354509, 2.3441386967897]"
2026-04-14 02:59:30,e8a0353f46e139440fa5004fabc713154ffb68d6,Emile Zola - Fondary,15022,5,30,35,6,42,"[48.847051143113745, 2.2953405976295476]"
2026-04-14 02:59:30,c88e8222a1cccd7158f0b359fbd318ad04b5c5d4,Paul Vaillant-Couturier - Victor Hugo,23004,11,11,22,13,36,"[48.89819702263572, 2.293848017974069]"
2026-04-14 02:59:30,ab01160aa8f144a64e89a9d81d09ddc2e1b40611,Place du 14 Juillet,22408,9,1,10,12,22,"[48.819266959525, 2.3011998832226]"
2026-04-14 02:59:30,10fc17b622cc1cdf3a9d8fefabd783be3cc4d919,Estrapade - Ulm,5012,4,1,5,11,16,"[48.84512772828, 2.3454568170362]"
2026-04-14 02:59:30,ca0e504138713bf94434b93af297d866770151be,La Jarry - Place Diderot,43010,13,7,20,3,25,"[48.849726940367, 2.4520137906075]"
2026-04-14 02:59:30,22c2b2af2778cb9bbf54fc148cbc584f244ae9d0,Douai - Pierre Fontaine,9027,3,1,4,20,25,"[48.882291011481, 2.3332412168384]"
2026-04-14 02:59:30,4b58f2e59e1ad16aa48ae6a5ee8520ec25344daa,Halles - Bourdonnais,1021,3,6,9,11,20,"[48.860448992575, 2.3460162431002]"
2026-04-14 02:59:30,308f5e7118299cde2d674db5107365dcd3ef1381,Charles Tillon - Cimetière Communal,33015,17,12,29,0,30,"[48.91844023641836, 2.3935630917549138]"
2026-04-14 02:59:30,c772cb672b9c63a133d136dc160768cc53611172,La Motte-Picquet - La Tour Maubourg,7017,10,23,33,3,40,"[48.856926701847, 2.3096215831203]"
2026-04-14 02:59:30,6ca088438846f444c3f643c44f7457d724a6a176,Delizy - Louis Nadot,35006,5,7,12,7,22,"[48.896212845581346, 2.4094578623771667]"
2026-04-14 02:59:30,c6f6540c9125c3c29a4314fe6a73daa86616a6e5,Maréchal Joffre - Verdun,41205,4,0,4,16,20,"[48.85385, 2.470307]"
2026-04-14 02:59:30,32f68436add6a04c412588792b6fe501cc8c93f8,Île de la Jatte,22015,6,14,20,1,23,"[48.894036161302104, 2.2666339203715324]"
2026-04-14 02:59:30,950fa383426157a67cfc778bc5772a10d340ea74,Place Saint-Just,44005,7,2,9,9,22,"[48.790379518724265, 2.3895226791501045]"
2026-04-14 02:59:30,1d4cfef7d1588eb5257db16dd29b5e5506fcead2,Cambronne - Villa Croix Nivert,15011,8,23,31,31,62,"[48.845847561366, 2.3017574474216]"
2026-04-14 02:59:30,77235446befcab460bbb41df6e0741701faf8518,Gérando - Rochechouart,9004,6,1,7,12,21,"[48.88294340845, 2.3464846238494]"
2026-04-14 02:59:30,ae11f38e67235fe0845c9cf772773c2c5c830fec,Placette Grégoire Collas,51002,0,24,24,0,25,"[48.94342014002797, 2.2487476095557213]"
2026-04-14 02:59:30,77e06ba02840bce248dc3854fe1e964178727423,Fort d'Aubervilliers,33016,12,6,18,4,22,"[48.91502382370325, 2.4035281687974925]"
2026-04-14 02:59:30,1b296de690d6072e58a413f72807053186478eb6,Saint-Germain - Ciseaux,6012,1,5,6,12,18,"[48.853305277595, 2.3344654618827]"
2026-04-14 02:59:30,bc0ceb4274b7efba79af74bbaa7dee3af061a734,Balzac - Olympes de Gouges,44016,4,5,9,18,28,"[48.778503324868, 2.4006786569953]"
2026-04-14 02:59:30,b03a32c1892e5e50568da85606df8ed2b6289111,Suffren - Champ de Mars,15071,0,20,20,1,23,"[48.8547194, 2.2952168]"
2026-04-14 02:59:30,7fb9bba4a6d30e44c79b990d45af98ea9415291e,Lemercier - Cardinet,17111,7,4,11,13,24,"[48.890097168851746, 2.317377626895905]"
2026-04-14 02:59:30,08f3b852f4191b384c027285cdc0fd1c01be5d49,Joseph Dijon - Ornano,18030,13,8,21,16,37,"[48.89374453351521, 2.3476678133010864]"
2026-04-14 02:59:30,dea4db2ed178337c11f5ba7e39eb7620abfc1de0,Place Nelson Mandela,92006,1,2,3,27,30,"[48.897874318180556, 2.2182820737361912]"
2026-04-14 02:59:30,bc57545911f350b8cfc9b253ca51434bdef71512,Square Denise Buisson,31005,1,6,7,37,45,"[48.8562322730982, 2.426436245441437]"
2026-04-14 02:59:30,a1f71ac68e2e0d55e590eaee771987c9f170812b,Chemin de Bretagne,21314,2,10,12,17,29,"[48.824753068884, 2.2588385956052]"
2026-04-14 02:59:30,ea53a6c2fa3aecf92e4240c456a7acff7cad26c2,Picpus - Louis Braille,12038,10,18,28,30,58,"[48.839988788912, 2.4005256685521]"
2026-04-14 02:59:30,e73885cb5f43ff0abc5f07ac03ae1ec5d365e6aa,Crozatier - Faubourg Saint-Antoine,12005,5,35,40,0,42,"[48.850440013405, 2.378901366211]"
2026-04-14 02:59:30,f7183f42927918f4c6650dd41328051686695e30,Glacière - Soeur Catherine Marie,13516,2,16,18,21,40,"[48.829522989420596, 2.343570403754711]"
2026-04-14 02:59:30,a742dae39ca6cb1f1b81f59b99ade2f3e2d7d5bb,Geoffroy - Marie,9011,1,6,7,10,20,"[48.873781940593325, 2.344513876337893]"
2026-04-14 02:59:30,454388df6d57938da42a1727f11db55b803dca4c,Marché Saint-Quentin,10021,2,1,3,11,15,"[48.877356057652, 2.3545114456374]"
2026-04-14 02:59:30,a967c7a1ebdd5039e2c1abf760684b38b4a5ddcc,Constant Coquelin - Invalides,7202,0,7,7,20,31,"[48.848283157236, 2.315749520203]"
2026-04-14 02:59:30,e2030dd5cb98669be4a9cbabf1f0a5ea8d30bba3,Buffon - Jardin des Plantes,5115,4,15,19,10,30,"[48.842668466104875, 2.3618587106466293]"
2026-04-14 02:59:30,f276fc3ac84c7f9308c5dc1b2e23bbb819da726b,Louis Xavier de Ricard - Ancienne Mairie,41211,7,2,9,24,34,"[48.84629899065091, 2.472420372068882]"
2026-04-14 02:59:30,9395613d3a96340da580bf4aa345b96caabcc340,Square Etienne Jarousse,21707,11,1,12,13,25,"[48.82485182597129, 2.2925933450460434]"
2026-04-14 02:59:30,7309b4d9d5b1653914f1a2cc19fa6fadfd31ec45,Cloître Saint-Merri - Renard,4019,1,11,12,18,32,"[48.858835448898, 2.3518279194832]"
2026-04-14 02:59:30,421238df51c943c12b5b04e838e28f25dcef5f4b,Esplanade du Foncet - Camille Desmoulins,21319,0,14,14,13,28,"[48.827090233495, 2.2606857866049]"
2026-04-14 02:59:30,47d02502f453b0e62959392a118581ca789d384b,Harpe - Saint-Germain,5001,2,34,36,6,45,"[48.851518815017, 2.3436703160405]"
2026-04-14 02:59:30,991757a4dc338726072fe0bf228a304412996d21,Barrault - Place de Rungis,13206,15,30,45,4,49,"[48.822658791556, 2.3467585146383]"
2026-04-14 02:59:30,fce84d36ce07557870c61357babb7e79ab72cbc2,Jules Guesdes - Général de Gaulle,21315,13,1,14,10,24,"[48.81930581291959, 2.278934195637703]"
2026-04-14 02:59:30,e90518f50fd683424d41751f32d0ab49f73e5d3f,Marché Saint-Germain,6022,6,2,8,12,21,"[48.85165625855281, 2.335500307381153]"
2026-04-14 02:59:30,9029c8763bdbae9417fd5b67daed32bb8310b31a,Cherche-Midi - Hôpital Necker,15006,2,0,2,36,38,"[48.84461063309956, 2.317914068698883]"
2026-04-14 02:59:30,fb3b223414a9ae877a2a408f1e79319c04fe0627,Place Aimé Césaire,21402,3,0,3,24,27,"[48.783194713067815, 2.2429127991199493]"
2026-04-14 02:59:30,40d9e727ac6351e7a55c1584d1b6f39fb757927e,Leredde - Tolbiac,13052,2,12,14,29,44,"[48.82887629664, 2.3744382709265]"
2026-04-14 02:59:30,f6a76e49f598ddd504bbadcafecb1ae1ede390b6,Jean Monnet - Iles,21303,6,12,18,13,32,"[48.823393984057304, 2.2497073194874866]"
2026-04-14 02:59:30,69126062d91a90fc5bfefa1e9d1376aee8dc35bc,Balard - Montagne de la Fage,15070,1,21,22,14,36,"[48.838507403334, 2.2782871127129]"
2026-04-14 02:59:30,b0a29f0b8adce9011112bca4629cb36ee014994d,Jean Jaurès - Jules Jacquemin,33103,9,0,9,15,24,"[48.88433053604843, 2.4082902455152104]"
2026-04-14 02:59:30,daaffcb45b39b821b6171a536da5c093cd3da744,Place des Droits de l'Enfant,14011,24,7,31,8,39,"[48.8274804, 2.3319217]"
2026-04-14 02:59:30,f8eb5ef7e58fa09848e425f2631f20382d66b9a7,Marne - Charles de Gaulle,41401,10,17,27,0,27,"[48.815071719544434, 2.4121668934822087]"
2026-04-14 02:59:30,317a651f8666575d9f9a5ac8b94f91a663e81ee5,Didot - Place de Moro-Giafferi,14031,15,3,18,4,22,"[48.8337, 2.3215]"
2026-04-14 02:59:30,8df621eec4052e37ec4212a72ef373e007ac1578,Favart - Italiens,2013,0,0,0,17,17,"[48.871446353921, 2.3382901058508]"
2026-04-14 02:59:30,12cf846e408b36f6a1a5709a4f59b7fbaea746d8,Pavé Grignon - Bretagne,43202,2,3,5,14,20,"[48.757398255499, 2.4012465523091]"
2026-04-14 02:59:30,30416b9d775166f84ab6b45204eb6c90985c0db1,Bréguet - Sabin,11033,5,15,20,13,33,"[48.856931678257, 2.3706749462105]"
2026-04-14 02:59:30,c46259d1cf9b93f093bd2e6279b4cc3c3b44770b,Gare du Nord - Saint-Vincent de Paul,10033,4,0,4,20,24,"[48.880955741648, 2.3524305148385]"
2026-04-14 02:59:30,cc6f241b9890e82ac89be688718ca94e3229fc1a,Jardins d'Eole,18039,9,8,17,2,20,"[48.8869703, 2.3668488]"
2026-04-14 02:59:30,7914a97dd0ea77664eca59c61c5648b38c4a3b51,Université Paris Est Créteil,40006,5,2,7,36,43,"[48.787714467944, 2.4461909509055]"
2026-04-14 02:59:30,9473984ea8ea8f861b361a900ce5e73eacfc4715,Porte de Bagnolet,20022,2,0,2,30,33,"[48.864707139122984, 2.408344637349607]"
2026-04-14 02:59:30,788017133637385dd9a8ee3a7abb507d23309fe5,Reuilly - Place Felix Eboue,12036,7,4,11,30,42,"[48.84030274499962, 2.394630398715453]"
2026-04-14 02:59:30,1ef0e0a5a37548ae3fe0808ae7ff7cb5e481718e,Flandrin - Longchamp,16012,7,11,18,22,42,"[48.86877849178477, 2.274354539176829]"
2026-04-14 02:59:30,a625a3aeacd1432f10d3c61ed1d5a80e2c502e25,Charles Frérot - Albert Guilpin,42505,8,13,21,9,30,"[48.8155839183714, 2.3505029082298283]"
2026-04-14 02:59:30,ac2d5a551fea9168cde2d39cdf1cf85eb80a102a,Place de la Nation - Picpus,12015,1,3,4,31,36,"[48.846821681548, 2.4001130461693]"
2026-04-14 02:59:30,ade3e49e6667c01e980febad1edc86bc40d1e649,Edgar Quinet - Gaité,14001,0,0,0,26,27,"[48.841160928966, 2.324595451355]"
2026-04-14 02:59:30,d372cc8781b6d7d1a3b1f3bf1aa4667c8b95cd54,Grande Truanderie - Saint-Denis,1006,0,23,23,7,33,"[48.8626302, 2.3498075]"
2026-04-14 02:59:30,e14dc6f0a2b770e6fda5c2a7c5145fd2bc593ad2,Sèvres - Lecourbe,15008,2,22,24,38,62,"[48.8447677, 2.3110086]"
2026-04-14 02:59:30,fe06528e0466a37b1ab173ad7483c7d6e79d4f8a,Place de la Madeleine - Royale,8117,3,4,7,33,43,"[48.869228052648, 2.324421107769]"
2026-04-14 02:59:30,26618943f08b5c4e1a45202bb373444511285270,Bourdon - Pont Morland,4006,3,41,44,5,52,"[48.8478103, 2.3659356]"
2026-04-14 02:59:30,b744b6ab4ba2c016644185792d4c0ff1a396346b,Diane Arbus,18202,8,0,8,30,38,"[48.898800717199, 2.3524022474885]"
2026-04-14 02:59:30,d36516b48c9107a663d05ae289966ecfb3334c24,Cadix - Hameau,15128,7,18,25,11,37,"[48.8340107632249, 2.289516180753708]"
2026-04-14 02:59:30,ad811f75f8e84c0f2254ed10c2badd54f53ce85c,Reuilly - Daumesnil,12037,13,5,18,18,36,"[48.8395385, 2.3972516]"
2026-04-14 02:59:30,a6a59fa444d4f7be677d109cd6d3f3cc6a746024,Place des Abbesses,18004,9,0,9,3,12,"[48.884542726149725, 2.3386867716908455]"
2026-04-14 02:59:30,d2a6680b08ca387782135830dfff0b03b9cd6e5d,Mairie du 16ème,16013,5,12,17,17,35,"[48.863936848471994, 2.2765953093767166]"
2026-04-14 02:59:30,864fb0a2105aad514eb1fbe2a400ee95674faf02,Cité Vaneau,7012,6,2,8,17,26,"[48.8542210666207, 2.319614924490452]"
2026-04-14 02:59:30,af5fc971a13882bbdc2f11ce2575d713da09854a,Gare Saint-Lazare - Stockholm,8110,3,0,3,26,32,"[48.877127316667654, 2.322417162358761]"
2026-04-14 02:59:30,f686cde1a6c8b7fafb6979882315b6e4b4d49bea,Porte de Clignancourt - Ney,18140,7,1,8,32,40,"[48.899641123987095, 2.344321422278881]"
2026-04-14 02:59:30,3a6e91c3820df20423e691daa8be2413c9afcc7c,Centquatre,19002,9,7,16,23,42,"[48.889333538455, 2.3707854375243]"
2026-04-14 02:59:30,c244adc02280d31ebb7a2650f574bfba30de2348,Square Montholon,9009,0,6,6,15,21,"[48.876620377545024, 2.3457641154527664]"
2026-04-14 02:59:30,f69e9898d1119583c4087129a473ab82a8ac3dfd,Herschel - Observatoire,6104,1,2,3,52,56,"[48.84342376221923, 2.3376645147800446]"
2026-04-14 02:59:30,b38ae9c350a6c3670f5bdc30ec20396f3fe0a010,Sorbier - Ménilmontant,20034,4,0,4,19,24,"[48.868542395661, 2.3897721245885]"
2026-04-14 02:59:30,7427f43f4a1d587a61bc90b0049421eb231a75e9,Place de la Nation - Charonne,20001,4,10,14,21,36,"[48.848364667777, 2.3997623859813]"
2026-04-14 02:59:30,1f35ccb6527fc940101c6ace589b41d225797418,Emile Reynaud - Porte de la Villette,19010,13,8,21,1,22,"[48.90098953630053, 2.3887022584676743]"
2026-04-14 02:59:30,747ea1782858a2f2d2221f7e7023bd6ba32a1499,Bargue -  Dutot,15132,3,1,4,17,21,"[48.837884, 2.308876]"
2026-04-14 02:59:30,15ff77a6ac18884964457a0d6ce321225b4011cf,Gare de Bellevue,21953,3,0,3,17,20,"[48.8192404685572, 2.2295309230685234]"
2026-04-14 02:59:30,11325747223785d82872bda4311142d0a7156b44,Turbigo - Réaumur,3011,6,6,12,16,31,"[48.865574047531, 2.3564198613167]"
2026-04-14 02:59:30,bb31f9bbea9550c2553ccbb201b7586e718a82e8,Place de la Fraternité,31709,8,6,14,8,22,"[48.85716405838368, 2.422847449779511]"
2026-04-14 02:59:30,5c1afc79f979692869a032e80f0a2df645d196b4,Petites Ecuries - Faubourg Saint-Denis,10006,1,7,8,17,28,"[48.872871205898, 2.3542150855064]"
2026-04-14 02:59:30,e8cfe006259fb15d8eeb783c9e37fcc09c9ebec1,Parme - Clichy,9037,1,1,2,21,24,"[48.881266424227, 2.3281970934506]"
2026-04-14 02:59:30,a2eeb327738c97c2616dfa7508b0197766e9abea,Bosquet - Saint-Dominique,7021,8,7,15,13,28,"[48.858651709526, 2.3037165802346]"
2026-04-14 02:59:30,1c313c66be72275005c69e9ae80430b94e5d83f4,Louis le Grand - Italiens,2015,2,0,2,31,33,"[48.870508937204, 2.3340544619393]"
2026-04-14 02:59:30,18e39ac152b4e706e292e77ef21dd4a2dc39ec4f,Sèvres - Général Leclerc,21026,1,9,10,20,30,"[48.830121559055, 2.2314262390137]"
2026-04-14 02:59:30,30c31c9e45eb72eb69ab2aa938173707c9b6060c,Italie - Vistule,13209,0,0,0,0,0,"[48.823439332972, 2.3582062304047]"
2026-04-14 02:59:30,c3e359884d4c1e872057dbae160f510b796ab8e6,Française - Etienne Marcel,1102,3,23,26,9,37,"[48.864053304653766, 2.347587011754513]"
2026-04-14 02:59:30,917a2d3222f86d8d4146bb5e39a89fd762a0439a,Nationale - Vincent Auriol,13017,3,3,6,24,33,"[48.83252708397293, 2.362354410392119]"
2026-04-14 02:59:30,782de26779b0d8fa3586697a82c21fe177daa8fb,Blancs-Manteaux - Archives,4014,0,5,5,23,29,"[48.85941800703, 2.3559471219778]"
2026-04-14 02:59:30,3ef5b0e0c353837faed356ac15f6591128067e91,Parc Roger Salengro,21110,4,23,27,6,35,"[48.905303858642, 2.31055945158]"
2026-04-14 02:59:30,3fb4b81342ede06491374af278e84e4440682e23,Montmartre - Etienne Marcel,2005,3,7,10,5,16,"[48.86502194581, 2.3450684401448]"
2026-04-14 02:59:30,f6a2a1d57b15634f1397797f1cacc7bdb0fceb3d,Lagny - Auguste Blanqui,31001,2,2,4,23,27,"[48.84922568052601, 2.4218603968620305]"
2026-04-14 02:59:30,3c3e9822393a24473c0181e920c75c316a527803,Gardenat-Lapostol - Velettes,21507,6,6,12,8,20,"[48.87387, 2.224185]"
2026-04-14 02:59:30,8063a1cfa5534141f5889570c036a7269f7824f0,Adolphe Pinard - Victor Hugo,14023,7,2,9,41,52,"[48.8236825874564, 2.3077843710780144]"
2026-04-14 02:59:30,24a272633bad39c8ae29946b71d7ceb5c7367896,Mairie du 3ème,3006,4,13,17,13,32,"[48.86446178139141, 2.361762821674347]"
2026-04-14 02:59:30,928677f77d8089fb07faa7d473fe107d6424ecc0,Square Emile - Chautemps,3012,1,11,12,13,25,"[48.867433724231, 2.3536357283592]"
2026-04-14 02:59:30,a69694c129e6a8e2bdc655c80f8cf24cae2921d6,Cesaria Evora - Rosa Parks,19111,5,7,12,28,40,"[48.89717672825043, 2.3745173960924144]"
2026-04-14 02:59:30,86ce8454cd0a101a894f331e8f479c81a7f0fdf3,Gare d'Austerlitz - Pont Charles de Gaulle,13125,1,3,4,71,75,"[48.842319830109, 2.3670300096273]"
2026-04-14 02:59:30,4e5e7166badea0c182ba093dcbf37b97b54a677d,Sainte-Elisabeth - Turbigo,3005,2,14,16,16,33,"[48.86610337431, 2.3596492409706]"
2026-04-14 02:59:30,6f1e7b97b2329e3258ba8f1e030ebd7a0896243d,Lisbonne - Monceau,8036,1,1,2,44,47,"[48.877455676814, 2.3096942214195]"
2026-04-14 02:59:30,71f6541223c9a57bfab55ee45cb9ced9458b0f6e,Froidevaux - Boulard,14133,2,0,2,33,35,"[48.835147319625, 2.3294411972165]"
2026-04-14 02:59:30,79f369f79bb6327f829d274efef5358f514af40a,Place de l'Hôtel de Ville,4017,2,4,6,8,14,"[48.8573314, 2.351458]"
2026-04-14 02:59:30,747e88f8272bdf8947e60a57274a909b806eee56,Bas - Gabriel Péri,26006,3,26,29,1,30,"[48.91585580539625, 2.2948095202445984]"
2026-04-14 02:59:30,77fc027b3c1e020868c1412dfdc660c604a5ba8b,Place Paul Delouvrier,19130,4,5,9,32,42,"[48.89197621431365, 2.3851288855075836]"
2026-04-14 02:59:30,094381828fa2454b29804d6683e4bc113c674d93,Édouard Vaillant - Place Jean Jaurès,21505,4,1,5,18,24,"[48.86265537999924, 2.2089037319128613]"
2026-04-14 02:59:30,7353c374f13ab0266c8cad79c2554eb0d9833654,Aboukir - Alexandrie,2016,5,11,16,4,21,"[48.86868344444473, 2.3502043269474897]"
2026-04-14 02:59:30,a924bf8ae145944866fa01b7797ecc7607447189,Square Pierre Lazareff,2004,2,9,11,6,17,"[48.867141720746, 2.3483933508396]"
2026-04-14 02:59:30,6ca066418510f425b0eb675d80a4737f19fd0b21,Quai Jules Guesde - Saint-Simon,44001,4,3,7,21,30,"[48.80391487219, 2.4089661620274]"
2026-04-14 02:59:30,4dbfe6ec5dd71a07d927ba5f3206c20c5134e7f8,Commandant Schloesing - Pétrarque,16202,3,3,6,24,30,"[48.861773096259, 2.2838841134601]"
2026-04-14 02:59:30,544abbab9782724434e40a0fbd2c4691fa2a4257,Choiseul - Quatre Septembre,2012,0,1,1,9,44,"[48.869935533187, 2.3359975218773]"
2026-04-14 02:59:30,12f65859da9fbf2c10e79ea53ea1f13839d7c4c7,Bastille - Beaumarchais,4101,0,16,16,4,23,"[48.853833463852, 2.3685702681541]"
2026-04-14 02:59:30,7d7baef57fef12d61a0612cc0a27a6a99652fa81,Waldeck Rochet - Germaine Tillon,33020,8,6,14,17,31,"[48.91105960199651, 2.3676301538944244]"
2026-04-14 02:59:30,f63cd5153d580bdfe85b7e79b6bb6a2d5abdb39d,Gare des Vallées,22506,13,6,19,0,20,"[48.913179, 2.257726]"
2026-04-14 02:59:30,008733f8d003dab41d0d21f72ebb263a947d5eb1,Square Victor Basch,27001,10,3,13,5,20,"[48.914304862261, 2.2289156913757]"
2026-04-14 02:59:30,f2b98f0d8df12a230869b319ef685853f242be82,Place du Lieutenant Henri Karcher,1026,2,23,25,5,30,"[48.863490871724466, 2.3400671035051346]"
2026-04-14 02:59:30,635b614d8a4e61be440646e95a457d25709a5f2d,Port - Confluence,32024,3,1,4,20,26,"[48.936093926526, 2.3436167797955]"
2026-04-14 02:59:30,429b5bd1368a0c41faf0d4db578859d5908c86a8,Saint-Honoré - 29 juillet,1017,3,6,9,10,20,"[48.86557114282421, 2.330567417577153]"
2026-04-14 02:59:30,c447636639dc6e09e4a6720ffe6b59925001eee7,Saint-Amand - Labrouste,15040,15,12,27,9,36,"[48.834097274832295, 2.3087677359581]"
2026-04-14 02:59:30,4dead78f6c6c87f9b4ee01f4e1bf7fa292c89abd,Gare de Sèvres - Ville d'Avray,23107,0,14,14,8,22,"[48.826262366227, 2.2001516849313]"
2026-04-14 02:59:30,a8f3fac3c24ace95bd8011aa56018771b0a30539,Saint Pères - Saint Germain,6201,0,1,1,20,22,"[48.853729675265, 2.3300181032703]"
2026-04-14 02:59:30,ba82ad1585dcf43cb1fdc5aecddb5f4a8b8f2748,Amédée Huon - Fort d'Ivry,42018,5,1,6,23,31,"[48.805131376899986, 2.388489693403244]"
2026-04-14 02:59:30,16bb3bf6ab25e60f5971f115172e03be7c0e8109,Le Goff - Gay-Lussac,5003,2,5,7,26,35,"[48.846102400979, 2.3412207886577]"
2026-04-14 02:59:30,99ab897ffc17dc38260c3a4302bbc8a7fc025a3c,Charlot - Stade Gabriel Voisin,21323,0,22,22,7,31,"[48.827228120536, 2.268122527474]"
2026-04-14 02:59:30,0d33f2320d27aa663a881c39f14ec1cf4f8667b3,Nicolaï - Charenton,12203,15,16,31,12,44,"[48.835478791995, 2.392894725661]"
2026-04-14 02:59:30,7e5474f02c180ac9bfbf68fd63c2f674a2d5e10b,Archives - Pastourelle,3007,6,13,19,4,28,"[48.8623615, 2.3595041]"
2026-04-14 02:59:30,97e16b23789963595a2774225da79ae44f18c180,Jean Jaurès - Paul Lafargue,28005,12,8,20,8,28,"[48.884933177666, 2.2484488785267]"
2026-04-14 02:59:30,25f0a50dba34c5639f4a17baa29f9086bbb3c682,Quai de l'Aisne - Général Leclerc,35005,9,4,13,11,27,"[48.895713, 2.400571]"
2026-04-14 02:59:30,332d51aefa0cc944aaf46792555a74a10dfa2789,Arthur Ranc - Hôpital Bichat,18112,3,0,3,23,26,"[48.8978712500682, 2.333521842956543]"
2026-04-14 02:59:30,17b04fbcff7686b87d121a40424b006c465046fe,Suresnes - Muette à Neuilly,16139,1,4,5,22,30,"[48.868570404348, 2.266000919044]"
2026-04-14 02:59:30,e452216106f1574118c96ff435ae654b757d75ea,Verdun - Carnot,42028,18,7,25,3,28,"[48.808439376064946, 2.373795211315155]"
2026-04-14 02:59:30,f3127bc21e7e65e9da76bf6459db95f07c7cb3cc,Parc Floral du Bel Air,12166,2,3,5,19,25,"[48.839285711865735, 2.438560165464878]"
2026-04-14 02:59:30,076c1ac437e118f4ca0c260c44bb32451c4e116d,Place de la Division Leclerc,22603,2,0,2,29,34,"[48.793824988636516, 2.2731140430551027]"
2026-04-14 02:59:30,89c3b678def5044b93275ee50b55ea1475a5fece,Cardinal Lavigerie,12113,2,19,21,24,46,"[48.832934193699835, 2.402636749399156]"
2026-04-14 02:59:30,aa9454c3e9808dd67649f5117c184d9c99429ed0,Belles Feuilles - Place de Mexico,16010,1,2,3,20,23,"[48.865804746474, 2.2829206287861]"
2026-04-14 02:59:30,870ef711e126e6c00529a38895bc3be0a33b0ae3,Porte Dauphine,16201,1,17,18,46,65,"[48.871139344351, 2.2749781616017]"
2026-04-14 02:59:30,c9637064a93b3542e19f8cf5821cf01af4a1a1ec,Les Halles - Saint-Eustache,1008,0,17,17,15,32,"[48.86362695901683, 2.342623919248581]"
2026-04-14 02:59:30,87a26ff5e46e53b3e8883c8899a31ef4386bd050,Place des Victoires,2006,1,1,2,21,24,"[48.8660354, 2.3420333]"
2026-04-14 02:59:30,0d0e9c1a8a1dfcad7ae54c242f0adff9b5979e7b,Victor Massé - Jean-Baptiste Pigalle,9019,4,2,6,12,18,"[48.8811043724, 2.3366955667734]"
2026-04-14 02:59:30,acb79477f51157e5339456f70973b4aeab105054,Place de l'Eglise - Vitry-sur-Seine,44004,5,21,26,0,28,"[48.791922819921815, 2.395057752728462]"
2026-04-14 02:59:30,f632a1c122d7f6e45e3794f41563a95d18cab99e,Saint-Marc - Feydeau,2102,0,4,4,33,37,"[48.870326843044, 2.3418715826353]"
2026-04-14 02:59:30,a8c3c5bc540cd38c506bd0e9b6a61483a0ae22fa,Bréa - Raspail,6007,2,0,2,22,24,"[48.842738478258, 2.3297942217634]"
2026-04-14 02:59:30,213f6e84a5dd38ca421626be3e7a9a2875a14a2c,Henri Barbusse - Gabriel Péri,23202,9,1,10,17,28,"[48.801773795836, 2.2874166362216]"
2026-04-14 02:59:30,433769f8493fc5a6e350590a15e16deb3dcebdca,Saint-Mande - Picpus,12016,5,3,8,27,35,"[48.845127728278, 2.4015686296482]"
2026-04-14 02:59:30,c9b5778ff70cbd54818a74b130f9a7c0bd77c170,Victor Hugo - Paul Eluard,42210,8,18,26,6,32,"[48.819602554907, 2.4114319673051]"
2026-04-14 02:59:30,0d84922fb62b1dc52833b08d26b57231744932b1,Blanqui - Docteur Bauer,34013,11,3,14,12,28,"[48.907735489085, 2.3407192814591]"
2026-04-14 02:59:30,e6c73b5d9ada17b136781a4ea3b23b5a29fd8d7e,Silly - Louis Blériot,21011,5,8,13,9,23,"[48.83219045374266, 2.2340199351310734]"
2026-04-14 02:59:30,755567ad79c547ff875a710fc0f98f75319bcfcb,Paganini - Davout,20140,3,0,3,19,22,"[48.85135, 2.412021]"
2026-04-14 02:59:30,d4c82d15d831ecbc968acbd8cc1e13967a18c831,Gare de Robinson,23303,8,18,26,3,30,"[48.7799259211605, 2.281828634440899]"
2026-04-14 02:59:30,4184c6d011c637aca0fde6f4bb490a3987a4c235,Gare RER - Maurice Grandcoing,42022,3,13,16,21,37,"[48.813881, 2.392429]"
2026-04-14 02:59:30,843c17432bdce802748d53120fbee1983b02b4a7,Dutot - Place Alleray,15018,15,10,25,30,56,"[48.836826091766, 2.3071701095578]"
2026-04-14 02:59:30,aae79344ea37190bafad0439494c25d0db2b7251,Jardin Modèle - Pierre Boudou,26012,6,8,14,1,18,"[48.914866710946, 2.3057010525935]"
2026-04-14 02:59:30,8c1f8feb91d14ad6b3347927a806b0548d8f24b3,Strasbourg - Saint-Denis,10166,2,2,4,9,16,"[48.869601642433, 2.3542908579111]"
2026-04-14 02:59:30,8b6ba79b9bf6f83199831d068f3b36748429433d,République - Louis Loucheur,45004,19,9,28,8,37,"[48.823549261189, 2.5101865455508]"
2026-04-14 02:59:30,56f45ea3d922b17c84b248ead00189bc861fa727,Mariotte - Batignolles,17202,0,5,5,14,20,"[48.884571659595, 2.321469503475]"
2026-04-14 02:59:30,faaebb0bf7135b70e3fef4da82e43fe5aba09320,Londres - Europe,8202,0,0,0,27,27,"[48.878618556803, 2.3248164693922]"
2026-04-14 02:59:30,abbbfaad65bb8fb7d51cb704f10784cbc4abef04,Stade de France - Francis de Pressensé,32011,4,0,4,40,44,"[48.919141953558, 2.3620655760169]"
2026-04-14 02:59:30,5ec53e69d2de2841021ed6f94c4791caacf1542c,Jouffroy d'Abbans - Malesherbes,17020,8,0,8,18,27,"[48.8850134, 2.3070717]"
2026-04-14 02:59:30,8ef67df4da839b5b580a37e2cf684fc1033db433,Bichat - Grange aux Belles,10202,2,15,17,12,30,"[48.873688, 2.365015]"
2026-04-14 02:59:30,f4f57ad53ac5c044d8607f31ca7cbd82cd25d7b9,Saint-Augustin,8018,1,3,4,41,45,"[48.8762009747008, 2.319786250591278]"
2026-04-14 02:59:30,689b09c4b0bbb6180aa52756e1056c95d9c46c70,Mûriers - Père Lachaise,20142,4,2,6,14,20,"[48.864130509668044, 2.39164982067019]"
2026-04-14 02:59:30,ce160786d6fd951e78b17b07c815c66c49b1aa00,Place Charles de Gaulle,24101,3,2,5,19,24,"[48.826073335699, 2.1894485725692]"
2026-04-14 02:59:30,8f7181d588f1650da72cd4a02cd2d8e4ff7d0712,Gare - Aristide Briand,21329,7,13,20,9,29,"[48.821410564722, 2.2555950104387]"
2026-04-14 02:59:30,9cf6a1263d5feb9795eefa38642c73836b2ecc99,Belleville -  Pré Saint-Gervais,19121,3,0,3,32,35,"[48.875565910073, 2.3930460959673]"
2026-04-14 02:59:30,31f0db08c0c8e9d7d63a1a4fe5125af2e7eefe44,Chevaleret - Louise Weiss,13015,2,9,11,24,35,"[48.832586513351, 2.37121138812]"
2026-04-14 02:59:30,d26eb90a3d5ef7a6e4089daaaa9fcf74de397986,Manin - Secrétan,19114,6,0,6,13,20,"[48.8791665, 2.3787959]"
2026-04-14 02:59:30,3ad48984f763d469b5199859d24f1a8b47be9af6,Bobillot - Tolbiac,13024,13,7,20,13,33,"[48.8255961335041, 2.350204177200794]"
2026-04-14 02:59:30,be821354f20d3d57475a9261707ae30f84e714a0,Edith Cavell - Volta,24005,4,4,8,21,33,"[48.901616564286975, 2.269354350864887]"
2026-04-14 02:59:30,7203bb08f2490aec591d25e68031f797f35913ae,Pierre Charron - Champs-Elysées,8040,0,0,0,29,32,"[48.870103359864, 2.3043501377106]"
2026-04-14 02:59:30,3cbe9d3c506f8097d2253862611f59a481eae5f4,Mairie de Rosny-sous-Bois,31104,6,1,7,19,30,"[48.871256519012, 2.4865807592869]"
2026-04-14 02:59:30,97a4782dc8ccd7788bf98c94d08f48e260ef535f,Danielle Casanova - Ledru-Rollin,42024,3,21,24,3,28,"[48.815783497876815, 2.383259721100331]"
2026-04-14 02:59:30,4b81d5b4caa68601ce8d3ad22a04b0fbd6ac85b9,Gobelins - Port-Royal,5027,5,29,34,3,40,"[48.837135900263, 2.3515201359987]"
2026-04-14 02:59:30,1d79561485a3c6e88b7c2a6fc72dbdc7e1b5dd98,Place du Docteur Yersin,13116,18,7,25,25,50,"[48.82010494991975, 2.3725583776831627]"
2026-04-14 02:59:30,c574d323dd2dedac64ffabd222929c810b6d4d92,Maxime Gorki - Paul Vaillant-Couturier,48006,2,15,17,3,20,"[48.79673508795443, 2.3683342337608337]"
2026-04-14 02:59:30,328c138359a5bae307c9158773d8a3e7aa02da6a,Francoeur - Caulaincourt,18016,15,0,15,18,34,"[48.8899944409612, 2.342529706656933]"
2026-04-14 02:59:30,f2b2a08c143c6099ceefc312dc70f583b62dbaa3,Euryale Dehaynin - Loire,19117,11,4,15,13,30,"[48.886248917304805, 2.3774591088294987]"
2026-04-14 02:59:30,8e7c42d190bd421c920b54d3d3b45f1bc943fb8a,Roquette - Auguste Laurent,11022,3,11,14,2,16,"[48.858001906023, 2.3817977026508]"
2026-04-14 02:59:30,ba3ef6d6692e204e3efe217aba8a448eaedaf0c0,Lecourbe - Convention,15053,16,29,45,1,46,"[48.83923319241899, 2.2915197908878326]"
2026-04-14 02:59:30,db7bf11f8de37ceadb9994e04631ad4b2e6b6f3a,Dôme - République,21022,10,13,23,2,25,"[48.832681, 2.250257]"
2026-04-14 02:59:30,23fa9df7ffeb739997d5af657834b40f67a15cab,Hauteville - Bonne Nouvelle,10003,2,2,4,12,17,"[48.87077436024, 2.3496496368327]"
2026-04-14 02:59:30,2d1b239ff08639ce7164945371ea26030c88b052,Place de la vache noire,41103,7,4,11,13,25,"[48.81040517059777, 2.327060401439667]"
2026-04-14 02:59:30,904b90e08a3c9b9df14be2c1408b824667450326,Place Charles Digeon,41602,12,7,19,11,32,"[48.84354203133597, 2.418427169322968]"
2026-04-14 02:59:30,b3d23c2230c47ba78a2803fc46d4c2b64077d907,Général De Gaulle - Vivien,41605,12,5,17,3,22,"[48.83607420090204, 2.4189166724681854]"
2026-04-14 02:59:30,ffe2e7227499a71f630d8ab46d13e9dedcf0bbd8,Guillaume Tell - Parc Henri Barbusse,35013,11,3,14,6,20,"[48.88958925894009, 2.4198862910270695]"
2026-04-14 02:59:30,ee34c7fbeb7404ecd0bb12747d785053349665f5,Pierre Joseph Desault,13120,7,12,19,0,19,"[48.82110230800372, 2.378775402903557]"
2026-04-14 02:59:30,100c1fd7f3cfa6197e3d65724186995dfc7d0fd6,Duméril - Jeanne d'Arc,13006,11,26,37,2,40,"[48.838151608087, 2.3571084495564]"
2026-04-14 02:59:30,ec33ebf6219666e9056f1d95c6fb22c32d1bbf90,Léon Frot - Charonne,11111,8,20,28,8,38,"[48.854963800335, 2.387217085372]"
2026-04-14 02:59:30,b197dc32aa4ff29dab3b4f4fcff3571edf6e9486,Hôtel de Ville de Vincennes,43007,1,1,2,23,27,"[48.84827609706963, 2.4398955702781677]"
2026-04-14 02:59:30,29623c114c4445df4f7c2b2b39f946fa4a599b09,Dominique Pado - Croix Nivert,15050,2,20,22,0,22,"[48.83648798164934, 2.2897250577807426]"
2026-04-14 02:59:30,ee9bd2fbbdf2a5c68215e7ae5928f37fb7ca7c43,Jean de la Fontaine - Boulainvilliers,16025,3,64,67,1,68,"[48.85264791461651, 2.2758664190769196]"
2026-04-14 02:59:30,73db27b3b76587c687777e2099d28ba560257dda,Tombe Issoire - René Coty,14009,10,4,14,19,36,"[48.830512876709, 2.3343613743782]"
2026-04-14 02:59:30,6b9b4ec95949af5fcd24d74626a685240ec1f4fa,Alexandre Dumas - Place de la Réunion,20013,9,4,13,31,45,"[48.85533710742046, 2.3997703687646292]"
2026-04-14 02:59:30,9028ab4e635006fc8953e1c1f57eadb67f72ce22,Saint-Séverin - Saint-Michel,5033,1,16,17,11,30,"[48.852731305488, 2.3440927639604]"
2026-04-14 02:59:30,99a593ccd7d4603caac2d635ba691ebd4f986c1f,Ancienne Mairie - André Morizet,21023,3,7,10,13,25,"[48.838311, 2.234077]"
2026-04-14 02:59:30,98c145d14df24db9235d27322e3f4f6653cf46ff,Place Aristide Briand,42205,14,6,20,15,35,"[48.82189236575831, 2.413003742694855]"
2026-04-14 02:59:30,5e7d3f55d4085489cdca6815ac0600fb8350a6cc,Charonne - Alexandre Dumas,20014,6,10,16,19,35,"[48.856077415056, 2.3948693275452]"
2026-04-14 02:59:30,f1f50b72bad863a7f07d03bd2a82d4d5286f6641,Général Leclerc - République,22701,14,12,26,3,30,"[48.915885074177, 2.2682306702811]"
2026-04-14 02:59:30,d66149fa044d26a26674d983522c76431bbf7653,Mairie de Bagnolet,31701,19,3,22,2,28,"[48.868421318555, 2.4179587885737]"
2026-04-14 02:59:30,0e0e2519cf8cb9cc1db702247f308d85e45a285c,Square des Amandiers,20032,5,1,6,20,26,"[48.86615630668046, 2.3891324177384377]"
2026-04-14 02:59:30,8bcae5b168262128db26950ebfd0f99c8a8e523f,Jean Jaurès - Place de la Libération,30004,10,5,15,13,29,"[48.90617751921, 2.4391458057475]"
2026-04-14 02:59:30,239d10092c5b5028b1e01197d517637a32aaa1f9,René Coty - Place Denfert-Rochereau,14005,15,0,15,18,36,"[48.833056477316, 2.3329411447048]"
2026-04-14 02:59:30,7218b1d7bd9c66b9e72425b697295f7f14cb2fbb,Marceau - Président Wilson,8046,1,6,7,23,32,"[48.8652359, 2.3002513]"
2026-04-14 02:59:30,7632bc4dff45cbe745773716f1cd944956f1bcc7,Rome - Provence,8007,1,4,5,25,30,"[48.874230055580306, 2.325570111724113]"
2026-04-14 02:59:30,32222783a99988fde47681724d2c5f1938f141dc,Guy Môquet - Compoint,17006,15,13,28,5,36,"[48.89213559044868, 2.32321947813034]"
2026-04-14 02:59:30,c7bc95d01f3ad9632440d0201111142561c24867,Championnet.,18101,12,6,18,4,22,"[48.8953643, 2.3498166]"
2026-04-14 02:59:30,f5a19f4f0b5383f4008a929c90e6702de78c87bc,Quatre Vents - Carrefour de l'Odéon,6028,1,10,11,24,37,"[48.851751374458864, 2.338161695134053]"
2026-04-14 02:59:30,da742c38e63681bf7e24e4cd1e5ece59660d87b7,Reynaldo Hahn - Lagny,20005,0,2,2,17,19,"[48.849266043601794, 2.412330328844772]"
2026-04-14 02:59:30,61e866bd652759bd9f24cfcf628fb2bd6abd8817,Bois de Vincennes - Polygone,12122,0,5,5,44,51,"[48.83544491617421, 2.431421081436563]"
2026-04-14 02:59:30,c8c272d0698c3e3a524e8875ae7610cf920b08ff,Marché d'Auteuil,16033,3,14,17,15,32,"[48.84842761367387, 2.265253821160005]"
2026-04-14 02:59:30,fcf5d8ab4283f7146497dcf04227328721e33219,Arthur Auger - Jean Jaurès,21205,9,2,11,15,26,"[48.813736445585235, 2.3069277405738835]"
2026-04-14 02:59:30,3c25467f550d9ee27f2bfcdf5d85146aec56b343,Passy - Place du Costa Rica,16023,1,2,3,29,33,"[48.8584893, 2.2839655]"
2026-04-14 02:59:30,7516d0a5b7cfa6841905cc444544ae6500f86b20,Regard - Rennes,6004,5,0,5,39,46,"[48.847385404956, 2.3268555477262]"
2026-04-14 02:59:30,b0c6d68b0e3b04a10df11829f85a999c61c2254c,Volontaires - Vaugirard,15014,3,23,26,7,34,"[48.84132050184004, 2.30808901725357]"
2026-04-14 02:59:30,b293031ce9116ef50c506d3e4b5f7a7daac5a4fb,Victor Hugo - Bineau,22014,7,6,13,11,25,"[48.88758225888669, 2.2783890366554265]"
2026-04-14 02:59:30,13eeda8ffaaca3dfd6155865c83106dac0e2ea9c,Hôtel de Ville de Rueil-Malmaison,25002,2,4,6,14,20,"[48.878194, 2.181724]"
2026-04-14 02:59:30,a44134b628ca819a4c62f15bf3463ce34392fedd,Dantzig - Lefebvre,15044,3,1,4,29,33,"[48.83013921586756, 2.295934036374092]"
2026-04-14 02:59:30,6b33da86357bf21940824e47c37cd18e3b004ff5,Bobillot - Moulin des Prés,13023,13,1,14,13,28,"[48.828657346203, 2.353020646317]"
2026-04-14 02:59:30,c79d1d3a102427932a8b94b5c3b4040e1614d785,Porte de Charenton,12040,2,13,15,50,67,"[48.831240105856, 2.3989107459784]"
2026-04-14 02:59:30,d802aeff92834a9436da66604e6cb516211a856c,Mairie du 20ème,20106,2,11,13,14,27,"[48.865302324275, 2.3990669846535]"
2026-04-14 02:59:30,4b80cd360847fad81dfc08c599ca35be069e9ddf,Place Saint-André des Arts,6020,2,20,22,11,37,"[48.852886173881, 2.3426544293761]"
2026-04-14 02:59:30,6937054e321cb04e1910a09ba84b5478ad3284f3,Point du Jour - Jean Jaurès,21016,17,10,27,12,40,"[48.828753141436465, 2.245911467014621]"
2026-04-14 02:59:30,66659712f0a38f48905310cc41f877ef5f5bb5e5,Saint-Maur - République,11018,5,9,14,34,50,"[48.864185861455, 2.3783174157143]"
2026-04-14 02:59:30,01038f95e88d077e9ed1a5737df045922e454dfd,Bertrand Sincholle - Henri Barbusse,21107,3,4,7,15,23,"[48.89925982394349, 2.3042294383049016]"
2026-04-14 02:59:30,d54bd6d530e135cda02c7f9461296ac8464c5524,Ivry - Baudricourt,13037,3,1,4,15,20,"[48.824695995415006, 2.363106073577468]"
2026-04-14 02:59:30,c133a1f55a3cfe804fda179bee3b4656ab8243d4,Saint-Mandé - Docteur Arnold Netter,12017,15,13,28,25,53,"[48.84462585769668, 2.404946386814118]"
2026-04-14 02:59:30,c5951d1f6420a4c6cb2478b02b03866e6e131a3d,Jacquier - Didot,14025,12,1,13,16,30,"[48.82953336292279, 2.318179272115231]"
2026-04-14 02:59:30,6563b3be0a8478e40a7237f8e40183fd349d27b9,Batignolles - Abel Truchet,17050,3,0,3,24,28,"[48.883103904582, 2.3238347490884]"
2026-04-14 02:59:30,67bf78523b0b81203155d6152f2d876dd70f5048,Saint-Marcel - Hôpital,13013,10,6,16,1,21,"[48.839504424583, 2.3609894170229]"
2026-04-14 02:59:30,e82941cf135d19c2378b334b396e49df2400a428,Résistance - Romain Rolland,51007,1,0,1,27,28,"[48.950873482371, 2.2310190077797]"
2026-04-14 02:59:30,8058ccabb8e9813edee066c40ba9f6e1f2d3302a,Place Tristan Bernard,17036,10,6,16,10,28,"[48.8794936, 2.2915423]"
2026-04-14 02:59:30,6ca46aa27a22e28080eacb59853401104bd14437,Temple - Jean-Pierre Timbaud,11040,2,24,26,8,36,"[48.86446597201, 2.3660597205162]"
2026-04-14 02:59:30,9b031e5ac14f9fae577e8488890e6cae3ae26035,Temple - Charlot,11038,0,14,14,30,45,"[48.865709343796, 2.3652737250724]"
2026-04-14 02:59:30,ed4cae78132b5c2b48deb4ba07d67c3c4f93c9e6,Perrault - Place du Louvre,1201,1,3,4,23,28,"[48.860273568996, 2.3412468419093]"
2026-04-14 02:59:30,d369ec5bc2d1fad4615c91cb97901cc850eda7f5,Pablo Picasso - Olympiades,41213,2,29,31,5,36,"[48.855203, 2.48724]"
2026-04-14 02:59:30,915affb4f0ed4c447ec29895076b018703d36a44,Legendre - Clichy,17004,8,7,15,24,40,"[48.888961618559, 2.3225289750944]"
2026-04-14 02:59:30,f8613f522a2b844b530e2e07cc042e936c5a5cfc,Charles de Gaulle - Rue de l'Alma,24010,11,0,11,15,28,"[48.896620592993, 2.252313240191]"
2026-04-14 02:59:30,6f81e705e8dd291e727556ed76b0ca882ce61674,Place des Arts - Jean Mermoz,25009,0,14,14,6,20,"[48.880391139734, 2.1832160452221]"
2026-04-14 02:59:30,f3bc6aaa182d8929cf73a9395b5204f95caf73cd,Hippodrome de Longchamp,16140,7,18,25,5,30,"[48.86413226532, 2.239905372262]"
2026-04-14 02:59:30,265242164bf3c7edcba5209b07c0420c5e927894,Pyrénées - Ménilmontant,20035,11,0,11,15,26,"[48.8693268535238, 2.395084574818611]"
2026-04-14 02:59:30,580774d5087da4e51bf731602b3ba0968669d840,Georges Pompidou - Verdun,21508,15,8,23,3,26,"[48.875481, 2.232443]"
2026-04-14 02:59:30,cbd935942a0c4f1b2d33822d74f97524b3d0dacb,Gambetta - Saint Fargeau,20037,17,0,17,7,24,"[48.871244610447015, 2.4039056897163396]"
2026-04-14 02:59:30,a248bb43403ba4d1eb92f8b752a4b2da11908596,Chevaleret - Tolbiac,13053,1,6,7,27,35,"[48.82941, 2.375934]"
2026-04-14 02:59:30,c52f80050cdc720be581bb15504df51d43bb93f3,Saint-Lazare - Place d'Estienne d'Orves,9029,4,4,8,27,39,"[48.8768345, 2.3329067]"
2026-04-14 02:59:30,44f71a6c0f422e7f16d058ff8b38208532057ab2,Nungesser - Santé,41212,13,1,14,7,22,"[48.852335, 2.448967]"
2026-04-14 02:59:30,663753e01b0c249f1902c84c7bcaff1b6cb971eb,Dora Maar - Nadia Guendouz,34009,4,5,9,20,30,"[48.905452421305, 2.3220406472683]"
2026-04-14 02:59:30,911d2a14d104dc7b6e75daf6ed9405d6cd376030,Jean Mermoz - Champs-Elysées,8031,1,3,4,45,49,"[48.869689856852, 2.3107324540615]"
2026-04-14 02:59:30,16771b7e0557963541912da1f592bb1a85037bb3,Ménilmontant - Père Lachaise,20030,13,8,21,18,41,"[48.863287291502, 2.3869940266013]"
2026-04-14 02:59:30,0192702eb770d398b8c02a8f21fb37fc70e99255,Abbé Groult - Convention,15039,9,5,14,12,27,"[48.83596927866069, 2.302064039509349]"
2026-04-14 02:59:30,7112cec5709fe5f36338be62ee933b2a09f3585d,Ménil - Argenteuil,26011,7,13,20,0,20,"[48.925901818305, 2.2741496502338]"
2026-04-14 02:59:30,5ced46443d9bce029805835f6b6112cbf035dc4c,Stalingrad - Barbara,22208,1,0,1,17,20,"[48.809223658808, 2.3175904558822]"
2026-04-14 02:59:30,d965c5e349dee59981063bb08827cddb143af226,Cartier Bresson - Denis Papin,35021,8,1,9,19,31,"[48.902616, 2.397814]"
2026-04-14 02:59:30,3d59a8b030369d1bff105978583c811ca3533a6a,Pierre Ginier - Clichy,18045,1,1,2,14,16,"[48.8867667, 2.326228]"
2026-04-14 02:59:30,07822bfce578d0d80b343553c01d8be85e75117e,Abbé Carton - Plantes,14110,2,1,3,21,25,"[48.827673823166, 2.3209181427956]"
2026-04-14 02:59:30,84b8eedd5ffd555e2e8b686a5a3f1c5ad5e7883c,Carpeaux - Place Jacques Froment,18018,9,5,14,4,19,"[48.8906542, 2.3309428]"
2026-04-14 02:59:30,5246574e68fb0791b6b848549b4ac65815782570,Jemmapes - Ecluses Saint-Martin,10025,4,5,9,5,15,"[48.87748519186726, 2.3660067468881607]"
2026-04-14 02:59:30,469e00ded252689c35646ac48de8d1ecb960643c,Jean Jaurès - Place du Dr Roux,22305,13,19,32,1,35,"[48.927567032796, 2.2947337017374]"
2026-04-14 02:59:30,2b346733f859c74823afad123b87f354a91e1ce8,Val-Fleury,21954,15,4,19,4,23,"[48.807671407991, 2.2407217696309]"
2026-04-14 02:59:30,5f179113e99a330271abc37358c4246356a1e6e7,Maréchal Leclerc de Hauteclocque - Marché Buzenval,25010,2,1,3,25,30,"[48.858446, 2.192077]"
2026-04-14 02:59:30,8050daf3e2fe08cfda4502f8972e953af20effe1,Gare de Lyon - Roland Barthes,12106,2,1,3,62,68,"[48.84395729494058, 2.3790882155299187]"
2026-04-14 02:59:30,35fbbaf8ddce2c8e0bc4d1b51fc1c39a4bc757b0,Parc des Pierrettes,23205,3,6,9,13,23,"[48.7973062, 2.2909969]"
2026-04-14 02:59:30,0b418e1de9b4f0216bf24cadae35f7ce53a68a17,Président Roosevelt - Rouget de Lisle,21320,0,18,18,22,40,"[48.83047518749, 2.2616135525345]"
2026-04-14 02:59:30,465cb709bcc7e324429d78bf13c5032fb26eb9e2,Uzès - Montmartre,2010,1,0,1,28,29,"[48.870790980241, 2.3431010171771]"
2026-04-14 02:59:30,e0ba22a27c0140122afe01d156993841669f1ccb,Gare du Nord - Demarquay,10163,7,13,20,10,30,"[48.881154, 2.358411]"
2026-04-14 02:59:30,beead0bc48c94ecd555a8fde68971a99031177a6,Division Leclerc - Kléber,23203,6,1,7,18,25,"[48.798666226364, 2.2833752789972]"
2026-04-14 02:59:30,6fbf70cc13c4fae75604ff8bac2c206331989eeb,Hélène et François Missoffe - Emile Borel,17126,0,1,1,30,32,"[48.89990653843488, 2.321543991674844]"
2026-04-14 02:59:30,9fb22946aa9908e036ccd4993994085273b8c3cc,Porte de Clichy - Place des Nations Unies,17127,9,4,13,25,40,"[48.896737263309504, 2.310542999196392]"
2026-04-14 02:59:30,8258da9b14fbe1bcc367a4666ac7944d44d45369,Henri Barbusse - Bourguignons,26008,20,11,31,1,34,"[48.91301722799713, 2.2734212270774417]"
2026-04-14 02:59:30,61b2ac34ddf8781203d29a043d7ee3d063c6a58a,Garibaldi - Gabriel Péri,34008,10,19,29,1,30,"[48.905741911394, 2.3316044208059]"
2026-04-14 02:59:30,caae86c6b0f20e50bddd8c8f0400934480f7bb31,Bateliers - Quai de Seine,34012,3,7,10,16,26,"[48.915817585516, 2.3239533298594]"
2026-04-14 02:59:30,7225db8ccd2a8657e1c27d7a6889908a2cd655dd,Gare RER,31301,12,7,19,11,30,"[48.896280181078, 2.4581568985227]"
2026-04-14 02:59:30,6ad801313bffc6f40f98e9349cebdd1cc7c31def,Place de la Paix - Abbé Saint-Pierre,21514,2,1,3,21,24,"[48.86462724459225, 2.2047570338469806]"
2026-04-14 02:59:30,9039b832e14e5d1ba38a75d159a59c0000c7385c,Simone Signoret - Paris,31303,8,6,14,14,28,"[48.903600624712865, 2.465406596265139]"
2026-04-14 02:59:30,dd00b2aa7374759d7050a4f11b13dbd1d856fd52,Convention - Vaugirard,15052,8,48,56,4,62,"[48.837676822332, 2.2955869260203]"
2026-04-14 02:59:30,3de2823c8381369ed64d99a0d575c276350d862e,Gare de l'Est - Chateau Landon,10026,6,2,8,50,59,"[48.879305, 2.362424]"
2026-04-14 02:59:30,6efb85d44e9efead9c908574e03326100730708d,Jonquière - Docteur Paul Brousse,17010,13,20,33,17,54,"[48.894799816683985, 2.318705212173216]"
2026-04-14 02:59:30,3c2e8f6938c4dff2bff9e1e9b13e10bb7b329166,Ordener - Poissonniers,18023,5,3,8,24,35,"[48.891213890844654, 2.351288666219873]"
2026-04-14 02:59:30,4d474f887a5c230e4b9d77b0eff160e38eb3d39e,Ruisseau - Ordener,18026,9,15,24,26,53,"[48.89299462568024, 2.340144887566567]"
2026-04-14 02:59:30,8d5b597548b3fb785136cad430316122977c56a0,Clignancourt - Ordener,18024,7,7,14,21,35,"[48.891457726153774, 2.348636478060487]"
2026-04-14 02:59:30,38df6c3dc8c3026413ca9f425e5d824699aefd73,Lauriston - Copernic,16006,3,1,4,15,19,"[48.86926, 2.289918]"
2026-04-14 02:59:30,c707d72e0bab2a65f2855b589bd19fb95db0eacb,Westermeyer - Paul Vaillant-Couturier,42004,6,13,19,6,25,"[48.819116181578764, 2.3966637253761296]"
2026-04-14 02:59:30,4eca9380a55ecdf0d5aebafbf20b47123ee296fb,Enfants du Paradis - Peupliers,21021,5,3,8,31,40,"[48.833122686454, 2.2571459412575]"
2026-04-14 02:59:30,fe5dcd1f996e7c9a5fa7660e346f8a3ac9e42ebf,Place De Fontenoy - Saxe,7201,3,2,5,13,18,"[48.850270554523, 2.3069813815839]"
2026-04-14 02:59:30,f50d1dbd00f0f52a66385460d0d8280fe6a16413,Charles de Gaulle,22019,1,0,1,17,18,"[48.885368380902, 2.2595618686871]"
2026-04-14 02:59:30,09813f55cde806d5080d221acfbb291d10670c7c,Suzanne Masson,31201,3,9,12,22,37,"[48.923306888013, 2.3847292397611]"
2026-04-14 02:59:30,3cd90494cce9b1390dc23ec1c40c11404d82ddb5,Volontaires - Lecourbe,15013,9,17,26,5,31,"[48.84351378799, 2.3065522313118]"
2026-04-14 02:59:30,618da8f8d855208d76560e5616ce3996b6da1190,Choisy - Tolbiac,13035,3,0,3,15,20,"[48.82591155587, 2.3602393269539]"
2026-04-14 02:59:30,9e15751626f2ac4499c9306404d2e78287186754,Granges aux Belles - Hôpital Saint-Louis,10114,3,14,17,41,60,"[48.874794994841, 2.366669436985]"
2026-04-14 02:59:30,b379edfd051c86d3707b3e3bcb09c36fb69b9bbd,Ney - Porte de Clignancourt,18134,1,0,1,24,25,"[48.8978867, 2.3458001]"
2026-04-14 02:59:30,62933a116d87c64763f82bc99b21e49524706f2a,Liberté - Vert-de-Maisons,47007,2,10,12,8,20,"[48.790147809608, 2.4328628182411]"
2026-04-14 02:59:30,50ba6de6715b5c5fbd6d902fa47cfcc155fbae57,Les Planètes,47008,5,3,8,13,21,"[48.80929410761, 2.4596271973784]"
2026-04-14 02:59:30,fe56ea678f0d5c5b60af38ddbcd189a0557b3fa5,Pont de Suresnes,21501,3,13,16,2,18,"[48.867415092322, 2.2258946679617]"
2026-04-14 02:59:30,d3b9c25908abcddd101bf93276a54a57c97c0248,François 1er - Montaigne,8038,3,1,4,49,53,"[48.866887649978, 2.3066755757207]"
2026-04-14 02:59:30,856f15b09560b6a4350398f1cc1fda13e0476861,Fabre d'Eglantine - Place de la Nation,12157,14,5,19,48,68,"[48.8471116, 2.3956204]"
2026-04-14 02:59:30,7cbb0b726da5123b4ee6a18e2f7325cfa967fbf6,Jean Jaurès - Presles,35002,8,7,15,14,31,"[48.907134414988, 2.3960057280531]"
2026-04-14 02:59:30,50a663458ec2b55485f5236087a3059e94715724,Colisée - Champs-Elysées,8039,1,1,2,15,24,"[48.870475399387, 2.3076190799475]"
2026-04-14 02:59:30,a88944d557fd9ea52c1d7fa59547560bd3a80fbb,Clichy - Douai,18044,1,0,1,30,32,"[48.883687771522, 2.328063700029]"
2026-04-14 02:59:30,b97172eae61debbe5344467249cd47e8f77a967b,Place de la Nation - Taillebourg,11014,1,0,1,46,47,"[48.8488408, 2.3973043]"
2026-04-14 02:59:30,c1b1c6f2aef597726e60724bc5334cec2cffac24,Rochechouart - Martyrs,18041,4,0,4,14,20,"[48.882193779572, 2.3405495658517]"
2026-04-14 02:59:30,0f6e0a32826d69d45322806c9fb245899f5338bf,Vanne - Général de Gaulle,21213,7,4,11,13,25,"[48.815007, 2.328318]"
2026-04-14 02:59:30,88bbf8da6f65ef832b4d6609f01b03fed63c67d2,Montreuil - Voltaire,11012,15,9,24,7,34,"[48.850507011842, 2.3930755582745]"
2026-04-14 02:59:30,8172010408efaf9a2b1ba44717d30ed6241c82b0,Boulets - Voltaire,11009,4,17,21,15,38,"[48.85218705621, 2.3890301585197]"
2026-04-14 02:59:30,8e5898a6101ca96ae0cfcb96e0e553cd820f1118,Place de la République - Voltaire,11046,4,4,8,9,19,"[48.866830968942, 2.3654810339212]"
2026-04-14 02:59:30,efa08fe4a2d6365b60238c7a41aead80f4db0e06,Faubourg Du Temple - Republique,11037,2,21,23,14,38,"[48.867872484749, 2.3648982158072]"
2026-04-14 02:59:30,ac23da18861bfc3861784b39a09bf6bb701eb6b1,Bourdonnais - Tour Eiffel,7023,17,35,52,7,60,"[48.860897797941, 2.295599598447]"
2026-04-14 02:59:30,5d753dd9c4303f67ceb80b49f4ca8c0c9cc04697,Mauroy - Cheminots,18205,3,0,3,29,32,"[48.897715198403, 2.357895075822]"
2026-04-14 02:59:30,98cba89ce2c98a02fb9e340991de7262f5514cca,Ecole Militaire - Place Joffre,7111,3,6,9,17,26,"[48.852060203583, 2.3017993569374]"
2026-04-14 02:59:30,6edcf702296337f7f8b495529d0286173b2b01a6,Taitbout - Châteaudun,9025,4,2,6,47,54,"[48.876383969379, 2.3353566779335]"
2026-04-14 02:59:30,757911714320ea7b5e8d16b4bdf99d5baad8ef1a,Dunkerque - Faubourg Saint-Denis,10203,0,0,0,51,51,"[48.879591377764, 2.3570314097411]"
2026-04-14 02:59:30,c1bc9b229b07584b7ba4a33fddf83d51f7d68a94,Stade de la Habette,40012,2,0,2,14,16,"[48.774397033806, 2.4668785263921]"
2026-04-14 02:59:30,e3aa340596c364a43300087408b2560ecda92805,Hôtel de Ville de Créteil,40013,6,8,14,22,36,"[48.77699496201, 2.4552552404284]"
2026-04-14 02:59:30,bce03cb5e3684c25579ce4fa159fad344036a970,Créteil Pointe du Lac,40014,2,3,5,23,28,"[48.769807356177, 2.4623027310281]"
2026-04-14 02:59:30,b73b67a5664b4d18ca362d3ccc321e47debb4d56,Sebastopol - Rambuteau,4104,3,6,9,6,16,"[48.86181809267, 2.3501381278038]"
2026-04-14 02:59:30,69b30c65b34a9360dc6fe81831e66c816a0aebb5,Dugommier,12201,8,11,19,31,53,"[48.838811048815, 2.3896577954292]"
2026-04-14 02:59:30,6a12b59cd00ca054f17f97640e639a75d053a46d,Place Charles Vallin,15122,13,10,23,3,26,"[48.835523812041, 2.3025986552238]"
2026-04-14 02:59:30,03ac5c58468e5bb6192f3a68dc2e5e0783a6b675,Réaumur - Montmartre,2202,0,0,0,38,38,"[48.86791186523, 2.3448715883461]"
2026-04-14 02:59:30,d870067a8a22d97ea0a1732e8f8f538f9dee2f83,Centre Hospitalier Intercommunal de Créteil,40003,12,1,13,4,17,"[48.797078298909, 2.463801423807]"
2026-04-14 02:59:30,068fc38ece8bfeebff18fd3fc8ecf93a04ab9265,Place de la Gare,23801,1,12,13,6,20,"[48.838513582184, 2.1866139007512]"
2026-04-14 02:59:30,88f8a4990156a2aa27d962acd6404c8c1766db05,Créteil Village,40004,19,3,22,1,25,"[48.79122395576, 2.4642198533952]"
2026-04-14 02:59:30,414cf0691056db00cae35044552c6021a6703634,Wilson - Landy,32004,0,0,0,40,40,"[48.915167262214, 2.3576332256198]"
2026-04-14 02:59:30,c396e911e1f3b968663f04b4b8c87d016cbfb40c,Créteil Pompadour,40008,19,20,39,4,44,"[48.773011623355, 2.435166164893]"
2026-04-14 02:59:30,ac3525617192734e28d2e2b24323679c3c48352b,Place de la Porte de Châtillon,14021,5,1,6,53,59,"[48.8242469, 2.3186306]"
2026-04-14 02:59:30,642204afae5a8268494b277b0b20632a972ef53c,Bobillot - Paulin Mery,13106,14,0,14,9,23,"[48.829899841747, 2.3543356766749]"
2026-04-14 02:59:30,98d2eb6d0ba28ac5d46aa14251bd4137f0914549,Yves Farges - Route d'Enghien,51005,11,16,27,7,35,"[48.95756799268, 2.2834496977978]"
2026-04-14 02:59:30,22a4efb606573f7d1fd49e59ce4b301be4bea143,Borrégo - Gambetta,20137,6,0,6,19,25,"[48.87330497045532, 2.4014145880937576]"
2026-04-14 02:59:30,570982c7a04885ac39a156791ecf34a0c3c7d498,Place d'Italie - Vincent Auriol,13010,1,0,1,39,40,"[48.831481874467, 2.3567550292319]"
2026-04-14 02:59:30,03e9ea05909b14e037bd578c4179b2e538b64b76,Gare de la Garenne-Colombes,27004,8,10,18,9,28,"[48.909752, 2.239145]"
2026-04-14 02:59:30,086a1b4384d516060178e5c280559f7b8766b4fc,Vincennes - François Debergue,31029,3,0,3,21,24,"[48.857497590947, 2.4375258284792]"
2026-04-14 02:59:30,9e661466a759b655d0ba88237369adb2dbbef54e,Cauchy - Cévennes,15103,3,20,23,28,51,"[48.843372571022, 2.2751328349113]"
2026-04-14 02:59:30,ee74c8153b1597cf63297a1daf19a6a3abb4aabc,Bir Hakeim,15026,1,8,9,23,33,"[48.853844054334, 2.289705348222]"
2026-04-14 02:59:30,50ff7fe5f99c8dc7d4e52e81921a12d319afcd49,Bois de Vincennes - Gare,41301,9,14,23,25,50,"[48.836022242887, 2.470833995083]"
2026-04-14 02:59:30,b4e011d6557384249ceff55c6f9391e8da0ee867,Pailleron - Bouret,19203,3,0,3,24,27,"[48.880516995482, 2.3763902374411]"
2026-04-14 02:59:30,bf8ead445191ac84d2534fc6f03574e27c44830e,Michelet - Dr Bauer,34014,16,16,32,0,32,"[48.906125424194, 2.3440374449846]"
2026-04-14 02:59:30,1f94500f85ae417863e1f44d867631e7708d55f5,Jean Jaurès - Gare de Clamart,21404,10,3,13,7,20,"[48.81321981219, 2.2716768079163]"
2026-04-14 02:59:30,5859afa1f62b1c2eed54703190aea27a880c1ed8,Mstislav Rostropovitch - Berthier,17123,3,3,6,12,18,"[48.892120821173975, 2.309234105050564]"
2026-04-14 02:59:30,b7c70e1c8e833fd806c6e80130674b833f82e273,Victoria - Place du Chatelet,1002,1,5,6,16,22,"[48.857992591527, 2.3469167947769]"
2026-04-14 02:59:30,aca57fa8ab90190e6d7c4859165a7da0a8e7846c,Suresnes - Place du Souvenir Français,23805,2,1,3,13,16,"[48.847007898514, 2.1941100043056]"
2026-04-14 02:59:30,b6a1ec7aba63788e46ab101b77759cd6c04aa45b,Franklin Roosevelt - Kennedy,45503,0,0,0,0,0,"[48.771834767798, 2.3593850463633]"
2026-04-14 02:59:30,c48653c0e7751eb5c9a5687a0853581b9eb6609f,Hôtel de Ville - Adrienne Bolland,30001,5,23,28,6,33,"[48.905280057722, 2.4455443018674]"
2026-04-14 02:59:30,804f84277ac92fb0d3fe04512020f8a99b226dd7,Gare RER les Saules - Chandigarh,43103,4,5,9,7,17,"[48.745653981945, 2.4169882184347]"
2026-04-14 02:59:30,b8bc4cc73058fa2208028b317cd5d48b3b4b3bd0,Avenue de la Paix - Chaillon,23904,1,12,13,5,19,"[48.935291060802, 2.3260894310459]"
2026-04-14 02:59:30,597912a625f6e22eef33742189ca57b69739fc8a,Chemin Des Mèches - Marc Seguin,40018,0,15,15,10,27,"[48.784426530213, 2.4370886462938]"
2026-04-14 02:59:30,7fac7c44da8904245ad349b05f8ba420c8317c69,Bleuets - Bordières,40002,11,4,15,4,19,"[48.802117531472, 2.4543687905029]"
2026-04-14 02:59:30,cb52f18d32aab655c175cb48be63ccee522f2b46,Daumesnil - Picpus,12010,6,15,21,0,21,"[48.8374688, 2.401765]"
2026-04-14 02:59:30,39581c0667dd765b44952dcfb29de49a2dabd0b2,ZAC des Louvresses,22304,2,16,18,13,32,"[48.943681749651, 2.3057864216906]"
2026-04-14 02:59:30,b5679b4b3e37b49bd1f77d2117967ecbd8a23034,Place du Moulin de Javel,15058,2,16,18,27,45,"[48.84021670922, 2.2716060653329]"
2026-04-14 02:59:30,d71b3e91eb6896d90430caaef55d8cf553bd343e,Saint-Denis - Rivoli,1003,4,8,12,31,43,"[48.859059340842, 2.3476943001151]"
2026-04-14 02:59:30,946a12ebd93e66aa243bc05623ad2270af746c4d,Madeleine Vionnet,33019,6,2,8,27,34,"[48.902519074064, 2.3740895837545]"
2026-04-14 02:59:30,af0978d6965972694d77b2aba1745d788333b439,Clichy - Place Blanche,18043,2,0,2,16,20,"[48.883601088297, 2.3332237824798]"
2026-04-14 02:59:30,317f7131cb4a098deb0036e464378086506833c2,Caumartin - Provence,9104,1,4,5,16,22,"[48.874422773426545, 2.3284685611724854]"
2026-04-14 02:59:30,2eb8ac6157c0b4e8b862ca367bf8c9efb8678b86,Gare Saint-Lazare - Cour du Havre,8002,5,6,11,28,45,"[48.875674400851, 2.3265598341823]"
2026-04-14 02:59:30,a9508838155509bf61cc53a46f1bb8977ac9dcff,Malesherbes - Place de la Madeleine,8004,9,17,26,45,67,"[48.870406028483, 2.323243509808]"
2026-04-14 02:59:30,2aeb1b9e0f7ac9ab6471ce6263039a4e53a098eb,Bercy - Villot,12105,1,3,4,28,33,"[48.841795009027, 2.3767850184816]"
2026-04-14 02:59:30,a64fd06cbd2a7163bf35a7e99f1e4848933cd1e8,Matignon - Faubourg Saint-Honoré,8203,0,0,0,33,35,"[48.871499100264, 2.3138961727427]"
2026-04-14 02:59:30,3452daa155822af4ade132d266aef9525dbba993,Hôpital Mondor,40001,2,8,10,18,28,"[48.798922410229, 2.4537451531298]"
2026-04-14 02:59:30,b69444f7bf7cc55c0f1ec9e14f60fc3f29689009,Charcot - Benfleet,32304,5,2,7,21,28,"[48.878370277021, 2.440523876268]"
2026-04-14 02:59:30,abc3780682510dad8ae3ed41db49451d893f6a43,Basilique,32017,9,8,17,4,22,"[48.93626891059109, 2.3588666820200914]"
2026-04-14 02:59:30,186fafa7dfffed71841e46cac50764ed1687f352,Charonne - Robert et Sonia Delaunay,11104,5,1,6,13,20,"[48.855907555969, 2.3925706744194]"
2026-04-14 02:59:30,1e9433a06da46f8223b256d25f29697d9af920aa,Lacépède - Monge,5110,3,3,6,16,23,"[48.84389286531899, 2.3519663885235786]"
2026-04-14 02:59:30,39823b553a74f98ffb839bc49fe1274ade77dcb2,Saint-Romain - Cherche-Midi,6108,6,3,9,8,17,"[48.84708159081946, 2.321374788880348]"
2026-04-14 02:59:30,32c831f4ad1a802f4ff2bc3312364823ba04d2a5,Place Nelson Mandela,25006,4,1,5,17,22,"[48.862453313908, 2.1961666225454]"
2026-04-14 02:59:30,c46eb786d95bf05333d6b29652b0a63cc231fd85,Bas du Mont-Mesly,40011,0,6,6,21,27,"[48.779751, 2.460837]"
2026-04-14 02:59:30,feaa2520d63d8ebeba3e9d08eef4cafd4e45acf0,Square Boucicaut,7003,2,11,13,46,60,"[48.851296433665276, 2.325061820447445]"
2026-04-14 02:59:30,fe4d3ef5a069d5c1839dde9ed12ed80ab1915537,Morillons - Dantzig,15047,11,3,14,38,52,"[48.83310149953933, 2.299380004405976]"
2026-04-14 02:59:30,da7aceaac9720553a18b735e064c207fdbcf2eba,Mairie du 12ème,12109,5,16,21,8,30,"[48.840855311763, 2.3875549435616]"
2026-04-14 02:59:30,d19610680785a018605569dc362d5a88e8397d75,Bracion - Périphérique,15202,3,8,11,18,30,"[48.826103771275, 2.3004549373748]"
2026-04-14 02:59:30,6ed649073d750a00e23b22e53a8dd6b33f76e24d,Le Brun - Gobelins,13007,8,8,16,31,48,"[48.835092787824, 2.3534681351338]"
2026-04-14 02:59:30,9ccaa6b57d93569e588cd33f2c635c4e8b52d6ee,Place des Marseillais,42208,1,6,7,27,35,"[48.826605522232, 2.4059119927899]"
2026-04-14 02:59:30,d7680b181e4ce06e4cbdf5b3eff86998cf6c31e2,Silly - Galliéni,21010,5,16,21,3,25,"[48.835583838706, 2.2325500845909]"
2026-04-14 02:59:30,5e896a7df66176fdc3727710e89e049b513c5a22,Le Brix et Mesmin - Jourdan,14108,2,1,3,18,21,"[48.82234096593411, 2.327861653302471]"
2026-04-14 02:59:30,fe49fcc4cd4997ca229353d3348a9ca049d5ad6f,Saint-Fiacre - Poissonière,2022,2,1,3,32,35,"[48.870828911558, 2.3459213599563]"
2026-04-14 02:59:30,82677782c9659f888212fb51ac6c1d7e1fc08647,Cambrai - Benjamin Constant,19033,2,2,4,38,43,"[48.89594736851349, 2.381133802246315]"
2026-04-14 02:59:30,f0d268d321909d5c21e0f71fc6de0f55972eb174,Moulin de Pierre - Abbé Grégoire,21326,9,1,10,10,20,"[48.822036188382, 2.2754641655975]"
2026-04-14 02:59:30,9bbd724c909c8700240bfdf5bf452837bd4f1bf9,Ramponeau - Belleville,20143,9,4,13,30,44,"[48.871031137596, 2.379056852114]"
2026-04-14 02:59:30,ce1c525aad246bd2defd2913150ca694ab7a1dfb,Lagny - Victor Basch,43002,4,5,9,15,26,"[48.84884147189881, 2.426325418925233]"
2026-04-14 02:59:30,48a78bc325b9272c7fce6c3bbce2930e8cc14e94,Saint-Cloud - Hippodrome,16138,2,4,6,23,30,"[48.85772148887421, 2.2549109905958176]"
2026-04-14 02:59:30,28ec9a1c9e99d763ee6757f76432423c83bd8f63,Général Martial Valin - Pont du Garigliano,15068,2,1,3,13,16,"[48.83823094269141, 2.270506024360657]"
2026-04-14 02:59:30,96cd539e86aac3977de3877a67003c10fe0b20d2,Théâtre des Amandiers - Palais des sports,92002,5,2,7,15,23,"[48.892648526839, 2.2136941552162]"
2026-04-14 02:59:30,0219d9d9533f14d966e4935e699e239d2a6c56be,Artois - Berri,8103,1,0,1,35,37,"[48.873935212408, 2.306425832212]"
2026-04-14 02:59:30,e2d04121ea7bbcbbe2ff002238741207e07abfa2,Raspail Barbès,31028,3,2,5,23,28,"[48.8529945, 2.4247387]"
2026-04-14 02:59:30,3be5807c0f5d679d0bf47696cd865e98dd09ad56,8 Mai 1945 - 10 Juillet 1940,44010,4,11,15,14,30,"[48.784567029674, 2.3979035764933]"
2026-04-14 02:59:30,dbda67042c8acec53d1be2e49d0d93c38a8027a0,Michel-Ange - Parent de Rosan,16118,5,9,14,11,26,"[48.840579923690115, 2.2584119439125065]"
2026-04-14 02:59:30,9db9b26984a42dd8da7d33f31e7c1abe4a08d9f7,Tour d'Auvergne - Rodier,9008,4,3,7,10,17,"[48.879161, 2.343698]"
2026-04-14 02:59:30,87bb150efc151e61e0fbd75971beeb5ec5d645c1,Regnault - Patay,13118,4,49,53,6,63,"[48.82435782216384, 2.377065159380436]"
2026-04-14 02:59:30,f32c69030f82fb57fcaf3c0dec1cfde4a66ccb8b,Youri Gagarine - Karl Marx,48003,2,1,3,19,22,"[48.78448485079149, 2.35908430069685]"
2026-04-14 02:59:30,9ad50b5f10d84d18b47a3a2d2c7fae4350dd4782,Octave Feuillet - Albéric Magnard,16110,4,1,5,16,21,"[48.86106902949534, 2.2730283066630363]"
2026-04-14 02:59:30,a72cf24ca0d3e00afa2f9ee7feda1dd38330af0d,Rouget de L'isle - Watteau,44015,9,0,9,11,20,"[48.778192750803, 2.3963020229163]"
2026-04-14 02:59:30,fa06185812634c525fb7ed223a58078309fbf9c4,Gare de l'Est - Faubourg-Saint-Martin,10161,1,0,1,30,32,"[48.875642647477, 2.3594588041306]"
2026-04-14 02:59:30,3b44a4ca544ea8df48c820a6d09bb0cce2fb7716,Boulangers - Cardinal Lemoine,5022,4,2,6,13,20,"[48.8462904, 2.3521495]"
2026-04-14 02:59:30,10c971fac393b4b994ce16244a1dd2637d009f29,Verger - Colonel Guichard,21328,9,0,9,17,29,"[48.816376985087, 2.2670380088932]"
2026-04-14 02:59:30,9f1a91f4d91c97afa1f1226c3bbc5bf21d61898d,Porte Pouchet-Bessières,17008,0,0,0,22,23,"[48.8978765, 2.3230632]"
2026-04-14 02:59:30,01410f7bd21cb5c3d6e7b72ed74a72aeb235e5ca,Ségur - d'Estrées,7018,2,2,4,15,19,"[48.851419978983, 2.3097044974566]"
2026-04-14 02:59:30,40b1864d2b8aa879b674e7097fce38a779f3bdf6,Gay Lussac - Saint-Jacques,5005,2,1,3,37,42,"[48.844730256132, 2.3419239448664]"
2026-04-14 02:59:30,e4d63fd9ffb905994385198f32af28c87bed723a,Boudreau - Auber,9106,2,5,7,18,28,"[48.87219, 2.329423]"
2026-04-14 02:59:30,7d541761ea209855d7ac734e637d22df5daff901,Henri Barbusse - Stalingrad,22409,9,0,9,6,16,"[48.814183748660554, 2.2872862592339516]"
2026-04-14 02:59:30,d4b0cd694bb1ad64af8abdac4e8b9f57e0163344,Rossini - Laffitte,9022,1,1,2,29,33,"[48.87334627510507, 2.337980867701675]"
2026-04-14 02:59:30,1bbd586f80f0551b2b32af4aedd9fcd61e8522de,Gare de Lyon - Place Louis Armand,12151,3,2,5,55,60,"[48.845515089794, 2.3726498446286]"
2026-04-14 02:59:30,a761fbfedfc8fa183c4b6bd6c673459d92771bf0,Lieutenant Colonel Prudhon - Repos,51006,10,13,23,3,26,"[48.946800700149, 2.2380727982588]"
2026-04-14 02:59:30,eb8db8c889a0b74f956ba941033bb64343553994,Ranelagh - Mozart,16026,4,4,8,15,23,"[48.8554439, 2.2704418]"
2026-04-14 02:59:30,180fe6685a71a80f26372a73e6a62f7697787749,Moncey - Blanche,9028,0,0,0,14,17,"[48.88006587474148, 2.3310810327529907]"
2026-04-14 02:59:30,8c6c2bd7954de8a5010c4c8ffe79667a5a7c1c16,Gare du Nord - Hôpital Lariboisière,10107,2,3,5,42,49,"[48.881949, 2.352339]"
2026-04-14 02:59:30,eda65dc8fdd635bac6545f4dae820ab7970a6e45,Belidor - Gouvion-Saint-Cyr,17043,1,4,5,32,39,"[48.88022154052015, 2.2854680567979813]"
2026-04-14 02:59:30,5b587d7c509f4bed6a7c7d84b1418ee0d441f42c,Exelmans - Versailles,16039,6,31,37,11,49,"[48.84097491091973, 2.264390252530575]"
2026-04-14 02:59:30,808b7b06c237cf5c091df882ac4f73de8799cd4d,Roquette - Thiéré,11002,0,17,17,6,23,"[48.85507930579506, 2.3733686318721463]"
2026-04-14 02:59:30,19d5fe792352d6ee4f429d8efd4975e67a8e74f3,Claude Decaen - Cannebière,12111,12,3,15,30,45,"[48.83761417037952, 2.397253782195704]"
2026-04-14 02:59:30,1037ffc16eecb73e42c614562c26d387f8489add,Panthéon - Valette,5032,2,1,3,47,51,"[48.847020571652, 2.3464982619671]"
2026-04-14 02:59:30,e7f906c147d57404a296852919e14d41d5e36952,Place Jacques Bonsergent,10010,6,17,23,8,33,"[48.870948218595, 2.3612049221992]"
2026-04-14 02:59:30,2fb8f7708ca1f86f2a9fd1c5f750a384439d1c9f,Chartres - La Charbonnière,18107,5,4,9,24,34,"[48.8847601, 2.3534657]"
2026-04-14 02:59:30,b30c59765688095989b265a6aa3c2d4a3fd203f0,Notre-Dame-des-Champs - Stanislas,6006,1,0,1,16,19,"[48.84479928858768, 2.329337755887181]"
2026-04-14 02:59:30,a9c0df3a6913a6af1ac08fb906ec420774e6cbe1,Pyramide - Ecole du Breuil,12128,5,7,12,21,34,"[48.82237977153955, 2.4586871266365056]"
2026-04-14 02:59:30,8eb4f7bd43123a1b642d6240a463c2cee7eb1fe7,Liège - Moscou,8010,2,0,2,15,17,"[48.8795431, 2.3264628]"
2026-04-14 02:59:30,9097184590a094a47dbffc7c1fd16013121be0cb,Rouget de Lisle,46002,2,7,9,26,35,"[48.764615483395254, 2.4071189761161804]"
2026-04-14 02:59:30,a7cbb5aebe064cdbb9813845b221d778f9798d9c,Place Du Général De Gaulle,31009,8,0,8,15,26,"[48.8687591, 2.4329931]"
2026-04-14 02:59:30,c8f8da66c8c0839967bb3cad4201dc046953bee5,Charles de Gaulle - Beauté,41302,7,1,8,41,49,"[48.83649602312711, 2.479562651149885]"
2026-04-14 02:59:30,c3d59b638f2859148cea8b7668b1c8314f61cba5,Cimetière de Montrouge,14020,4,1,5,52,58,"[48.821466904768, 2.3215785772007]"
2026-04-14 02:59:30,7bc03a78741bcc6f21c6722d45702b30493ed905,Henry Farman,15042,0,4,4,12,16,"[48.83372430280548, 2.2713854536414146]"
2026-04-14 02:59:30,7cf751163757e93f2f4cc639dcd57fd1aec986ce,Roger Salengro - Fontainebleau,42706,8,3,11,12,25,"[48.814548697325, 2.3611663654447]"
2026-04-14 02:59:30,b2054471bd18fd3bb51b0a4eedb2e878aa888016,Carducci - Place Hannah Arendt,19120,13,0,13,14,27,"[48.877436681515796, 2.3860743641853337]"
2026-04-14 02:59:30,ebb30e766de5ccb411318e782822901fd5e3f6c7,Hôpital Européen Georges Pompidou,15104,3,36,39,38,78,"[48.837695319163, 2.2753742337227]"
2026-04-14 02:59:30,963b8601d883919c5457de36a10eef2027114398,Schoelcher - Raspail,14003,1,0,1,48,50,"[48.83681733526843, 2.3312794080411474]"
2026-04-14 02:59:30,03586ddce01d5f9c37529aaccc5995a810a5ca50,Square Simon Bolivar,19101,16,0,16,7,24,"[48.875089888322, 2.3826304078102]"
2026-04-14 02:59:30,2d5c44a6ff200e6ae944e7da7a1aa8048d28c8fc,Pereire - Rennequin,17030,7,15,22,0,23,"[48.883647828876, 2.2952447086573]"
2026-04-14 02:59:30,7e412c5bdd288d54bdb001fac309dd54a2407c3f,Paul Bodin - Clichy,17204,6,10,16,17,33,"[48.892594758409, 2.3171403311203]"
2026-04-14 02:59:30,461fdd31e06142c73f3ed5fe568b4a7a08b18dfc,Cimetière de Fontenay-sous-Bois,41209,2,2,4,10,15,"[48.84706173362218, 2.4787822365760808]"
2026-04-14 02:59:30,f72720b3548b06fad2e3a188cd5e0415168d05bf,Lucie Aubrac - Fort,21312,9,0,9,21,30,"[48.818144834008976, 2.271184623241425]"
2026-04-14 02:59:30,327ee1f875f135ee9384a0b5e17a027fa229dab3,Rocher - Laborde,8017,1,1,2,63,65,"[48.87590240712654, 2.322616316378116]"
2026-04-14 02:59:30,3055f4f0c5cfb66ab1ff56ea4151b9814be06449,Grenelle - Violet,15106,0,20,20,14,35,"[48.84993035512154, 2.294612042605877]"
2026-04-14 02:59:30,8497935d23ee6284565701118b3491f354916811,Erasme - Ulm,5124,4,1,5,18,24,"[48.84264375274712, 2.3445946723222733]"
2026-04-14 02:59:30,3a2dea303c66285e596daa3063e726b9934047bf,Marc Sangnier - Porte de Vanves,14106,1,0,1,19,21,"[48.825218683556734, 2.3107116669416428]"
2026-04-14 02:59:30,519da3771d38cb2292c3a606955a2e332288ade5,Guy Môquet - Etienne Dolet,22406,4,1,5,18,23,"[48.81527009991819, 2.298078276995073]"
2026-04-14 02:59:30,d93c0e8c2dc0166bd251065c152e8b5775817eb3,Boissière - Etienne Dolet,31102,7,1,8,13,21,"[48.876111, 2.4677312]"
2026-04-14 02:59:30,a8c133a1e1d5e714b52cd4b87a096397c08b0af8,Bertie Albrecht - Hoche,8054,3,0,3,28,32,"[48.87614039826388, 2.301303138307601]"
2026-04-14 02:59:30,cbfc408f0fa2839762776668dac14d43b9c5f640,Cevennes - Bergers,15109,4,24,28,1,29,"[48.84240765130395, 2.281037718057633]"
2026-04-14 02:59:30,b6b5cb8deb2ae80f067edc6ed76008d46a0e1848,Sibelle - Alésia,14012,7,6,13,23,37,"[48.826701758539215, 2.3384983465075493]"
2026-04-14 02:59:30,4141292d594f6270f2a03f6f69595a679e8c1f80,Place de la Reine Astrid,8045,5,30,35,23,58,"[48.864920982538, 2.3025491823859]"
2026-04-14 02:59:30,283a2e6387aba1e7b7d25ed413a4d58fd80ac371,Enghien - Faubourg Poissonnière,10042,2,11,13,17,33,"[48.872420063053, 2.3483952362828]"
2026-04-14 02:59:30,211532745085a4ac816fae5ffbf30c6c0218380a,Manin - Carrières d'Amérique,19103,14,4,18,1,20,"[48.884672142095, 2.3919698596001]"
2026-04-14 02:59:30,8a84ffe034ffb7c092d07d601740fe0a3fd4500c,Place de la Porte de Champeret,17203,4,5,9,18,28,"[48.886062068226, 2.2917001576821]"
2026-04-14 02:59:30,18062cfd38ca0543b2e745303c4113a85fb774da,Hôtel de Ville de Boulogne Billancourt,21005,1,11,12,12,26,"[48.834958851668, 2.2416803240776]"
2026-04-14 02:59:30,79b703db13fb533db84bef4ef159aa6aa0c57589,Arsène Houssaye - Champs-Elysées,8028,0,0,0,0,0,"[48.873409276267, 2.2977904602885]"
2026-04-14 02:59:30,1c6edb19eb55bcaee2f9fa8cdce35ed1914c4a62,Victor Cousin - Cujas,5203,2,1,3,16,19,"[48.847909849567, 2.3424898070094]"
2026-04-14 02:59:30,2b8435aaf301fa7c5b59b65382e180ea02a6b6a8,Edouard Tremblay - Julian Grimaux,44013,3,13,16,14,30,"[48.781383825117, 2.3723508417606]"
2026-04-14 02:59:30,ba78489583d4164fbb1b2b6fbaba8449cc949ae9,Hoche - Jean Lolive,35010,16,3,19,4,24,"[48.891102392008, 2.4028435349464]"
2026-04-14 02:59:30,071bb152f057b9c0f7babf638b7a6a9ffe4cfac4,Gabriel Péri - Danielle Casanova,44003,7,12,19,1,20,"[48.790114, 2.4025777]"
2026-04-14 02:59:30,8734c182c433f92255c007bb14a5f4a64bc59a72,Lakanal - Commerce,15034,9,38,47,4,53,"[48.84442462786544, 2.294059172272682]"
2026-04-14 02:59:30,ef48d465ba5cb08783ccf9619e7e5747eb389ef7,Censier - Jardin des Plantes,5028,12,15,27,1,28,"[48.84107178161383, 2.355475388467312]"
2026-04-14 02:59:30,ec2c8704ed5187b2db7cdc304b94fc679fe06ee3,Tertres - Fontaine,22203,4,1,5,22,28,"[48.787553654715644, 2.306235730648041]"
2026-04-14 02:59:30,353ba386d26d2139f438de1e77dbcc06a1bb66a3,Gare Rer de Fontenay sous Bois,41202,2,3,5,56,61,"[48.8436279, 2.4630465]"
2026-04-14 02:59:30,518e11467f6246e565b124776bb0c44701225447,Louis Lumière - Porte de Bagnolet,20115,0,0,0,20,20,"[48.86431136, 2.4105210229754]"
2026-04-14 02:59:30,9b7c91166a7b09610c174fe68f575793495fd6fb,Victoire - Chaussée d'Antin,9116,0,3,3,20,24,"[48.875065791004396, 2.3316738009452824]"
2026-04-14 02:59:30,6df28f1b0b54d380e1e4e016828911579a679a9f,Assas - Rennes,6025,2,10,12,18,32,"[48.8492084999386, 2.32851454623001]"
2026-04-14 02:59:30,155a7e74375214d4174e8f8a463b5446dd358521,Quai des Célestins - Henri IV,4201,3,5,8,3,12,"[48.851290697625, 2.3624387532495]"
2026-04-14 02:59:30,50fcad579b1bda56a678ddaeb137954ddb6d0071,Richard Lenoir - Jean-Pierre Timbaud,11039,3,17,20,13,36,"[48.865804276686, 2.3693370749669]"
2026-04-14 02:59:30,929aa20fa34b55393ad44b61e89e08e8009ebfb8,Chemin Vert - Saint-Maur,11026,28,9,37,7,45,"[48.86112461407359, 2.381299026310444]"
2026-04-14 02:59:30,ca7916ea3e18199c84e8348f9ee1c44d9175ee27,Botzaris - Parc des Buttes Chaumont,19024,9,0,9,11,20,"[48.877951, 2.381464]"
2026-04-14 02:59:30,dc17ed10b5fc0d1e0be41ac63dd20eaf4a50483c,Jules Guesde - Alsace,23006,9,12,21,3,25,"[48.890566275506, 2.2950777411461]"
2026-04-14 02:59:30,5ba0d2d28cdd4b8376770168373a05558e307b1c,Place Madeleine Daniélou,17105,5,5,10,32,42,"[48.883498, 2.282015]"
2026-04-14 02:59:30,d9ea37ad00d7010c29af87f8ff5279646bc3e639,Rochechouart lamartine,9010,1,17,18,4,24,"[48.876719895109, 2.344393021854]"
2026-04-14 02:59:30,8985a943b3ae457ac65540143dc1379feea6d711,Jean-François Lépine - Stephenson,18009,3,5,8,14,22,"[48.88611466796807, 2.356855627529275]"
2026-04-14 02:59:30,d8f5efb790c0e35d9d7c4eca26e91c19700aed15,Théophile Gautier - François Millet,16136,9,20,29,0,30,"[48.85034821320644, 2.273029983043671]"
2026-04-14 02:59:30,770ba2840b3319bc385d2f8740fa2ab84c8f8157,Marché Secrétan,19022,6,1,7,16,26,"[48.88125496379482, 2.373463287949562]"
2026-04-14 02:59:30,db5e1b01b47690be3cbeddc59ff731e942a00068,Quai Panhard et Levassor,13050,2,6,8,48,57,"[48.828374828097, 2.3842737458056]"
2026-04-14 02:59:30,5d614f31ac3b21cf3640ac1583a58c9e2f600f93,Arche - Léonard de Vinci,24001,1,0,1,25,28,"[48.89790972494496, 2.2383723043644914]"
2026-04-14 02:59:30,2fec9986fb73aacaa56b2bb4a4384b3222845d56,Charles de Gaulle - Sablonville,22016,1,4,5,20,26,"[48.87991924860035, 2.2763770446181297]"
2026-04-14 02:59:30,0b9e8c56c7a5fd266d9373634fa810d8081c63af,Marseille - Beaurepaire,10014,8,10,18,36,55,"[48.871624306962985, 2.3639265082738348]"
2026-04-14 02:59:30,dd730b764afe8f4261b9727bf46b663bfdf2e760,Parmentier - Abel Rabaud,11035,3,11,14,37,52,"[48.86921273836114, 2.371688821240712]"
2026-04-14 02:59:30,e491d08a35cf5525af837d15fd88f962f7ce84b0,Parc Georges Brassens - Brancion,15046,21,3,24,4,29,"[48.83227829269761, 2.3022570088505745]"
2026-04-14 02:59:30,7b20902145dd1049fa6b51e8a652fbe1096b2b36,Place Paul Eluard,46001,0,15,15,4,19,"[48.7672039733195, 2.4144977331161503]"
2026-04-14 02:59:30,3549a3f5cf9a6ad2032da51807c82106a0b4a7a3,Pierret - Madrid,22006,2,2,4,24,28,"[48.882976576876565, 2.260125767248034]"
2026-04-14 02:59:30,e89c864133bc992f9c7663f0235ad0f2259a477e,Mathurins - Auber,9032,1,4,5,29,36,"[48.872988840744, 2.3294984212276]"
2026-04-14 02:59:30,228ede39b0f0c6350cbb7b75aa120e0029e6906c,Hautpoul - Jean Jaurès,19016,4,4,8,24,32,"[48.886393679436, 2.3865414544355]"
2026-04-14 02:59:30,0858cf9df7a3dd24c4e7390344774af3d1f14945,Wilson - Métallurgie,32003,13,6,19,6,28,"[48.909423010092326, 2.3584435880184174]"
2026-04-14 02:59:30,3cd3ef9f081459c36683d7fc0db5d393e9e06ccd,Madame de Sanzillon - Mozart,21104,5,2,7,15,22,"[48.90379820774301, 2.3187401890754704]"
2026-04-14 02:59:30,0f04d92e219dd2ffdfc166f9fb7f0ed79a296c85,Arago - Glacière,13002,11,9,20,6,27,"[48.83486054775774, 2.3445770524322067]"
2026-04-14 02:59:30,f03b683ba06a8d0d005cb8689cd06e0d18d1f7d7,Prague - Théophile Roussel,12204,6,20,26,3,34,"[48.850330563516, 2.3758223011125]"
2026-04-14 02:59:30,c01bd9431dbecadfe0dd999c4e0fb8c545401ea0,Boétie - Ponthieu,8050,1,9,10,32,45,"[48.871417284355, 2.3076787590981]"
2026-04-14 02:59:30,ebf4596a5304ebb73c33eed11c9ad5b8f5f483ea,Hôpital Bégin,43003,1,4,5,19,26,"[48.84571672113, 2.4272462725639]"
2026-04-14 02:59:30,417ea2a1f96953353165087c794cadac111f8835,Gare RER de Gentilly,42504,7,1,8,22,30,"[48.814280450380224, 2.3410347104072575]"
2026-04-14 02:59:30,50936b4ba3feb1987218feebe7f1d0ae5dadb757,Charonne - Avron,20043,7,2,9,15,27,"[48.851602665222, 2.3984030470379]"
2026-04-14 02:59:30,030eeb8c540ae41079a454322879133afe14067c,Place de la Porte de Paris,32016,17,9,26,11,40,"[48.93009363207303, 2.3564037680625916]"
2026-04-14 02:59:30,9f0f8e0b2acb50afd1133e9916f6c4c516887092,Stalingrad - Désiré Chevalier,31010,18,7,25,16,42,"[48.85670169739857, 2.445072233676911]"
2026-04-14 02:59:30,c663974830b2792cd328816e0038f498257ea9a3,Tristan Tzara -  Tchaïkovski,18201,15,3,18,14,33,"[48.89490221746837, 2.3648490384221077]"
2026-04-14 02:59:30,db0c77b3e6cdbb835fd3b7bed7fbfb4c17fb232e,Charenton - Diderot,12009,0,14,14,2,18,"[48.846171461187, 2.3793068155646]"
2026-04-14 02:59:30,3d928e54d603a8dc1b92ee6856aa5ea9c906b373,Flandre - Alphonse Karr,19008,3,4,7,16,26,"[48.89465, 2.381868]"
2026-04-14 02:59:30,d624d6696350e49f88ca8f8b9290d65a350a5210,Saint Georges - d'Aumale,9021,2,4,6,17,23,"[48.87778639599673, 2.337429821491241]"
2026-04-14 02:59:30,3b140e563b6c262f73ec646ec2bf94cd40fe3dac,Bienfaisance - Place de Narvik,8035,3,3,6,29,36,"[48.87660163459077, 2.3129771277308464]"
2026-04-14 02:59:30,365539215c0178b563c4020824febe0279454082,Alfred Roll - Berthier,17102,9,13,22,6,28,"[48.887808570529, 2.3000952981763]"
2026-04-14 02:59:30,a6d6902e8bbf9e9e5b5a427bea2848ccf5b21511,Square Gilbert Thomain,26007,3,5,8,11,20,"[48.90717373809284, 2.2695400938391685]"
2026-04-14 02:59:30,ecfeaa9019f1f45bcfc2beee3fc78e73431cbf5d,Dupleix - du Guesclin,15025,3,29,32,14,47,"[48.85147910413369, 2.296709530055523]"
2026-04-14 02:59:30,e609d5a70691b5339b149cb1671e84804a3aea1d,Ancien Canal - Hélène Brion,35018,6,2,8,14,23,"[48.89484799296163, 2.4188338592648506]"
2026-04-14 02:59:30,e95d6660541280ff1d2c06ccb83c561caacb4a31,Flandre - Riquet,19005,12,8,20,0,21,"[48.888013281448, 2.3737595955229]"
2026-04-14 02:59:30,49a08798d5cd42e65ad85bea3f7efe8be35e9f3a,Parmentier - Hôpital Saint-Louis,10113,11,18,29,13,43,"[48.871379874257, 2.3698963836667]"
2026-04-14 02:59:30,e2bd7ad66d918aabfee10ef280a4fd07a9621b8b,Place des Ternes.,17045,1,3,4,40,46,"[48.878438631226516, 2.297727763652802]"
2026-04-14 02:59:30,b69572645525f5c7f6eafb6bc60dbc54cbfba49a,Edouard Poisson - Victor Hugo,33018,12,9,21,4,30,"[48.91118557052621, 2.379864752692811]"
2026-04-14 02:59:30,3bf161d2e37b66ce9b30d2506f4b237e36b0509f,Place Jacques Madaule,21305,6,10,16,6,25,"[48.823933787309, 2.2606918215752]"
2026-04-14 02:59:30,34f91dae32a2f7e832599b33b52b19f657aeec82,Jardin d'Acclimatation,16121,3,7,10,20,33,"[48.878772242510465, 2.270772233605385]"
2026-04-14 02:59:30,4261a4acabdb67dcf48e39b5fdaaf356fee14170,Paul Vaillant Couturier - Chaptal,23001,4,11,15,22,39,"[48.893479576183, 2.2775253653526]"
2026-04-14 02:59:30,0da203eb6ce868a1ab54405bb9a84a6364cd9e91,Gare de Laplace,41102,6,3,9,34,43,"[48.80893199114179, 2.3349460959434514]"
2026-04-14 02:59:30,bf5bbf6640c50d72954c6268f938239baccc1654,Bayen - Pereire,17037,4,9,13,9,22,"[48.881804409079656, 2.2921088710427284]"
2026-04-14 02:59:30,dced23ee361d56a025c10cdb65f31d25359bf497,Clignancourt - Sofia,18141,5,0,5,14,19,"[48.88511992309783, 2.34719488842051]"
2026-04-14 02:59:30,d55329bbd51f5bdc5dd3b4f99811e37c605ed5f9,Route de Sèvres - Porte de Bagatelle,16124,3,26,29,36,66,"[48.87525984132485, 2.249415814876557]"
2026-04-14 02:59:30,45ef5ac05e2d2aa79d5467ef84df02cf9933b8ed,Bordier - Félix Faure,33003,16,14,30,18,48,"[48.90390751882016, 2.3830059170722966]"
2026-04-14 02:59:30,b16a5ea0c29c996a7995c10a0f665d9b92e5d9cc,Félix Faure - Sadi Carnot,33009,5,3,8,24,33,"[48.90812110228388, 2.378623187541962]"
2026-04-14 02:59:30,884aa4320f3d4a71f6bfe5a92bb4091b44b31463,Place Violet,15033,10,28,38,7,45,"[48.844878938365, 2.2905756533146]"
2026-04-14 02:59:30,6847083c2fb6c7967eddca8b5eadd44dd494e9c2,Mairie de La Garenne Colombes,22505,9,11,20,1,22,"[48.90663823468682, 2.24679596722126]"
2026-04-14 02:59:30,3db3862f17ad0266069a65965a517a2299a20f97,Porte de la Villette,19115,8,2,10,17,27,"[48.89835196548483, 2.386150136590004]"
2026-04-14 02:59:30,d128ab2d6c5ff80d84ce139426fb9d1f88d0c6d2,Place aux Étoiles,32010,3,1,4,35,40,"[48.91835629408464, 2.3523425683379173]"
2026-04-14 02:59:30,d0af0598a6e81bdd926f3d5f78b8f02f51a5a2fc,Place du 8 Mai 1945,25008,1,0,1,16,18,"[48.871552174017, 2.2025031970585]"
2026-04-14 02:59:30,f2d10b067c2b76419b9e882b96e088a0196e2154,Victor Hugo - Magasins Généraux,33001,2,4,6,27,34,"[48.903281401126755, 2.368072383105755]"
2026-04-14 02:59:30,31e251b22b6b7283882e6cdf89cb3e495e910a76,Carnot - Pâquerettes,41404,2,14,16,9,26,"[48.79592939432515, 2.4261841177940373]"
2026-04-14 02:59:30,efb660ebe421dfa3ed6caae2506aaff6695c6c03,Gare Montparnasse - René Mouchotte,14117,1,0,1,40,41,"[48.839203843292, 2.3208839446306]"
2026-04-14 02:59:30,d1fe173f33ff4d489e07e937d26bb07c1b9d24e9,Réunion - Avron,20132,8,0,8,18,26,"[48.852566752033766, 2.403928068708116]"
2026-04-14 02:59:30,a7733d02ac7da37c73f49bdc11761e12bb2604c1,Place Jean-Baptiste Clément,42707,6,3,9,15,24,"[48.81240466867336, 2.3617091774940495]"
2026-04-14 02:59:30,913278dfe8f85c14ce51ce8becedccc9ad36d13e,Chanzy - Sud-Est,92003,8,8,16,7,25,"[48.888912037698766, 2.195632159709931]"
2026-04-14 02:59:30,bacdd5e290b3939da875b091d86648a6535308e4,Jussieu - Guy de la Brosse,5119,1,3,4,35,40,"[48.845665, 2.355653]"
2026-04-14 02:59:30,8f65bd36deeeffcfbdde10924a9b305ab6ee8cbf,Jean Lolive - Parc Stalingrad,35009,15,6,21,1,22,"[48.89206174403158, 2.4091735482215886]"
2026-04-14 02:59:30,725d115503fc849e90f8a8da082d3ec197cc236d,René Boulanger - Lancry,10206,1,1,2,28,33,"[48.868769331741, 2.3598745346052]"
2026-04-14 02:59:30,c7290a99107b2bf77622bdc9bb794b321b0bb3dc,Courcelles - Place des Ternes,8055,5,1,6,23,31,"[48.878199928923124, 2.2992860188665043]"
2026-04-14 02:59:30,c029672bfad593e7238694b1916518227ca8876d,Guichet - Jean Jaurès,21109,12,13,25,1,28,"[48.905169868129036, 2.3023840785026555]"
2026-04-14 02:59:30,7642a9fdad4acbb1aaa48d0ff43101476e12fb0e,Verdun - Place Henri IV,21502,7,7,14,11,26,"[48.870797375639214, 2.2277003154158592]"
2026-04-14 02:59:30,524aaba5e3d33844f5986fe70115e43b6a4ba424,Gare de Bercy,12024,1,5,6,28,35,"[48.839794573906, 2.3826066032052]"
2026-04-14 02:59:30,5437b64e26044ef98c80be3d0f015a32ed3c4419,Ceinture du Lac Inferieure - Saint-Cloud,16129,1,0,1,41,42,"[48.86218070933143, 2.2617871686816216]"
2026-04-14 02:59:30,c9225464716d2aec73ce545875243f596569e568,Anatole France - Jean Lolive,35019,18,5,23,2,28,"[48.8949922, 2.4253764]"
2026-04-14 02:59:30,fd75b3a2e22cb56b51c2d1461c79b22cb6fd6526,Boyer-Barret - Raymond Losserand,14104,8,6,14,9,23,"[48.83329880233322, 2.3173383995890617]"
2026-04-14 02:59:30,9d44754c2ccbe96f57124ff59daa1a22fae008fd,Piat - Parc de Belleville,20113,8,0,8,13,21,"[48.87195626635528, 2.384981390278095]"
2026-04-14 02:59:30,1e2c7dba4063acf64bcbe73094d71a1426738c12,Champeaux - Gallieni,31705,20,1,21,28,50,"[48.864459134684644, 2.4161778017878532]"
2026-04-14 02:59:30,71e58ba5f82f9e447adc466c475f8f60f56b842f,Petit - Manin,19019,4,1,5,15,22,"[48.886506875343, 2.3938155401308]"
2026-04-14 02:59:30,64e502c97233f5faecbc04745dd58e17478f14b2,Lagny - Joffre,41604,3,3,6,25,31,"[48.84930687084088, 2.417949736118317]"
2026-04-14 02:59:30,159aaa2663318d17bbb43c3ef6d01818e0b5de88,Emeriau - Place de Brazzaville,15029,1,30,31,21,51,"[48.850785261674964, 2.2871585190296173]"
2026-04-14 02:59:30,3c5c712d4ff2ed2fa42065ebd91b10e1e9ec135f,Petites Ecuries - Faubourg Poissonnière,10005,0,12,12,4,17,"[48.87397217237368, 2.348388757504776]"
2026-04-14 02:59:30,74ef452e46283751c8a9a011bd583ebbe8a1b666,Gare d'Asnières sur Seine,26001,11,12,23,1,24,"[48.90636459217474, 2.2835066914558415]"
2026-04-14 02:59:30,4926bccb025cb5be1b53858f4209d48f09e50708,Place Falguière,15017,12,3,15,7,23,"[48.83629973941847, 2.3104464635252953]"
2026-04-14 02:59:30,9db2184b86e084c8f865a97456d31f4c08d10ae5,Francoeur - Marcadet,18020,15,3,18,2,20,"[48.89104123261663, 2.340014585442034]"
2026-04-14 02:59:30,29b2c1e2feffc5e07d2c17cbc1aa85336608087c,Pascal - Claude Bernard,5026,2,34,36,13,49,"[48.839061952159746, 2.3499782010912895]"
2026-04-14 02:59:30,bf9dd4f8bc084ef20cfa43310cb090766dc49315,Grenelle - Dr Finlay,15028,6,54,60,10,71,"[48.851315406715976, 2.2919502854347233]"
2026-04-14 02:59:30,fea504e06fb77b904434fb6653e820d7a00fc106,Pierre et Marie Curie - Julien Grimau,31702,8,0,8,9,18,"[48.870714014863225, 2.424097023904324]"
2026-04-14 02:59:30,da865356231e176085ba3236c66b0fc421088bba,Raspail - Varenne,7004,1,1,2,15,18,"[48.853147816545, 2.3263905197382]"
2026-04-14 02:59:30,c41adb0208ed3b82c4cd539e01a6678234930d55,Professeur René Leriche - Général Leclerc,21111,11,8,19,29,50,"[48.90782845483013, 2.307887971401215]"
2026-04-14 02:59:30,bf9e1ef4d6dff6e97d59e18e0ded1ff6bd678d0f,Place Valhubert,5116,0,22,22,29,51,"[48.844182577315, 2.3640366643667]"
2026-04-14 02:59:30,1c896edff04805662171e6047b661547704dd615,Château -République,22508,9,7,16,0,17,"[48.905905048494, 2.2534525632894]"
2026-04-14 02:59:30,dcdc243b06ecd52f8b6fdf5222712ac2a1d2df1c,Parc de Belleville - Julien Lacroix,20040,7,1,8,18,26,"[48.8703459, 2.3842214]"
2026-04-14 02:59:30,aa641a9339e684702eab0f8d658a9fd0c16943c8,Gare de Pont-Cardinet,17017,4,3,7,26,34,"[48.88713901475306, 2.314494143994255]"
2026-04-14 02:59:30,60f9c4b166e6fe55d3fd89605686739ef019429e,Pont de Levallois-bécon,23002,2,0,2,46,50,"[48.8984179, 2.2791311]"
2026-04-14 02:59:30,066263f175c47175a492f5ab3c965b6a72034926,Pierre Larousse - Raymond Losserand,14139,0,2,2,28,30,"[48.83059564231877, 2.3119183257222176]"
2026-04-14 02:59:30,96e17895a2dbeb470b260d303a05c2d949c5da8b,Charles Delescluze,11101,5,38,43,2,49,"[48.85242200848887, 2.380632497370243]"
2026-04-14 02:59:30,619645ccf29fef8e614dff0bde304468d12cfd9a,Vasco de Gama,15055,14,29,43,10,54,"[48.83671783466264, 2.283664085650799]"
2026-04-14 02:59:30,43f4bc8067dec91c2d7579c56ef6f67c2d8c0b69,Jonquoy - Didot,14130,10,7,17,11,30,"[48.82890454823947, 2.31648076325655]"
2026-04-14 02:59:30,283f7540a22ebdee48374cd34b4e71ce48a28fdc,Place du Général de Gaulle,41207,3,11,14,13,28,"[48.8525288, 2.4877332]"
2026-04-14 02:59:30,c72fdcd352cf06e46f0cde0044441f1509477c75,Charenton - Place du Col Bourgoin,12011,0,20,20,13,35,"[48.844867319554, 2.3825789350545]"
2026-04-14 02:59:30,ec8cddb277ad1d483b4427fff0a09f29f8df2a88,Bara - Henri Farman,21308,4,12,16,42,58,"[48.833218027457846, 2.2677567601203923]"
2026-04-14 02:59:30,3d81ff9624ddd392d23ea70ada4e0bf2bf48cbd4,Belleville - Porte des Lilas,19037,1,0,1,30,32,"[48.87660391892763, 2.404769691129476]"
2026-04-14 02:59:30,18877da671945c50f0652e721aa7fc0fd0b8564a,Indre - Prairies,20021,11,0,11,27,38,"[48.86254398506782, 2.403290458023548]"
2026-04-14 02:59:30,2ce55e037e54546b47622fe87dc933064aa31e8b,Morice - Général Leclerc,21105,2,20,22,1,25,"[48.90245471981591, 2.3128929734230046]"
2026-04-14 02:59:30,2f069e5ea3aa004499e5579c3f44ccd2ea242d64,Sèvres-Gallieni,21032,1,9,10,16,27,"[48.837809408957, 2.2281519323587]"
2026-04-14 02:59:30,55c9263f62e5e1740a3a7d152b4bfe6df66a6f78,Place du Cornillon - Stade de France,32014,12,21,33,0,34,"[48.92540695835961, 2.3644426837563515]"
2026-04-14 02:59:30,d0a51bbd71abe0f923af125d0b9c771e0b161455,Porte de Saint-Ouen - Henri Huchard,17124,7,3,10,15,26,"[48.898708366365064, 2.3295360803604126]"
2026-04-14 02:59:30,140c36b167789d471350e4dc449cf8df086e4293,Génie - Mozart,44012,2,2,4,15,19,"[48.794902381218904, 2.3734183609485626]"
2026-04-14 02:59:30,071a1416b6bd5f52464f6a494f3d3744602b4359,Filles Saint-Thomas - Place de la Bourse,2009,0,1,1,53,58,"[48.868899890853, 2.3397543845203]"
2026-04-14 02:59:30,5f84c723258c8ff165566536891846721a38f24c,Hôtel de Ville d'Argenteuil,51003,6,23,29,1,30,"[48.946504, 2.2496396]"
2026-04-14 02:59:30,980a39adf359eca797bfe7a7db0b2c4bf77082b5,Gare Routière de Saint Cloud,22101,4,20,24,6,31,"[48.84288183896324, 2.222245037555695]"
2026-04-14 02:59:30,43e25e47e75fe75e4d6745c876e9df23b89acbfa,Verdun - Adrien Damalix,44102,19,3,22,3,26,"[48.8222334178559, 2.4215328320860863]"
2026-04-14 02:59:30,07e1d360e94e9867593da06a3495a1025e7b7207,Edouard Pailleron - Simon Bolivar,19039,2,1,3,21,24,"[48.87979886049996, 2.374839261174202]"
2026-04-14 02:59:30,0f6a5d46e1416cf10d71d2052027165870887056,Eglise d'Auteuil,16032,13,6,19,0,21,"[48.84749841771691, 2.26848387135299]"
2026-04-14 02:59:30,6ba2f83d84b336139f1bba31d18761623b118144,Mairie du 18ème,18025,22,6,28,12,40,"[48.892939296937605, 2.3445510864257812]"
2026-04-14 02:59:30,eb54854b4c5adfc83b96f1428c7ae27dbed0e99e,Bridaine - Lamandé,17122,6,7,13,16,29,"[48.8862074, 2.3206239]"
2026-04-14 02:59:30,74bd3ad163560bdde8db16d8a6c4e5da5d1a98ed,Laffitte - Italiens,9023,0,0,0,32,33,"[48.871815737396, 2.3372015478451]"
2026-04-14 02:59:30,d399c3585216b9bb8a0eee43a5a22bf3f9ade92c,Mahatma Gandhi,16123,3,8,11,14,26,"[48.876356, 2.264205]"
2026-04-14 02:59:30,5e20e21a6df8e548ebfffc10e9ba09b60f7b950a,Batignolles - Rome,8051,4,0,4,10,15,"[48.881823370567, 2.3202589899302]"
2026-04-14 02:59:30,34fdf8d1b17e22854378f135159a9dae9113730f,Paris - Désiré Préaux,31007,11,1,12,37,49,"[48.85742876694898, 2.4323049187660217]"
2026-04-14 02:59:30,3734248ea1f22cafcf2280f15d1dc74b253f223b,Belleville - Télégraphe,19040,1,0,1,38,41,"[48.8756045, 2.3995549]"
2026-04-14 02:59:30,857ac9634118dd7c1641e1e30e2ae4bd88dbcee2,Courcelles - Pierre Demours,17047,3,9,12,14,26,"[48.883769733273496, 2.29858466343129]"
2026-04-14 02:59:30,4348c7ee35f5a8f1a2dc7101e2658e7e7dca7bb0,Pelleport - Belgrand,20023,2,1,3,11,15,"[48.865000818477, 2.4039808363775]"
2026-04-14 02:59:30,6496700c0312a6dfe236b5efa0addccf44b6c170,Square des Epinettes,17121,8,7,15,5,20,"[48.89383909781389, 2.325953990221024]"
2026-04-14 02:59:30,23d6d35bb8c5f1715ee1e5a553a1968d7235d8f6,Bellefond - Maubeuge,9117,7,2,9,20,31,"[48.878255397645, 2.3452642187476]"
2026-04-14 02:59:30,0e1e82f0df24ce5b8a62e7f5993d3b490838f815,Place Etienne Pernet,15035,8,31,39,1,43,"[48.84243457133779, 2.2921819612383847]"
2026-04-14 02:59:30,bcc95c9c3e80fb016ae1749a9e3329b29185d5df,Chabrol - d'Hauteville,10020,1,7,8,3,11,"[48.877018388033, 2.3513179644942]"
2026-04-14 02:59:30,8993f31eba7586ed54f428a6cca4a61f52c57e6e,Lepic - Armée d'Orient,18113,6,1,7,17,24,"[48.887536403814, 2.3343077301979]"
2026-04-14 02:59:30,9ad75bddfbff0a3ddab537dc43f45957a8aef8c5,Hôtel de Ville de Saint-Ouen,34010,10,5,15,33,48,"[48.911380185786, 2.3340076807601]"
2026-04-14 02:59:30,9bece1393c09ec424ce67326ddc14bfaec29efaf,Mac-Mahon - Brey,17046,3,0,3,21,25,"[48.87753208413, 2.2945125360529]"
2026-04-14 02:59:30,92e1ffa4c2bb02c6ff7c323313760acd84e4a948,Paul Signac - Aristide Briand,31025,10,2,12,23,35,"[48.869502621564, 2.450226098299]"
2026-04-14 02:59:30,44cc0894dbaba6d99f64ed88d8e79c3ccf416c8e,Hameau Fleuri - Marché,21014,3,10,13,9,22,"[48.831448892608314, 2.2412404417991643]"
2026-04-14 02:59:30,5317012957b0afbf55ea7c5d2e9085a587478224,Aubervilliers - Curial,19127,6,5,11,6,23,"[48.89088305227546, 2.3688579350709915]"
2026-04-14 02:59:30,eba7b55775681e6239951bb89e344b25cc5c2e09,Bassano -  Iéna,16015,1,1,2,13,15,"[48.868144510482075, 2.296149600985935]"
2026-04-14 02:59:30,b2825b39dd626ea5d4c5e5dac8cbadcd67b86f15,Pereire - Ternes,17040,2,4,6,42,48,"[48.87973954830735, 2.288012132048607]"
2026-04-14 02:59:30,5c82273be5b9f998f40946c429476fb69863abd5,Lavandieres Sainte Opportune - Rivoli,1120,2,11,13,14,27,"[48.859279702476, 2.3466217517853]"
2026-04-14 02:59:30,9c32a0fd2b2b46dc915817c30a8c980d835faeb2,Transvaal - Charles de Gaulle,21001,9,5,14,13,27,"[48.848280403628806, 2.2373420120857195]"
2026-04-14 02:59:30,2e551a48f462efc2ba7a7e342df9b8516cb6e5b5,Route de la Muette - Porte de Neuilly,16122,2,8,10,40,50,"[48.8798926, 2.2587671]"
2026-04-14 02:59:30,095a0c2d40ef78a4942ee9c8c9bf149344eb8b25,Maine - Antoine Bourdelle,15002,1,0,1,16,17,"[48.84308531746595, 2.320263946784738]"
2026-04-14 02:59:30,be1971cf7be830198e928e507b5a6ff8f911de99,Pyrénées - Maraîchers,20016,7,1,8,25,33,"[48.85714001395299, 2.4043509364128113]"
2026-04-14 02:59:30,493cdb690a8071b3b324276f680da873eab1a801,Haies - Réunion,20116,6,2,8,14,22,"[48.85386896766491, 2.402426162238911]"
2026-04-14 02:59:30,897f5ab68d31ef574448c9a112994052a4efd001,Place Alphonse Deville,6107,1,2,3,19,23,"[48.850188262662, 2.3275961726904]"
2026-04-14 02:59:30,985c7e8a2f709c4f90139eb9c1ab8a40a56cc46c,Maison de Radio - France,16029,2,43,45,0,47,"[48.85132886434057, 2.277785539627075]"
2026-04-14 02:59:30,ece6bda0e8169c5dfb4da3e89ba61984f99c2b9b,Chernoviz - Raynouard,16112,16,1,17,18,37,"[48.8569864146289, 2.282173218142987]"
2026-04-14 02:59:30,c348794bc1ab27089895612b3c8b2fcc2e440488,Fontainebleau - Edmond Michelet,42703,20,5,25,20,45,"[48.80956436844049, 2.3626908659935]"
2026-04-14 02:59:30,b597e404727672298c92be349f549d65295daf52,Pernety - Raymond Losserand,14030,9,11,20,12,32,"[48.834254627953, 2.317609339387]"
2026-04-14 02:59:30,eb120a69c252915ca78143d3d84b6f00dae37162,Eugène Reisz - Davout,20201,1,1,2,18,20,"[48.85631874632638, 2.410396970808506]"
2026-04-14 02:59:30,22ece9b07109b8b86aff45b117858a15c7b9205b,Eugène Oudiné - Dessous Des Berges,13046,1,13,14,30,44,"[48.8256423, 2.3750226]"
2026-04-14 02:59:30,77d02fb03c662a60e2c6e1164682d99e7e698c57,Mont Valérien - Michel Salles,22102,2,1,3,18,24,"[48.8561915, 2.2152966]"
2026-04-14 02:59:30,5eb9f02b2c07810cc274adc6701b190a017fe5c4,Neuve Saint-Pierre - Beautreillis,4110,4,13,17,3,20,"[48.85355351439652, 2.3639122769236565]"
2026-04-14 02:59:30,eabe759578f73e69e4fb6c28268f78ac07405f46,Aqueduc - Villette,10036,4,1,5,22,28,"[48.883886063895, 2.367198803315]"
2026-04-14 02:59:30,04dd5e11cf85a9fb13003ccb04c5d12cf82d8f90,Sénat - Condé,6017,1,1,2,29,33,"[48.84954227788459, 2.337939441204071]"
2026-04-14 02:59:30,dcd742b197b9c2411ca4c7d749d0f09fe2e15115,De Gaulle - Castelnau,45502,0,0,0,1,1,"[48.772695647197, 2.3403334480725]"
2026-04-14 02:59:30,66ae15fd9ae201a1241b5f123eb8892c3a433588,Cadet - La Fayette,9101,1,7,8,10,19,"[48.875601632672, 2.3435704037547]"
2026-04-14 02:59:30,babd140c28d36f5b5974209e614cd02ee78f603e,Caulaincourt - Place Constantin Pecqueur,18017,14,2,16,26,44,"[48.889677905028, 2.3381787144261]"
2026-04-14 02:59:30,de2ab4bffa966e9b1cef080ecdf723806ea77866,Belleville - Pyrénées,19041,10,0,10,32,42,"[48.8741908, 2.3860039]"
2026-04-14 02:59:30,0de0d618138472f1300258f08abe6c4bc0af5b5b,Pont Neuf - Rivoli,1117,2,2,4,23,27,"[48.860089892617, 2.344057559967]"
2026-04-14 02:59:30,30b15db9ebabff3e24081334a7ac8171a3ac4408,Alexandre Dumas - Voltaire,11102,11,9,20,51,74,"[48.852888670365, 2.3891476408096]"
2026-04-14 02:59:30,e6b43caa67c7673cadaae7a9b86d2ea4d80596c2,Jeanne Hornet - Girardot,31704,14,0,14,12,29,"[48.873802681432146, 2.427820265293122]"
2026-04-14 02:59:30,d8a55fe948a40780e4a67957706e141887a0868d,Vieille du Temple - Francs Bourgeois,4013,2,17,19,8,29,"[48.858256413365815, 2.35821794718504]"
2026-04-14 02:59:30,7f92eda769d307b9930a5ba0be66dfec5169b1db,Hôtel de Ville de Champigny sur Marne,45001,4,9,13,8,21,"[48.813810628405, 2.5096759200096]"
2026-04-14 02:59:30,0ee1109011d400b419f60dd2991aa5d6f0baad20,Greneta - Sebastopol,2001,0,18,18,12,32,"[48.865242333228, 2.3516669869423]"
2026-04-14 02:59:30,12b1b8a6b181c1b22177f1393045352837c4f4eb,Manin - Simon Bolivar,19023,17,1,18,7,26,"[48.876499654127, 2.3794073625991]"
2026-04-14 02:59:30,1356ebcb47cd70a4a0d1f09ae82826e210ccfd81,Place du Maquis du Vercors,20019,0,0,0,30,31,"[48.877321579493575, 2.4083782732486725]"
2026-04-14 02:59:30,6513d77131eee3d6342fa323836ffa2ed18ee77b,Poissonniers - Nord,18137,7,4,11,17,28,"[48.892511213520656, 2.3522228747606277]"
2026-04-14 02:59:30,8345f78be12ffb6fae6fac361910f50996417f89,Station Paris Basketball - Ney - Charles Hermite,18138,3,11,14,7,20,"[48.898748039775, 2.3645754531026]"
2026-04-14 02:59:30,e9fd5e56ff6d27c0e21f3565d10bd9519495f511,Porte d'Ivry,13041,2,0,2,48,50,"[48.821768747596, 2.3688706755638]"
2026-04-14 02:59:30,3fbfd72f991fe5851d687677a5a725f1a223295d,Hôtel de Ville - Pont-Marie,4011,2,11,13,21,36,"[48.853899645527, 2.3569472506642]"
2026-04-14 02:59:30,8202626e1e72b5a87cd838c82b1622e291ebf2f3,Saint-Jacques - Tombe Issoire,14006,2,0,2,20,23,"[48.833206330538864, 2.3369108140468597]"
2026-04-14 02:59:30,134bf3dda2ae59b1b867cdf7294f58382475ae15,Parvis Corentin Celton,21311,8,16,24,26,55,"[48.827472525227, 2.2784319519997]"
2026-04-14 02:59:30,f2ed8b8a5c1d4a41d3cf1bf6a16010f5248e5709,Centenaire - Sorins,31013,6,2,8,35,45,"[48.85853523359734, 2.4273508787155156]"
2026-04-14 02:59:30,d0050485b152c3d3ea369734e283f527c801731a,Gare Arcueil - Cachan,42301,7,3,10,16,26,"[48.799824, 2.328171]"
2026-04-14 02:59:30,821c8a13b97aa17464b76e7be5e2d674df356181,Franciade - Gabriel Péri,32018,5,19,24,0,26,"[48.93261499331498, 2.355954498052597]"
2026-04-14 02:59:30,36b01fda246b34503a72c617f4a9f0fd4cde835f,Keller - La Roquette,11003,1,23,24,7,34,"[48.8555508, 2.3752778]"
2026-04-14 02:59:30,4a3fb0edf35fb39fe077cf86c4e77bdc5ded3658,Mairie du 15ème,15020,6,37,43,3,46,"[48.8417762, 2.2986539]"
2026-04-14 02:59:30,2eaffc084d0a8410e3bb963af3274974cf713f12,Manin - Crimée,19031,16,0,16,7,23,"[48.8831217743719, 2.3863670602440834]"
2026-04-14 02:59:30,897efb55b3774b262e2f3d946f916e43d1b7fc13,Nationale - Marcel Duchamp,13114,3,3,6,17,23,"[48.82463749337136, 2.3678014799952507]"
2026-04-14 02:59:30,8418abf7a3ee66b3583321e6a4b01f5092d83f8c,Saint-Blaise - Mouraud,20017,5,1,6,20,27,"[48.85696177597818, 2.40869477391243]"
2026-04-14 02:59:30,aa82a64a0d72fa14588c26937fa16425ecf081fa,Charonne - Philippe-Auguste,11019,6,5,11,21,32,"[48.855603162026, 2.39054639062]"
2026-04-14 02:59:30,25b0fbcb21bed44b0f638690b3c45c65e3371725,Hôtel de Ville de Levallois Perret,23008,11,9,20,4,26,"[48.89314451997415, 2.2888818383216862]"
2026-04-14 02:59:30,a36d0681bbacb7f2a1ac19eec773a19315c4f8e7,Convention - Saint-Charles,15063,8,14,22,0,23,"[48.843156111116, 2.2831090539694]"
2026-04-14 02:59:30,98ddd9d0f53ca8616ada4577d126c40a0afb3b4a,Pont de Lodi - Dauphine,6014,4,6,10,10,23,"[48.855296898603285, 2.339947307565249]"
2026-04-14 02:59:30,1cffac8de3cee2a6e608d3aecb55616257cddba9,Romain Rolland,14116,8,9,17,7,25,"[48.820215229662765, 2.3234144234418346]"
2026-04-14 02:59:30,ef60fc090db7973e8add86c00cc5c057d098162c,Gambetta - Michelet,31018,15,13,28,5,33,"[48.85273792380526, 2.429966032505036]"
2026-04-14 02:59:30,8024a501caf119f4be9f8d7afde6a8ab37ea7e44,République - Henri Barbusse,33005,17,5,22,10,32,"[48.90661553626751, 2.389432489871979]"
2026-04-14 02:59:30,712f67ade0bf229babeca5fbf38c43f3089bab20,Jeûneurs - Mulhouse,2110,4,10,14,12,28,"[48.868997, 2.346925]"
2026-04-14 02:59:30,23f34649a7c04fff48e876d1c25a2a0a7b4c0c33,Place de Finlande,7026,1,3,4,19,25,"[48.862408335967, 2.3113624379039]"
2026-04-14 02:59:30,11d52f801f223eb32df5ab5b2665bd55d0114b96,Thérèse - Opéra,1016,0,12,12,12,25,"[48.866483514509, 2.3344334212238]"
2026-04-14 02:59:30,bd787a9603136c944c53328a40d3afaf12c4ec21,Cléry - Montmartre,2021,1,6,7,51,58,"[48.867458, 2.3445211]"
2026-04-14 02:59:30,d7c146644fb194da7f4e2212a0bbbf46f07934bd,Poissy - Saint-Germain,5019,0,4,4,20,25,"[48.84969649427, 2.3529685288668]"
2026-04-14 02:59:30,e61e82a4e5582e500a053308b0b3a24bbf8aec0b,Bleue - Trévise,9113,1,14,15,13,30,"[48.87578906564573, 2.347289621829987]"
2026-04-14 02:59:30,995f2f30a200c32ea208a3cc136e553f55d2a3be,Daunou - Louis le Grand,2014,0,1,1,29,32,"[48.869113, 2.332515]"
2026-04-14 02:59:30,1107e75ded5d26e9fa448ff6bb321a73c311f5ee,Mornay - Sully,4109,1,10,11,3,15,"[48.84970399548416, 2.364460788667202]"
2026-04-14 02:59:30,30a2f3d4aa6f072b147e3f4a660ca3ace4696411,François 1er - Lincoln,8105,2,2,4,27,31,"[48.869517979344, 2.3024262188416]"
2026-04-14 02:59:30,80e9a73842542f1c370baae2e1ca4c87d767f2bf,Place du Canada,8029,1,2,3,53,58,"[48.865346269363, 2.3101937879648]"
2026-04-14 02:59:30,e8fca51b87d0197de0d8d10e33011866e9c6109b,Place Mireille Havet,11048,4,34,38,0,43,"[48.850533, 2.383756]"
2026-04-14 02:59:30,e2934894b61a8e4090e80a8fab83eed843be2ecf,Bachaumont - Montmartre,2101,3,23,26,5,33,"[48.86617395079137, 2.3449775576591496]"
2026-04-14 02:59:30,03726cf3fd72ef9c1c79dffe9798c7508a83f95f,Square Georges Melies,12154,4,5,9,27,40,"[48.84070239213081, 2.409667745232582]"
2026-04-14 02:59:30,cff03c578f8a6edc6e77c3079197a719ce5ca123,Charles de Gaulle - Louis Philippe,22017,2,2,4,22,28,"[48.881742142181, 2.2710045335353]"
2026-04-14 02:59:30,d8cd3c6a126fc53b33625ad99a959cc6ef738673,Jardin Marguerite Long,17104,1,1,2,20,22,"[48.8816985773914, 2.2836575657129288]"
2026-04-14 02:59:30,7cd504d63d11118767400ac55635e7e19992ca6e,Melun - Jean Jaurès,19030,14,11,25,3,28,"[48.8837796723475, 2.376477420330048]"
2026-04-14 02:59:30,83aa5f1502c8ab48ec3868c4fc1af9e594c44356,Jean Jaurès - Reine,21004,4,24,28,2,31,"[48.84009622558849, 2.239872515201569]"
2026-04-14 02:59:30,86abbf6885ce3f54e984da61f6bf50e2c3ec5626,Place de l'Eglise - Pantin,35008,2,0,2,28,30,"[48.892809461520265, 2.4124351143836975]"
2026-04-14 02:59:30,c733cb8cf5f47ce3388893ed13d869aa2cb323ef,Butte aux Cailles - Esperance,13022,21,8,29,2,36,"[48.82758774190948, 2.3492151126265526]"
2026-04-14 02:59:30,a38828d32180198e422e0ad81c4e8c93efa0c833,Fernand Braudel - Vincent Auriol,13019,1,6,7,27,36,"[48.83637852318147, 2.3723404482007027]"
2026-04-14 02:59:30,26d36300ae1eb7afa12e391d600d9936877e9b61,Sorbonne - Ecoles,5030,4,3,7,59,69,"[48.849686566191, 2.3434996604919]"
2026-04-14 02:59:30,f73d9210b3077b43687bc6c055eaa8b52b05e3cb,Versailles - Claude Terrasse,16041,2,20,22,22,46,"[48.840219338074, 2.263834191153]"
2026-04-14 02:59:30,68c7f29f6066111bf2f723b4450ebedb8f0a2955,Lamartine - Faubourg Montmartre,9015,2,9,11,19,32,"[48.876613982891, 2.3397656902671]"
2026-04-14 02:59:30,9f29ecb82fc7d1d31266defe7fb9dec4bdfaf76e,Place du Palais Royal,1013,3,9,12,54,67,"[48.862382970647, 2.3384822532535]"
2026-04-14 02:59:30,8fb5d7859cb2204cfa0fbf1d709576f9a17d8f05,Georges V - François 1er,8049,1,0,1,19,22,"[48.87034, 2.30082]"
2026-04-14 02:59:30,7b882e55b7ddcac10b7a493975ab03e717999fed,Hippodrome de Paris Vincennes,12507,1,2,3,97,105,"[48.820484866661, 2.4502807724015]"
2026-04-14 02:59:30,74b0546e62464e212437b95f93004b24dfc4d996,François Truffaut - Saint Emilion,12033,1,47,48,16,66,"[48.83372354344807, 2.386601903271428]"
2026-04-14 02:59:30,74a985a4fadf5c1dfd143bfa9f26bf54e2f36719,Madeleine Michelis - Roule,22012,5,0,5,20,25,"[48.88260431301364, 2.2773634269833565]"
2026-04-14 02:59:30,c9500dc6bb2d4dc6c828a14a757c542537ef9ab6,Jessaint - Marx Dormoy,18142,7,2,9,19,30,"[48.88484543106364, 2.358930408954621]"
2026-04-14 02:59:30,c2a46b1854d8315a8790285bc711d6781682208f,Lac Daumesnil - Saint-Maurice,12120,1,4,5,42,50,"[48.82774555743318, 2.4183654785156246]"
2026-04-14 02:59:30,b4012a0dd2b124d655fed402973ae91796e9b4dd,Suffren - Pérignon,15009,1,24,25,21,46,"[48.84717561492764, 2.307052147596786]"
2026-04-14 02:59:30,ccdbce2d7a23ade3e3835a147e6e3e68a7a684cd,Docteur Calmette - Martre,21120,8,10,18,11,30,"[48.898969358483, 2.3086513252383]"
2026-04-14 02:59:30,1e6ba8a5ea6064025b412a0985ef39498d51c030,Saint-Fargeau - Mortier,20117,8,0,8,22,31,"[48.87266656122256, 2.407912909984589]"
2026-04-14 02:59:30,6139e735d852a545edbdc2759c60dfc465c5ecb6,République - Auguste Perret,48009,0,4,4,25,30,"[48.78695280952244, 2.3518594354391094]"
2026-04-14 02:59:30,ced1736b01d7cb605a10d53d9f6739ee8021f63d,Dareau - Broussais,14125,13,6,19,5,24,"[48.8307758, 2.3361804]"
2026-04-14 02:59:30,a947222232354da6c7ac4e9bccbd77b656189e73,Jean Moulin - Paul Doumer,31017,11,0,11,8,20,"[48.8622179854695, 2.45533436536789]"
2026-04-14 02:59:30,1a47e78cb5eb9d7325f9de752483ce62e92f9f6f,Pierre Brossolette - Adolphe Pinard,22403,9,6,15,7,24,"[48.821772279548, 2.3131558299065]"
2026-04-14 02:59:30,6574a4e8b3ebd02bb9970e20096aef673263ec58,Quai Marcel Boyer - Victor Hugo,42011,10,11,21,6,29,"[48.822556366667, 2.3920395970345]"
2026-04-14 02:59:30,a93f0657520f46bfc6855899ed906caf0af0b8b7,Mairie du 9ème,9013,0,2,2,22,24,"[48.873267137583, 2.3407534480528]"
2026-04-14 02:59:30,c562774866fa900fca9464c540dbea0b8440be24,Odessa - Départ,14127,1,0,1,36,39,"[48.842885590081, 2.3244281485677]"
2026-04-14 02:59:30,7e1437c86b407023720ed9e0ccf93b15e8f81da4,Véron - Lepic,18114,9,0,9,13,23,"[48.885261233953, 2.3345598578453]"
2026-04-14 02:59:30,da08d54e8774800a7104639ee67089260f747cc2,Vivienne - Petits Champs,2201,0,0,0,0,30,"[48.867331390877, 2.3391437530518]"
2026-04-14 02:59:30,86485d58c770e7dc58bb5c06087499e0e23d4e5d,Place Centrale,21951,1,2,3,19,22,"[48.78740167690531, 2.2278830409049992]"
2026-04-14 02:59:30,b67dc220d5c4b8e22adc59cb26150a0a9f486e60,Pré Saint-Gervais - Lilas,19113,3,0,3,23,28,"[48.877870626988, 2.3959073424339]"
2026-04-14 02:59:30,4625ed80051ab6347bf93a6512053641b77dadff,Gergovie - Vercingétorix,14128,3,4,7,21,29,"[48.83453413883994, 2.313154547426182]"
2026-04-14 02:59:30,7a946644a75dda50277dd9dfbaaed95ff3b2315a,Hôpital Robert Debré,19036,3,1,4,27,33,"[48.88005222200894, 2.4008650346327003]"
2026-04-14 02:59:30,56f87a126684908b54eb122acd8c0cc58533e8bd,Jules Guesde - Laennec,31101,7,0,7,12,19,"[48.87628983900398, 2.5006942078471184]"
2026-04-14 02:59:30,9cac234dc5d7cc27b164e470c8d49b086385b9a2,Bois de Vincennes - Porte Jaune,12129,3,8,11,24,35,"[48.838751246689455, 2.4605489149689674]"
2026-04-14 02:59:30,08ad6a7f239e977d57ebabb17fa4e790b4044fc6,Place du Président Salvador Allende,35004,7,1,8,51,60,"[48.897307310356055, 2.40079153681279]"
2026-04-14 02:59:30,5808a49386b213a6f8ad5a54cbe36bdddaf09f69,Edouard Vaillant - Galliéni,31707,9,0,9,39,49,"[48.858462881661, 2.4147954583168]"
2026-04-14 02:59:30,9b53f2a7f0570db95db065fdf6a8e6dfb785fe7c,Alexander Fleming - Belvédère,19124,16,2,18,13,31,"[48.88179064200294, 2.4030599377642674]"
2026-04-14 02:59:30,acb6114e6df6de58afc58317e8fa40e259cd461f,Versailles - Résistances,43203,0,0,0,1,1,"[48.75695884522, 2.3885755413796]"
2026-04-14 02:59:30,7bb672833e3c60253fef69dcbdb67f757b55e85a,Santé - Arago,14113,3,1,4,34,38,"[48.83507657562064, 2.3415737262044938]"
2026-04-14 02:59:30,16e22be5024be3695aa91e2cbc3b008eae7abd30,Averroès - Aimé Césaire,35015,9,6,15,1,19,"[48.91405323432864, 2.412636950612068]"
2026-04-14 02:59:30,3058654401bea795b80ab227ce793748a719db1a,Place du Front Populaire - George Sand,32021,7,6,13,52,65,"[48.90680713698062, 2.364541214992642]"
2026-04-14 02:59:30,7b7b62fa4fc11a0b58abd07058cfe2bbbec5a75a,Evariste Galois,20203,9,0,9,10,21,"[48.873341356228, 2.4133544409574]"
2026-04-14 02:59:30,eda1896109eed3c384fdc1cd17014182efbb27dc,Commandant l'Herminier - Gallieni,20004,2,3,5,12,17,"[48.847040552603, 2.4160453677177]"
2026-04-14 02:59:30,212b8b070f2585fe937f06e9856631b4174fe65f,Bastille - Quai de la Rapée,12150,4,18,22,4,27,"[48.84682410855, 2.3669364675879]"
2026-04-14 02:59:30,4c36bea8ad71d45e98b65702f455e03336c751a2,Jacquard - Ternaux,11031,13,23,36,2,39,"[48.8646605, 2.373162]"
2026-04-14 02:59:30,98c503fbd18586663e0a664afd3e92bcb45e8fb0,Demi-Lune - Aristide Briand,31026,11,0,11,9,20,"[48.8762638192, 2.4562818557024]"
2026-04-14 02:59:30,d531299d92dcfad681941acb602d4145bdaf1342,Charles Lecocq - Lecourbe,15131,9,30,39,6,48,"[48.84044, 2.294867]"
2026-04-14 02:59:30,0e5f5cc3c3f077c78df35b498e8d6a999f6d2d3d,Cimetière d'Issy-les-Moulineaux,21316,13,1,14,10,24,"[48.817699773925, 2.2609312087297]"
2026-04-14 02:59:30,7d84e3132d47ffda56947a0ce4196f7ec28975f0,Stade Georges Carpentier,13117,1,0,1,39,40,"[48.820482438381, 2.3668321967125]"
2026-04-14 02:59:30,6de1f76843373549fa15299fc3b2e4c0f8777c6a,Pierre Demours - Laugier,17029,13,9,22,14,37,"[48.8813072, 2.294846]"
2026-04-14 02:59:30,48109ad3df17863b50883bd978dd7e4d803f90a3,Metz - Faubourg Saint-Denis,10004,2,19,21,27,48,"[48.870893, 2.353521]"
2026-04-14 02:59:30,70233de27b47c16291c0cab77c8a1e918f85f83d,Place Jules Ferry,21203,11,1,12,15,28,"[48.812107928414775, 2.325837314128876]"
2026-04-14 02:59:30,2900164f446d49abb255daadded01df37ac0acee,Gare de l'Est - Fidélité,10017,1,1,2,11,15,"[48.874575, 2.356796]"
2026-04-14 02:59:30,36fffb483759c1eb805cf7c88445156317be440f,Pelée - Alphonse Baudin,11103,4,18,22,14,38,"[48.8600265, 2.3710541]"
2026-04-14 02:59:30,269d24e76cfddf11e471c87f7e1f03813bb38522,Longchamp - Place d'Iéna,16007,1,0,1,8,10,"[48.864917233434, 2.2926748171449]"
2026-04-14 02:59:30,f2d0170c3960be2c61d94eeb550423697771ff40,Mairie de Neuilly sur Seine,22013,2,5,7,24,31,"[48.884947287658, 2.2677031159401]"
2026-04-14 02:59:30,c1156aa9b59697444846265bfdbffc05d83bea35,Louis Blanc - Jemmapes,10110,3,1,4,26,31,"[48.879330755297, 2.3684485629201]"
2026-04-14 02:59:30,b2cecaacb69bb8b4367d459a431d2ecf0fb7b213,Chancé Milly - Cimetière Communal Sud,21115,9,8,17,14,32,"[48.89687189382465, 2.303922325372696]"
2026-04-14 02:59:30,c0aed61d07b03c5b46f8b9ec7358b6c3c9c3b0c9,Marcel Yol - Jullien,21708,2,0,2,28,30,"[48.82537611802588, 2.287235018058929]"
2026-04-14 02:59:30,5c9abc7cec255bde57abafc087ef4ca2131695bd,Victor Cresson - Telles de la Poterie,21307,6,5,11,18,31,"[48.822698842979, 2.2686498274964]"
2026-04-14 02:59:30,bef50d7f00bd8a7809e9afeea063b0e33f1edc24,Hôtel de ville de Fontenay-sous-Bois,41210,3,8,11,7,20,"[48.84949749106274, 2.4750164151191716]"
2026-04-14 02:59:30,66e53d78f725cc215a4728fa9fef704053907dcd,Marc Sangnier - Division Leclerc,42304,6,16,22,2,24,"[48.78599652305309, 2.329955510795116]"
2026-04-14 02:59:30,b83d42fb91bf673dc805bdd2fd172a7b426d1d68,Pierre Levée - Fontaine Timbaud,11109,1,13,14,6,23,"[48.86632723374305, 2.3711163550615306]"
2026-04-14 02:59:30,ee012765324f6da8779d158b4e582e98f6b5f752,Résistance - Hoche,31021,7,1,8,21,29,"[48.864273423741956, 2.435784414410591]"
2026-04-14 02:59:30,c94c0f4139c5df41866c6b13ca0a0c2e207ab14d,Raffet - Montmorency,16115,2,2,4,38,42,"[48.85258670812, 2.2629252456151954]"
2026-04-14 02:59:30,fc0d522c0eedc80bf8d5a9e01be322bdc6ff4102,Commerce - Letellier,15123,4,24,28,15,44,"[48.84797660373612, 2.2966245196598805]"
2026-04-14 02:59:30,6f93ea924d3332e6e77c80f0dfc425f4c476073f,Ivry - Simone Weil,13039,1,1,2,16,18,"[48.823283932030755, 2.3659095168113713]"
2026-04-14 02:59:30,4d324062d5af3ec634bf3ab59c45319636075a26,Fessart - Château,21030,2,14,16,4,20,"[48.84245, 2.23989]"
2026-04-14 02:59:30,c1c39ab41e77e88ba7576ea8b4d7c7955870872e,Cimetière de Boulogne-Billancourt,21031,6,18,24,15,40,"[48.830764, 2.252024]"
2026-04-14 02:59:30,706893e00f92fabf12245cef7d93c27746b8d4c8,Ranelagh - Maison de la Radio,16024,2,1,3,18,22,"[48.85293603169479, 2.280449643731117]"
2026-04-14 02:59:30,92cfb47adea93f086b77ce7b4137b39c6ed78c8e,Brancion - Lefebvre,15043,4,0,4,6,11,"[48.82900222785569, 2.301431038163409]"
2026-04-14 02:59:30,82138beaa5bfab860e11cceabc2efd69b673ae2f,Jean-Pierre Timbaud - Vaucouleurs,11032,13,23,36,9,47,"[48.867937, 2.377885]"
2026-04-14 02:59:30,44c36a1d15312b06286b41ca1769486922491cdd,Vaugirard - Verrerie,21955,0,9,9,15,26,"[48.820881336842, 2.2367222622987]"
2026-04-14 02:59:30,2519dea5ea86f796211d93d783427ae3b748a73f,Malakoff - Place de la Porte Maillot,16101,1,1,2,26,28,"[48.876733496638, 2.2834577411413]"
2026-04-14 02:59:30,ccbd63831f7ab14eb2d3ec88f4d1c893433fed65,Bruneseau - Quai d'Ivry,13121,0,12,12,33,46,"[48.824945637583, 2.3885661363602]"
2026-04-14 02:59:30,58277e7aaddd4e99c1c8e1b6ccf38f7b6ba41328,Martignac - Grenelle,7203,1,8,9,16,25,"[48.858278471985, 2.3187066793468]"
2026-04-14 02:59:30,f115fc575342ab44a2d9ebb815a947ab236d3380,Petit Palais,8001,2,8,10,32,46,"[48.8667692, 2.3157655]"
2026-04-14 02:59:30,655b156d12288d342b9de9ea09259ecf0af77a46,Vinaigriers - Magenta,10012,3,6,9,15,25,"[48.8731167, 2.3593052]"
2026-04-14 02:59:30,e349f5f348377e41d55b9e080fb6fe747cbb44c4,Quai aux Fleurs - Pont Saint-Louis,4003,1,11,12,9,21,"[48.852915956209, 2.3521957173944]"
2026-04-14 02:59:30,f5c772f5f2e7a4e08e5d2b74bd12afc561ec290a,Square Alban Satragne,10018,2,1,3,24,30,"[48.875388227727, 2.3559567333359]"
2026-04-14 02:59:30,f5031909c459202e9c843318140d6dac49dee6cf,Jardin de l'Hospice Debrousse,20108,1,1,2,20,23,"[48.861451061938, 2.40568600595]"
2026-04-14 02:59:30,1d54fd7affbcea94b772816c2df44462b721c32e,Arcole - Notre-Dame,4001,2,2,4,10,14,"[48.853883541328, 2.3493797332048]"
2026-04-14 02:59:30,69a40b0dd7a21a5ff8f69a47df14f3a312cc3dde,Marignan - Champs-Elysées,8013,1,11,12,51,63,"[48.869495661232, 2.3066138139003]"
2026-04-14 02:59:30,73bcee6b57c679db722d946d13e854b56753678d,Porte d'Italie,13033,2,0,2,10,13,"[48.817161987718954, 2.360236309468746]"
2026-04-14 02:59:30,ea3bf48bd89eacc432e51fa7c3891d3ac8c49a3f,La Motte-Picquet - Grenelle,15023,1,13,14,20,34,"[48.84858321339195, 2.299347817897797]"
2026-04-14 02:59:30,7964f99fe74a9fc5cdd46d8cf2c364968a4ff094,Théâtre de La Garenne,22501,2,14,16,4,20,"[48.905658361454, 2.2345951981176]"
2026-04-14 02:59:30,79b8e1839718735e96036a3c21cc8fee8f5f76ec,Place de l'Insurrection d'Août 1944,42003,13,16,29,0,30,"[48.81477852751594, 2.398074567317963]"
2026-04-14 02:59:30,6fe5fbd9faf383e08f2254d4d35950d641d83029,Hôpital - Campo-Formio,13011,3,1,4,6,11,"[48.835405, 2.358218]"
2026-04-14 02:59:30,7bd6b64858886b85c7d6027b846d8a75853cfd6e,Jourdan - Monticelli,14131,2,0,2,26,30,"[48.822032, 2.329095]"
2026-04-14 02:59:30,2fd0b5dea2e0c9ad7dead258c523bf31250fc1ab,Porte d'Asnières,17023,4,19,23,12,36,"[48.89035817610495, 2.3036286234855656]"
2026-04-14 02:59:30,be16d8b430dbc6e1b3545b44a8853e74903ab2b3,Camille Groult - Guy Môquet,44007,6,1,7,15,22,"[48.787482746521306, 2.3976725712418556]"
2026-04-14 02:59:30,6e4e809fbd795441d85b7a23f9130bc3f97b8dae,Mazagran - Bonne Nouvelle,10105,1,11,12,10,25,"[48.870047123655, 2.3511248454452]"
2026-04-14 02:59:30,4b3af031be1979ddb73d8f25cf6f6522d2b4084a,Brillat-Savarin - Küss,13109,3,16,19,2,21,"[48.822203, 2.350422]"
2026-04-14 02:59:30,923888c01247408a44ef234475722993a7d04f7f,Estienne d'Orves - Henri Ginoux,21204,7,5,12,18,31,"[48.815388220397274, 2.320886790760933]"
2026-04-14 02:59:30,ac4b5c0c804a76bd1967cee0de07c73ca82934f2,Place de l'Europe - Quai de Bercy,42209,2,6,8,9,17,"[48.82529858840266, 2.3945679143071175]"
2026-04-14 02:59:30,67b3f3769aeb23048b70b5bc827f63ac9001f084,Louis Pasteur - Albert Petit,22206,5,1,6,23,31,"[48.796261, 2.317289]"
2026-04-14 02:59:30,09e60a1f43919cebb930b390ed852c07d4f85306,Faubourg Poissonnière - Dunkerque,9114,2,4,6,23,30,"[48.880883445404436, 2.349934279918671]"
2026-04-14 02:59:30,d909930b2723e3c14706b50c40185a07e72eac70,Victor Hugo - La Pompe,16011,4,3,7,32,41,"[48.86795222470859, 2.28146318346262]"
2026-04-14 02:59:30,6fdd1dd6eb4d2c1bf954897a77542247872ba5c6,Colmar - Victor Hugo,25001,2,20,22,10,32,"[48.88652251096166, 2.173960916697979]"
2026-04-14 02:59:30,9e4546cabe781ab339229939c91acf68c81bf1f1,Place de la Gare,47001,7,11,18,26,46,"[48.80253358011283, 2.4275037646293645]"
2026-04-14 02:59:30,a5851ec8493bfa261bf09f967d7340c897c4d289,Place Mongolfier,44101,11,21,32,6,39,"[48.815160030060376, 2.4592879414558415]"
2026-04-14 02:59:30,9d03d688c81e0dcedbd8eafff5ab0784e97aa57a,Javel - André Citroën,15064,4,19,23,20,45,"[48.846276485475, 2.2786368057132]"
2026-04-14 02:59:30,dc6c976348bb31480e1c9f5320eb3e2ed8c08254,Jean Moulin - Place Victor et Hélène Basch,14010,9,1,10,30,41,"[48.82764910241, 2.3261967301369]"
2026-04-14 02:59:30,69b46be0db04de32a2da3af7b84ba5a1e2d6b6f0,Paris - Laitières,43001,3,5,8,12,22,"[48.846302741513, 2.4207553267479]"
2026-04-14 02:59:30,0deab31e6695562736640b5608f5332920116118,Quai de la Gare - Pont de Bercy,13128,1,19,20,8,30,"[48.83730787972, 2.3740861260598]"
2026-04-14 02:59:30,c93a68df3576113de0c7996e436ebda9eb156161,Cimetière de Montmartre,18003,3,0,3,40,43,"[48.886472466142, 2.3328901827335]"
2026-04-14 02:59:30,728ac3fc65102a96d572d8425fc7227dc1d910e5,Lucien Lanternier - Le Luth,22303,18,8,26,1,27,"[48.93159430558871, 2.2889783978462224]"
2026-04-14 02:59:30,fdec3076bd9f5593b069a4e0577f7a65749dd6b8,Conservatoire Marcel Dadi,40005,3,13,16,9,26,"[48.790090379157, 2.4535970427243]"
2026-04-14 02:59:30,365fc9a93751fa81cf47a63c1ccd6d7e8c9e0064,Mairie de quartier du Plateau - Mont-Valérien,92001,5,0,5,14,20,"[48.8799933, 2.2072437]"
2026-04-14 02:59:30,1a3eaddd542a9d81a03fface86dc20efd1e34c0e,Berthier - Place Stuart Merril,17107,7,13,20,16,37,"[48.885927922355044, 2.2933450341224675]"
2026-04-14 02:59:30,a455dee84e694c694de032e0dbde8e05279be99e,Lucien Bossoutrot - Général Martial Vallin,15057,0,5,5,34,39,"[48.836956046311, 2.2741072252393]"
2026-04-14 02:59:30,1e2fcad501bd8a4acfaaa9ad0eca7e681e5642f5,Vaugirard - Pasteur,15004,0,14,14,7,21,"[48.84040868803496, 2.3154367133975033]"
2026-04-14 02:59:30,4c3e90e9987a32f9eca019994a89f514694d9ea6,Goutte d'or - Barbès,18007,12,5,17,1,20,"[48.885124323627, 2.3496962338686]"
2026-04-14 02:59:30,52666bc06a7567131b787f679c9aed0b579b4905,Quai de l'Oise - Aisne,19128,12,3,15,15,30,"[48.8906231, 2.3833701]"
2026-04-14 02:59:30,0c2350426440727278e8da62e9833d96ce1c36bc,Place Jacques et Thérèse Tréfouël,15005,4,14,18,25,43,"[48.842726498317, 2.3125657439232]"
2026-04-14 02:59:30,19a0480a82d7a56011492a934d566bf07e973fec,Mairie de Clamart,21401,2,0,2,30,33,"[48.800612, 2.262151]"
2026-04-14 02:59:30,26df9db4430b0042309497dd14cd1bbb03ffa7c9,Place Jeanne d'Arc,13044,12,10,22,13,36,"[48.829575, 2.369126]"
2026-04-14 02:59:30,9d4b147160fa3f7a999d58e46000c0b045f34b3a,Bessières - Porte de Clichy,17108,1,5,6,26,33,"[48.89611762451474, 2.31790903955698]"
2026-04-14 02:59:30,3fd222ed96de7c7be822643a2b3762d1d052c960,Monceau - Malesherbes,8037,5,2,7,29,38,"[48.8795079, 2.3145456]"
2026-04-14 02:59:30,9eda29c4b643fe9c2580929da1e31cff6a23c955,Place Edmond Michelet,4020,6,8,14,7,23,"[48.860134890542, 2.3500636965036]"
2026-04-14 02:59:30,d2a29d67376c6b94d3bcfa9b64c7db0788f17285,Charonne - Bureau,11017,10,1,11,35,47,"[48.854176, 2.396093]"
2026-04-14 02:59:30,71808e6d0c7f424d3f508b1845472f6f5d587400,Place Lafayette,21306,0,29,29,31,62,"[48.829654975522, 2.2638675570488]"
2026-04-14 02:59:30,18b9193f88c5cca44784d51552179250f84f07ff,Saint-Mandé - Fabre d'Eglantine,12018,3,1,4,30,34,"[48.8453579, 2.3965022]"
2026-04-14 02:59:30,99198741202adbe87db134d5306456b070c272a3,Toqueville - Cardinet,17119,6,8,14,18,33,"[48.88490187110713, 2.3109393194317818]"
2026-04-14 02:59:30,ecf694524f142b9cf9eda6254a84e9c638880d34,Porte des Lilas - Faidherbe,32601,1,1,2,37,39,"[48.87861855668978, 2.4120327830314636]"
2026-04-14 02:59:30,77c16f409c90a7da401b1ca0c5eb0369afd6a4b5,Place Ginette Hamelin,12026,2,17,19,29,51,"[48.837853, 2.382064]"
2026-04-14 02:59:30,34dd4f14570f2c7a56155020a7c4823add0e7650,Alexandre Parodi - Quai de Valmy,10162,4,0,4,18,24,"[48.879359419425, 2.3665961623192]"
2026-04-14 02:59:30,5e06f622ff908165e3218ea6b39bb3cfddd5c811,Auguste Blanqui - Corvisart,13009,2,0,2,22,26,"[48.8300989, 2.3502726]"
2026-04-14 02:59:30,4664e5acf2fcb984bec501ae715b73b651a5601d,Gare du Stade,27005,5,5,10,9,20,"[48.9312676, 2.2603778]"
2026-04-14 02:59:30,e37d934a6cd79852383fa97648f2d9874c11ca8b,Taitbout - La Fayette,9024,1,0,1,48,53,"[48.8733298892, 2.3352625966072]"
2026-04-14 02:59:30,d34141d36410218bd7814c871e13ed96abca3ec3,Arsène Houssaye - Friedland,8201,1,0,1,28,29,"[48.874510616163, 2.2994716674148]"
2026-04-14 02:59:30,7f914326b3bd0346ca16bdf3ce4b993266ddccb7,Quai du Président Roosevelt - Pont Aval,15311,4,15,19,11,30,"[48.834388367639, 2.2656820714474]"
2026-04-14 02:59:30,69b5208b165d11af0bc407f838016947398827ce,Conservatoire de Musique,46003,2,8,10,15,25,"[48.770935866676, 2.4034014344215]"
2026-04-14 02:59:30,2f5de589245dbfc204403cd0163b8812f8800b2d,Place des Fêtes - Solitaires,19210,3,0,3,26,29,"[48.876644633122, 2.3920327806309]"
2026-04-14 02:59:30,7f39fbdcc6895ae6786234c4a848a86418edb9e8,Londres - Place d'Estienne d'Orves,9102,0,4,4,20,25,"[48.876693805756986, 2.3305362090468407]"
2026-04-14 02:59:30,f617bc8d829bbedc6d2c3a6a4bb21b42bb6f99b9,Dunkerque - Trudaine,9006,4,0,4,7,16,"[48.88215166773376, 2.3463253676891327]"
2026-04-14 02:59:30,3e54b71ab5d6add08c42c1fd24164caab86430c8,Place Monge,5024,0,1,1,20,21,"[48.842761803051, 2.3524079471827]"
2026-04-14 02:59:30,1b61ea9f27ee57c4edf0e6a596059778a880a0ee,Rottembourg - Général Michel Bizot,12155,8,29,37,5,43,"[48.83787825992554, 2.4044052511453633]"
2026-04-14 02:59:30,c64ff4d70316d59d0acab079c7eef36e4b152632,Godot de Mauroy - Madeleine,9034,1,3,4,17,22,"[48.869789, 2.326347]"
2026-04-14 02:59:30,181b992bdbd6afe539548b252a94faf64a84cd27,Vivaldi - Antoine-Julien Hénard,12028,13,4,17,9,27,"[48.841923663276546, 2.389728979467376]"
2026-04-14 02:59:30,7f1a26cc81f19ee779afcbaae5a0bf01969ff058,Madagascar - Meuniers,12035,17,28,45,0,47,"[48.83460464474706, 2.3970650508999825]"
2026-04-14 02:59:30,694ccbd619283645d2699fb20c79cf1bf1277ea3,Lebrun - Colonel Fabien,44011,5,1,6,21,27,"[48.78266870733145, 2.381317801773548]"
2026-04-14 02:59:30,01be88c5261b13b0a51ff284b2a91c23db614d85,Champs-Elysees - Bassano,8116,0,0,0,25,25,"[48.871811807816, 2.300238981843]"
2026-04-14 02:59:30,9d8c0df9e71342a9313b28f2db3856998802d731,Charenton - Prague,12101,1,23,24,1,26,"[48.848175129981, 2.3763584494312]"
2026-04-14 02:59:30,e5e3af04fd7a0900c8980c74604fd77b298119ca,Charentonneau - Maison Alfort,47009,8,15,23,5,28,"[48.809972406542, 2.443241664773]"
2026-04-14 02:59:30,cefa4e017283ee1fccf8acf83c066fc6be9f29b4,Hôpital Necker,15129,0,4,4,36,40,"[48.846043490118454, 2.313245013356209]"
2026-04-14 02:59:30,bdd7a5b852dc8fb60c12f479c99312185e13cd03,Bourg l'Abbé - Saint-Martin,3102,1,30,31,26,61,"[48.863933319493, 2.352406270802]"
2026-04-14 02:59:30,b6302c4e6feaa2e56db3c82bef913a23ae02732f,Gare d'Argenteuil,51001,5,10,15,23,40,"[48.947022436806705, 2.256898172199726]"
2026-04-14 02:59:30,ae53ae1c55eb2af5208da14000bc7fd72f203561,Hôtel de Ville de Sèvres,23102,6,2,8,23,32,"[48.824363561289, 2.2131047397852]"
2026-04-14 02:59:30,8710ec2f4404a85057c99deefc5033a3fd40dd7a,Gare RER - Malleret-Joinville,41403,10,2,12,8,20,"[48.802936, 2.42531]"
2026-04-14 02:59:30,60aa5aea9930aced5fea5c7dde6a3995c358f11c,Bruant - Vincent Auriol,13018,1,7,8,14,25,"[48.834848452929, 2.3668264996271]"
2026-04-14 02:59:30,831344edc84ac9468bf8795ffb71213147fc9935,Parc Eli Lotar,33014,8,3,11,8,20,"[48.91844993053703, 2.3727085813879967]"
2026-04-14 02:59:30,8345a37d20df77d4fe2a1b37e796e85ec0a96228,Condorcet - Turgot,9007,0,2,2,15,20,"[48.87985155789093, 2.345232367515564]"
2026-04-14 02:59:30,baa6e3f7c917db7fb28e15a575240051c0fe01b9,Place Charles Michels,15127,2,33,35,0,37,"[48.846401, 2.28502]"
2026-04-14 02:59:30,02ee3043cd38d02b5325da07a36113a0019815bb,Benoît Frachon - République,20105,2,0,2,28,30,"[48.85230729014318, 2.415605485439301]"
2026-04-14 02:59:30,000cc6d2ff1728aecd5dc8b4042f7bf63df34042,Mairie du 14ème,14032,5,6,11,20,32,"[48.83254578123, 2.3254923149943]"
2026-04-14 02:59:30,35ce6fff705beca86e928ca67ae1500ca675491b,Saint-Benoît - Jacob,6002,1,4,5,18,23,"[48.85545136013941, 2.3334722220897675]"
2026-04-14 02:59:30,2f7ee452526d7707698667904bddca80319f5518,Davout - Volga,20044,1,2,3,24,28,"[48.852919679957296, 2.410522909779111]"
2026-04-14 02:59:30,0dc435497e195d148ab62c3c132f21b46ff9e376,Porte de la Muette,16019,2,4,6,30,36,"[48.86302317841182, 2.2687188170157406]"
2026-04-14 02:59:30,a91fe24f87aa1f410bc7af51844390f2842098d0,Landy - Heurtault,33012,15,11,26,1,30,"[48.915096534520316, 2.375951372087002]"
2026-04-14 02:59:30,1a82d9e264e1ac0f743baf719dd12edd986a0191,Villiers - Batignolles,17024,2,1,3,17,23,"[48.881252538461, 2.3165384307504]"
2026-04-14 02:59:30,6c570925eba512a0e5d264ad05270c1688270e30,Lobau - Hôtel de Ville,4016,2,44,46,12,60,"[48.8562118, 2.3532536]"
2026-04-14 02:59:30,681422fda9a94332d5b79d06f3223e03617eb893,Paradis - Hauteville,10019,2,3,5,24,31,"[48.874999954666755, 2.3522757401923404]"
2026-04-14 02:59:30,fe13c2828c1da24861e4ab104f9ca3fe6a312b25,Stalingrad - Rigollots,41203,23,7,30,21,51,"[48.84997403844251, 2.45557576417923]"
2026-04-14 02:59:30,7dc5d0504240b0046f2b7debcb4e1fef36d4fc39,Place du Général Leclerc,43201,3,3,6,16,22,"[48.76529107158, 2.3926565092808]"
2026-04-14 02:59:30,140b26107877723128da6333a56ca8a29b4e0c6c,Plantes - Moulin Vert,14026,22,3,25,19,45,"[48.83005755305626, 2.3232302069664006]"
2026-04-14 02:59:30,b0730ac5b0a1a11636a2c43590b3b79e9eb47c9a,Cité Riverin - Château d'Eau,10008,1,10,11,6,18,"[48.870702423554306, 2.358739863900845]"
2026-04-14 02:59:30,e787d3a1d7706c71b716722f72ab3005ef204e6e,Porte Molitor,16036,6,22,28,31,60,"[48.84524763511433, 2.2569015249609947]"
2026-04-14 02:59:30,91f93ba801009bdc71f36ac4f80013e5ecf1af2f,Claude Vellefaux - Hôpital Saint-Louis,10032,7,6,13,17,32,"[48.872859139003, 2.3700717069851]"
2026-04-14 02:59:30,cfb432585d3bc264a275447b646844be032a527a,Maxime Gorki - Louis Aragon,48004,5,2,7,13,20,"[48.78909814728443, 2.368387877941132]"
2026-04-14 02:59:30,c00ce01ae087bfe5abbd26d9a79f6de3d75318b5,Gare RER les Grésillons,26004,10,9,19,3,22,"[48.919898633572764, 2.31458459136273]"
2026-04-14 02:59:30,a4a7254ca501274bb0ede733427ff5a4ce755aab,Poissonniers - Championnet,18139,5,1,6,22,28,"[48.89543299733937, 2.3530178144574165]"
2026-04-14 02:59:30,00b1665b776816b8dac8114712ddeb530d2b2aa2,Murat - Porte de Saint-Cloud,16042,5,10,15,23,38,"[48.83750862621299, 2.2577651962637906]"
2026-04-14 02:59:30,046b54f297a2cfc70dd0fa13f61612ec7c407265,Square Claude Bernard,19110,2,2,4,26,30,"[48.89876016219984, 2.375325746834278]"
2026-04-14 02:59:30,350f4f9513947063b9c9d47c7a77b33489453706,Henri Ravera - Gabriel Péri,22201,16,1,17,12,30,"[48.79722273833844, 2.302115857601166]"
2026-04-14 02:59:30,0beaf7da4f10467181a21ee82889caf2f2badc45,Jules Vallès - Charonne,11112,5,16,21,1,23,"[48.854284379935, 2.3847674578428]"
2026-04-14 02:59:30,360bd276b45b6e5b49feb15b75b26ac496fafc18,Crevaux - Bugeaud,16105,3,8,11,19,31,"[48.87080942867, 2.2811490076919]"
2026-04-14 02:59:30,f06408e29c45a03e21bf5e13cb48478613c0155f,Ecoles - Carmes,5007,1,7,8,27,36,"[48.848904447989, 2.3473486304283]"
2026-04-14 02:59:30,04815cd27127ed641f7f235dd2b7de34c904d16f,Perle - Vieille du Temple,3008,7,22,29,6,36,"[48.8601346, 2.3611206]"
2026-04-14 02:59:30,a0f3bfab0da5aff23aceb7ea30ecaa9f2caf94c6,Epée de Bois - Mouffetard,5015,1,0,1,62,63,"[48.841508690388835, 2.350066713988781]"
2026-04-14 02:59:30,7883a11558566492608e1cc4b834aff08090178a,Roger Salengro - Général de Gaulle,45002,2,6,8,18,27,"[48.820029010376956, 2.4846760556101803]"
2026-04-14 02:59:30,b4f0e4a22531b5991b0dc5ebcfe84c745bab07b7,Camille Risch - Paul Armangot,44014,2,13,15,10,25,"[48.774703, 2.373685]"
2026-04-14 02:59:30,e1006a39e691f7ea198dcb6844c1d80e1e5a93f3,Turbigo - Française,1007,0,8,8,8,16,"[48.86358858111446, 2.3477794602513313]"
2026-04-14 02:59:30,b08e9e46c2a02578853d471d14fbecc84c6e5c3a,Mairie d'Issy,21309,3,21,24,17,41,"[48.823767792468, 2.2723111510277]"
2026-04-14 02:59:30,2d9120f9f434bfd9289edc631fba6381bbab4274,Pyrénées - Avron,20008,6,10,16,16,32,"[48.853246898211985, 2.405871044529538]"
2026-04-14 02:59:30,c885bcf228c1e5197d23a748512476a897d3369f,Leibniz - Jean Dollfus,18034,8,3,11,20,32,"[48.896328348515986, 2.333390423834684]"
2026-04-14 02:59:30,492e725d480f125ab3707338f608f2388894c267,Gare de Reuilly - Picpus,12019,4,3,7,21,28,"[48.84267354116789, 2.3972943797707558]"
2026-04-14 02:59:30,931844a55b4e87dbbc3b4717101c75caf372e332,Louis Lumière.,20104,1,0,1,20,22,"[48.86216198070008, 2.41112578185621]"
2026-04-14 02:59:30,b36a2817d039cfcce57af7666b17cb2b89f84510,Jourdan - Cité Universitaire,14135,3,0,3,35,39,"[48.819897343156676, 2.3397007964124366]"
2026-04-14 02:59:30,9cd2e4f407adf351ac119ff1e672e5f2c40d7cc0,Gambetta - Père Lachaise,20024,3,0,3,26,29,"[48.864295696165875, 2.398228667282044]"
2026-04-14 02:59:30,a17c5dea214f49b3aef0ea491ec5aac729d3b317,Beaubourg - Michel-le-Comte,3010,0,3,3,13,17,"[48.862534941806, 2.3543103039265]"
2026-04-14 02:59:30,336590d0b364702d78c742d60a0aeec3157d6450,Niger - Soult,12156,3,4,7,17,24,"[48.84369906369085, 2.410361237220498]"
2026-04-14 02:59:30,a418e822dce985ab3c9104c25faeaa8f94bdcb5c,Louis Blanc - La Chapelle,10034,8,2,10,8,21,"[48.884008964514, 2.3599335551262]"
2026-04-14 02:59:30,3908e870a2c3890b2b1b38ac36e7ecc66194509b,Pergolèse - Marbeau,16102,3,6,9,17,27,"[48.873568706869, 2.2815125225299]"
2026-04-14 02:59:30,90ac54ad46cd2c34d07c0f408d5792d945da48f1,Centre Georges Pompidou,4021,0,5,5,21,26,"[48.861419, 2.352581]"
2026-04-14 02:59:30,c461989886cf5461ca65b89afd21c4ce8171c26f,Cordelières - Arago,13005,4,30,34,23,60,"[48.83548071896613, 2.348572461702221]"
2026-04-14 02:59:30,6353d589048a05b516e17c4ebeb82ce99b40706e,Italie - Tage,13208,0,0,0,0,0,"[48.822282643954, 2.3584301877038]"
2026-04-14 02:59:30,cedfd50b10a2348d94895e8b39e45084165f395e,Phalsbourg - Villiers,17019,0,1,1,18,20,"[48.88242307900951, 2.3090453445911407]"
2026-04-14 02:59:30,2dfeb6a014056f93f705fdd2f70ca6fa8a2abf85,Petit - Georges Thill,19201,5,1,6,16,23,"[48.88603131999171, 2.3895753175020222]"
2026-04-14 02:59:30,f99fbf48623e26eb325a155eda8075f71de85584,Chausson - Gabriel Péri,22301,12,10,22,0,22,"[48.921891003481115, 2.2952306270599365]"
2026-04-14 02:59:30,cabb53f4138ab6eebb79e4bf32c349e9b0109612,Place de l'Europe - Alfortville,41405,4,8,12,10,24,"[48.78913702405837, 2.4284800887107854]"
2026-04-14 02:59:30,bd178bb43959b40dab1ee1a40767f5c04a80039f,Pyrénées - Plaine,20006,2,0,2,10,12,"[48.85026702458, 2.4062821269035]"
2026-04-14 02:59:30,4ba1db58745e1ac19c495667d0a2551c9919e22c,Bourse du Travail,10011,2,11,13,0,17,"[48.868976638826, 2.3623438552022]"
2026-04-14 02:59:30,48b0c66d0db10c3d121f7b49966a6d5c197ba10f,Maurice d'Ocagne - General Maudhuy,14137,6,5,11,18,30,"[48.82414282524159, 2.3158789426088333]"
2026-04-14 02:59:30,55b10695194fc561e7ce15ad368b1b0b2afbb744,Sarrette - Général Leclerc,14019,10,0,10,12,22,"[48.825030852925, 2.3264128693982]"
2026-04-14 02:59:30,0458f9a8edc9110edda612512e0ba6a16c00a3c6,Mairie du 8ème,8027,1,3,4,23,28,"[48.877932, 2.318264]"
2026-04-14 02:59:30,7ea37eff80f068c2e6af8ab893ed8a2f759c8b3f,Dunkerque - Alsace,10027,3,0,3,16,20,"[48.879355, 2.358379]"
2026-04-14 02:59:30,07e417fd1316b20f2cfb92bf3c36f5d41edf2dc1,Charles de Gaulle - Plateau de Vanves,22401,0,1,1,32,33,"[48.82233088973263, 2.298571803412886]"
2026-04-14 02:59:30,34ec5bb1e5b37d90ff94b5945566fc32ba35b7c6,Lacuée - Lyon,12002,5,0,5,9,16,"[48.849268481958, 2.3704585433006]"
2026-04-14 02:59:30,d3fe0ce206046031f94af4a20ccf27f081a1419d,Maurice Payret-Dortail,21506,3,0,3,18,22,"[48.87811957063342, 2.2233625128865246]"
2026-04-14 02:59:30,fa1c58b5f3c6e36337f1688309a992111919e6b3,Archives - Rivoli,4103,0,8,8,16,25,"[48.857346707443, 2.3539767041802]"
2026-04-14 02:59:30,85271c29f204b51e7f4f71a9266f394964c319f7,Maine - Liancourt,14103,2,14,16,11,27,"[48.835064363954, 2.323731449974]"
2026-04-14 02:59:30,1e3adea2aa5847a6eb2081f9dae9a6a787be17eb,Beaumarchais - Saint-Gilles,3001,11,8,19,29,51,"[48.8580378, 2.3679352]"
2026-04-14 02:59:30,2ed59bd3769a328bdfb481629724658100912d75,Saint-Denis - Université,32013,5,1,6,15,24,"[48.94563430946964, 2.3638297989964485]"
2026-04-14 02:59:30,e4be8c0c8c26cd48b752c0d51aa5ac725de4e378,Frères Flavien - Porte des Lilas,20029,1,0,1,22,23,"[48.8780992764359, 2.41104629853209]"
2026-04-14 02:59:30,a509dc570bdd809390ccffb1cbcfba847ff80aa5,Saint-Denis - Réaumur,2003,3,17,20,9,32,"[48.8661116315789, 2.3507790675507594]"
2026-04-14 02:59:30,4f40676eb12d34fffb155bb4a7eda1948c6ba00d,Joffre - Aigle,22503,3,3,6,14,20,"[48.904033, 2.245096]"
2026-04-14 02:59:30,3c3f7388df974e1dbb9516fe188020101d836f83,Olivier de Serres - Leriche,15111,17,7,24,0,25,"[48.83460221715206, 2.2957482933998112]"
2026-04-14 02:59:30,cd6f33216a9976d7b588f0b06d7e955864102507,Cours de Vincennes - Soult,12020,3,1,4,41,45,"[48.846918761569, 2.4105220288038]"
2026-04-14 02:59:30,dfbeb6af468830bb774304983152f2b6a4c016fd,Adolphe Lalyre - Armand Silvestre,24006,6,17,23,16,40,"[48.90406266961591, 2.273416221141815]"
2026-04-14 02:59:30,ee918ebe6c3507ccbc007b9a1e21cdcf55cf9fb5,Temple - Haudriettes,3009,4,9,13,4,19,"[48.861636880212, 2.3566960206458]"
2026-04-14 02:59:30,b52af64514bad8235ff947abab7a883d19a93195,Bézout - Général Leclerc,14132,0,3,3,25,30,"[48.82884804502439, 2.3285973072052]"
2026-04-14 02:59:30,390ed6108b7e2adb5e6f0a4d0d55011c7107fec5,Hôtel de Ville de Chaville,23702,6,0,6,14,20,"[48.80887149094033, 2.188134044408798]"
2026-04-14 02:59:30,6bb571359399fc31f4aa8e47e15ea128d8cc42ab,Didot - Mariniers,14022,5,2,7,26,35,"[48.82650543613106, 2.313136198271666]"
2026-04-14 02:59:30,495b6937fdb1d9316540156f950f5ec8d61cf255,Etienne Marcel - Montorgueil,2002,0,27,27,1,28,"[48.86450567259199, 2.3461959511041637]"
2026-04-14 02:59:30,3218540c447aae2868a024569a7934361800d644,Lally-Tollendal - Armand Carrel,19012,2,1,3,23,28,"[48.88270066221072, 2.374717555940151]"
2026-04-14 02:59:30,ea451be1f52ffd9cdd1feba46d4d8aa4837774c2,Place du 17 Octobre,22306,0,5,5,15,20,"[48.91962690034779, 2.2978286134199792]"
2026-04-14 02:59:30,043a8a026850bfc4a9ddb8132c44a638bbda3e56,Kléber - National,22502,2,2,4,15,20,"[48.906333898712234, 2.2393910586833954]"
2026-04-14 02:59:30,eae397c045ebfbbf88b11a3006a5f31d9b13dc34,Haxo - Darcy,20205,1,0,1,21,22,"[48.870493041975, 2.404957212224]"
2026-04-14 02:59:30,74cdd35b6d8922d52160cfa26aaf683d8ec69aff,Fille du Calvaire - Turenne,3003,2,19,21,5,29,"[48.86210505412563, 2.3649600148200993]"
2026-04-14 02:59:30,57b36c34ab5a0409050ce94d9db1d906642380d7,Victoire - Laffitte,9111,0,0,0,19,20,"[48.87514373494672, 2.338118505144376]"
2026-04-14 02:59:30,d76ac402269b43426f23b21c79b892c8b91c526f,Saint-Michel - Luxembourg,5122,1,3,4,25,29,"[48.84501507626, 2.3394941166043]"
2026-04-14 02:59:30,75c5db0591dd1c911f54647961262351c35db41c,Pierre Sarrazin - Saint-Michel,6031,1,18,19,14,33,"[48.850908146398, 2.342130728066]"
2026-04-14 02:59:30,be2b7361efe8688650f26131fa6adeae2026f90a,Eugène Varlin - Place de la Paix,48005,2,0,2,21,23,"[48.792862, 2.363093]"
2026-04-14 02:59:30,b36d7b6279f8f039b33ead6e3599a90287a47af1,Tiron - Rivoli,4012,0,11,11,15,28,"[48.855692253233, 2.3579058051109]"
2026-04-14 02:59:30,e53a5adb42d6ce4002e546c4fed32a6c70b2caa8,Verdier - Jean Jaurès,21215,3,0,3,30,33,"[48.81614048711214, 2.3123561963438988]"
2026-04-14 02:59:30,959b5ae5838ee4692e8262c5b9de1e0b6519ee0b,Alouettes - Maréchal de Lattre de Tassigny,41208,7,8,15,6,22,"[48.85511009293948, 2.4930700287222862]"
2026-04-14 02:59:30,b7b1b547f2d1f377f3a97b6649f92ba0e183596c,Mairie du Kremlin-Bicêtre,42704,1,4,5,20,25,"[48.81191981537702, 2.3570189997553825]"
2026-04-14 02:59:30,e3cc1ca7065da761d06a88443ada795b28c2cb81,Jean Bleuzen - Square du 11 Novembre,21706,1,0,1,47,49,"[48.8232579, 2.2965213]"
2026-04-14 02:59:30,30bb22c257b952fd0ed38bd33b7fddb61f9e6bca,Rivoli - Musée du Louvre,1014,3,6,9,13,24,"[48.86364636851945, 2.33409583568573]"
2026-04-14 02:59:30,359eab9b3c66494cc07149e85b5be30d8ddbca39,Séminaire de Conflans - Liberté,42211,9,3,12,13,26,"[48.823194, 2.404179]"
2026-04-14 02:59:30,ffa69636fb6b53903154ce6d52dd61dc9f5a54e2,Barbès - Monique Maunoury,42026,9,15,24,15,40,"[48.81552718820216, 2.3687169334905405]"
2026-04-14 02:59:30,93d65100fea5e0bd586d0ee5cada6536dc09b522,Hippodrome Paris-Vincennes,12163,11,2,13,27,42,"[48.82048387758518, 2.446271181106568]"
2026-04-14 02:59:30,2bbc44d68cdf62563426a5de46d2cb9250067abe,Saint-Gilles - Turenne,3002,2,6,8,9,18,"[48.858158956779, 2.3647149920992]"
2026-04-14 02:59:30,eebec620bf20055abe1ee9a8c943c7c3320d0dc9,Gardenat Lapostol - Franklin Roosevelt,21509,3,2,5,17,24,"[48.871839, 2.222505]"
2026-04-14 02:59:30,96a4d9ceb77c21259717c471d384bef39efeb24b,Pau Casals - Neuve Tolbiac,13054,0,5,5,73,78,"[48.8311602, 2.3774395]"
2026-04-14 02:59:30,fb5831b289ebf4fd606da4a4217bb34d2e03fb9c,Jean-Jacques Rousseau - Deux Ecus,1012,0,5,5,16,22,"[48.86297805972131, 2.3414635285735126]"
2026-04-14 02:59:30,f330ab16236773840f0ff7117008d90323a3e68b,Candale - Mehul,35012,10,3,13,10,25,"[48.8893935006175, 2.414379715919495]"
2026-04-14 02:59:30,442b9e282ac0fce816f201a68c42b469ec9feee8,Saint-Bon - Rivoli,4018,0,18,18,12,31,"[48.857999643315, 2.3502172809763]"
2026-04-14 02:59:30,5fa53e5b4143ef6ae8d955e293f69047eab318c2,Porte de Saint Cloud - Parc des Princes,16044,12,16,28,4,32,"[48.838662757066, 2.2525164484978]"
2026-04-14 02:59:30,6cddb6c1251fe54859c3755d6d6a4feed1935fdc,Place de la Bastille - Bourdon,4007,3,21,24,11,35,"[48.852364355271, 2.3681089282036]"
2026-04-14 02:59:30,e50e11e56e03ea3433e9560fe64b8805dc64c30c,Saint-Jacques - Val de Grâce,5004,7,3,10,6,19,"[48.8417514, 2.3413893]"
2026-04-14 02:59:30,d2ade597289de64f4d9d3b8e2a3c80b7051a632a,Village Saint-Paul,4009,4,16,20,8,28,"[48.852639866625, 2.3607301712036]"
2026-04-14 02:59:30,dc3b2fe4ef66d10270ecad1445b4e8dc1666296b,Gare du Nord - La Chapelle,10041,3,3,6,11,18,"[48.884178287286, 2.3561057075858]"
2026-04-14 02:59:30,9c90b6d9e1e968311e3deddb6ae887a94e886705,Place du 8 mai 1945.,32019,22,7,29,0,30,"[48.938882272105, 2.3566243797541]"
2026-04-14 02:59:30,85b65406e4f0033e9310df1389b6012045837386,Chaussée d'Antin - Haussmann,9039,1,0,1,25,28,"[48.87243, 2.33359]"
2026-04-14 02:59:30,cb4796c9cda20e0d85a73b51adf87f9d6cb6aa03,Oratoire - Rivoli,1025,1,2,3,15,18,"[48.861342760889, 2.3400047421455]"
2026-04-14 02:59:30,b1dc1e0240a5d3e1384b73351adc1b208d49e8f0,Alger - Rivoli,1018,3,10,13,4,21,"[48.864773553495, 2.3294493936128]"
2026-04-14 02:59:30,9a937a24928dbe9152bedf87cad9f0df90270065,Mairie du 2ème,2008,1,2,3,25,28,"[48.8672190355135, 2.3404625437747044]"
2026-04-14 02:59:30,240f494a636a01e7e4df3e1fbd1b25c8b888b4d6,Grande Rue - Europe,23101,5,0,5,19,25,"[48.8218104687602, 2.205879874527455]"
2026-04-14 02:59:30,4f7a6cb5df7f7ec600de869e82b4659224cf8aac,Custine - Ramey,18015,10,1,11,28,41,"[48.888735896947, 2.3469526693225]"
2026-04-14 02:59:30,8a98647c1447a14fbbe70c7d5d633375bde415bc,Ventadour - Opéra,1116,0,16,16,11,27,"[48.866810653323, 2.3343884482519]"
2026-04-14 02:59:30,cc1d167e639bc5be85291416a77028ff647262d9,Saint-Placide - Cherche Midi,6026,1,20,21,40,66,"[48.8490535919234, 2.325317971408367]"
2026-04-14 02:59:30,bff2417c2f130968511e5ab63c7c2b8eda581763,Marx Dormoy - Château Sainte-Barbe,22601,11,1,12,9,22,"[48.791782341055324, 2.297856844961643]"
2026-04-14 02:59:30,b3c54a162974fb299a69ebb08005536c5c59d0ee,Saint-Honoré - Musée du Louvre,1023,1,2,3,28,32,"[48.863443132848, 2.3348781846405]"
2026-04-14 02:59:30,f91c2ec5b3878841007c4fd3cc2b18d678e5f21f,Guy Môquet - Parvis Georges Marchais,48008,3,16,19,11,30,"[48.79518840095975, 2.35943466424942]"
2026-04-14 02:59:30,cbdf9d40fdded1623113c329cc73a3117af41803,Marseillaise - Grenade,19202,5,4,9,36,45,"[48.889371092747, 2.3979396821544]"
2026-04-14 02:59:30,2e73d8ea726dee5c52fecdb2a4f307bf44580559,Decrès - Alésia,14201,9,0,9,21,30,"[48.832200060759, 2.3139070151575]"
2026-04-14 02:59:30,ca0bca5006c8a69cddc47c225c775e2855824b06,Jouffroy d'Abbans - Villiers,17021,4,1,5,27,34,"[48.884215547037, 2.3056533560157]"
2026-04-14 02:59:30,5e67a7f1105341230bb32e3174a70fb32aa7ecf8,Gare RER - Canadiens,43403,3,3,6,33,40,"[48.819659244971, 2.4644082766769]"
2026-04-14 02:59:30,d6fc5790cb366663bb910c80274128c186017210,Stade Pershing,12164,4,4,8,16,26,"[48.829107826857, 2.4583535268903]"
2026-04-14 02:59:30,c4195bdb3526a3d25e88f95b1a4366a5317ade06,Résistance - Parmentier,31020,7,0,7,28,35,"[48.85965138131299, 2.436705082654953]"
2026-04-14 02:59:30,4c1b7e2a0459411f36d929605467fb4b687c6735,Belfort - Victor Hugo,21119,11,9,20,1,24,"[48.9018492, 2.3172724]"
2026-04-14 02:59:30,a0f90231ffd80be378349bf95cf6be187ab7a51e,André Theuriet - Blagis,23042,1,11,12,16,30,"[48.77977325745441, 2.3130525648593903]"
2026-04-14 02:59:30,7b4d0c839aebad0296842f491c561928b280c4d9,Lampes,42019,4,33,37,4,43,"[48.81152481985875, 2.4017931148409843]"
2026-04-14 02:59:30,2ce2a7502de65e1d8aa076e41e9daa8527457465,Henri Barbusse - Marcel Cachin,32022,22,11,33,3,37,"[48.93742089281, 2.3720374971659]"
2026-04-14 02:59:30,46df49cd6db5a19ffa71141c4a056639d1208488,Jules Guesdes - Carnot,32020,1,14,15,0,16,"[48.93828169931872, 2.3508992046117783]"
2026-04-14 02:59:30,ae772de443124ea3ae26ec51679a178bf460904d,Victor Hugo - Gare,27006,13,2,15,7,22,"[48.923133952658, 2.2600970417261]"
2026-04-14 02:59:30,d640a4aa62052d09aca2c296d66302eb4e8984fc,Place André Malraux,1015,1,5,6,28,37,"[48.863925158727, 2.3356226831675]"
2026-04-14 02:59:30,fc007b31d756e6b06c496cf8b80d4d62907fcd2b,Coquillière - Louvre,1024,1,5,6,11,21,"[48.863795909662, 2.3425736278296]"
2026-04-14 02:59:30,74320c973b3fc2892176d55452c27641d12a8770,Porte de Pantin.,19046,2,0,2,31,33,"[48.889199725577, 2.3950181901455]"
2026-04-14 02:59:30,db3a823e126df293b0dfeac67966f7337a724499,Danielle Casanova - Opéra,2020,1,4,5,14,20,"[48.867643242297, 2.3333894088864]"
2026-04-14 02:59:30,25b964e7c5db500881c6308e39d8c4fac19c2560,Magenta - Chabrol,10201,2,0,2,18,24,"[48.876495350882, 2.3560990020633]"
2026-04-14 02:59:30,fa4e9b5b8f383ed07c1fbf085dc407fcb9c8f030,Vaugirard - Monsieur le Prince,6029,4,5,9,15,26,"[48.848951441614, 2.3411329463124]"
2026-04-14 02:59:30,7cbbf3bedfda68e0fa6a4d4acf9db672772c3bcb,Les Blagis,23301,3,20,23,4,27,"[48.785205, 2.302526]"
2026-04-14 02:59:30,663a6e66127839950f5f10ca99727af8b610447d,Youri Gagarine - Commune de Paris,44008,9,3,12,21,33,"[48.782427463041, 2.3939734697342]"
2026-04-14 02:59:30,28a1b862a33d38da0fe65efc530167be2db63408,Quai de Sèvres - Manufacture Nationale,23104,3,5,8,20,28,"[48.828688, 2.22499]"
2026-04-14 02:59:30,e5338983d3096b609c49f910b6204a539549b7ea,Stalingrad - Henri Luisette,48012,7,2,9,16,26,"[48.78363092456589, 2.366935946761926]"
2026-04-14 02:59:30,76d617c07b54bd41a8fe0513f3d2c2aa4342bf8e,Sorbier - Gasnier-Guy,20010,2,0,2,32,34,"[48.865217631011, 2.3936596512794]"
2026-04-14 02:59:30,9f80507a009ba9c49c83d599463e46fe06cc73b8,Bagnolet - Place Saint-Blaise,20048,7,2,9,18,28,"[48.85973, 2.40334]"
2026-04-14 02:59:30,c3279b0f596ddcda212f51d82841305015ae93bc,Vincent Auriol - Louise Weiss,13049,1,1,2,20,22,"[48.834001935501, 2.3703888058662]"
2026-04-14 02:59:30,bb184301d66c4c1c10d57c1e10b8e1c5cf6a2559,André Mazet - Saint-André des Arts,6015,1,35,36,17,55,"[48.85375581057431, 2.3390958085656166]"
2026-04-14 02:59:30,dcc8cf63b2c02b4b5458f253d2a11b0ebc9898f8,Mairie,32605,6,1,7,12,20,"[48.87914304162, 2.4163350908311]"
2026-04-14 02:59:30,d93142808fb7b576652e58dabe9308387acc4051,Charenton - Wattignies,12202,4,35,39,1,40,"[48.836919119234, 2.3916775206425]"
2026-04-14 02:59:30,d19d2e88e1ac4c7d77f4570a51993102e68f64b4,Béranger - Félix Faure,23206,3,1,4,24,28,"[48.80404828621485, 2.2848263373723436]"
2026-04-14 02:59:30,5326e3e80c071eacedcda1c99b1f7b97122c7ca8,Stéphanie Bouvard - Gambetta,42030,6,23,29,0,30,"[48.814548138856, 2.4024386957288]"
2026-04-14 02:59:30,585774be1dc9e4491dfb96155901f6b83f5f88a9,Riquet - Marx Dormoy,18010,16,10,26,7,36,"[48.89021003702, 2.3601756244898]"
2026-04-14 02:59:30,3a806a6c0165a2ddb77d68fb748adaa9deb868f5,Chastenet de Géry - Marcel Paul,48001,5,1,6,19,25,"[48.800123, 2.3567359]"
2026-04-14 02:59:30,8971010b008b9ef0c58383845bf7b2ccf3e6fc73,Martyrs de Châteaubriant - Jean Grandel,51008,6,5,11,27,38,"[48.951432, 2.211214]"
2026-04-14 02:59:30,26148a4b13488e37406127b44223a37491aafc3a,Ney - Porte de Montmartre,18135,1,3,4,20,24,"[48.897918, 2.3364872]"
2026-04-14 02:59:30,59000654000ccf31f04207679eea06ce67598bfc,Clef des Champs - Albert Dhalenne,34011,7,4,11,17,28,"[48.914938, 2.330665]"
2026-04-14 02:59:30,ba08511c0e8c00713bc8db3d65d53ae5069d0ff5,Place du Maréchal de Lattre de Tassigny,21704,11,13,24,0,27,"[48.821707715257055, 2.2853431485432423]"
2026-04-14 02:59:30,02ce1e525e204d4e744c0c3c35a5691ff52d3272,Bons Raisins - Voltaire,25007,0,15,15,8,24,"[48.87282451461399, 2.1947155570850896]"
2026-04-14 02:59:30,73e165ed70852b633af2286f98a3fadffa115862,Château de Vincennes,12123,3,4,7,43,52,"[48.84423193255657, 2.439209537709179]"
2026-04-14 02:59:30,b262858180651406dcb084ef4b2bf771c47bf674,Place Denfert-Rochereau,21002,8,5,13,7,20,"[48.843252536286684, 2.245987951755524]"
2026-04-14 02:59:30,472c35c40aab01fbc796ea1a97b8228a5629b1de,François Ponsard - La Muette,16021,3,0,3,20,23,"[48.8583666, 2.2744515]"
2026-04-14 02:59:30,9d41b547208e943b7732c4765da29f847cdcc681,Général Leclerc - Bièvre,23041,1,7,8,15,25,"[48.782414428747316, 2.3166695237159733]"
2026-04-14 02:59:30,6b336a0abe96a16ee7e9dcbe095d8eb1fb2fbea0,Porte de Versailles,15203,5,10,15,10,28,"[48.832324016657, 2.2875617349045]"
2026-04-14 02:59:30,0d955a4155147e538b944aac30284ab5f9e912f5,Cambronne - Mademoiselle,15012,19,46,65,1,67,"[48.843277330035214, 2.30230766886348]"
2026-04-14 02:59:30,eba727d77231d17c66bbe4f6e541a6763057071a,Pyrénées - Cours de Vincennes,20003,3,4,7,12,21,"[48.847796779935, 2.4061721563339]"
2026-04-14 02:59:30,6a1c8bbf1d1c43ce443f5c9439003692955147d9,Franquet - Labrouste,15041,16,7,23,14,37,"[48.83287705011431, 2.306762784719467]"
2026-04-14 02:59:30,ccb67b0728b4b9303b486af53b33fc5e391cf9f9,Gouthière - Poterne des Peupliers,13028,0,3,3,30,33,"[48.820507, 2.351342]"
2026-04-14 02:59:30,beb2bdc418c7676e6e738f0ac1a139ec072aa122,Félix Faure - Convention,15069,5,37,42,1,44,"[48.841249336041, 2.2883866008495]"
2026-04-14 02:59:30,7a24ccd2562b9f0c8898de0e2078960b4d445a46,Buzenval - Vignoles,20012,4,6,10,7,17,"[48.853858171688, 2.4000040814281]"
2026-04-14 02:59:30,0ac6e32f8fccf00a8a645dc96f98787ad7cb29a9,Gergovie - Alésia,14027,6,2,8,45,54,"[48.83088717455243, 2.318882101207347]"
2026-04-14 02:59:30,64d92885872817972b68f8327f63461fa1c7d482,Place Eustache Deschamps,42303,8,6,14,3,20,"[48.793855, 2.336637]"
2026-04-14 02:59:30,5c62bb617668d470dca037235ad8219aa18c0131,LCL Campus - Place Oscar Niemeyer,48002,9,7,16,21,37,"[48.805342480621576, 2.363983690738678]"
2026-04-14 02:59:30,d4c6605df70d89433db20ba1e18736bb06277a40,Moscou - Edouard Vaillant,30003,8,4,12,16,30,"[48.90755810177, 2.4689837335263]"
2026-04-14 02:59:30,bccce37f3461c67c357c6522f72dfbfc0ee8cfb5,Pyrénées - Charles Renouvier,20020,11,1,12,16,29,"[48.86095933229224, 2.400421852042113]"
2026-04-14 02:59:30,6ae7fa5d9c5def400e684b96b48b86e34d9feaea,Hector Malot - Daumesnil,12008,1,16,17,36,54,"[48.84693552991762, 2.3770876228809357]"
2026-04-14 02:59:30,709f748e84bc6a0c071f264ef6e1da0e0245d27d,Bercy - Traversiére,12102,1,4,5,24,30,"[48.846192642574, 2.3703800886869]"
2026-04-14 02:59:30,bc6464e3bcfb7480d236b7fdb4b1f32ebb34fb36,Suffren - La Motte-Piquet,15024,0,15,15,7,23,"[48.850881230919, 2.3012199997902]"
2026-04-14 02:59:30,71241d4c21e241ccf3ea5f083a5536da8f7c9103,Dom-Pérignon - Gravelle,12119,3,7,10,38,50,"[48.825481574435, 2.409880310297]"
2026-04-14 02:59:30,dbb30fdc737cb0bde24f7542cf7b3404364e0c1a,Mairie du 10ème,10009,6,5,11,7,19,"[48.872089449907, 2.3575825989246]"
2026-04-14 02:59:30,5e304effdae9ca58e359433a6741db2a4be1d133,Sydney Bechet - Jacques Gautier,23803,1,2,3,17,20,"[48.844373437692, 2.1882475733068]"
2026-04-14 02:59:30,f24704614d956bed792d385e8d12563b851f113e,Port Royal - Hôpital Cochin,14004,3,1,4,19,23,"[48.838608030238, 2.3406994164846]"
2026-04-14 02:59:30,d4e21c1d95a678cc24451bd1c73bb324154daf83,Olympiades,13036,2,2,4,32,36,"[48.826764665199, 2.3650860786438]"
2026-04-14 02:59:30,1684ab75bb272fc679f148e4a0e39f45c4e4fda2,Montreuil - République,43004,0,3,3,22,25,"[48.85026349463687, 2.4345204234123234]"
2026-04-14 02:59:30,9e6bab6e020462534515c84036fc0c030f009bf4,Pereire - Saussure,17117,2,1,3,29,32,"[48.888229075478, 2.3101296275854]"
2026-04-14 02:59:30,e5c9b214d8aa1d230362a93203cf523ca3d86300,Siam - La Pompe,16017,3,1,4,11,16,"[48.861720329027264, 2.275346568555312]"
2026-04-14 02:59:30,5b8d38cab10be2cd0da78325c58ce715cfebb723,Marcadet - Ramey,18021,13,0,13,25,39,"[48.890875, 2.3449019]"
2026-04-14 02:59:30,4f7f6a01aedf5a923f0629733e0825bf36bdc262,George Sand - Jean de La Fontaine,16116,11,16,27,0,29,"[48.84986918764119, 2.268257387525699]"
2026-04-14 02:59:30,2079a354a08f858ec9ba8320f496775e5815024c,Porte de la Plaine,15045,7,1,8,27,35,"[48.82805169605981, 2.2924277186393742]"
2026-04-14 02:59:30,63123f427f5ad9a45548da9c84a63f9092f2fd87,Marcel Pourtout - Édouard Manet,25004,4,10,14,10,24,"[48.87555620763429, 2.1655967831611638]"
2026-04-14 02:59:30,30dced9422942c7d5cd94d561b213bb9dde294ac,Sahel - Général Michel Bizot,12022,13,11,24,23,47,"[48.840872964793355, 2.4044444784522057]"
2026-04-14 02:59:30,399fb732d3ed422b6c6b17e6cce093e2c3cfd002,Duhamel - André Gide,15027,12,1,13,7,20,"[48.8365662244334, 2.312707121097412]"
2026-04-14 02:59:30,be336ce589acddc43ad125a13a6c052922df2e65,Lavoisier - Missak Manouchian,31105,13,3,16,2,18,"[48.86286468896063, 2.495676465332508]"
2026-04-14 02:59:30,4816ed96b0a2f0e01a26b116fea2f1d4c195b19d,Legendre - Nollet,17110,17,7,24,5,30,"[48.887742186754224, 2.320293079881375]"
2026-04-14 02:59:30,2ee909fed865f99c45bd3633793fbf951b299603,Pierre Brossolette - 12 Février 1934,22404,10,11,21,3,25,"[48.8176962416867, 2.3076123744249344]"
2026-04-14 02:59:30,a75eb377051a8f3d4f422bd63b39d5b63ea912c1,Quai de la Seine,19003,1,0,1,22,24,"[48.884492238408, 2.3703941702843]"
2026-04-14 02:59:30,d2c1dd479dd06c60efc3b5f1869e1775d8fcb019,Maine - Jean Zay,14035,3,0,3,47,50,"[48.837925263898, 2.3225428909063]"
2026-04-14 02:59:30,af45d011b6b33f63ce916d195283708d57ab7c98,Gambetta - Tourelles,20110,1,0,1,18,20,"[48.875337902264, 2.4059921130538]"
2026-04-14 02:59:30,7255afe9487706d349ba6c8d18e675478a0ea7d5,Verdun - Carnot,32306,4,0,4,24,29,"[48.883814948134, 2.4402657783125]"
2026-04-14 02:59:30,c27dbb60f7e2b4b9655058489fb305444c35d76a,Gabriel Péri - Place de la Libération,21218,7,0,7,11,18,"[48.819828421929, 2.3117361743705]"
2026-04-14 02:59:30,ba02517699fc5f57077d60b9430a0a6281c47709,Verdier - République,21207,3,3,6,22,29,"[48.815403766277, 2.31739372015]"
2026-04-14 02:59:30,b7379f16cdf7b0d6af2927b25945e01f64c0ddf0,Philippe-Auguste,11016,6,7,13,34,48,"[48.851853488265, 2.3932945355773]"
2026-04-14 02:59:30,b3c39f3794611511862cbac3c372a3e065ef5a65,Colonel Pierre Avia,15120,1,18,19,10,29,"[48.8296843300915, 2.275342586850291]"
2026-04-14 02:59:30,d260c2fcb5d8e52e809410c3f4d7101bb00990b0,Jean-Baptiste Charcot - Sainte-Geneviève,24007,3,10,13,8,21,"[48.90310883721567, 2.278892956674099]"
2026-04-14 02:59:30,d2532c73d598bcd5af2d1fa1a447f0b08b29b5f8,Pasteur - Cotentin,15114,1,0,1,31,33,"[48.8389284, 2.316356]"
2026-04-14 02:59:30,d0d8d6f8aa63a85d27a30c3cd69eb946dc5af45d,Lorraine - Jean Jaurès,19014,5,12,17,2,19,"[48.8863865, 2.3825772]"
2026-04-14 02:59:30,af8dc4d267f70192786442fd53c33338b59f3314,Guillaume Bertrand - République,11028,10,6,16,22,38,"[48.863825174341, 2.380906377155]"
2026-04-14 02:59:30,b4f745cccde596510b12491a64355bc7d10be5c7,M.- A. Lagroua Weill-Hallé -  F. Dolto,13055,2,4,6,68,74,"[48.828595283857425, 2.380220606266108]"
2026-04-14 02:59:30,c2dc7a8a5809b0d45a92849dacd01a190257691a,Fief - République,21027,2,9,11,13,25,"[48.83170888166024, 2.255771979689598]"
2026-04-14 02:59:30,9cbc3e3e8a3ee8b52460c59b5d87916a17e1dace,De Gaulle - Moulin,28002,11,0,11,12,23,"[48.885816808239, 2.229607694148]"
2026-04-14 02:59:30,4b22f4779cdd3e5fce6c8e6042a98022725d10d5,Arsonval - Falguière,15113,8,7,15,10,25,"[48.84040040365445, 2.313117867297474]"
2026-04-14 02:59:30,6981a4e3fe8514b7da84f0ce95ac13adda847103,Jean Bologne - Passy,16022,4,1,5,13,19,"[48.857566889784465, 2.280027395306772]"
2026-04-14 02:59:30,0b9b6308c58087927d205d5f523f92697d848a91,Pyrénées - Dagorno,20011,7,0,7,12,20,"[48.855425770695085, 2.4051643162965775]"
2026-04-14 02:59:30,432c2c710b923c3eb6dc6392305e0be335b1b654,Crimée - Ourcq,19001,17,9,26,30,56,"[48.894104140316, 2.3729460884673]"
2026-04-14 02:59:30,c3b145714d8d3d6aaa6523cd6ce17234bd7d0a24,Ménilmontant - Oberkampf,11029,19,8,27,12,40,"[48.866617658681, 2.3830134404158]"
2026-04-14 02:59:30,ae5b00bb36ff2234bfa8e6cb178acebc3928438b,Montparnasse -  Square Ozanam,6005,2,0,2,47,49,"[48.843310567822, 2.3265242949128]"
2026-04-14 02:59:30,b33edc25d0cf809772d5e966ece32d48444a6d8b,Rond-Point Rhin et Danube,21007,4,34,38,15,53,"[48.840452820991764, 2.2280225157737736]"
2026-04-14 02:59:30,f1280b4ae75242146f07490a6f4c56bb9e183acb,Flandre - Ourcq,19007,8,13,21,9,30,"[48.89260159189023, 2.3790915682911873]"
2026-04-14 02:59:30,4876e344dc1db9f693963dc49f8c9a9f6ee51190,Geoffroy-Saint-Hilaire - Saint-Marcel,5105,2,14,16,0,17,"[48.83907826424974, 2.356877340669728]"
2026-04-14 02:59:30,8bf45fcee48017f57f3b8cfe9c8f0a99c577a819,Metz - Marne,19123,5,5,10,22,33,"[48.891163, 2.3865705]"
2026-04-14 02:59:30,7d25f2c3dfb39114b3650d17fbfcb3b2ffba5c13,Commandant Charcot - Bretteville,22007,8,18,26,10,36,"[48.87530570765423, 2.2558460757136345]"
2026-04-14 02:59:30,d157c6079bcd3da51bd972c0190ae8925280da92,Lacépède - Linné,5031,9,7,16,38,54,"[48.8437035476636, 2.354651279747486]"
2026-04-14 02:59:30,b5343525bc22c781001923b42677e57db3a53bdd,Guynemer - Jardin du Luxembourg,6009,2,3,5,30,36,"[48.8466127, 2.3325478]"
2026-04-14 02:59:30,90bf7d733ac6be8a619a42a2fb6f1ca7cf7b13de,Verdun - Pierre et Marie Curie,42027,11,1,12,13,26,"[48.812822398263286, 2.3707106709480286]"
2026-04-14 02:59:30,602f66ce9312f28414fe92392355b45eee344124,Paul Valery - Victor Hugo,16104,2,0,2,15,23,"[48.87137406080164, 2.2887128591537476]"
2026-04-14 02:59:30,68c4c26573ba80837502f81ef91cf525d78a5e06,Etienne Dolet - Place Maurice Chevalier,20033,9,7,16,31,47,"[48.86798303359366, 2.3851405311143026]"
2026-04-14 02:59:30,a2019ae841132707867d1c0f2936a4ae8d2d348c,Convention - Campus de Bobigny,30005,11,1,12,17,32,"[48.914920058264, 2.4172238067445]"
2026-04-14 02:59:30,315e40843fe46328d18db66de7730b3448ca70a5,Alfred de Vigny - Place du Général Brocard,8044,0,0,0,32,33,"[48.87836138361425, 2.305254448220567]"
2026-04-14 02:59:30,1f336643b872059c5ef54254f8af8f6f7f04be33,Fontaine du Tertre - Calvaire,21510,1,1,2,22,24,"[48.8702539, 2.2187778]"
2026-04-14 02:59:30,9b23c5114eecd0a4ff96bacf03f44c8efd8469fd,Place d'Italie - Soeur Rosalie,13008,4,0,4,48,52,"[48.831908520394, 2.3546943448098]"
2026-04-14 02:59:30,7edf6fb676faa5dd83f5a71070fe691347e15bca,Général Michel Bizot - Claude Decaen,12039,1,42,43,6,50,"[48.834812629825, 2.4009277881277]"
2026-04-14 02:59:30,26d2ec5313717b304da2c0d87b4859537a7d9e4f,Marcel Monge - Marcel Dassault,21511,5,30,35,11,46,"[48.86096384533371, 2.2246733296048142]"
2026-04-14 02:59:30,50bf825b37c2ce9668ad03050c6dd099fe1a183b,Sèvres - Maréchal Juin,21033,2,13,15,2,18,"[48.8324305, 2.2292812]"
2026-04-14 02:59:30,fee186f506fdd7d46e63a43921874ea0d03b3238,Claude Debussy - Marc Bloch,21112,8,31,39,16,56,"[48.910388180512, 2.3117771744728]"
2026-04-14 02:59:30,7ab8dafe42aefe8a98b695ce7c29a806ac69a04e,Galilée - Vernet,8003,1,1,2,43,47,"[48.871715878697, 2.2985444962978]"
2026-04-14 02:59:30,07105fab54d21ca3436c8c11953a84ad72416368,Place Jean Mermoz,22703,16,13,29,0,30,"[48.9220937, 2.2718348]"
2026-04-14 02:59:30,d1876dce46035cad56707d3e83fba76891226c6b,Paul Doumer - Stalingrad,41101,5,17,22,0,24,"[48.806518992199, 2.3368880152702]"
2026-04-14 02:59:30,dac97b4c4c158d4bb09db4243465187e08804ed5,Louis Armand - Bernard Palissy,26010,8,11,19,1,21,"[48.916974, 2.313384]"
2026-04-14 02:59:30,d76a954b745941aeb1f61c2ee20c4953db163f34,Payenne - Square George Caïn,3201,3,9,12,11,24,"[48.8578329, 2.3622643]"
2026-04-14 02:59:30,dfc54f8e9c53a22840dbdd1f535e1720f23f28f0,Pavé des Gardes - Charles Vaillant,23106,0,15,15,5,20,"[48.81168551728, 2.2111820107205]"
2026-04-14 02:59:30,77d04e8eb1416ceede7a7eb82211ef5eada6992d,Félix Faure - Lourmel,15032,14,39,53,4,58,"[48.83868901709515, 2.2818081825971603]"
2026-04-14 02:59:30,0c0ea9c038a6a348002460ebb4ea33c979b09eaf,Macdonald - Césaria Evora,19045,7,3,10,56,67,"[48.89883, 2.37933]"
2026-04-14 02:59:30,69cb4f3dee27792eb81a2893d655427c9acc4001,Gare RER - Général de Gaulle,22302,8,8,16,25,41,"[48.933548439566, 2.3064726536317]"
2026-04-14 02:59:30,a405066354b05dd3809991229031655865e69bd6,Epi d'Or - Chevilly,48011,4,7,11,8,20,"[48.781109786782, 2.3549050362061]"
2026-04-14 02:59:30,41b21356d1ec9732176cbe1dd6708527b39ab194,Port - Maurice Chevalier,41304,4,2,6,24,30,"[48.832474421632, 2.490257616467]"
2026-04-14 02:59:30,cddd46e3d0692950bed3430ae941df20875757d7,Musée d'Orsay,7007,0,44,44,20,65,"[48.859726157909, 2.3258604481816]"
2026-04-14 02:59:30,404bd63da105f9ec5a74f1a88b63e351b9c30cfc,Stalingrad - Général de Gaulle,45005,7,10,17,9,26,"[48.823450589614, 2.4965062363218]"
2026-04-14 02:59:30,70f20ef7bed3f9abed59cc2db940084307d819ed,Saint-Germain - Verdun,32305,11,1,12,17,30,"[48.882877330093, 2.4331868384644]"
2026-04-14 02:59:30,1da9a3d1ef0c0411ba31e79449a1e98b9e45cf51,Châteaudun - Place de la Liberté,22507,7,17,24,3,26,"[48.90970830301211, 2.2454486480600626]"
2026-04-14 02:59:30,8437543a29e3528025524b056aa4cc564791ae87,Faubourg St-Antoine - Place de la Nation,11201,4,0,4,12,16,"[48.8487726, 2.393606]"
2026-04-14 02:59:30,f96369cc75eaa5bdcb3320b5a255fe31333a9116,Place Henri Dunant - Gare RER,22602,4,12,16,13,31,"[48.788093281931, 2.2909234046643]"
2026-04-14 02:59:30,488bf75233e4a98c39aea5e5f254bf6b05a1cd9e,Guy Môquet - Jean Moulin,32023,8,18,26,0,30,"[48.940931521020836, 2.363948999931771]"
2026-04-14 02:59:30,95f4b3965d20ca441c9aeab888c428785d126e48,Avenir,23201,6,1,7,36,45,"[48.8103438, 2.3003776]"
2026-04-14 02:59:30,27411ab5d952efdc88f55bd6653d335ef82b095d,Champs de Manoeuvre - Cartoucherie,12165,1,4,5,30,35,"[48.835261, 2.447974]"
2026-04-14 02:59:30,3e7b027be9ca0abbb800efb47060b0a813d02f8c,Bastille - Biscornet,12001,1,37,38,20,62,"[48.851355779579, 2.369220033288]"
2026-04-14 02:59:30,e2aa8107d57a425f5b515777183fe28582ddbd57,Charles de Gaulle - Les Sablons,22018,2,4,6,29,35,"[48.880987514929, 2.2715748726513]"
2026-04-14 02:59:30,477cfc29c4647dde1ce86c3ba69e0c80c0ac8c79,Richard Lenoir - Place de la Bastille,11001,2,27,29,21,53,"[48.8538327, 2.3697222]"
2026-04-14 02:59:30,7f90346a79724f6fe50f25cdf6595b41c3219761,Jean Bouin - Gouverneur Général Eboué,21327,2,14,16,13,31,"[48.824792734266, 2.2651904328524]"
2026-04-14 02:59:30,17ba37195083c76d3409389864fe86f1ed586b88,Gare Saint-Lazare - Place de Budapest,9035,3,1,4,39,44,"[48.877753, 2.327339]"
2026-04-14 02:59:30,b3c024ebd5990134f4139bb3d86fadb7622df74b,Adrien Lesesne - Docteur Bauer,34005,17,7,24,6,30,"[48.90263867304635, 2.348248063431511]"
2026-04-14 02:59:30,dc474028e30996d7b36ec4116f30596a287f87a6,Marceau Delorme - Pierre Brossolette,26009,13,11,24,2,28,"[48.91206062860357, 2.295897423568745]"
2026-04-14 02:59:30,54f8cc85096c09ae4ef450e20cfe473cdf15fdda,Roland Garros - Jean Bouin,23204,9,1,10,17,28,"[48.809460857173, 2.2853198638301]"
2026-04-14 02:59:30,f5f4e1f7c175226ee7fc4efb09957fd623d4d59a,Pontoise - La Tournelle,5107,2,4,6,17,23,"[48.850458009188, 2.3524542754922]"
2026-04-14 02:59:30,bbea3055f180a17076c64f09d4f845f5bde10524,Vivienne - Montmartre,2108,0,6,6,46,54,"[48.871347597383, 2.3414588347077]"
2026-04-14 02:59:30,8502e61b754a357b873d5d78f669f08ebe8b3eb2,Joseph Sansboeuf - Saint Lazare,8008,0,1,1,31,32,"[48.875315630653, 2.3229019716382]"
2026-04-14 02:59:30,818499d80e6188a19e697a4e1cc2fc3394a9b112,Choisy - Pointe d'Ivry,13205,3,1,4,20,24,"[48.822154170359, 2.3633708034878]"
2026-04-14 02:59:30,8a3fac71a4c5cb813138ff73040aa9cd160286cc,Gabriel Péri - Jules Ferry,31202,16,5,21,4,25,"[48.926182814311, 2.3912295762525]"
2026-04-14 02:59:30,356ac149bb067324fb4f342e2dd8824741e10290,Les Juilliottes,47002,7,5,12,9,21,"[48.804356733455, 2.4434815704655]"
2026-04-14 02:59:30,6ca2349c3cf59567157bf1cb18dcf9d252cab96b,Jourdain - Place des Grandes Rigoles,20112,6,0,6,16,22,"[48.874031137272, 2.3895947635174]"
2026-04-14 02:59:30,712542937dc075474d6b09fcded722116b6517aa,Tolbiac - Boussingault,13204,7,20,27,13,41,"[48.826177754027, 2.3420378552202]"
2026-04-14 02:59:30,b51384f60b7c832c1cb084e13e756cf3639a29db,Convention - Lourmel,15062,3,33,36,0,36,"[48.842055041656, 2.2859910875559]"
2026-04-14 02:59:30,0913f85ca481ac1c5d0a470f6a029f134b63b3d0,Square de Choisy - Eastman,13203,2,0,2,21,24,"[48.828543456283, 2.3583075090494]"
2026-04-14 02:59:30,1fea74ded042aeb77ee662272e4eaed810823a4e,Place Farhat Hached,13202,3,3,6,22,28,"[48.825487045602, 2.3816306985827]"
2026-04-14 02:59:30,434776b1b21ec9af360a9521563f46d802a17bed,Halle Freyssinet - Parvis Alan Turing,13051,2,4,6,31,37,"[48.832846814471, 2.3711421713233]"
2026-04-14 02:59:30,6095c09155547a4bc7a22690da987166307e886f,Rampal - Belleville,19204,8,0,8,11,20,"[48.873114661405, 2.3798409114805]"
2026-04-14 02:59:30,87bb9a9976afb75a8849d90ae9073ddbf412b9ba,Saint-Jacques - Soufflot,5201,1,1,2,14,16,"[48.846280383395, 2.3430785379567]"
2026-04-14 02:59:30,228dad027ff4ad0535054aa8c43fce4c29f57f5d,Cloys - Ordener,18209,0,0,0,38,38,"[48.89353865165, 2.3364427977844]"
2026-04-14 02:59:30,f57a5bc5f3b517c64c232d009a47b896c4093c77,Albert Kahn - Duhesme,18206,2,5,7,31,38,"[48.895623001056, 2.345815078896]"
2026-04-14 02:59:30,f7112b4c51fa7866866059eaab8b9cebd23b1cb4,Place Pigalle,18042,4,1,5,15,21,"[48.8827555, 2.3361566]"
2026-04-14 02:59:30,03512424dc85b80ad2e3378c8f5464a7af901208,Place Joffre - Frédéric le Play,7109,6,19,25,13,38,"[48.853754486938, 2.3044242337346]"
2026-04-14 02:59:30,dac599e599ba9411c45201c7acc926af15a04c87,Hoche - Tilsitt,8057,2,0,2,30,33,"[48.874836457837, 2.2971323132515]"
2026-04-14 02:59:30,030296b3b9224323b7f7141f4f537c27374026b6,Place de la République - Temple,3004,2,3,5,10,18,"[48.867211201859, 2.3635464370545]"
2026-04-14 02:59:30,a68a742c810fe7b4f7773d7c30cedff6f5c4db26,Jean Jaurès - Ouvrières Pivéreuses,35001,6,4,10,10,22,"[48.910423437526, 2.3995766043663]"
2026-04-14 02:59:30,28510cc01c61de1437436093c1058cb6c8db2060,Place de la Montagne du Goulet,15060,2,6,8,13,21,"[48.8443415, 2.2773844]"
2026-04-14 02:59:30,1fcbe3945d648e7a81b5b97c026647a550bc4272,Richard Lenoir - Voltaire,11011,2,17,19,5,25,"[48.86164273878, 2.3727491497993]"
2026-04-14 02:59:30,91a88b32e07b8c3fb271f62af9e7784de2211327,Fédération - Suffren,15105,3,13,16,9,25,"[48.852828153442, 2.2978776320815]"
2026-04-14 02:59:30,5dc2d12736cddb3f110fbe677fbd9eb9d4d332c2,Belfort - Voltaire,11020,12,28,40,11,53,"[48.8563358, 2.3829901]"
2026-04-14 02:59:30,8b20ea23d71e7301e50de5533b00c529e722e03e,Traktir - Foch,16103,2,0,2,20,22,"[48.872755334614, 2.2915497802487]"
2026-04-14 02:59:30,ad53cb4f6aa3158016b4a7fc902a69a4cd7d7793,Octave Gréard - Tour Eiffel,7025,2,11,13,20,33,"[48.856502977696, 2.2931787543289]"
2026-04-14 02:59:30,7cce0255b07d0dc547cc4b2862e91fbb68f30cd3,Quai de Béthune - Pont de la Tournelle,4108,0,9,9,16,25,"[48.85097433194, 2.3563072085381]"
2026-04-14 02:59:30,fe712d89f801c08423f644988029f50d347e0122,Préfecture de Créteil,40007,1,1,2,24,27,"[48.783680285918, 2.4544713672215]"
2026-04-14 02:59:30,b83624082c7d595f9dcbc76b0e0458978f7bf341,Haut du Mont-Mesly,40010,9,0,9,11,21,"[48.780191921646, 2.4685737495183]"
2026-04-14 02:59:30,f001c97b9c5b2407469b1e4d5acdc6e2774f30e7,Diderot - Pierre Bourdan,12107,2,14,16,5,21,"[48.847648620797, 2.3902582749724]"
2026-04-14 02:59:30,197dda50605297c12d141b6134d23fe87ca1b517,Bineau - Louise Michel,23011,9,7,16,10,26,"[48.88666162207, 2.2843274474144]"
2026-04-14 02:59:30,6c8f54cc92818b73480049ee5de61facd75d126c,Raymond Poincaré - Place Victor Hugo,16005,5,0,5,20,25,"[48.87030612437, 2.2850745414202]"
2026-04-14 02:59:30,a1e01f72e5154e36c227913fbc513044270c5480,Hôtel de Ville d'Asnières sur Seine,26005,8,20,28,1,30,"[48.90999330025577, 2.288238108158112]"
2026-04-14 02:59:30,019dd8f8e8955c31468e48faf617d8812cbeec72,Gare de Chaville Rive Gauche,23703,2,0,2,16,18,"[48.805160304345, 2.188277207315]"
2026-04-14 02:59:30,b4222ae5bbbe5713e6485fdd1302e0ef928e1ec5,Iles de Loisirs de Créteil,40015,5,9,14,9,24,"[48.780258200618, 2.4455094301232]"
2026-04-14 02:59:30,bce883adfa728a2985c71e2f2cf93e5782c46382,Pierre-Simon Girard  - Paris,30006,0,0,0,35,35,"[48.901342171637, 2.4560186601176]"
2026-04-14 02:59:30,40f7c9ed7449502ed1da5b089cbd33f2f1d7b6a1,Louis Blanc - Aqueduc,10031,19,4,23,13,37,"[48.882030182599, 2.363561578095]"
2026-04-14 02:59:30,96e0e1813ccf89e24730ebb12053da7d10366a14,Port-Royal - Hôpital du Val-de-Grâce,13001,9,6,15,1,18,"[48.837668272811, 2.3448138346607]"
2026-04-14 02:59:30,354e9165e28d41763307f77289f6254b65baceb7,Chevreuse - Montparnasse,6010,2,0,2,12,15,"[48.841739161231, 2.3315522167367]"
2026-04-14 02:59:30,82855b2ced9c5139e13295848601372d8f854dec,Gare Montparnasse - Arrivée,15001,0,0,0,42,43,"[48.843827994315, 2.3225811123848]"
2026-04-14 02:59:30,b0d6cea5aac6fb571d66b7c2c4f5bc0afab6cce9,Charles de Gaulle - Jean Lolive,35014,8,2,10,15,26,"[48.8932644350857, 2.4126765131950383]"
2026-04-14 02:59:30,6a9fa5eb2b25b49d7c5d6ef242f1e187d73ceaba,Noisy le Sec - Jean-Baptiste Clément,31708,17,1,18,4,22,"[48.874515389637, 2.4152836203575]"
2026-04-14 02:59:30,cf6ae3c3c1ab98060b0972595a72cbaae695bb38,Alibert - Jemmapes,10013,3,39,42,17,60,"[48.871044051984, 2.3661044619878]"
2026-04-14 02:59:30,1a40cf74ee54e754499a99eb413e15898e563ade,Institut de France,6001,2,11,13,19,34,"[48.857615678565, 2.3358313530377]"
2026-04-14 02:59:30,bb30996b9ec0790e567fbf59b8a5426e5eb528d3,Danielle Casanova - Place Vendôme,1022,1,3,4,32,37,"[48.868266498223, 2.3304839059711]"
2026-04-14 02:59:30,9301cbeb5782f1202b395dd22b7806ad1045e81f,Grande Armée - Brunel,17038,3,3,6,54,62,"[48.876116, 2.288124]"
2026-04-14 02:59:30,ec58211fee780b2448bd6bd62639e07e0960ab81,Dr Calmette,43102,6,5,11,9,18,"[48.745456776386, 2.4089241218595]"
2026-04-14 02:59:30,8bc1cb77e82cbe5ee4e013f7e1d6e42c87deb259,Gaston Roussel - Commune de Paris,32308,0,0,0,1,1,"[48.894440646006, 2.4323074841326]"
2026-04-14 02:59:30,21bcadf1653357ea88d64f7f3cef483a9305959d,Carrefour Pleyel,32012,9,13,22,43,68,"[48.92034156960326, 2.3438543826341625]"
2026-04-14 02:59:30,4ea5ce0d14281cf53e060ce08d4374e275a355ef,Institut du Monde Arabe - Saint-Germain,5020,3,13,16,20,40,"[48.849063299501, 2.3558086529374]"
2026-04-14 02:59:30,e6f21e2530abf86e7d678f5682d14df37b97e3fe,Quai de Seine - Pont de l'île-Saint-Denis,34501,3,2,5,19,25,"[48.935421446598, 2.3408389473018]"
2026-04-14 02:59:30,12cb235ef9deb826a15a167ad19582ec50634987,Louis Dain - Rosiers,34015,10,21,31,2,35,"[48.904676215771, 2.3379541963343]"
2026-04-14 02:59:30,4ac6fc2031fa793dc4fd3bba950af65877b3c039,Proudhon - Président Wilson,32001,10,6,16,12,30,"[48.906442763495, 2.3584905266762]"
2026-04-14 02:59:30,5b4490ff8413caa5603496f08dc6e389454b0b16,BNF - Bibliothèque Nationale de France,13123,2,27,29,12,42,"[48.8350268238, 2.3760157451034]"
2026-04-14 02:59:30,69a75bf4bafdac0bbcab59e0eb2d23b3e2dce9b9,Buisson Saint-Louis - Saint-Maur,10208,0,0,0,30,30,"[48.872274029222, 2.3733284860819]"
2026-04-14 02:59:30,248abad9a4f8408c83e5da81cbb481636ca22e99,Adrien Raynal - Verger,43101,5,17,22,8,30,"[48.743385629116, 2.4025604826094]"
2026-04-14 02:59:30,e19f27ff4d5bd801290798698a65eb8c1026bc5c,Grilles - Honoré d'Estienne d'Orves,35022,0,0,0,23,23,"[48.890439299703, 2.4066777712134]"
2026-04-14 02:59:30,99d67e235d2bbc61566f30f388a9167ec7ce175f,Danton - Serpente,6016,4,2,6,27,36,"[48.852297362582, 2.3414132371545]"
2026-04-14 05:32:53,867788045513eef3f9e90a9026a11a22f5dc3d4a,Hôpital Mondor,40001,2,8,10,18,28,"[48.798922410229, 2.4537451531298]"
2026-04-14 05:32:53,ebe7f0ab39c8b8ff1985041c17eefd2a1d32bf4d,Messine - Place Du Pérou,8026,2,0,2,10,12,"[48.875448033960744, 2.315508019010038]"
2026-04-14 05:32:53,09c04f099cd50b24128a49125dd0d19ac70d69e9,Saint-Sulpice,6003,1,4,5,16,21,"[48.85165383178419, 2.3308077827095985]"
2026-04-14 05:32:53,fbd4d4bb6e0e0cc4755107ebf0e3f8b27c665a45,Vaneau - Sèvres,7002,4,15,19,15,35,"[48.848563233059, 2.3204218259346]"
2026-04-14 05:32:53,6a4a7a41dfcc5dcfb81a6bc9b677908270cfb17b,Lacépède - Monge,5110,2,3,5,17,23,"[48.84389286531899, 2.3519663885235786]"
2026-04-14 05:32:53,d96db471913eada9521c7c7cac02d79c92275cc3,Saint-Romain - Cherche-Midi,6108,6,3,9,8,17,"[48.84708159081946, 2.321374788880348]"
2026-04-14 05:32:53,af39905f6b9549095656e8a24bc26e9374e037c7,André Karman - République,33006,16,2,18,13,31,"[48.91039875761846, 2.3851355910301213]"
2026-04-14 05:32:53,0f7a5dbab8fe0f8249348e83a97ebddb593d22b9,Pierre et Marie Curie - Maurice Thorez,42016,7,0,7,18,27,"[48.81580226360801, 2.376804985105991]"
2026-04-14 05:32:53,9e4f7f3417c7f5d831fa96e4e527e2c417460db4,Place Nelson Mandela,25006,4,1,5,17,22,"[48.862453313908, 2.1961666225454]"
2026-04-14 05:32:53,da57a6ad5a29a8b8d0f34fd63ee747637494f2f9,Jean Rostand - Paul Vaillant Couturier,30002,4,2,6,34,40,"[48.908168131015, 2.4530601033354]"
2026-04-14 05:32:53,1b3b8727253677fcc15d9882ab5d028af3561136,Square Boucicaut,7003,2,11,13,46,60,"[48.851296433665276, 2.325061820447445]"
2026-04-14 05:32:53,e8feaa99cb1c9b66c5f1755e2220e8ce1316e9b6,Froment - Bréguet,11025,0,29,29,14,43,"[48.8570414504784, 2.37289470306807]"
2026-04-14 05:32:53,bb40cc69f738ccf6b880de4038522a7a35d4e27a,Morillons - Dantzig,15047,12,3,15,37,52,"[48.83310149953933, 2.299380004405976]"
2026-04-14 05:32:53,36ef919232bc9db156d28dcab5d8d45ed395c298,Le Brun - Gobelins,13007,8,8,16,31,48,"[48.835092787824, 2.3534681351338]"
2026-04-14 05:32:53,939fb8872e0fa358e23ac2b78bf325d3c8df629b,Place des Marseillais,42208,0,7,7,27,35,"[48.826605522232, 2.4059119927899]"
2026-04-14 05:32:53,2553b324b3eb9c50ac65c3d5190614d6ab059987,Silly - Galliéni,21010,5,16,21,3,25,"[48.835583838706, 2.2325500845909]"
2026-04-14 05:32:53,e2bbdf3ef4226a082116b279cbfb90d476562bf2,Croulebarde - Corvisart,13101,4,8,12,22,34,"[48.830981659316855, 2.3481646925210953]"
2026-04-14 05:32:53,f8a23b717f6f36b631a3754a966eb089e6f1f0f4,Romainville - Vaillant-Couturier,31024,5,1,6,32,38,"[48.86785, 2.446748]"
2026-04-14 05:32:53,5a896b68a210fcf789b0e6062a5a330af6eefd71,Mairie de Clichy,21108,23,26,49,0,51,"[48.903653634661, 2.3059353232384]"
2026-04-14 05:32:53,a8c13ea5c1614e08685169a0c1cfacdc89d9c9fa,Chazelles - Courcelles,17025,4,1,5,29,35,"[48.879406604954, 2.3034455627202988]"
2026-04-14 05:32:53,0be5edfd05d6c0c441ec7747c2217325ed9804b8,Lagny - Victor Basch,43002,6,5,11,15,26,"[48.84884147189881, 2.426325418925233]"
2026-04-14 05:32:53,47773ce0b170d0dee477ac24a7ce813ce7c3bff7,Général Martial Valin - Pont du Garigliano,15068,2,1,3,13,16,"[48.83823094269141, 2.270506024360657]"
2026-04-14 05:32:53,48fcd53ae89e995819abfed2f234c0e620b015b2,Rond-point du Dr Albert Schweitzer,22207,4,1,5,16,22,"[48.78980918988166, 2.3143940046429634]"
2026-04-14 05:32:53,beaa2426358dcc7ccef77d7ce6e17602e66f7c56,De Toqueville - Terrasse,17048,0,4,4,26,30,"[48.882428, 2.314002]"
2026-04-14 05:32:53,39206e9ef6c4d43062dd49198127b9542af8575d,Jules Guesde - Pont du Port à l'Anglais,44017,1,3,4,24,30,"[48.79628807093802, 2.417212128639221]"
2026-04-14 05:32:53,f17d9e0c9a3f9cf20423be9b425ff63c0d35e498,Michel-Ange - Parent de Rosan,16118,4,9,13,12,26,"[48.840579923690115, 2.2584119439125065]"
2026-04-14 05:32:53,cf9354b40721fee2f26a44eb3979364624646090,Caire - Dussoubs,2017,10,4,14,25,40,"[48.86785342111862, 2.349364310503006]"
2026-04-14 05:32:53,5269d0f5798a7e025cbffa514e1a0ef301d0bf15,Tour d'Auvergne - Rodier,9008,5,3,8,9,17,"[48.879161, 2.343698]"
2026-04-14 05:32:53,0f57706992c4894481f02c72713b9871b74f6870,Marceau - Chaillot,8048,2,1,3,16,21,"[48.868834023334, 2.2986030816809]"
2026-04-14 05:32:53,2cacda423fb1bd8193b7bb92fda657a0d5c614ec,Regnault - Patay,13118,5,49,54,5,63,"[48.82435782216384, 2.377065159380436]"
2026-04-14 05:32:53,741a7b2edeecce2aaaa67e99247ec81ca39c91a4,Sarrazins - Saussure,40016,13,3,16,6,22,"[48.769626617432, 2.4717841148376]"
2026-04-14 05:32:53,9519a97031df1ca57d59022ff027fc67faaa0abd,Abbeville - Faubourg Poissonnière,9002,3,4,7,5,14,"[48.879223, 2.349147]"
2026-04-14 05:32:53,25499ef0259caf332817ab4257a6343112938da8,Bellefond - Poissonnière,9001,1,8,9,8,17,"[48.87759897050706, 2.348463758826256]"
2026-04-14 05:32:53,f83e500513b459261ba50bda443c46cde0d95370,Granges aux Belles,10115,5,3,8,18,27,"[48.8761373390584, 2.3680844979417]"
2026-04-14 05:32:53,939a1bcb2b4b90cb5165491f8a68ca03e0c63477,Gare de l'Est - Faubourg-Saint-Martin,10161,4,11,15,16,32,"[48.875642647477, 2.3594588041306]"
2026-04-14 05:32:53,107876ae2b7bf4c7dda291794ecaa576f007c670,Gare de Nogent-le-Perreux,41303,18,12,30,2,32,"[48.83842553348809, 2.493693307042122]"
2026-04-14 05:32:53,4bbcb8e1bc4fa090ece13a1d5791e0f71940c305,Gabriel Lamé,12031,2,24,26,5,36,"[48.8351212784276, 2.385534569621086]"
2026-04-14 05:32:53,21a0b6ddff9d4d87ff05619eb43bfc261aa22c94,Quai de l'Horloge - Pont Neuf,1001,1,2,3,12,17,"[48.857058739111, 2.3417982839439]"
2026-04-14 05:32:53,8f7f8e2223964d3ecc3d5c54422c26a02e61cb6d,Boulangers - Cardinal Lemoine,5022,4,2,6,13,20,"[48.8462904, 2.3521495]"
2026-04-14 05:32:53,05daeab889eed5b67ad6a550db3e81e1513e7483,Gare Saint-Lazare - Isly,8009,1,9,10,17,27,"[48.874777677621296, 2.326515804784655]"
2026-04-14 05:32:53,91aa8862e521ba226b5ff77ad9469b4f305cbc2b,Gare Rosny-Bois-Perrier,31103,7,1,8,25,35,"[48.88115023337061, 2.480436824262142]"
2026-04-14 05:32:53,5392cdcdde2b2767672f2c72acef169322efac41,Porte Pouchet-Bessières,17008,1,0,1,22,23,"[48.8978765, 2.3230632]"
2026-04-14 05:32:53,6774f0bf74008c39bfab83d2a4904562b91d5d0b,Ségur - d'Estrées,7018,2,2,4,15,19,"[48.851419978983, 2.3097044974566]"
2026-04-14 05:32:53,7e7e846ef0575c9159ed7d229bc439ad8873626d,Gay Lussac - Saint-Jacques,5005,2,1,3,37,42,"[48.844730256132, 2.3419239448664]"
2026-04-14 05:32:53,d219bd287b6f04a8acc29ea83b0842f4a174e8fe,Place Georges Guillaumin,8053,1,0,1,27,29,"[48.874750203957, 2.301771435326]"
2026-04-14 05:32:53,540d72a6544280710fd446f0a7bf774d95ffad52,Boudreau - Auber,9106,2,7,9,18,28,"[48.87219, 2.329423]"
2026-04-14 05:32:53,9431ab2b40b0289b4c601d23d38c5046d72d24b6,Thionville - Ourcq,19015,8,0,8,16,24,"[48.88917613743794, 2.3833653330802917]"
2026-04-14 05:32:53,a834b9aa32a53b1a182ad331731e75cf60ec5e4e,Rossini - Laffitte,9022,1,1,2,29,33,"[48.87334627510507, 2.337980867701675]"
2026-04-14 05:32:53,6a4cf0f3ad4bd367a0c8e0adfd44f55d7ddd5138,Gare de Lyon - Place Louis Armand,12151,5,2,7,53,60,"[48.845515089794, 2.3726498446286]"
2026-04-14 05:32:53,81b896f12489d92080e3ebef3dd1b175e20a4774,Pesaro - Préfecture,92007,3,1,4,18,22,"[48.89577046284005, 2.223908342421055]"
2026-04-14 05:32:53,cdccef18f754187f2f5107e7deb2bfc6fea256a3,Ranelagh - Mozart,16026,4,4,8,15,23,"[48.8554439, 2.2704418]"
2026-04-14 05:32:53,37a39de79ccc85630a0db64004c12741c81c4de3,Gare du Nord - Hôpital Lariboisière,10107,2,3,5,42,49,"[48.881949, 2.352339]"
2026-04-14 05:32:53,33c890071ce3426e6ce1daf0c599f6e1da9a1d74,Redoute - Les Courtilles,26002,18,21,39,0,40,"[48.929867194519, 2.2836696356535]"
2026-04-14 05:32:53,8d04f88b2b4651bd98f3f05c79bebb66749bdb4b,Belidor - Gouvion-Saint-Cyr,17043,1,4,5,33,39,"[48.88022154052015, 2.2854680567979813]"
2026-04-14 05:32:53,0a8d445f9286d9605225b3f44d0faff92c128a28,Place de Rhin et Danube,19026,16,0,16,13,30,"[48.88192765861766, 2.392586767673493]"
2026-04-14 05:32:53,2a76dbe435f8e1becabf65df7dc8d8192a6b425b,Exelmans - Versailles,16039,6,31,37,11,49,"[48.84097491091973, 2.264390252530575]"
2026-04-14 05:32:53,fee0ea5487cc90a91ff607af57706c1d169462c1,11 Novembre 1918 - 8 Mai 1945,45003,18,1,19,15,36,"[48.80889533774377, 2.5382421165704727]"
2026-04-14 05:32:53,e73624a36ba24e8461ff6392dcb5d0885d36ee79,Berri - Haussmann,8034,1,8,9,40,49,"[48.874746047357135, 2.3082953318953514]"
2026-04-14 05:32:53,a8645e11a2965464e8ad84cd3112406b314447a6,Amelot - Saint-Sébastien,11047,7,15,22,5,30,"[48.861142162761, 2.3677996181077]"
2026-04-14 05:32:53,8ef7bab9bffa1bc5fada426b882880740a24de80,Panthéon - Valette,5032,2,1,3,47,51,"[48.847020571652, 2.3464982619671]"
2026-04-14 05:32:53,703b2260d3c0e97966a52a596a2ccc63464e70f0,Chartres - La Charbonnière,18107,5,4,9,24,34,"[48.8847601, 2.3534657]"
2026-04-14 05:32:53,c7dfbd32caa12c2a918731e37b264801a0e4420c,Saint-Maur - Roquette,11023,17,18,35,11,46,"[48.858688774063, 2.3835539945715]"
2026-04-14 05:32:53,f3cf9dabf806f2a44dd495e6572582c6be42a00a,Desaix - Edgar Faure,15067,1,3,4,8,12,"[48.852804604940296, 2.293077029857222]"
2026-04-14 05:32:53,d698ae62dd3c96e018b0617c860f9f77a5fb74a6,Notre-Dame-des-Champs - Stanislas,6006,1,0,1,16,19,"[48.84479928858768, 2.329337755887181]"
2026-04-14 05:32:53,07cc7617f68030b0f8d21faa5776c407cf855a6f,Pyramide - Ecole du Breuil,12128,5,7,12,21,34,"[48.82237977153955, 2.4586871266365056]"
2026-04-14 05:32:53,5a068b3993d128a1fef2bfda0dc504678b7aa64a,Mairie de Montreuil,31022,4,3,7,45,52,"[48.86131452758348, 2.440614402294159]"
2026-04-14 05:32:53,c61e2f1cfeff9a5f049345142d18d3d01525996f,Rouget de Lisle,46002,4,7,11,24,35,"[48.764615483395254, 2.4071189761161804]"
2026-04-14 05:32:53,9b34af91886c26070c0f521eff49f66a0661c1a0,Récollets - Square Villemin,10016,0,0,0,17,17,"[48.875034655883944, 2.359801238597928]"
2026-04-14 05:32:53,3cd8f819d19361a459e29653283197171c7702eb,Charles de Gaulle - Beauté,41302,7,1,8,41,49,"[48.83649602312711, 2.479562651149885]"
2026-04-14 05:32:53,b7c8e4e03e7812f7168ea9ca8843b93b625b6926,Cimetière de Montrouge,14020,5,15,20,37,58,"[48.821466904768, 2.3215785772007]"
2026-04-14 05:32:53,b8bdc05e2a1241e45e48c41ad80d68ca84f77052,Gabriel Péri - Francisco Ferrer,33102,15,0,15,0,18,"[48.88633710236977, 2.407338917255402]"
2026-04-14 05:32:53,35570ed8089f9cd3fbb8d57740958a42f8b7ee66,Roger Salengro - Fontainebleau,42706,5,3,8,15,25,"[48.814548697325, 2.3611663654447]"
2026-04-14 05:32:53,0bc7987b324bb6d081331c40d8b1f94d32142262,Marne - Germain Dardan,21212,9,1,10,12,22,"[48.81217465201, 2.3035024699104]"
2026-04-14 05:32:53,ce946d1f2e1b6b37daf906fb3721db521ff62470,Carducci - Place Hannah Arendt,19120,14,0,14,13,27,"[48.877436681515796, 2.3860743641853337]"
2026-04-14 05:32:53,86fa5b2223b7a5a62b1423cc91cd6fc2abbdc934,Mutualité,5018,2,16,18,18,37,"[48.848225572724, 2.3502873256803]"
2026-04-14 05:32:53,3c9d52425a9ab67d22cc931064724f0fc8873c30,Square Simon Bolivar,19101,15,0,15,8,24,"[48.875089888322, 2.3826304078102]"
2026-04-14 05:32:53,5355a02692ba5a24bfa8f9a683aad65fde360227,Pereire - Rennequin,17030,7,15,22,0,23,"[48.883647828876, 2.2952447086573]"
2026-04-14 05:32:53,badbf9d94f3dbcb0d514489b2178113b6ed9bf96,Porte de Vanves,14138,4,3,7,24,32,"[48.828012849445, 2.3056878894567]"
2026-04-14 05:32:53,33cc5049c4bf6a02eab08ab6db283d9c7574dc5e,Victor Hugo - Jeanne Jugan,12114,5,14,19,6,28,"[48.843949064031825, 2.415081394834419]"
2026-04-14 05:32:53,553da74f79f6ab63b388ce1541f21b0f67d392f0,Mouton Duvernet - Général Leclerc,14008,6,2,8,20,28,"[48.831632518293, 2.3293121159077]"
2026-04-14 05:32:53,19b87f120c973e5ae7182d16880bdd42b2c6c032,Grenelle - Violet,15106,0,21,21,13,35,"[48.84993035512154, 2.294612042605877]"
2026-04-14 05:32:53,0307c047311e62c866476579946e493d167b9b46,Marc Sangnier - Porte de Vanves,14106,1,0,1,20,21,"[48.825218683556734, 2.3107116669416428]"
2026-04-14 05:32:53,d8c853038a251d55821462caf8bbf0103d7908fb,Etienne Jodelle - Saint Ouen,18046,4,0,4,29,33,"[48.88794016394694, 2.326124420314341]"
2026-04-14 05:32:53,5c41f55ebd1ea5aed5a80c6d7c47457badecdf18,Guy Môquet - Etienne Dolet,22406,5,1,6,17,23,"[48.81527009991819, 2.298078276995073]"
2026-04-14 05:32:53,1661b11b3b88954f510d00acd2adf84dcf84b634,Cambon - Rivoli,1020,1,2,3,33,40,"[48.866143390992, 2.3251800647137]"
2026-04-14 05:32:53,abfb2f3d9e506e417d0700e4732ae4c1f58252ab,Marcadet - Barbès,18022,3,2,5,32,37,"[48.890451120965, 2.3490573929687]"
2026-04-14 05:32:53,7189cf2fdf1ff267d1a39d819230f89a5afd82c6,Cevennes - Bergers,15109,4,24,28,1,29,"[48.84240765130395, 2.281037718057633]"
2026-04-14 05:32:53,e879db1b9a984c84d7cf5e5fa8c0f78a80169cdd,Sibelle - Alésia,14012,7,6,13,23,37,"[48.826701758539215, 2.3384983465075493]"
2026-04-14 05:32:53,7a7ee6e82f05aeafb1a1431e1d6668a95f1767dd,Enghien - Faubourg Poissonnière,10042,2,12,14,18,33,"[48.872420063053, 2.3483952362828]"
2026-04-14 05:32:53,3512fc2de8e9b90fcf976934591924f6ebe91258,Place de la Porte de Champeret,17203,6,4,10,18,28,"[48.886062068226, 2.2917001576821]"
2026-04-14 05:32:53,c866360e48817b3183179ce036479525625bc911,Hôtel de Ville de Boulogne Billancourt,21005,3,11,14,10,26,"[48.834958851668, 2.2416803240776]"
2026-04-14 05:32:53,9021148e37f2684a3da0488fc7053683a62c2d04,Edouard Tremblay - Julian Grimaux,44013,3,13,16,14,30,"[48.781383825117, 2.3723508417606]"
2026-04-14 05:32:53,bd8bdb29e2213d494340cf28e0e07568c4d14736,Repos - Cimetière du Père Lachaise,20131,6,16,22,11,33,"[48.859358523593, 2.3896131366845]"
2026-04-14 05:32:53,94b9488df290bb1bfcdf37f66574656bb37f6561,Nationale - Place Jules Guesde,21015,4,8,12,10,23,"[48.82753962462998, 2.2416052222251897]"
2026-04-14 05:32:53,4877f04a886d4bfd0b2d3ccce7e176a1422d98c7,Lakanal - Commerce,15034,9,38,47,4,53,"[48.84442462786544, 2.294059172272682]"
2026-04-14 05:32:53,102146a38d4b22afed85851791d54feba696a063,Raspail - Manufacture des Oeillets,42021,13,16,29,1,32,"[48.8094458, 2.3903009]"
2026-04-14 05:32:53,bd75bd25c5340e7bfd51ab888779d2841db8a919,Cossonnerie - Sébastopol,1119,2,11,13,10,24,"[48.86132665908402, 2.349419631063938]"
2026-04-14 05:32:53,779dbf14aab1032075812a24cd02f532daf8f73c,Marcelle - Thalie,35020,5,15,20,0,20,"[48.8835462, 2.4137883]"
2026-04-14 05:32:53,b7d38943c3c917b2bd2322043ce86a5dfa4e2655,Victoire - Chaussée d'Antin,9116,0,3,3,20,24,"[48.875065791004396, 2.3316738009452824]"
2026-04-14 05:32:53,c0a9de961bea4c86cf3730ab91243570effb1af7,Oberkampf - République,11030,3,8,11,12,24,"[48.86531608707, 2.37611478491]"
2026-04-14 05:32:53,54c3c3e3f54240fb02c08c2f875c73c03b027d29,Richard Lenoir - Jean-Pierre Timbaud,11039,3,15,18,15,36,"[48.865804276686, 2.3693370749669]"
2026-04-14 05:32:53,b8e416ad86aab4d3601c6a5866619e464ff9e58d,Legendre - Dulong,17013,8,7,15,7,23,"[48.885325169402904, 2.316423766314984]"
2026-04-14 05:32:53,431b181986d40e520d56948de212425a1adef320,Chemin Vert - Saint-Maur,11026,26,9,35,9,45,"[48.86112461407359, 2.381299026310444]"
2026-04-14 05:32:53,4cf81d4ccf4d9d388bef9d9fd8d99ea6c88013e0,Square du Théâtre du Garde-Chasse,32604,3,0,3,46,50,"[48.881287375060616, 2.420119643211365]"
2026-04-14 05:32:53,2d5afc50ac43eede423da4a5cba952f217c0ef0a,Général De Gaulle - Alouette,41601,15,7,22,2,26,"[48.839109, 2.4175664]"
2026-04-14 05:32:53,aeac7dadb4d19f9a296238fb09abfbd295da39e0,Jules Guesde - Alsace,23006,9,12,21,3,25,"[48.890566275506, 2.2950777411461]"
2026-04-14 05:32:53,b09c99ec28d2cf8470f3927e4a017a30e26f6df7,Joseph Liouville - Croix Nivert,15021,0,37,37,25,64,"[48.844835471244416, 2.297508493065834]"
2026-04-14 05:32:53,11167997b920f2ed5c0f4d4fd972a4539235bef5,Place de Barcelone - Mirabeau,16030,6,41,47,5,55,"[48.847623027364, 2.2735664248466]"
2026-04-14 05:32:53,d16ca81a4f3f13ee73b311da59dda1f3911599d5,Gare RER de Vincennes,43005,7,1,8,42,51,"[48.847563015126106, 2.433383166790009]"
2026-04-14 05:32:53,9e25409ea69b053d011a1908882560a3c70e1ef3,Théophile Gautier - François Millet,16136,8,20,28,1,30,"[48.85034821320644, 2.273029983043671]"
2026-04-14 05:32:53,2a26176ee96fda697d8a5d28e2649473d9a63451,Larmeroux - Baudelaire,21701,17,10,27,2,29,"[48.816939911292, 2.2809894804846]"
2026-04-14 05:32:53,f24a0ae4d0d2da98f6c134b1ca0fa700c88bc3c6,Mairie du 11ème,11024,3,20,23,26,51,"[48.858925, 2.3789759]"
2026-04-14 05:32:53,c1254473ae6ae408cd8a9aa437fdb282a8dfa7e2,Marché Secrétan,19022,7,1,8,15,26,"[48.88125496379482, 2.373463287949562]"
2026-04-14 05:32:53,1221db52b89d6f10479141497b054934ae8e5d10,Beaujon - Wagram,8056,0,0,0,29,29,"[48.875352455985, 2.2964416444302]"
2026-04-14 05:32:53,97af34ef141d9c004a666d953d6541a598984224,Charles de Gaulle - Sablonville,22016,1,4,5,20,26,"[48.87991924860035, 2.2763770446181297]"
2026-04-14 05:32:53,9fad2540fd37652a1f43c49b1f522929a5e89612,Chemin Vert - Fraternité,32302,6,1,7,12,20,"[48.877141208359035, 2.4461565166711807]"
2026-04-14 05:32:53,ef24fbe6fc6c9db933a876b5ed09dc917e91055c,Parmentier - Abel Rabaud,11035,5,12,17,34,52,"[48.86921273836114, 2.371688821240712]"
2026-04-14 05:32:53,e49fa61cc52cad2b931c3feb4af4ae6307797ac8,Mairie d'Ivry-sur-Seine,42010,13,16,29,24,53,"[48.81057120969284, 2.3842826485633855]"
2026-04-14 05:32:53,65f569de980f899c6ff1c1d8336299b21c6fec09,Parc Georges Brassens - Brancion,15046,21,3,24,4,29,"[48.83227829269761, 2.3022570088505745]"
2026-04-14 05:32:53,53288d6f7099890448659f8d204ed8abacf42711,Place Paul Eluard,46001,0,15,15,4,19,"[48.7672039733195, 2.4144977331161503]"
2026-04-14 05:32:53,aa087c1fe4bccdeaf4a909261a948557bc9cafc8,Exelmans - Michel-Ange,16040,9,19,28,3,33,"[48.84309486651855, 2.2597770800669053]"
2026-04-14 05:32:53,6ab31c67e0f402833a330f4e131994b4a19a5c25,Pierret - Madrid,22006,1,2,3,25,28,"[48.882976576876565, 2.260125767248034]"
2026-04-14 05:32:53,8bd35b666ac9ae26d0e193934407ae632203a2cc,Madame de Sanzillon - Mozart,21104,6,2,8,14,22,"[48.90379820774301, 2.3187401890754704]"
2026-04-14 05:32:53,dcd9005a3fe93ed9b83d80deee92e4990358c327,Leroy des Barres - Médiathèque,32026,8,12,20,6,26,"[48.928253687082, 2.3681719727966]"
2026-04-14 05:32:53,7558dcdd64c6b8b97ffc3c556016ca7aba5df1f6,Square d'Anvers,9005,12,7,19,11,33,"[48.882633484311, 2.3448844062122]"
2026-04-14 05:32:53,a2a3629db99bb85b541f6facdf034b988c5136d7,Arago - Glacière,13002,12,9,21,5,27,"[48.83486054775774, 2.3445770524322067]"
2026-04-14 05:32:53,3a7354d61ea3bda006804112d9e838c20906fdde,Prague - Théophile Roussel,12204,6,20,26,3,34,"[48.850330563516, 2.3758223011125]"
2026-04-14 05:32:53,be947781401a27105277e43e289748aab69522dd,Laumière - Petit,19013,9,2,11,23,34,"[48.88467368538326, 2.380039058625698]"
2026-04-14 05:32:53,731251a334c7e8b3fc681e810facfeb2241393ed,Hôpital Bégin,43003,3,4,7,17,26,"[48.84571672113, 2.4272462725639]"
2026-04-14 05:32:53,aa7c8310d878c6fd695eaf2c2aabd0da329a73f8,Charonne - Avron,20043,9,2,11,13,27,"[48.851602665222, 2.3984030470379]"
2026-04-14 05:32:53,eac862a3090fdd2970f18f23baf7d4509e47ab2f,Place de la Porte de Paris,32016,19,9,28,9,40,"[48.93009363207303, 2.3564037680625916]"
2026-04-14 05:32:53,15057bfb8b5f684ca4bbb93fbeeea04b57d281c6,Stalingrad - Désiré Chevalier,31010,20,7,27,14,42,"[48.85670169739857, 2.445072233676911]"
2026-04-14 05:32:53,f5143357560a0d1de78b0261065f190c81dbc0a4,Tristan Tzara -  Tchaïkovski,18201,15,3,18,14,33,"[48.89490221746837, 2.3648490384221077]"
2026-04-14 05:32:53,471051fd9b7b0d306bdfa8c3cf6c848816c40036,Hôtel de Ville de Nanterre,92008,11,8,19,19,38,"[48.892371898250424, 2.205548956990242]"
2026-04-14 05:32:53,e8a87815316469b64337f1bd9c6d4ca9f17acc4e,Général Delambre - Prebuard,51004,18,11,29,0,29,"[48.93870344444, 2.2234171606307]"
2026-04-14 05:32:53,9888a67c9e1aaf90d2a95c5245843475a1c7d12f,Stephenson - Doudeauville,18012,14,4,18,18,36,"[48.888537048944826, 2.3561610281467438]"
2026-04-14 05:32:53,e05f87b31e7146493a7515803d9481573dd55ba9,Charenton - Diderot,12009,0,15,15,1,18,"[48.846171461187, 2.3793068155646]"
2026-04-14 05:32:53,c116f5aca42b0123c021c0acfd31e5788cd3960a,Simon Bolivar - Henri Turot,19205,9,5,14,9,23,"[48.877475489801, 2.3739709492211]"
2026-04-14 05:32:53,7a3aafa001efc5a94b3508be5b09a3e0c6cc10f4,Mairie du 4ème,4015,1,31,32,11,44,"[48.855949910497, 2.3563823103905]"
2026-04-14 05:32:53,9d03561de7d8b771e5bd45bbb78773baeecc6dd2,Henri Barbusse,31203,18,5,23,6,30,"[48.932092978246, 2.3982878482409]"
2026-04-14 05:32:53,f83c3ea92a3a7f3f3ef16191a0fae2d185df82cc,Flandre - Alphonse Karr,19008,3,4,7,16,26,"[48.89465, 2.381868]"
2026-04-14 05:32:53,52d17aace0753c58640e144c00654ce6054143bb,Guynemer - Séverine,21313,5,10,15,11,26,"[48.83091743371036, 2.2790706530213356]"
2026-04-14 05:32:53,9f0ca0fa609d882df2b81010dc26a611a9820efa,Alfred Roll - Berthier,17102,10,13,23,5,28,"[48.887808570529, 2.3000952981763]"
2026-04-14 05:32:53,0a1a562e1866887b60a335d162052e31d7f641a8,Richard Wallace - Place du 8 Mai 1945,28001,16,10,26,1,30,"[48.87866794788021, 2.2420343756675725]"
2026-04-14 05:32:53,e15ef373ddb8007b303f20565aa0fc381959ccb6,Square Gilbert Thomain,26007,3,5,8,11,20,"[48.90717373809284, 2.2695400938391685]"
2026-04-14 05:32:53,2c16186a2b9363e7c3610ef6b4ad373e71a4630e,Departement - Pajol,18110,10,7,17,2,19,"[48.886674849730184, 2.3613611608743668]"
2026-04-14 05:32:53,293e09b671842a4dbff01d4c9e3543ff6d10c763,Flandre - Riquet,19005,10,8,18,2,21,"[48.888013281448, 2.3737595955229]"
2026-04-14 05:32:53,347e39d1e73fe018cb64733e06f1ddb1d54aae7b,Place de Verdun,43402,14,24,38,2,40,"[48.8202823, 2.473775]"
2026-04-14 05:32:53,e5496b8c2c8798a21114a4bd41ceff7b24877e93,Edouard Poisson - Victor Hugo,33018,11,9,20,5,30,"[48.91118557052621, 2.379864752692811]"
2026-04-14 05:32:53,3872ea2d9e852bf0340467e8a84df1d9de7816a5,Montreuil - Gonnet,11115,3,17,20,1,24,"[48.850500564921, 2.3890856287864]"
2026-04-14 05:32:53,cdf590d231b0e9f6ccc690c268fc4748b52df6c8,Jacques Callot - Mazarine,6013,1,12,13,14,28,"[48.855280175332, 2.3375743255019]"
2026-04-14 05:32:53,0b9db1a7a32c23888fdb93d421b25847450ade08,Jardin d'Acclimatation,16121,3,7,10,20,33,"[48.878772242510465, 2.270772233605385]"
2026-04-14 05:32:53,e36aba942e903ddfa1221dce989e2530b6cba2f9,Gare de Laplace,41102,5,3,8,35,43,"[48.80893199114179, 2.3349460959434514]"
2026-04-14 05:32:53,008fd3939773d3830729dcf18e8b1195205db77a,Bordier - Félix Faure,33003,17,15,32,16,48,"[48.90390751882016, 2.3830059170722966]"
2026-04-14 05:32:53,dd02d24e311c12e107dd0795c8bbf85f49c73c57,Félix Faure - Sadi Carnot,33009,6,3,9,24,33,"[48.90812110228388, 2.378623187541962]"
2026-04-14 05:32:53,3302f43fd12c94f02f43411f6f1d46f97ee1cd5a,Porte de la Villette,19115,8,3,11,15,27,"[48.89835196548483, 2.386150136590004]"
2026-04-14 05:32:53,83eae8b7168598ad5f98f58bae72ccc627a661d9,Ouest - Château,14034,1,1,2,38,41,"[48.83617286014242, 2.319392143923804]"
2026-04-14 05:32:53,1a488e87607dfb0f93f22dbe8a9eb7fe64ff3f25,Flandrin - Henri Martin,16018,1,0,1,16,18,"[48.8643275, 2.2724174]"
2026-04-14 05:32:53,ed3b69929925c65a077825cf76bd80c493b529fc,Place du 8 Mai 1945,25008,0,0,0,17,18,"[48.871552174017, 2.2025031970585]"
2026-04-14 05:32:53,6122e32cdf5be0bfb0649e0e655cb19f8105f81f,Grands Moulins de Pantin,19044,7,1,8,41,50,"[48.89738369720229, 2.3959985375404362]"
2026-04-14 05:32:53,41a5309dd3163761419ad586c62b103822cedf03,Gare de Courbevoie,24002,4,1,5,29,35,"[48.8993867, 2.2506506]"
2026-04-14 05:32:53,6ef5f14c507c28cc272e81cdb8215b75deff8c01,Porte d'Auteuil,16034,5,11,16,17,33,"[48.8479394142243, 2.2608396783471107]"
2026-04-14 05:32:53,653a48d2fc8f901cfeae4426f9a16801cb2bc0d6,Carnot - Pâquerettes,41404,3,14,17,8,26,"[48.79592939432515, 2.4261841177940373]"
2026-04-14 05:32:53,8a4e80aea520aa7b34c5f3e0d49c1aa8ec65d0aa,Jules Ferry - Faubourg du Temple Paris,11036,7,16,23,31,58,"[48.868397, 2.3678933]"
2026-04-14 05:32:53,84cada99564dd7ed2538075de54e7280a6e83cb4,Gare Montparnasse - René Mouchotte,14117,4,8,12,29,41,"[48.839203843292, 2.3208839446306]"
2026-04-14 05:32:53,516cd495d8e93eb836091c8ef046150a2e2f28f1,Place Jean-Baptiste Clément,42707,7,3,10,14,24,"[48.81240466867336, 2.3617091774940495]"
2026-04-14 05:32:53,00d866d7c19582d86cc486ffc01a70d0b947fba7,Jussieu - Guy de la Brosse,5119,0,3,3,36,40,"[48.845665, 2.355653]"
2026-04-14 05:32:53,804fa324ffd31141138c2ac3d6ad4ba73b08b3e4,Parvis Robert Schuman - Roger Salengro,23701,14,6,20,4,24,"[48.812657470558754, 2.1921751275658607]"
2026-04-14 05:32:53,19a77a1211121f9efe5729fc4b96364c67ac72a2,Navier - Epinettes,17007,14,4,18,34,54,"[48.89587780769155, 2.3226776719093327]"
2026-04-14 05:32:53,05607fc5d8391690a7b2ed152ff756a3086313fe,Place Carnot,31012,10,3,13,12,25,"[48.85593932186797, 2.441531717777252]"
2026-04-14 05:32:53,73087779819ba64881c73449ee1b656e1fad5339,Ceinture du Lac Inferieure - Saint-Cloud,16129,1,0,1,41,42,"[48.86218070933143, 2.2617871686816216]"
2026-04-14 05:32:53,c15f0cfcf45cc9df45c551210be4ce75c3463232,Assas - Vaugirard,6030,2,2,4,31,35,"[48.848274111398, 2.3292413726449]"
2026-04-14 05:32:53,647a58c6ed7d7fbc976bdd448de453d431652ff4,Raymond Poincaré - Allée de la Marche,23802,4,10,14,9,23,"[48.838634069623, 2.1724102640451]"
2026-04-14 05:32:53,1e109e59b7e032b24239f0c09af74e7de9e294e9,Petit - Manin,19019,3,1,4,16,22,"[48.886506875343, 2.3938155401308]"
2026-04-14 05:32:53,a5f1c042f7b3116f99e764778ad3af3cdf473d2a,Lagny - Joffre,41604,3,3,6,25,31,"[48.84930687084088, 2.417949736118317]"
2026-04-14 05:32:53,78e7f0e8cc96aa2177a6e157d0b311a35aad3a94,Emeriau - Place de Brazzaville,15029,1,30,31,21,51,"[48.850785261674964, 2.2871585190296173]"
2026-04-14 05:32:53,7bdba06cd4687aa5a16c4bbb65e9acf706028724,Parc Monceau,17018,2,0,2,14,18,"[48.881077914129, 2.3095492646098]"
2026-04-14 05:32:53,dbb139a1aac28f3fd21e0ea98007396549da7be8,Petites Ecuries - Faubourg Poissonnière,10005,1,13,14,3,17,"[48.87397217237368, 2.348388757504776]"
2026-04-14 05:32:53,f2d898273e90f76d61c3f3d43c556ef8d8a1997f,Gare d'Asnières sur Seine,26001,11,12,23,1,24,"[48.90636459217474, 2.2835066914558415]"
2026-04-14 05:32:53,3f524ba065b00b5b6f10c74e8b39bef4129c4a77,Place Falguière,15017,11,3,14,8,23,"[48.83629973941847, 2.3104464635252953]"
2026-04-14 05:32:53,060637d31b2eb56acc21816bf48b42e2b451f88d,Grenelle - Dr Finlay,15028,4,53,57,13,71,"[48.851315406715976, 2.2919502854347233]"
2026-04-14 05:32:53,a7d332b96996dd34932020bda10e2f2d8579df76,Porte d'Orléans,14018,5,1,6,42,48,"[48.8227639, 2.3249313]"
2026-04-14 05:32:53,d1143764ee1c871ddc7633a3a205057e57f8e170,Pierre et Marie Curie - Julien Grimau,31702,8,0,8,9,18,"[48.870714014863225, 2.424097023904324]"
2026-04-14 05:32:53,8fda7491bb0a0b86cefcbd86cb5c4eef547c54a8,Pierre Grenier - Pont de Billancourt,21013,15,6,21,0,21,"[48.8258020742942, 2.2487989068031315]"
2026-04-14 05:32:53,67dc6db212fb5b1fabf3ff98021f0c013f6fe76e,Ledru-Rollin - Charonne,11114,2,10,12,19,32,"[48.85345855607243, 2.3772463581947094]"
2026-04-14 05:32:53,1d262039188c4eb9ab6863998d8de5676fe74fad,Quai Voltaire,7006,2,16,18,13,32,"[48.858942986179, 2.3314182047146]"
2026-04-14 05:32:53,49aeb3e1b62fe1f1a838d740441279b48cf9ac67,Batignolles - Place de Clichy,8012,4,5,9,35,47,"[48.883474535757, 2.326493114233]"
2026-04-14 05:32:53,008ed051ff98021e63b29eed9f8b65258374b29d,Parc de Belleville - Julien Lacroix,20040,7,1,8,18,26,"[48.8703459, 2.3842214]"
2026-04-14 05:32:53,aa2ae6d39a2fff5854d55b317c26f17c80c29606,Gare de Pont-Cardinet,17017,3,4,7,27,34,"[48.88713901475306, 2.314494143994255]"
2026-04-14 05:32:53,f9cc3bfde90050bb494851337634edd6159daeef,Pierre Larousse - Raymond Losserand,14139,2,2,4,26,30,"[48.83059564231877, 2.3119183257222176]"
2026-04-14 05:32:53,7c0a422d11afbbbbd202ba283fc01e642e99f3bb,Pitié-Salpêtrière,13102,0,4,4,47,51,"[48.83748810318667, 2.365213818848133]"
2026-04-14 05:32:53,0a79d6fdc6a4e20950732345248ccaf7b54001c2,Dunkerque - Maubeuge,10204,4,1,5,30,35,"[48.880432768947, 2.3528900992907]"
2026-04-14 05:32:53,2694457bd8455dafc6de80caef69833dee21e3ff,Charles Delescluze,11101,5,29,34,11,49,"[48.85242200848887, 2.380632497370243]"
2026-04-14 05:32:53,73c26e3813cf301074786bdaae76d4fb7fb2da4b,Vasco de Gama,15055,14,28,42,11,54,"[48.83671783466264, 2.283664085650799]"
2026-04-14 05:32:53,a32221dfe8b59d952ab392383478620e5ec8ee2b,Jonquoy - Didot,14130,9,6,15,14,30,"[48.82890454823947, 2.31648076325655]"
2026-04-14 05:32:53,6830cdc214f634409c4767093232f3a908457be4,Charenton - Place du Col Bourgoin,12011,1,20,21,12,35,"[48.844867319554, 2.3825789350545]"
2026-04-14 05:32:53,632acf474a41b3fa7ffff97d48c02ffcf2ed2c4d,Bara - Henri Farman,21308,4,12,16,42,58,"[48.833218027457846, 2.2677567601203923]"
2026-04-14 05:32:53,5e0d70c3cf7e0d464a5064d96ac091ad8e857916,Place Adolphe Cherioux - Vaugirard,15038,17,32,49,13,63,"[48.83959442800459, 2.3010657727718353]"
2026-04-14 05:32:53,f2fb3352801dffff6f1dfa67d1e4e62d78999c08,Indre - Prairies,20021,10,0,10,28,38,"[48.86254398506782, 2.403290458023548]"
2026-04-14 05:32:53,b501e8deaacb79e2fc6652a52c624ed907849a45,Raspail - Bac,7005,2,3,5,45,52,"[48.855628721101, 2.3256602883339]"
2026-04-14 05:32:53,a1d7a2662715ae042fcc2d1dedc48ea9899d62aa,Edouard Vaillant - Paul-Adolphe Souriau,21019,2,12,14,14,28,"[48.834845858829, 2.2479459643364]"
2026-04-14 05:32:53,b06aae57586bea1fa1e9fa89daa89142d35097d7,Sèvres-Gallieni,21032,1,9,10,16,27,"[48.837809408957, 2.2281519323587]"
2026-04-14 05:32:53,06d7eb0cdda3e405e96421194b881f24aa23943d,Vincennes - Douy-Delcupe,31019,6,3,9,27,38,"[48.85493692155721, 2.436049282550812]"
2026-04-14 05:32:53,fc079169ad28d724764f6c7f2616b43488c47f41,Porte de Saint-Ouen - Henri Huchard,17124,7,3,10,15,26,"[48.898708366365064, 2.3295360803604126]"
2026-04-14 05:32:53,f40daf5edca8fd550275b2ec5354fd640914ae9e,Génie - Mozart,44012,2,2,4,15,19,"[48.794902381218904, 2.3734183609485626]"
2026-04-14 05:32:53,9d213aa364f367085784b82029065e9d7d52b3a1,Place du Maréchal Juin - Péreire,17027,2,4,6,40,46,"[48.885263, 2.298286]"
2026-04-14 05:32:53,b4b1912f47e4f27864452132ea56f63446d7825c,Filles Saint-Thomas - Place de la Bourse,2009,0,1,1,53,58,"[48.868899890853, 2.3397543845203]"
2026-04-14 05:32:53,03bc3a8e7cbcdbe3d33b8ae8f96d2e78e957f1e8,Gare Routière de Saint Cloud,22101,4,20,24,6,31,"[48.84288183896324, 2.222245037555695]"
2026-04-14 05:32:53,4d993523bf12cb835ceff07e5ee334b9c0b5e71c,Verdun - Adrien Damalix,44102,19,4,23,2,26,"[48.8222334178559, 2.4215328320860863]"
2026-04-14 05:32:53,97a3b04bd89032577127ea2afa9c1952aaa1151a,Jean Jaurès - Jean Baptiste Clément,21003,23,16,39,0,39,"[48.84576261454011, 2.2369650006294255]"
2026-04-14 05:32:53,350022baed98b0629bcf9d423e625ecf45dd508a,Mairie du 18ème,18025,24,6,30,10,40,"[48.892939296937605, 2.3445510864257812]"
2026-04-14 05:32:53,520c0229b9b9a0eb00c078df3aef0738a6d6f5ee,Colonel Monteil - Brune,14122,4,1,5,14,19,"[48.82650293311, 2.3092747998272]"
2026-04-14 05:32:53,e46b8dbd44c20ddea02735d8541d63e8e6803066,Batignolles - Rome,8051,4,0,4,10,15,"[48.881823370567, 2.3202589899302]"
2026-04-14 05:32:53,528fbd58ec9825c02a8ac17a1c38dec0c2d1d12a,Courcelles - Pierre Demours,17047,3,9,12,14,26,"[48.883769733273496, 2.29858466343129]"
2026-04-14 05:32:53,0b5e066a1a854ab12a78f4941001c50d9ae6fa38,Square des Epinettes,17121,8,7,15,5,20,"[48.89383909781389, 2.325953990221024]"
2026-04-14 05:32:53,04bad86a48c471766c9d1e68775c68d0123aefb0,Cité des Sciences et de l'Industrie,19009,0,2,2,26,30,"[48.89659571178903, 2.384599149227142]"
2026-04-14 05:32:53,45b593cf5be1eb25af64a5a66b61cb68eccb6ea8,Pajol - Riquet,18109,4,2,6,40,47,"[48.88960028134536, 2.3628534749150276]"
2026-04-14 05:32:53,35b1715336a2edd9ac82621e158067e016c228f0,Lassus - Delouvain,19038,0,0,0,20,20,"[48.8755044846, 2.3890327325519]"
2026-04-14 05:32:53,a4d982b484083bf05e8e33a0966816eb3912a094,Square du Carrefour de l'Insurrection,21703,16,2,18,4,23,"[48.820864559770676, 2.291113436222077]"
2026-04-14 05:32:53,b70716c8d54653c7af06a24377048dc29354fddb,Fragonard - Porte de Clichy,17011,4,16,20,34,54,"[48.894155633419, 2.3143893107772]"
2026-04-14 05:32:53,307bc9f731b4f8f850d88342c5c1ecefa7bdfb35,Provence - Chaussée d'Antin,9031,1,2,3,21,25,"[48.87428447542072, 2.332976511564311]"
2026-04-14 05:32:53,967212f9882dd5bb6325f41cdd5805618173bc25,Edgar Quinet - Raspail,14002,2,1,3,42,46,"[48.83940266673835, 2.32971478253603]"
2026-04-14 05:32:53,82e8b810033a47567d486e5d9b79403194d85182,Porte d'Aubervilliers,18049,0,13,13,41,55,"[48.89859661942376, 2.3689722642302513]"
2026-04-14 05:32:53,0f956db49cc6be62d686623897fa5c3da3a012e8,Chabrol - d'Hauteville,10020,0,7,7,4,11,"[48.877018388033, 2.3513179644942]"
2026-04-14 05:32:53,676872a88191da5583b670b7e591c0d005372c5d,Hôtel de Ville de Saint-Ouen,34010,11,5,16,32,48,"[48.911380185786, 2.3340076807601]"
2026-04-14 05:32:53,8dbe55d4f7eeb424b5d8f22ff15bf328f26d9a87,Nanterre - Université,92004,6,3,9,11,20,"[48.901365, 2.212693]"
2026-04-14 05:32:53,9e1b5dc55f904d1627324f70ab012ef2cc1ca072,Gabrielle Josserand - Edouard Vaillant,35003,12,10,22,1,25,"[48.90271566255436, 2.3933270573616032]"
2026-04-14 05:32:53,44d0fc56dae072b1fbbf966eff6bb9453eb07d13,Paul Signac - Aristide Briand,31025,11,2,13,22,35,"[48.869502621564, 2.450226098299]"
2026-04-14 05:32:53,7b7904200d8c86cd6a877fa9d504cb5caff569df,Théâtre - Lourmel,15031,6,17,23,19,53,"[48.8482070397636, 2.2898658737540245]"
2026-04-14 05:32:53,ad240ffa25bebfb510020ff1b3836de49b6c4940,Square René Viviani - Montebello,5121,3,35,38,9,47,"[48.851904891406, 2.3478421568871]"
2026-04-14 05:32:53,d73c5348179689327bc5473664ed4f39e11325b6,Ledru-Rollin - Place du Père Chaillet,11006,12,22,34,3,37,"[48.856433706943704, 2.379020587761426]"
2026-04-14 05:32:53,67cd275f6b6ea3110a7fa7086096b74fbd2c7804,Ecole Vétérinaire,47005,14,17,31,5,36,"[48.81488859822486, 2.4224362157778994]"
2026-04-14 05:32:53,c7db454aafdcc85ff8b78b4e1b41944a232833dc,Aubervilliers - Curial,19127,7,5,12,5,23,"[48.89088305227546, 2.3688579350709915]"
2026-04-14 05:32:53,5d87d1c04ce1739591fb556c09faac7fe11d652b,Bassano -  Iéna,16015,1,1,2,13,15,"[48.868144510482075, 2.296149600985935]"
2026-04-14 05:32:53,f940446d62e52fd49c3dd2ec197914e7831b9179,Lavandieres Sainte Opportune - Rivoli,1120,2,11,13,14,27,"[48.859279702476, 2.3466217517853]"
2026-04-14 05:32:53,ad122a5f86bbad657e7ec6188ee893d333f9d30f,Méchain - Faubourg Saint-Jacques,14112,1,1,2,14,16,"[48.83586772099485, 2.33798034198275]"
2026-04-14 05:32:53,28a1c38cf99bb9e8d75e169b5d5dbdadf92d425f,Stade Auguste Delaune,47004,5,4,9,12,21,"[48.80896378683884, 2.4345204234123234]"
2026-04-14 05:32:53,3f0d9ac9630a2fbb5eb064b478b5b0ca6ba33d81,Belliard - Damrémont,18033,13,10,23,10,34,"[48.89669238777841, 2.338023450388167]"
2026-04-14 05:32:53,174a04b8422099b24e48ccbbfd9b9eddeb25c77c,Maine - Antoine Bourdelle,15002,1,0,1,16,17,"[48.84308531746595, 2.320263946784738]"
2026-04-14 05:32:53,bbda7ff617533d8992029d1e46a110e2e4212d27,Faubourg Montmartre - La Fayette,9014,4,13,17,18,35,"[48.875254549053, 2.3408536612988]"
2026-04-14 05:32:53,3fc268c26276f2077491b40974dce0e31370345d,Place de Passy,16043,4,2,6,7,15,"[48.85780291711202, 2.277500546942199]"
2026-04-14 05:32:53,18bfd98f9fa9fdbefd032519eab08c6f9b82147e,Mozart - Jasmin,16027,10,15,25,34,62,"[48.85286124871689, 2.268483570651513]"
2026-04-14 05:32:53,1172a36f9c278c0806711230a17368fb689ac8a8,Naples - Rome,8019,2,16,18,7,26,"[48.879960700846226, 2.321358695626259]"
2026-04-14 05:32:53,e82a8f4a7b940edb9fe8ae4275ae87248899a8d5,Square Léon,18008,18,3,21,11,33,"[48.88667396788626, 2.353205569088459]"
2026-04-14 05:32:53,c5eed73266a671599d7e9619e3824c4ba6601603,Villersexel - Saint-Germain,7008,2,2,4,12,16,"[48.858297001218, 2.3237934708595]"
2026-04-14 05:32:53,38f1464db702eaa9880aa3e952e05324876ea958,Fontainebleau - Edmond Michelet,42703,23,5,28,17,45,"[48.80956436844049, 2.3626908659935]"
2026-04-14 05:32:53,fb55c3206d7b53ecb637afc39b9813a709a9e01b,Pernety - Raymond Losserand,14030,9,10,19,13,32,"[48.834254627953, 2.317609339387]"
2026-04-14 05:32:53,443790b67a718bd5cde2662009a9991529530ddc,Eugène Reisz - Davout,20201,1,1,2,18,20,"[48.85631874632638, 2.410396970808506]"
2026-04-14 05:32:53,e883895a0dedb08d24bc2d8251852b3e20f00151,Eugène Oudiné - Dessous Des Berges,13046,2,13,15,29,44,"[48.8256423, 2.3750226]"
2026-04-14 05:32:53,5442f2f034dca7957bacc3096d04d6972aa754e6,Gare Montparnasse - Vaugirard,15003,1,1,2,64,66,"[48.8418071798797, 2.31951002690117]"
2026-04-14 05:32:53,133bf0461510eacc0fcd56585b2e8014d0e5e2b2,Neuve Saint-Pierre - Beautreillis,4110,4,13,17,3,20,"[48.85355351439652, 2.3639122769236565]"
2026-04-14 05:32:53,cfccc22be1ce607cdb9a6c52f04dba748a5b148c,Sabot - Rennes,6032,1,17,18,7,26,"[48.852575112948415, 2.331552766263485]"
2026-04-14 05:32:53,2c2fea66563f3e92dc9a3c542b45773968475d5b,Aqueduc - Villette,10036,4,2,6,21,28,"[48.883886063895, 2.367198803315]"
2026-04-14 05:32:53,feb595f563ea3a9accb61a8af2a5b778888a6c4d,Sénat - Condé,6017,1,1,2,29,33,"[48.84954227788459, 2.337939441204071]"
2026-04-14 05:32:53,56178fee8477dcaf36781052a044efd0738f2583,Palais des Sports,15107,1,7,8,14,22,"[48.833468517426, 2.2858720645308]"
2026-04-14 05:32:53,e47fce905078dbdcb42c1424b33aca19bea085ad,Cadet - La Fayette,9101,0,5,5,13,19,"[48.875601632672, 2.3435704037547]"
2026-04-14 05:32:53,659b06144d65b83d8904f8c65e985d6afe12c09b,Hôpital Pitié Salpêtrière,13103,2,7,9,40,50,"[48.8377016, 2.3604946]"
2026-04-14 05:32:53,ad577ad921161b45912d28d1f4daea873c4e6f12,Jeanne Hornet - Girardot,31704,13,0,13,13,29,"[48.873802681432146, 2.427820265293122]"
2026-04-14 05:32:53,956f554577f94e592ee1b4c3b5f54185ad0c589f,Stade Gaston Bouillant,23903,8,6,14,15,30,"[48.939958667023, 2.3279571813836]"
2026-04-14 05:32:53,0b5e8b47e384cd68966e0cbbbebfad76dff76822,Vieille du Temple - Francs Bourgeois,4013,2,17,19,8,29,"[48.858256413365815, 2.35821794718504]"
2026-04-14 05:32:53,3182f77e65540f4cb2c616c86c241475e73d2da6,Hôtel de Ville de Champigny sur Marne,45001,2,4,6,15,21,"[48.813810628405, 2.5096759200096]"
2026-04-14 05:32:53,97bf463b69107da59bf14e351c63227c162df337,Manin - Simon Bolivar,19023,17,1,18,7,26,"[48.876499654127, 2.3794073625991]"
2026-04-14 05:32:53,c8c0c54947a9c4ce5555da19de455f1879d8c6fb,Poissonniers - Nord,18137,8,3,11,17,28,"[48.892511213520656, 2.3522228747606277]"
2026-04-14 05:32:53,2817542b745c08dd32d79cade3ac5e4c6a10c4ec,Station Paris Basketball - Ney - Charles Hermite,18138,3,11,14,7,20,"[48.898748039775, 2.3645754531026]"
2026-04-14 05:32:53,3dd66d63ce47f94752db0cb7f3acfa51bc558ace,Tourlaque - Damrémont,18208,11,5,16,0,16,"[48.887912943261, 2.3328311485014]"
2026-04-14 05:32:53,90e6b7a9267d9abbdb18baab4de70b3789ec071c,Porte d'Ivry,13041,1,1,2,48,50,"[48.821768747596, 2.3688706755638]"
2026-04-14 05:32:53,dfff4286407ab2e1f258ed4898adeafd87a0d9c1,Surcouf - Université,7016,1,16,17,39,58,"[48.861273016278, 2.3094535509142]"
2026-04-14 05:32:53,7bd404b1824f303e11f61713a24fa19f8fe950bd,Bois de Vincennes.,12041,11,13,24,35,60,"[48.8338064, 2.4132221]"
2026-04-14 05:32:53,8f147456b4c10d32d652e69fc19b58f57ceda191,Bercy.,12108,0,28,28,38,66,"[48.839966914994, 2.3788625746965]"
2026-04-14 05:32:53,8a58a169c5badb26b3659650ea8f09c35dac255f,Saint-Jacques - Tombe Issoire,14006,1,0,1,21,23,"[48.833206330538864, 2.3369108140468597]"
2026-04-14 05:32:53,34a1ebb2fa28c3a8c6f0d0035871bcb0ccc99c06,Duroc - Place de Breteuil,7013,2,28,30,12,42,"[48.847460641142, 2.3126140236855]"
2026-04-14 05:32:53,60d35cc5c96be2faf26805f67b4a5cbdc167584c,Parvis Corentin Celton,21311,9,16,25,25,55,"[48.827472525227, 2.2784319519997]"
2026-04-14 05:32:53,7b6fb7704b55d57c5e6c6e8b959dc21d657beaac,Gustave Eiffel - Parc des Impressionnistes,21114,11,17,28,2,30,"[48.90390619651018, 2.2946908324956894]"
2026-04-14 05:32:53,3d5172f522810413de93fbf97acd6c78b42be55a,Centenaire - Sorins,31013,6,2,8,35,45,"[48.85853523359734, 2.4273508787155156]"
2026-04-14 05:32:53,c8fc11d34e5c309fe8dbdf34e999aa2098a140e7,Parmentier - Fontaine au Roi,11034,14,16,30,17,48,"[48.86787670551736, 2.372705978671471]"
2026-04-14 05:32:53,4907351200f470759732992fdbf8352b4691bd51,Mairie du 15ème,15020,5,37,42,4,46,"[48.8417762, 2.2986539]"
2026-04-14 05:32:53,c5110f1210aba459a3287e0b1a81d505552bfa60,Place des Larris,41206,3,4,7,26,34,"[48.8568363, 2.4780236]"
2026-04-14 05:32:53,178fac4543516e725bdfccbf0229b4d4f8a3d3e1,Nationale - Marcel Duchamp,13114,4,3,7,16,23,"[48.82463749337136, 2.3678014799952507]"
2026-04-14 05:32:53,4d48c53ea8935528039e42bc22e81fb6b919c8fc,Saint-Blaise - Mouraud,20017,8,1,9,17,27,"[48.85696177597818, 2.40869477391243]"
2026-04-14 05:32:53,f3bd5f85ca3a2d185c997a21a0d786992894b94e,Charonne - Philippe-Auguste,11019,7,5,12,20,32,"[48.855603162026, 2.39054639062]"
2026-04-14 05:32:53,f44bffe3d59d58a73f34cfd5cbfacddb21065b52,Pont de Lodi - Dauphine,6014,4,6,10,10,23,"[48.855296898603285, 2.339947307565249]"
2026-04-14 05:32:53,6974e77fea57923778ad33719bc9c80c40f3a4ca,Romain Rolland,14116,7,8,15,9,25,"[48.820215229662765, 2.3234144234418346]"
2026-04-14 05:32:53,58e3259aa01a3f258f6e50e0d91ae63fe12e8ed5,Gambetta - Michelet,31018,15,13,28,5,33,"[48.85273792380526, 2.429966032505036]"
2026-04-14 05:32:53,ac380ed04fd90465466d80ee6f69cbef082c9d9f,Jeûneurs - Mulhouse,2110,4,10,14,12,28,"[48.868997, 2.346925]"
2026-04-14 05:32:53,55efa657918f3cc9c20769168a118673ea5d0ef1,Place de Finlande,7026,2,2,4,19,25,"[48.862408335967, 2.3113624379039]"
2026-04-14 05:32:53,02020158432a2b13f2fe26043eae20271acdbb76,Thérèse - Opéra,1016,1,11,12,12,25,"[48.866483514509, 2.3344334212238]"
2026-04-14 05:32:53,069e8fd02d41020233bf77772d762066b19b3f5c,Claude Vellefaux - Sambre et Meuse,10164,5,2,7,27,34,"[48.875022, 2.370478]"
2026-04-14 05:32:53,33b56bf398068809b478043f45a390b5f01b644c,Bleue - Trévise,9113,3,15,18,11,30,"[48.87578906564573, 2.347289621829987]"
2026-04-14 05:32:53,55aac3094ec936c6069d4cfcfd70769fe7c42ddb,Daunou - Louis le Grand,2014,0,2,2,28,32,"[48.869113, 2.332515]"
2026-04-14 05:32:53,21f3b7633949f89406609f4e9e82d3302b73fd7b,Mornay - Sully,4109,1,10,11,3,15,"[48.84970399548416, 2.364460788667202]"
2026-04-14 05:32:53,bd836b79cc396ae95c7b6bcac6ac58b96fa48bef,Porte Saint-Martin,3101,4,16,20,11,34,"[48.86860172112996, 2.35570102930069]"
2026-04-14 05:32:53,82bc0bc44f54efda993501e99c9ee0a7264849b5,François 1er - Lincoln,8105,1,1,2,29,31,"[48.869517979344, 2.3024262188416]"
2026-04-14 05:32:53,9dd05b7923566fe5a304834daf6b27a969a2fdc7,Place Mireille Havet,11048,2,33,35,3,43,"[48.850533, 2.383756]"
2026-04-14 05:32:53,f3c55385064700d1258f8bf736bcebfc5f9a60e7,Charles de Gaulle - Louis Philippe,22017,2,2,4,22,28,"[48.881742142181, 2.2710045335353]"
2026-04-14 05:32:53,5e3c74899cafd187a1770d858c373abd79fb1874,Mairie du 19ème,19021,9,2,11,15,27,"[48.88256264247959, 2.3812624812126164]"
2026-04-14 05:32:53,7919f4e8f492dff5476cceb30057d65304308231,Jean Jaurès - Reine,21004,4,24,28,2,31,"[48.84009622558849, 2.239872515201569]"
2026-04-14 05:32:53,5c67907135a97f2f327f0b3546844703fe73ae8c,Argenson - Château,22002,5,7,12,13,25,"[48.888559314669514, 2.2642001509666447]"
2026-04-14 05:32:53,5fd2a754386b7cb24a84111ccada63cd1f38f401,Place de l'Eglise - Pantin,35008,3,0,3,27,30,"[48.892809461520265, 2.4124351143836975]"
2026-04-14 05:32:53,68b17e8f7ba88dff56df30b6aee574c011d96ccd,Fernand Braudel - Vincent Auriol,13019,1,6,7,27,36,"[48.83637852318147, 2.3723404482007027]"
2026-04-14 05:32:53,c2bbe6cd52620ea3279c38e516e6ac1d4e452267,Sorbonne - Ecoles,5030,3,3,6,60,69,"[48.849686566191, 2.3434996604919]"
2026-04-14 05:32:53,083808ee249079f201fc74e9379f2d2637a44926,Roquette - Folie Regnault,11110,21,7,28,23,52,"[48.859246959155, 2.3865536235787]"
2026-04-14 05:32:53,5a0f46c7c16a2d1f8b0bf51db622fd74d813ff26,Brochant - Clichy,17005,8,12,20,31,53,"[48.89032998912038, 2.319730559929781]"
2026-04-14 05:32:53,a363225312171a24993aede234344f4aa27314c7,François Truffaut - Saint Emilion,12033,0,46,46,18,66,"[48.83372354344807, 2.386601903271428]"
2026-04-14 05:32:53,05d1d06bd695c11fba60f65226b2cf7f96f24b78,Madeleine Michelis - Roule,22012,5,0,5,20,25,"[48.88260431301364, 2.2773634269833565]"
2026-04-14 05:32:53,394e9dc7893b4fd5d24cb577784f5335ed2e34aa,Jessaint - Marx Dormoy,18142,7,2,9,19,30,"[48.88484543106364, 2.358930408954621]"
2026-04-14 05:32:53,8be3170bc5adcb943c857462316007e0f1822311,Lac Daumesnil - Saint-Maurice,12120,1,4,5,43,50,"[48.82774555743318, 2.4183654785156246]"
2026-04-14 05:32:53,e2723cd7b7c46dfbe507824f3c601baa3de30513,Sèvres Rive Gauche,23105,2,1,3,30,33,"[48.821443218278, 2.2150785306885]"
2026-04-14 05:32:53,f72095ab28e9d1ec12191d90bd38d6a41ddffb28,Gare de Clichy-Levallois,23005,1,0,1,24,26,"[48.89679827481989, 2.2984680533409123]"
2026-04-14 05:32:53,bd294cae7457fbba1d6d59de1621f407099f1e0a,République - Auguste Perret,48009,2,4,6,24,30,"[48.78695280952244, 2.3518594354391094]"
2026-04-14 05:32:53,0ffa9379a535a472a1e884d8604876ff5fe4b82b,Dareau - Broussais,14125,13,8,21,3,24,"[48.8307758, 2.3361804]"
2026-04-14 05:32:53,2bb2a39e28abad8e31091f271a92001c9d89d93f,Beaumarchais - Pas de la Mule,4107,2,9,11,6,18,"[48.855580507049, 2.3684333673431]"
2026-04-14 05:32:53,f1b2683e55e24f09cce3f5291fa5d63d00804dfc,Odessa - Départ,14127,1,0,1,36,39,"[48.842885590081, 2.3244281485677]"
2026-04-14 05:32:53,9867e25613b315789a6f304765dd12334588ecb9,Sambre et Meuse - Villette,10039,11,2,13,10,25,"[48.874405666217, 2.3738072379951]"
2026-04-14 05:32:53,689ba979d79dd669ca6cf60029454de343000686,Jules Guesde - Laennec,31101,7,0,7,12,19,"[48.87628983900398, 2.5006942078471184]"
2026-04-14 05:32:53,e9f0fb8b91bc64274bd0e2987483ec362fc6bb2a,Place du Président Salvador Allende,35004,8,1,9,50,60,"[48.897307310356055, 2.40079153681279]"
2026-04-14 05:32:53,1563eb3e8812e615cee7139afe7b7880f27df73f,Paul Klee - Place Augusta Holmes,13020,3,3,6,37,43,"[48.838946417408025, 2.3704235663952966]"
2026-04-14 05:32:53,f80caf1f028de88e7e4a96e2e38e3817d9228462,Alexander Fleming - Belvédère,19124,15,2,17,14,31,"[48.88179064200294, 2.4030599377642674]"
2026-04-14 05:32:53,4e0921cd418a83f638a8f02a788408a28665bf7d,Constantine - Université,7010,2,23,25,40,65,"[48.860680473738, 2.3148481955842]"
2026-04-14 05:32:53,9add63c9e028b8a78da466828bea8135eaa2f0b0,Averroès - Aimé Césaire,35015,9,6,15,1,19,"[48.91405323432864, 2.412636950612068]"
2026-04-14 05:32:53,caf26acef2b9270e3411b699331fa0526eb9454c,Place du Front Populaire - George Sand,32021,8,6,14,51,65,"[48.90680713698062, 2.364541214992642]"
2026-04-14 05:32:53,0220febea51b9cd7d3569f24a0ac6259e845fbc7,Paul Barruel - Vaugirard,15019,9,19,28,7,39,"[48.84014918546239, 2.3044332861900334]"
2026-04-14 05:32:53,ec52cae94296d9ac6f067ce970fe4991e4f59552,Commandant l'Herminier - Gallieni,20004,2,3,5,12,17,"[48.847040552603, 2.4160453677177]"
2026-04-14 05:32:53,8abca5f19cc0eda4b324e2522a6356d25eb99383,Bastille - Quai de la Rapée,12150,4,18,22,4,27,"[48.84682410855, 2.3669364675879]"
2026-04-14 05:32:53,347dc7e8ae919bb6ea060f4ff9f853204ee35d4a,Demi-Lune - Aristide Briand,31026,13,0,13,7,20,"[48.8762638192, 2.4562818557024]"
2026-04-14 05:32:53,e654cf535c9c3e36e1ba3be9944052c2c7b5f19e,Athènes - Clichy,9036,0,2,2,17,20,"[48.878113787876, 2.32956021945824]"
2026-04-14 05:32:53,87e3f632cb4f6416768b568263f1803f61a466cc,Saint-Didier - Raymond Poincaré,16009,6,0,6,11,17,"[48.86642312020962, 2.285863497192411]"
2026-04-14 05:32:53,e5d7ba1ebc8cb7f308d03bec03e0d8b3dd31eefa,Cours de l'Ile Seguin - Parc Billancourt,21029,5,10,15,14,29,"[48.82714055843935, 2.234234511852265]"
2026-04-14 05:32:53,4823ebee3c60844e0a62fb79dc91d8e2d15b70f3,Botzaris - Crimée,19025,10,1,11,8,21,"[48.87959698690176, 2.3887913337477067]"
2026-04-14 05:32:53,16c24373312bbaf8f0dde07c7feab58ef7de6dac,André Maurois - Joseph et Marie Hackin,16003,2,1,3,26,29,"[48.8778983, 2.2789591]"
2026-04-14 05:32:53,415e0510446ddf805be2a74d24ca215427bb495b,Sérurier - Alphonse Aulard,19208,6,0,6,9,16,"[48.880528901839, 2.398028970957]"
2026-04-14 05:32:53,adf6fff35926e36c59929fe98e9ba96b61c77b50,Eylau - Trocadéro,16014,0,0,0,24,24,"[48.863354122371, 2.2864209115505]"
2026-04-14 05:32:53,8629e3970a60fa7fa1a1d233cf3fba8a3cbadf5d,Longchamp - Place d'Iéna,16007,1,1,2,7,10,"[48.864917233434, 2.2926748171449]"
2026-04-14 05:32:53,6fd72d3858195a83ab135282aec28ad938f93300,Mairie de Neuilly sur Seine,22013,1,5,6,25,31,"[48.884947287658, 2.2677031159401]"
2026-04-14 05:32:53,8a92d1e8fdfcbb88989c5c68eac13d0c93aa3aba,Chancé Milly - Cimetière Communal Sud,21115,8,8,16,15,32,"[48.89687189382465, 2.303922325372696]"
2026-04-14 05:32:53,f9fbfb6b97b17299170c7dff5bd7f528b8bd91f4,Marcel Yol - Jullien,21708,3,0,3,27,30,"[48.82537611802588, 2.287235018058929]"
2026-04-14 05:32:53,ad2635756c1d98e69e554fab2fd6a7306b3e1372,Victor Cresson - Telles de la Poterie,21307,6,5,11,18,31,"[48.822698842979, 2.2686498274964]"
2026-04-14 05:32:53,37e9a9415b86d6fa2e7f370ee583c77d6be5a6f2,Gare SNCF Vanves-Malakoff,21702,14,2,16,35,51,"[48.819002163836444, 2.292150005103606]"
2026-04-14 05:32:53,2b87e0a6a66c086818891163beaef5b454f0aee2,Marc Sangnier - Division Leclerc,42304,6,16,22,2,24,"[48.78599652305309, 2.329955510795116]"
2026-04-14 05:32:53,333a13cb04658e578b0badfc2a59eb611d512b9e,Résistance - Hoche,31021,7,1,8,21,29,"[48.864273423741956, 2.435784414410591]"
2026-04-14 05:32:53,46d91936144ed7648faf052e7e937b50819f042a,Paul Vaillant-Couturier - Gare RER,44002,8,15,23,2,26,"[48.80108159069614, 2.402097210288048]"
2026-04-14 05:32:53,17d584827b4612d1a13f660a568075979a4ed110,Raffet - Montmorency,16115,2,3,5,37,42,"[48.85258670812, 2.2629252456151954]"
2026-04-14 05:32:53,7603d2f2f7cfbe9e1260a3bf8c73b1818a447bec,Commerce - Letellier,15123,4,24,28,15,44,"[48.84797660373612, 2.2966245196598805]"
2026-04-14 05:32:53,3fc625ba8e4f8fc556f8f3dd8e4b0fa0062ffd8c,Fessart - Château,21030,3,14,17,3,20,"[48.84245, 2.23989]"
2026-04-14 05:32:53,b4ae670220cde92f2685ab806c26bcca58a618e2,Cimetière de Boulogne-Billancourt,21031,7,18,25,14,40,"[48.830764, 2.252024]"
2026-04-14 05:32:53,a5a128834768ad98bf893ad826108773f37d8db5,Ranelagh - Maison de la Radio,16024,2,1,3,18,22,"[48.85293603169479, 2.280449643731117]"
2026-04-14 05:32:53,b5a9339915e76de339490166da2b355beee29e17,Place Saint-Ferdinand,17039,18,1,19,19,38,"[48.87815529789739, 2.288518047864942]"
2026-04-14 05:32:53,97421e1e8ed175b06f46c17a51b3bdd3f35ba980,Malakoff - Place de la Porte Maillot,16101,1,0,1,26,28,"[48.876733496638, 2.2834577411413]"
2026-04-14 05:32:53,7608121a92125cb2c512cd07f77a50cd37bea70c,Petit Palais,8001,2,7,9,33,46,"[48.8667692, 2.3157655]"
2026-04-14 05:32:53,6ed9501db80f288b6a82e289e2fbb2a4b07c5c33,Vinaigriers - Magenta,10012,2,6,8,16,25,"[48.8731167, 2.3593052]"
2026-04-14 05:32:53,5c60f843ddd451914d56c988cb9b6cf1109813e0,Pierre Lefaucheux - Traversière,21028,8,25,33,1,35,"[48.82435208303827, 2.2417913004755974]"
2026-04-14 05:32:53,8e0261c7c578739889dc91090cab3ed5435493df,Jardin de l'Hospice Debrousse,20108,2,1,3,19,23,"[48.861451061938, 2.40568600595]"
2026-04-14 05:32:53,07b3a5c2597a656d09446e5bbe6a0daf35fb01c8,Amaury Duval - Gabriel Péri,21219,7,14,21,14,36,"[48.81718759671675, 2.323841750621796]"
2026-04-14 05:32:53,9deae0c1333a0a63d6147f7109b8109be87847d9,Jean Calvin - Tournefort,5014,0,3,3,25,28,"[48.84158856925782, 2.348489575088024]"
2026-04-14 05:32:53,3446e385cdcbbaf3af2307d85a5fea4d4371a3a3,Gallieni - Lycée Charles Petitet,23902,1,16,17,26,45,"[48.927640283627, 2.3308986340524]"
2026-04-14 05:32:53,53705abb6cecabc1a8ca4c030162193c452f8676,Buzenval - Avron,20007,16,1,17,33,50,"[48.851617204999, 2.4015135973077]"
2026-04-14 05:32:53,451b96c2a311cefbc5dc735b791f66a4fc3c54cd,Charles Gide - Fort de Bicêtre,42701,9,0,9,21,30,"[48.8071937956922, 2.353984415531159]"
2026-04-14 05:32:53,0e717a98104dec1a18be37252200fba5796462b7,Vitruve - Davout,20122,5,1,6,17,23,"[48.86053161154489, 2.4091592812626543]"
2026-04-14 05:32:53,38b480ad1bfc4402c2cbb4e0e168639b9cbd9d9c,Place de Lévis,17015,3,3,6,39,48,"[48.883546851533254, 2.3131933808326726]"
2026-04-14 05:32:53,97b9948961b0d4c306a6140e86c5621a71689772,La Motte-Picquet - Grenelle,15023,2,13,15,19,34,"[48.84858321339195, 2.299347817897797]"
2026-04-14 05:32:53,b28cd8d7a58bc1376ebca135d20dfc98d8440c4d,Théâtre de La Garenne,22501,1,14,15,5,20,"[48.905658361454, 2.2345951981176]"
2026-04-14 05:32:53,4f2b61988f1c777405a231892f954aedbf6581d5,Lycée Saint Exupéry - Juliette Savar,40009,14,5,19,10,30,"[48.783021513972, 2.4637357216879]"
2026-04-14 05:32:53,9270594517976c3401bb1ac38828d0d68c8cac9c,Place Fernand Forest,15072,6,8,14,18,33,"[48.849269143836, 2.281863167882]"
2026-04-14 05:32:53,68b4139984cf649ac72cf691b2241f1283af6cdc,Président Wilson - Baudin,23003,3,12,15,12,28,"[48.89826887103676, 2.2849336266517644]"
2026-04-14 05:32:53,394a5c30895213cbec068deb68f5e2fa07191006,Jourdan - Monticelli,14131,4,0,4,24,30,"[48.822032, 2.329095]"
2026-04-14 05:32:53,2d26ff58dcaee53ff59832c6a220da354a585e74,Gaston Tessier - Rosa Parks RER,19108,20,1,21,14,37,"[48.8963765, 2.3743692]"
2026-04-14 05:32:53,23bd6195fa2ffa18f0ccb09d3e039a9e36e4002b,Camille Groult - Guy Môquet,44007,6,1,7,15,22,"[48.787482746521306, 2.3976725712418556]"
2026-04-14 05:32:53,233faff8cf7f0f1747a8cd51dce4448a2d836ccc,Raspail - Albert Schweitzer,42501,5,8,13,12,28,"[48.81031545, 2.34395871]"
2026-04-14 05:32:53,3fee60219d3d456e03b1e48f47cf2ac0a5a5994f,Brillat-Savarin - Küss,13109,3,16,19,2,21,"[48.822203, 2.350422]"
2026-04-14 05:32:53,1d764c4b5ffe81d5cf79e6b121d6212f9a0b0b74,Place de l'Europe - Quai de Bercy,42209,3,7,10,7,17,"[48.82529858840266, 2.3945679143071175]"
2026-04-14 05:32:53,bfce6ca30d20e0351eb9ab9341d5dcb52c0fc65a,Louis Pasteur - Albert Petit,22206,5,2,7,24,31,"[48.796261, 2.317289]"
2026-04-14 05:32:53,523465527054ae7574410412acfe0c879b83d6f6,Charonne - Pierre Bayle,11021,18,2,20,2,23,"[48.858445054262, 2.3903981223891]"
2026-04-14 05:32:53,f0fbf6f610f0af76213cc571593c314837f106e4,Louis Rolland - République,21217,1,0,1,24,26,"[48.81710889740748, 2.3193106434955717]"
2026-04-14 05:32:53,89efecf955fff7c6c82d509dd3b9c0209b80f1ac,Gare de Lyon - Chalon,12007,2,2,4,40,45,"[48.845666194202, 2.3741452395916]"
2026-04-14 05:32:53,e86dc78efaf38a0d8336e30baec446a15bf5fee8,Colmar - Victor Hugo,25001,2,20,22,10,32,"[48.88652251096166, 2.173960916697979]"
2026-04-14 05:32:53,3f80f74ab2c4d2383ac6c4e4a1518d029915c981,Benjamin Delessert - Jean Lolive,35007,7,0,7,13,21,"[48.89392043619345, 2.417981922626496]"
2026-04-14 05:32:53,aaa5d46bb8fd8f297561b0c8f6062f2c766ad302,Place de la Gare,47001,6,11,17,27,46,"[48.80253358011283, 2.4275037646293645]"
2026-04-14 05:32:53,b1007160f19798351b98bc3d2205d9070b7b0252,Place Mongolfier,44101,10,21,31,7,39,"[48.815160030060376, 2.4592879414558415]"
2026-04-14 05:32:53,46125e317b133f1c290eed493dc78d4d4c475c1a,Italie - Jardin Joan Miro,13032,2,0,2,23,26,"[48.81990914045756, 2.3592948541045193]"
2026-04-14 05:32:53,6ca1b6f0eb13ca2e19a1cd082970c4da9eb58ec6,Gare de l'Est - Place du 11 Novembre 1918,10165,2,1,3,34,40,"[48.876327, 2.3585464]"
2026-04-14 05:32:53,8dd532238c9204dbeed5ef79d1de0ccf3c573b04,Jean Moulin - Place Victor et Hélène Basch,14010,9,0,9,31,41,"[48.82764910241, 2.3261967301369]"
2026-04-14 05:32:53,b3eccf5a0febff93a567e62610e93bd692de607d,Paris - Laitières,43001,4,5,9,12,22,"[48.846302741513, 2.4207553267479]"
2026-04-14 05:32:53,f6b48a0d4c54b826f9b5a80c93bd6f89e8b68e40,Quai de la Gare - Pont de Bercy,13128,2,20,22,6,30,"[48.83730787972, 2.3740861260598]"
2026-04-14 05:32:53,09889aa7439a687893e74a4e9a84ac3aa9403ca8,Batignolles - Beudant,8020,2,1,3,40,44,"[48.882164014664, 2.3198529705405]"
2026-04-14 05:32:53,76c9b9e39189adb7e42bc34961c0c7a839e0857b,Lucien Lanternier - Le Luth,22303,3,7,10,15,27,"[48.93159430558871, 2.2889783978462224]"
2026-04-14 05:32:53,a32dafbd1c76e322069269a5fb7115ad40e7032d,Mairie de quartier du Plateau - Mont-Valérien,92001,5,0,5,14,20,"[48.8799933, 2.2072437]"
2026-04-14 05:32:53,3aab1a61eafef0d6a145e4e4aa31ef9e5373a313,Berthier - Place Stuart Merril,17107,6,13,19,18,37,"[48.885927922355044, 2.2933450341224675]"
2026-04-14 05:32:53,d8c59f03064f3358ae5d0df79bcda0a86a9f7dbd,Lucien Bossoutrot - Général Martial Vallin,15057,3,7,10,29,39,"[48.836956046311, 2.2741072252393]"
2026-04-14 05:32:53,6a625f985a9752714e0e681486dec5d5c1a75c2b,Pergolèse - Malakoff,16002,0,0,0,37,38,"[48.87521088779225, 2.2842781618237495]"
2026-04-14 05:32:53,2665d1539c735511e6c483814953325b81d36209,Vaugirard - Pasteur,15004,0,14,14,7,21,"[48.84040868803496, 2.3154367133975033]"
2026-04-14 05:32:53,68827dc251dff5f3514b5013fd39bc5ebe956c5a,Goutte d'or - Barbès,18007,11,5,16,2,20,"[48.885124323627, 2.3496962338686]"
2026-04-14 05:32:53,69b1cbe7cef7297fc64a78436bbce1099ab77770,Quai de l'Oise - Aisne,19128,12,3,15,15,30,"[48.8906231, 2.3833701]"
2026-04-14 05:32:53,f1b4d18a214f318a659458d0d920c94de9be73bb,Square Louise Michel,18006,4,3,7,28,36,"[48.884687354509, 2.3441386967897]"
2026-04-14 05:32:53,687a8cd8f56dc5d42893224a571b4e8408273093,Place Jeanne d'Arc,13044,14,11,25,10,36,"[48.829575, 2.369126]"
2026-04-14 05:32:53,b0e69fd1deea9091e126474cbed3089964bd380e,Monceau - Malesherbes,8037,3,3,6,30,38,"[48.8795079, 2.3145456]"
2026-04-14 05:32:53,788f1ca6d0c859cbdd638d41f7ff8547aa8caaa0,Place du 14 Juillet,22408,8,1,9,13,22,"[48.819266959525, 2.3011998832226]"
2026-04-14 05:32:53,038ec749644e751abf5ea27fa6e362a147f9bb4d,La Jarry - Place Diderot,43010,13,7,20,4,25,"[48.849726940367, 2.4520137906075]"
2026-04-14 05:32:53,a5a4872910880b2c6ead000da13ca930db1141ad,Charonne - Bureau,11017,9,1,10,36,47,"[48.854176, 2.396093]"
2026-04-14 05:32:53,09357127448a85eac4f5be2aeaf36a1a8af46642,Douai - Pierre Fontaine,9027,1,1,2,22,25,"[48.882291011481, 2.3332412168384]"
2026-04-14 05:32:53,4ea173fe0549e94f16869c8fbe894c255e9efba5,Halles - Bourdonnais,1021,3,6,9,11,20,"[48.860448992575, 2.3460162431002]"
2026-04-14 05:32:53,ddfb8e6cabbed5c0ba69dd5b737bcc524bdce992,Charles Tillon - Cimetière Communal,33015,15,12,27,2,30,"[48.91844023641836, 2.3935630917549138]"
2026-04-14 05:32:53,8252c66993a864dfea0c213ee2c5b0f23436462e,Delizy - Louis Nadot,35006,5,7,12,7,22,"[48.896212845581346, 2.4094578623771667]"
2026-04-14 05:32:53,0fec833d83b97c91508287ec6d6433b6f39f45e1,Île de la Jatte,22015,7,14,21,0,23,"[48.894036161302104, 2.2666339203715324]"
2026-04-14 05:32:53,6d8ad98bc577505bbbed6e451e5ebb08abc57fe6,Toqueville - Cardinet,17119,6,6,12,20,33,"[48.88490187110713, 2.3109393194317818]"
2026-04-14 05:32:53,bfbf9bf643488e64750d110b84bf25af064e79f6,Gérando - Rochechouart,9004,6,1,7,12,21,"[48.88294340845, 2.3464846238494]"
2026-04-14 05:32:53,919b2b78f08ce2fb2fe7a927005d79ea234409da,Placette Grégoire Collas,51002,0,24,24,0,25,"[48.94342014002797, 2.2487476095557213]"
2026-04-14 05:32:53,2ecbbe365956abd20ea8d7675ba07d2aa75d3e81,Fort d'Aubervilliers,33016,16,6,22,0,22,"[48.91502382370325, 2.4035281687974925]"
2026-04-14 05:32:53,66ff318f79843a3752b686f3d618c9324c52609b,Place Ginette Hamelin,12026,2,17,19,29,51,"[48.837853, 2.382064]"
2026-04-14 05:32:53,f4967bc3fb0581227e55ad06b8473798117c36ad,Alexandre Parodi - Quai de Valmy,10162,4,0,4,18,24,"[48.879359419425, 2.3665961623192]"
2026-04-14 05:32:53,5b85b974838085a9272a46095e026b50890c2d85,Saint-Germain - Ciseaux,6012,1,5,6,12,18,"[48.853305277595, 2.3344654618827]"
2026-04-14 05:32:53,4c40442029226ab6ff9fa234a52c41beec15def1,Auguste Blanqui - Corvisart,13009,3,0,3,21,26,"[48.8300989, 2.3502726]"
2026-04-14 05:32:53,99a8c25e21dc5d8bed35fc9155ef20a534ff56d1,Gare du Stade,27005,5,5,10,9,20,"[48.9312676, 2.2603778]"
2026-04-14 05:32:53,41aa670bf8919dee0b2e3e1f34e881f973f1ff8f,Balzac - Olympes de Gouges,44016,5,5,10,18,28,"[48.778503324868, 2.4006786569953]"
2026-04-14 05:32:53,3d44c4be0df1ab4c2da99344289434cb001c8d3c,Quai du Président Roosevelt - Pont Aval,15311,4,15,19,11,30,"[48.834388367639, 2.2656820714474]"
2026-04-14 05:32:53,9d2a9708b593687794f6724fc9159ae589265980,Conservatoire de Musique,46003,2,8,10,15,25,"[48.770935866676, 2.4034014344215]"
2026-04-14 05:32:53,7ba48be1db2cb5e9ed49ba46c7276e5469b87813,Dunkerque - Trudaine,9006,4,0,4,7,16,"[48.88215166773376, 2.3463253676891327]"
2026-04-14 05:32:53,85e2e8582574a95663f9727673ed0ef63b0e400f,Place Nelson Mandela,92006,2,2,4,26,30,"[48.897874318180556, 2.2182820737361912]"
2026-04-14 05:32:53,cb0c6172eafde3a875251e0758da9208d57bdbba,Place Monge,5024,0,1,1,20,21,"[48.842761803051, 2.3524079471827]"
2026-04-14 05:32:53,c6adb4e9e544dcce58e23def6b764516eb4650c9,Picpus - Louis Braille,12038,10,18,28,30,58,"[48.839988788912, 2.4005256685521]"
2026-04-14 05:32:53,35b2a7681e12a7b3980eb327387735f1df8d047b,Crozatier - Faubourg Saint-Antoine,12005,5,35,40,0,42,"[48.850440013405, 2.378901366211]"
2026-04-14 05:32:53,c983632745bbc2e4a959d75c19725def58b2302d,Glacière - Soeur Catherine Marie,13516,3,15,18,21,40,"[48.829522989420596, 2.343570403754711]"
2026-04-14 05:32:53,c3ef49a6bdfc1a4c13c9736c35254508bca19470,Geoffroy - Marie,9011,1,7,8,10,20,"[48.873781940593325, 2.344513876337893]"
2026-04-14 05:32:53,f1d40b85e87390ea8c77169462c6671d39207024,Vivaldi - Antoine-Julien Hénard,12028,13,4,17,9,27,"[48.841923663276546, 2.389728979467376]"
2026-04-14 05:32:53,993eafd5e89e2ab2075cb7d5dba6e37f251f2f63,Constant Coquelin - Invalides,7202,0,7,7,20,31,"[48.848283157236, 2.315749520203]"
2026-04-14 05:32:53,59c0812842f832542ed3b5f48b5f6b0c4964171e,Harpe - Saint-Germain,5001,1,34,35,7,45,"[48.851518815017, 2.3436703160405]"
2026-04-14 05:32:53,6ebd1da531d1ec5274ad536eaaa1b0d305eca2dd,Hôpital Necker,15129,0,3,3,37,40,"[48.846043490118454, 2.313245013356209]"
2026-04-14 05:32:53,ab91673a67976c535356d533d868d8572d04fe9c,Gare d'Argenteuil,51001,7,10,17,22,40,"[48.947022436806705, 2.256898172199726]"
2026-04-14 05:32:53,fba71585bee3fc15991e6474635a496f98bf6c0d,Barrault - Place de Rungis,13206,17,30,47,2,49,"[48.822658791556, 2.3467585146383]"
2026-04-14 05:32:53,e518c1b773e63025479aca0fb01c4722a78e3ad4,Hôtel de Ville de Sèvres,23102,5,2,7,24,32,"[48.824363561289, 2.2131047397852]"
2026-04-14 05:32:53,ece20efcebcfe4037a51e4a90f746628bb88a731,Cherche-Midi - Hôpital Necker,15006,1,0,1,37,38,"[48.84461063309956, 2.317914068698883]"
2026-04-14 05:32:53,cc290f931b650e79ff24d4ee976a281313188a73,Leredde - Tolbiac,13052,2,12,14,29,44,"[48.82887629664, 2.3744382709265]"
2026-04-14 05:32:53,d18672fbaca37942a705d1c70c084ec36417ce0b,Gare RER - Malleret-Joinville,41403,10,2,12,8,20,"[48.802936, 2.42531]"
2026-04-14 05:32:53,348d142a4bbacb0398f94cd964ec390af0e04e02,Bruant - Vincent Auriol,13018,1,7,8,14,25,"[48.834848452929, 2.3668264996271]"
2026-04-14 05:32:53,48c7a3538afa2f1c12c67b4e7144e446d24c8a3b,Jean Monnet - Iles,21303,7,12,19,12,32,"[48.823393984057304, 2.2497073194874866]"
2026-04-14 05:32:53,4167094ffa0ae057641d6f11075c3165e1c766be,Parc Eli Lotar,33014,8,3,11,8,20,"[48.91844993053703, 2.3727085813879967]"
2026-04-14 05:32:53,0f3d8ce3517ccca2a3135ad523ab45842e66fc93,Place Charles Michels,15127,1,32,33,1,37,"[48.846401, 2.28502]"
2026-04-14 05:32:53,0524681c5c20f9885790edd31617036e8c9b51bd,Balard - Montagne de la Fage,15070,1,21,22,14,36,"[48.838507403334, 2.2782871127129]"
2026-04-14 05:32:53,8b4e638a1fd37e6521244b1425bcbdca8c3a1f01,Jean Jaurès - Jules Jacquemin,33103,10,0,10,14,24,"[48.88433053604843, 2.4082902455152104]"
2026-04-14 05:32:53,e6c0a001af448b96b79bf2cfa15227f3f6b5cf78,Place des Droits de l'Enfant,14011,21,6,27,12,39,"[48.8274804, 2.3319217]"
2026-04-14 05:32:53,a4f2ec426abbd98ab2f731966f870f8f1db5544d,Landy - Heurtault,33012,15,11,26,1,30,"[48.915096534520316, 2.375951372087002]"
2026-04-14 05:32:53,4e762ed3e1c27808ee947ff093f92ef27c23a860,Favart - Italiens,2013,0,0,0,17,17,"[48.871446353921, 2.3382901058508]"
2026-04-14 05:32:53,fc2919e67299f626f50170ae1d05e50f680f0ea1,Villiers - Batignolles,17024,4,1,5,15,23,"[48.881252538461, 2.3165384307504]"
2026-04-14 05:32:53,cb9b6923d017ab01ad7888259e0312e6e2560a0c,Pavé Grignon - Bretagne,43202,2,3,5,14,20,"[48.757398255499, 2.4012465523091]"
2026-04-14 05:32:53,ac70161f969540892f282eee2c0e33f792309cb1,Bréguet - Sabin,11033,3,14,17,16,33,"[48.856931678257, 2.3706749462105]"
2026-04-14 05:32:53,16ff7120a695a1da35ed3b788f5094e2a65bf694,Jardins d'Eole,18039,11,8,19,1,20,"[48.8869703, 2.3668488]"
2026-04-14 05:32:53,882155fb2affa1f7906ad196d59a40b67066b350,Reuilly - Place Felix Eboue,12036,8,2,10,31,42,"[48.84030274499962, 2.394630398715453]"
2026-04-14 05:32:53,f67ef77aa6f1aa7faca1ef6019d4f82d2b28a105,Flandrin - Longchamp,16012,7,11,18,22,42,"[48.86877849178477, 2.274354539176829]"
2026-04-14 05:32:53,bce4b7da2bd3ef024a1416488dcb2cb4aaf8876a,Charles Frérot - Albert Guilpin,42505,9,13,22,8,30,"[48.8155839183714, 2.3505029082298283]"
2026-04-14 05:32:53,ccd377fd1b12f1c8bcd6ea196d7e65f2024ac55e,Place de la Nation - Picpus,12015,0,3,3,32,36,"[48.846821681548, 2.4001130461693]"
2026-04-14 05:32:53,8a1b0dc31965d639b5f81e169a867458c38ead12,Edgar Quinet - Gaité,14001,0,0,0,26,27,"[48.841160928966, 2.324595451355]"
2026-04-14 05:32:53,49e6b3b0244178c5754ad9e2cabd938872288c23,Poissonniers - Championnet,18139,6,1,7,21,28,"[48.89543299733937, 2.3530178144574165]"
2026-04-14 05:32:53,61aa46a7d53b18c74bee3e0f9d43d2664d154001,Murat - Porte de Saint-Cloud,16042,5,10,15,23,38,"[48.83750862621299, 2.2577651962637906]"
2026-04-14 05:32:53,7ebec60487639f4d1eb08e2654dcc3ff8da4b18a,Square Claude Bernard,19110,3,2,5,25,30,"[48.89876016219984, 2.375325746834278]"
2026-04-14 05:32:53,714942da0b1483598953cbc81856a8415a0f85f2,Henri Ravera - Gabriel Péri,22201,18,3,21,8,30,"[48.79722273833844, 2.302115857601166]"
2026-04-14 05:32:53,d323f66e39918695adc723fa72b8ec6772ee5e82,Crevaux - Bugeaud,16105,3,8,11,19,31,"[48.87080942867, 2.2811490076919]"
2026-04-14 05:32:53,be8769a9d94f3149c940fb0e525a1ba6070a4e41,Place de la Madeleine - Royale,8117,3,4,7,33,43,"[48.869228052648, 2.324421107769]"
2026-04-14 05:32:53,a24f3d31a3d5a2be64291a5722e2828019443803,Bourdon - Pont Morland,4006,3,41,44,5,52,"[48.8478103, 2.3659356]"
2026-04-14 05:32:53,02942bb0ab9c5295552b973a5b17b8b332818822,Ecoles - Carmes,5007,1,7,8,27,36,"[48.848904447989, 2.3473486304283]"
2026-04-14 05:32:53,1ab9511fed14c2a3567430d1f563a9010802d0f7,Perle - Vieille du Temple,3008,6,8,14,21,36,"[48.8601346, 2.3611206]"
2026-04-14 05:32:53,c23e2272f31a9c07d8f6688e417c15ccd0863884,Roger Salengro - Général de Gaulle,45002,2,6,8,18,27,"[48.820029010376956, 2.4846760556101803]"
2026-04-14 05:32:53,30285060399198c1e8ade658091374206526bceb,Cadix - Hameau,15128,6,18,24,13,37,"[48.8340107632249, 2.289516180753708]"
2026-04-14 05:32:53,eba6ef20d8c7e4482adc1664aea4d7e8b8552f2d,Camille Risch - Paul Armangot,44014,1,13,14,11,25,"[48.774703, 2.373685]"
2026-04-14 05:32:53,c47daea89066633ae45d31691a6d72dad4165198,Reuilly - Daumesnil,12037,15,5,20,16,36,"[48.8395385, 2.3972516]"
2026-04-14 05:32:53,1f526cc3d00256329b3bfbbcad0b651bca5cf62a,Place des Abbesses,18004,10,0,10,2,12,"[48.884542726149725, 2.3386867716908455]"
2026-04-14 05:32:53,24c2edd2afcd8e62078af31ba77cfbf76b9e779d,Mairie du 16ème,16013,5,24,29,4,35,"[48.863936848471994, 2.2765953093767166]"
2026-04-14 05:32:53,0fb6af640cd6e589ac9283198f90d296093ef873,Cité Vaneau,7012,6,2,8,17,26,"[48.8542210666207, 2.319614924490452]"
2026-04-14 05:32:53,f512a47a996d4745dbd7028173816f9af03f97b7,Louis Lumière.,20104,1,0,1,20,22,"[48.86216198070008, 2.41112578185621]"
2026-04-14 05:32:53,64e9dc7bc0d18578c5c8f2f496c5cff4b842c020,Jourdan - Cité Universitaire,14135,3,1,4,34,39,"[48.819897343156676, 2.3397007964124366]"
2026-04-14 05:32:53,284459219094cc1a1fd200c0e1f21bf86e3a5834,Gare Saint-Lazare - Stockholm,8110,1,0,1,28,32,"[48.877127316667654, 2.322417162358761]"
2026-04-14 05:32:53,b84767d92f7d35835d819cef5534234fbc37944b,Niger - Soult,12156,4,5,9,15,24,"[48.84369906369085, 2.410361237220498]"
2026-04-14 05:32:53,4d19b0389de2691c0bc1143bc1d18eca9dac36d0,Centquatre,19002,9,7,16,24,42,"[48.889333538455, 2.3707854375243]"
2026-04-14 05:32:53,d3038c179694165eb684620c130996710e8a766d,Square Montholon,9009,1,6,7,14,21,"[48.876620377545024, 2.3457641154527664]"
2026-04-14 05:32:53,a4c1f70f7c52151c36d9564970f9416884f7f6d3,Herschel - Observatoire,6104,2,2,4,51,56,"[48.84342376221923, 2.3376645147800446]"
2026-04-14 05:32:53,412240291bfbf321a8fdd6e861fed128454efddd,Pergolèse - Marbeau,16102,3,6,9,17,27,"[48.873568706869, 2.2815125225299]"
2026-04-14 05:32:53,f7379c7ec52b9009da3d9131489bc689e9b1bc14,Centre Georges Pompidou,4021,0,5,5,21,26,"[48.861419, 2.352581]"
2026-04-14 05:32:53,2e8da52ca204f97b50bde64662443f549dc865dc,Sorbier - Ménilmontant,20034,4,0,4,20,24,"[48.868542395661, 2.3897721245885]"
2026-04-14 05:32:53,cda38deb5acd839041b99d28947563ec89682d4b,Place de la Nation - Charonne,20001,2,9,11,24,36,"[48.848364667777, 2.3997623859813]"
2026-04-14 05:32:53,58e2a6beffaebb3374c00f0a2effba2f7b1a76b7,Petit - Georges Thill,19201,5,1,6,16,23,"[48.88603131999171, 2.3895753175020222]"
2026-04-14 05:32:53,a45f34da8fe5a3e90fed0db6fc9ca187236905e6,Emile Reynaud - Porte de la Villette,19010,13,8,21,1,22,"[48.90098953630053, 2.3887022584676743]"
2026-04-14 05:32:53,8a5e31ce3e1c5aa0bc8830517b7fe57478006774,Chausson - Gabriel Péri,22301,12,10,22,0,22,"[48.921891003481115, 2.2952306270599365]"
2026-04-14 05:32:53,0e78ee0a5a316913b6132d04b8c67fc6af0db5a4,Bargue -  Dutot,15132,3,1,4,17,21,"[48.837884, 2.308876]"
2026-04-14 05:32:53,7d6585f2e5dcce6d663f65cb35e829911b9c37f8,Pyrénées - Plaine,20006,2,0,2,10,12,"[48.85026702458, 2.4062821269035]"
2026-04-14 05:32:53,0792e73a390186a540129bf9cea3ed1d83dd8f98,Sarrette - Général Leclerc,14019,9,0,9,13,22,"[48.825030852925, 2.3264128693982]"
2026-04-14 05:32:53,fc25994ad35b50bf3d61876a750e12d576d27d4d,Turbigo - Réaumur,3011,6,6,12,16,31,"[48.865574047531, 2.3564198613167]"
2026-04-14 05:32:53,adbbfe4b0679167f51f8e30224d6676f6d825121,Petites Ecuries - Faubourg Saint-Denis,10006,2,7,9,16,28,"[48.872871205898, 2.3542150855064]"
2026-04-14 05:32:53,716ad312b61c7ee6613066afd63f9a521d4f86cd,Mairie du 8ème,8027,1,3,4,23,28,"[48.877932, 2.318264]"
2026-04-14 05:32:53,9b61a69799c3524e3ba8f65b41ed698dc024f633,Charles de Gaulle - Plateau de Vanves,22401,0,1,1,32,33,"[48.82233088973263, 2.298571803412886]"
2026-04-14 05:32:53,9963a6790ea2cde51506702c7a10a5fa9b7bf1fb,Lacuée - Lyon,12002,6,0,6,8,16,"[48.849268481958, 2.3704585433006]"
2026-04-14 05:32:53,d4543f32ee47c98602c9578a5fce1f0afd20c013,Parme - Clichy,9037,3,1,4,19,24,"[48.881266424227, 2.3281970934506]"
2026-04-14 05:32:53,980603fbc2f32e494b75fa5c0c92508d2b111edf,Louis le Grand - Italiens,2015,2,0,2,31,33,"[48.870508937204, 2.3340544619393]"
2026-04-14 05:32:53,163678ad39a7e537d6af639cafaf2f10e6066569,Sèvres - Général Leclerc,21026,0,9,9,21,30,"[48.830121559055, 2.2314262390137]"
2026-04-14 05:32:53,30c31c9e45eb72eb69ab2aa938173707c9b6060c,Italie - Vistule,13209,0,0,0,0,0,"[48.823439332972, 2.3582062304047]"
2026-04-14 05:32:53,b7068ca0e75b1f5077cf564a063209e936c54d18,Saint-Denis - Université,32013,5,1,6,15,24,"[48.94563430946964, 2.3638297989964485]"
2026-04-14 05:32:53,95b5aeb67c53e2f18a5e443e354b8cf9db274ff3,Joffre - Aigle,22503,3,3,6,14,20,"[48.904033, 2.245096]"
2026-04-14 05:32:53,205e8bbb88706fa4585110b79c1903a9fd7aaa0c,Française - Etienne Marcel,1102,4,24,28,8,37,"[48.864053304653766, 2.347587011754513]"
2026-04-14 05:32:53,2bc6b8224f48b145b9d87aaf552b4e7da0ef36b8,Nationale - Vincent Auriol,13017,3,2,5,25,33,"[48.83252708397293, 2.362354410392119]"
2026-04-14 05:32:53,f80b4808d5da6eb88366ce819e71c568b91b3927,Olivier de Serres - Leriche,15111,17,7,24,1,25,"[48.83460221715206, 2.2957482933998112]"
2026-04-14 05:32:53,680c3d131467e9103ad7bcbbe7ff27a91f45ee6a,Cours de Vincennes - Soult,12020,19,2,21,24,45,"[48.846918761569, 2.4105220288038]"
2026-04-14 05:32:53,feb9cac3f972756f4ecf6a50713a0297f172d81f,Temple - Haudriettes,3009,4,9,13,4,19,"[48.861636880212, 2.3566960206458]"
2026-04-14 05:32:53,82919a529c79b05b0dba0465c5a067fe02aba62b,Blancs-Manteaux - Archives,4014,0,6,6,22,29,"[48.85941800703, 2.3559471219778]"
2026-04-14 05:32:53,7781769e33ec94488b45c99b9ca5a7436e1396ae,Didot - Mariniers,14022,5,2,7,27,35,"[48.82650543613106, 2.313136198271666]"
2026-04-14 05:32:53,14f88ee39a63cc826baf4712cb26b2afde3ba574,Lagny - Auguste Blanqui,31001,2,2,4,23,27,"[48.84922568052601, 2.4218603968620305]"
2026-04-14 05:32:53,270b5746bbd83da770a47d33e116d4fdd48d9582,Kléber - National,22502,4,2,6,13,20,"[48.906333898712234, 2.2393910586833954]"
2026-04-14 05:32:53,a06fdc45b41c5b11da661d541357ded1b1860945,Mairie du 3ème,3006,2,13,15,15,32,"[48.86446178139141, 2.361762821674347]"
2026-04-14 05:32:53,0625e4044918ac98b922d01bd8126f309c18049a,Saint-Michel - Luxembourg,5122,1,3,4,25,29,"[48.84501507626, 2.3394941166043]"
2026-04-14 05:32:53,1ead69063eaa41e41cb9d80260ef687f7206df36,Sainte-Elisabeth - Turbigo,3005,1,14,15,17,33,"[48.86610337431, 2.3596492409706]"
2026-04-14 05:32:53,2787fee11d109c5ba0afcc30daed9e5ae0a4e203,Pierre Sarrazin - Saint-Michel,6031,0,18,18,15,33,"[48.850908146398, 2.342130728066]"
2026-04-14 05:32:53,aa9d8109005126d0f27c927f96a44ab61ade7644,Eugène Varlin - Place de la Paix,48005,2,0,2,21,23,"[48.792862, 2.363093]"
2026-04-14 05:32:53,4c92a481013d4ed13e89e3da186fb1646737c765,Froidevaux - Boulard,14133,2,0,2,33,35,"[48.835147319625, 2.3294411972165]"
2026-04-14 05:32:53,2bb7c7258dbb722419a81517e9935e05bb9a0d01,Tiron - Rivoli,4012,1,11,12,14,28,"[48.855692253233, 2.3579058051109]"
2026-04-14 05:32:53,602114e8abcec23219e7fefc43c4fd363773c945,Bas - Gabriel Péri,26006,3,26,29,1,30,"[48.91585580539625, 2.2948095202445984]"
2026-04-14 05:32:53,a40647681a782571677fd7013a63e8aaade23fd4,Saint-Gilles - Turenne,3002,2,6,8,9,18,"[48.858158956779, 2.3647149920992]"
2026-04-14 05:32:53,c37d6a63e0214a43de02e326ffd42bd8de94b8bf,Place Paul Delouvrier,19130,10,11,21,17,42,"[48.89197621431365, 2.3851288855075836]"
2026-04-14 05:32:53,b3fcaf6cbb3b2fab362166555f6ffe8f9ade79d1,Aboukir - Alexandrie,2016,5,11,16,4,21,"[48.86868344444473, 2.3502043269474897]"
2026-04-14 05:32:53,6716f5b56818f4e3faf2fec39981a67540599648,Saint-Bon - Rivoli,4018,1,18,19,12,31,"[48.857999643315, 2.3502172809763]"
2026-04-14 05:32:53,6ac123fae34f8668436e35848b5d55be480e671f,Porte de Saint Cloud - Parc des Princes,16044,9,16,25,7,32,"[48.838662757066, 2.2525164484978]"
2026-04-14 05:32:53,f70b808f64afeecba274f2a613f8d658ff67f6d6,Village Saint-Paul,4009,2,3,5,23,28,"[48.852639866625, 2.3607301712036]"
2026-04-14 05:32:53,f06889ffe58637e9672f38779ef7e82449eff6b3,Chaussée d'Antin - Haussmann,9039,0,0,0,27,28,"[48.87243, 2.33359]"
2026-04-14 05:32:53,5e497c44c570ca4460ad5fc06a55839e63568101,Gare des Vallées,22506,12,6,18,1,20,"[48.913179, 2.257726]"
2026-04-14 05:32:53,0806d90be088f3c9ffe6c7cf82eb333ac416b068,Alger - Rivoli,1018,2,11,13,4,21,"[48.864773553495, 2.3294493936128]"
2026-04-14 05:32:53,6d8fe5d7be4c6214b2a19006cef1f452871c0e0e,Mairie du 2ème,2008,1,2,3,25,28,"[48.8672190355135, 2.3404625437747044]"
2026-04-14 05:32:53,8d381a1592d5f375efc07c9f070e4af1363e54ac,Place du Lieutenant Henri Karcher,1026,1,23,24,6,30,"[48.863490871724466, 2.3400671035051346]"
2026-04-14 05:32:53,08b1b85fcd83956e8947523b01207c113020a084,Grande Rue - Europe,23101,6,0,6,19,25,"[48.8218104687602, 2.205879874527455]"
2026-04-14 05:32:53,2c802f800c0206932741aa642d3469e741a9ec25,Ventadour - Opéra,1116,1,15,16,11,27,"[48.866810653323, 2.3343884482519]"
2026-04-14 05:32:53,c88cc5aebe733874c6f00ac9c7d4f76e31d304a0,Port - Confluence,32024,5,0,5,19,26,"[48.936093926526, 2.3436167797955]"
2026-04-14 05:32:53,81ea30afdad8b9732b97c819b145154b1e68103c,Saint-Amand - Labrouste,15040,16,13,29,7,36,"[48.834097274832295, 2.3087677359581]"
2026-04-14 05:32:53,9454c490f419bb0756d0effdc14cdfde0fe9a724,Saint Pères - Saint Germain,6201,0,1,1,20,22,"[48.853729675265, 2.3300181032703]"
2026-04-14 05:32:53,ed44df3cd300338d6370f3f2fa423160a355c936,Saint-Placide - Cherche Midi,6026,1,20,21,40,66,"[48.8490535919234, 2.325317971408367]"
2026-04-14 05:32:53,439c546b6451911ce7d8e737800cba9265f7267b,Marx Dormoy - Château Sainte-Barbe,22601,12,1,13,9,22,"[48.791782341055324, 2.297856844961643]"
2026-04-14 05:32:53,d54a7c34d81bef73fa633a2419acb080cef1f9e1,Amédée Huon - Fort d'Ivry,42018,5,1,6,23,31,"[48.805131376899986, 2.388489693403244]"
2026-04-14 05:32:53,4f4ae1c7942b4292d12302497e0797e036951b05,Decrès - Alésia,14201,9,0,9,21,30,"[48.832200060759, 2.3139070151575]"
2026-04-14 05:32:53,7ca12f28b9c70ff6e9da834f1897cb84283dc041,Le Goff - Gay-Lussac,5003,1,6,7,26,35,"[48.846102400979, 2.3412207886577]"
2026-04-14 05:32:53,d9a8b876289a10913c0e151774d085a8e127b75f,Stade Pershing,12164,4,4,8,16,26,"[48.829107826857, 2.4583535268903]"
2026-04-14 05:32:53,bdf919c74307b7d3b035d9f112673ea626c80c12,Résistance - Parmentier,31020,6,0,6,29,35,"[48.85965138131299, 2.436705082654953]"
2026-04-14 05:32:53,608c6ee0da80107fd4e8a1d2d71db42a21497661,Arthur Ranc - Hôpital Bichat,18112,3,0,3,23,26,"[48.8978712500682, 2.333521842956543]"
2026-04-14 05:32:53,c5ba8d71ac3602ee60e73778dc64f9ceae68236c,Suresnes - Muette à Neuilly,16139,1,4,5,22,30,"[48.868570404348, 2.266000919044]"
2026-04-14 05:32:53,57ea52660d513330db8fffe7a3282df22f8ba9c6,Parc Floral du Bel Air,12166,2,3,5,19,25,"[48.839285711865735, 2.438560165464878]"
2026-04-14 05:32:53,1e9b5bcb68cb256e67f98ded56e0eefe7983fb9c,Place de la Division Leclerc,22603,2,0,2,29,34,"[48.793824988636516, 2.2731140430551027]"
2026-04-14 05:32:53,65f57113e7e0ac037aa175113b76212fd9ce5aa8,Cardinal Lavigerie,12113,2,20,22,23,46,"[48.832934193699835, 2.402636749399156]"
2026-04-14 05:32:53,a6f5b1a2468a4af31a6418082f37dbd6d4b1688b,Belfort - Victor Hugo,21119,12,8,20,2,24,"[48.9018492, 2.3172724]"
2026-04-14 05:32:53,81c190e88dec91079a2bbd3dfc05a1f3eec97219,Belles Feuilles - Place de Mexico,16010,1,1,2,21,23,"[48.865804746474, 2.2829206287861]"
2026-04-14 05:32:53,4c1ae1315cd829ff02a98281a804b95a968aa78a,André Theuriet - Blagis,23042,1,11,12,16,30,"[48.77977325745441, 2.3130525648593903]"
2026-04-14 05:32:53,e9c72df04f859285e4104822bc61f21f6ec32e2b,Lampes,42019,3,23,26,15,43,"[48.81152481985875, 2.4017931148409843]"
2026-04-14 05:32:53,93e3d91d7866de1c3b9b48a8ca13fff8bae194a0,Jules Guesdes - Carnot,32020,1,14,15,0,16,"[48.93828169931872, 2.3508992046117783]"
2026-04-14 05:32:53,5377ffe01dfa656284142bd9026d0c3145006b90,Les Halles - Saint-Eustache,1008,0,17,17,15,32,"[48.86362695901683, 2.342623919248581]"
2026-04-14 05:32:53,f59b3a7302684d18df7c22f1ed90649c3469dd4e,Place de l'Eglise - Vitry-sur-Seine,44004,5,21,26,0,28,"[48.791922819921815, 2.395057752728462]"
2026-04-14 05:32:53,a29173e9b907a4a17d3dbccd1c5af5bc65409c7a,Porte de Pantin.,19046,2,0,2,31,33,"[48.889199725577, 2.3950181901455]"
2026-04-14 05:32:53,c54cfc0091990fb3a98c86fe25f8deb538b32d7d,Danielle Casanova - Opéra,2020,1,4,5,14,20,"[48.867643242297, 2.3333894088864]"
2026-04-14 05:32:53,a102644cb42cd4eb54b697ade92f0a7ac59a584b,Bréa - Raspail,6007,1,0,1,23,24,"[48.842738478258, 2.3297942217634]"
2026-04-14 05:32:53,5928e531f2f81754d8a5acb32c1189bd8cccee05,Vaugirard - Monsieur le Prince,6029,4,5,9,16,26,"[48.848951441614, 2.3411329463124]"
2026-04-14 05:32:53,017c92e345f337b15c2f20eac5cc49cee4e66739,Victor Hugo - Paul Eluard,42210,9,17,26,6,32,"[48.819602554907, 2.4114319673051]"
2026-04-14 05:32:53,0f41f9a91b27f7cc2808362a80a63a9649666b80,Blanqui - Docteur Bauer,34013,10,3,13,13,28,"[48.907735489085, 2.3407192814591]"
2026-04-14 05:32:53,1e22124decdfc3307cf05e14e255970e42ec9dc2,Silly - Louis Blériot,21011,5,8,13,9,23,"[48.83219045374266, 2.2340199351310734]"
2026-04-14 05:32:53,e5bcd92ec10f0321764e09bd3c5ee86fd968b70b,Paganini - Davout,20140,3,0,3,19,22,"[48.85135, 2.412021]"
2026-04-14 05:32:53,ce48da74049ee363151ae980941f785a6cb0e594,Stalingrad - Henri Luisette,48012,6,2,8,17,26,"[48.78363092456589, 2.366935946761926]"
2026-04-14 05:32:53,4328279e3e5eb9d1747bd50d773ca73e0a86b41a,Gare de Robinson,23303,9,18,27,2,30,"[48.7799259211605, 2.281828634440899]"
2026-04-14 05:32:53,0d02c5188779d2bbeadd800552e030a1fc20d541,Sorbier - Gasnier-Guy,20010,4,12,16,18,34,"[48.865217631011, 2.3936596512794]"
2026-04-14 05:32:53,61b2a2b8cdf08a23412157c182cf822752dd6675,Dutot - Place Alleray,15018,14,11,25,30,56,"[48.836826091766, 2.3071701095578]"
2026-04-14 05:32:53,bfa476f247126e15c18fb309e21ac9ddea752a8e,Vincent Auriol - Louise Weiss,13049,2,1,3,19,22,"[48.834001935501, 2.3703888058662]"
2026-04-14 05:32:53,653e5514dfcf4d230fb737578808a1ef2ee8e622,Mairie,32605,5,1,6,13,20,"[48.87914304162, 2.4163350908311]"
2026-04-14 05:32:53,2d23a3c9f44c0e6e709402401c149dda6429274d,Stade de France - Francis de Pressensé,32011,3,1,4,40,44,"[48.919141953558, 2.3620655760169]"
2026-04-14 05:32:53,330a28abbd209d9fb70d73919cb74d81caeb4d3c,Jouffroy d'Abbans - Malesherbes,17020,7,0,7,19,27,"[48.8850134, 2.3070717]"
2026-04-14 05:32:53,15cc92755c3cb8a504d05dbd35a1c90b23805a5f,Charenton - Wattignies,12202,4,35,39,1,40,"[48.836919119234, 2.3916775206425]"
2026-04-14 05:32:53,f6b378d69e4c3352caad1ab1b5677e02394da778,Béranger - Félix Faure,23206,4,1,5,23,28,"[48.80404828621485, 2.2848263373723436]"
2026-04-14 05:32:53,c80b0981299827a65e0760f829fe144fd0f27080,Stéphanie Bouvard - Gambetta,42030,5,23,28,1,30,"[48.814548138856, 2.4024386957288]"
2026-04-14 05:32:53,dcd6a1145c67af9963dc03f831e63ec33359cf92,Saint-Augustin,8018,2,3,5,40,45,"[48.8762009747008, 2.319786250591278]"
2026-04-14 05:32:53,0bb7742f1a9a3e1613a35d4b63ad2ce240bc5624,Mûriers - Père Lachaise,20142,4,2,6,14,20,"[48.864130509668044, 2.39164982067019]"
2026-04-14 05:32:53,8eccbe510fe326e1ae5270a0cd221f8001fc82ed,Martyrs de Châteaubriant - Jean Grandel,51008,6,5,11,27,38,"[48.951432, 2.211214]"
2026-04-14 05:32:53,1b8d3598b703d60c5c75b34299c8fe780bcb4071,Ney - Porte de Montmartre,18135,0,4,4,20,24,"[48.897918, 2.3364872]"
2026-04-14 05:32:53,01e864e19a5dde475dcf4702b6dcf6513699fc2e,Place Charles de Gaulle,24101,3,2,5,19,24,"[48.826073335699, 2.1894485725692]"
2026-04-14 05:32:53,53b332329a25e36665185fe2e82f41af951241c0,Clef des Champs - Albert Dhalenne,34011,6,5,11,17,28,"[48.914938, 2.330665]"
2026-04-14 05:32:53,13e7f935d6b14254fad35401736d6dac98cb12ae,Place du Maréchal de Lattre de Tassigny,21704,11,13,24,0,27,"[48.821707715257055, 2.2853431485432423]"
2026-04-14 05:32:53,3dc6c2abee43ed7d75db432dd2ae8db9d011d9b2,Chevaleret - Louise Weiss,13015,2,10,12,23,35,"[48.832586513351, 2.37121138812]"
2026-04-14 05:32:53,ed2254223413913a41e5df055128a213ba3d05b0,Place Denfert-Rochereau,21002,11,5,16,4,20,"[48.843252536286684, 2.245987951755524]"
2026-04-14 05:32:53,18a04180a3923a71b59a18041569ef1e980dba3c,François Ponsard - La Muette,16021,5,0,5,18,23,"[48.8583666, 2.2744515]"
2026-04-14 05:32:53,628cfd68d046d52c91fa5d330eaf341df5ba1f6d,Mairie de Rosny-sous-Bois,31104,6,1,7,19,30,"[48.871256519012, 2.4865807592869]"
2026-04-14 05:32:53,f3b416703df1cfefe4959759341930b80fa04ba1,Gobelins - Port-Royal,5027,5,30,35,2,40,"[48.837135900263, 2.3515201359987]"
2026-04-14 05:32:53,cb412be987a6d84da1db4aa76e34d158b7d8b797,Porte de Versailles,15203,6,10,16,10,28,"[48.832324016657, 2.2875617349045]"
2026-04-14 05:32:53,427ca06b572c2af80cb37527314c7aa91fa34c01,Maxime Gorki - Paul Vaillant-Couturier,48006,1,15,16,4,20,"[48.79673508795443, 2.3683342337608337]"
2026-04-14 05:32:53,dd6b9ec43273ceb6181cc8d0822caa1bbba86a20,Euryale Dehaynin - Loire,19117,11,4,15,14,30,"[48.886248917304805, 2.3774591088294987]"
2026-04-14 05:32:53,2ba33386a22a8e166fc9157dc1f6b7acdb9b504c,Dôme - République,21022,10,12,22,3,25,"[48.832681, 2.250257]"
2026-04-14 05:32:53,2f21939d7d18a1a90772aa9ab9d28d45937cd6e5,Pyrénées - Cours de Vincennes,20003,3,4,7,12,21,"[48.847796779935, 2.4061721563339]"
2026-04-14 05:32:53,bdf1e7fff3ed64c327f14b49d0528327a1aabd08,Franquet - Labrouste,15041,17,8,25,12,37,"[48.83287705011431, 2.306762784719467]"
2026-04-14 05:32:53,ce5de868b6cdcf7e1e7890d4d3d99cb979d692ec,Hauteville - Bonne Nouvelle,10003,3,1,4,13,17,"[48.87077436024, 2.3496496368327]"
2026-04-14 05:32:53,2a6822a868a1bda852bd8aecf6eec189a269b8ad,Gouthière - Poterne des Peupliers,13028,1,3,4,29,33,"[48.820507, 2.351342]"
2026-04-14 05:32:53,11f6bde5d01e1eddc99f9fce4195091e2b4789e7,Moscou - Edouard Vaillant,30003,8,4,12,16,30,"[48.90755810177, 2.4689837335263]"
2026-04-14 05:32:53,62fff7d47f8a2a7eda9f4b44797ffe8e543dc293,Guillaume Tell - Parc Henri Barbusse,35013,11,3,14,6,20,"[48.88958925894009, 2.4198862910270695]"
2026-04-14 05:32:53,95ea5cdbe5c82ab6b676749599e322ab7639f34e,Pyrénées - Charles Renouvier,20020,11,1,12,16,29,"[48.86095933229224, 2.400421852042113]"
2026-04-14 05:32:53,d210257c5b9e2109d3638908aff5b16d4e4dfea7,Suffren - La Motte-Piquet,15024,0,15,15,7,23,"[48.850881230919, 2.3012199997902]"
2026-04-14 05:32:53,0651f8c9f4c5934133f721ce10628c4cfb9f8214,Duméril - Jeanne d'Arc,13006,11,26,37,2,40,"[48.838151608087, 2.3571084495564]"
2026-04-14 05:32:53,05ed3bb2bc7938cc6b08d2ef1bb41d192382265e,Sydney Bechet - Jacques Gautier,23803,1,2,3,17,20,"[48.844373437692, 2.1882475733068]"
2026-04-14 05:32:53,1308403e1ec5366355d79578b0b7e981a82c36b1,Port Royal - Hôpital Cochin,14004,5,0,5,18,23,"[48.838608030238, 2.3406994164846]"
2026-04-14 05:32:53,edb6e24a9849866309649f4cc23a692cefc4fb2b,Dominique Pado - Croix Nivert,15050,2,20,22,0,22,"[48.83648798164934, 2.2897250577807426]"
2026-04-14 05:32:53,aed7e9ba49e9feee362a969d38bff8fe3da5b1d8,Jean de la Fontaine - Boulainvilliers,16025,3,64,67,1,68,"[48.85264791461651, 2.2758664190769196]"
2026-04-14 05:32:53,cc3fe62b613b6861a90925fc677078b869d91615,Olympiades,13036,2,2,4,32,36,"[48.826764665199, 2.3650860786438]"
2026-04-14 05:32:53,c0f74fe3599ebe0105aa9462cb704d3634021ec7,Montreuil - République,43004,0,3,3,22,25,"[48.85026349463687, 2.4345204234123234]"
2026-04-14 05:32:53,393549b0b62e88eb3ffa3c723345cc419b6741d5,Siam - La Pompe,16017,3,0,3,12,16,"[48.861720329027264, 2.275346568555312]"
2026-04-14 05:32:53,8f69a2b26100d13ffcbcaa41b103a603aebd8cee,Saint-Séverin - Saint-Michel,5033,0,16,16,12,30,"[48.852731305488, 2.3440927639604]"
2026-04-14 05:32:53,7caf2d9668af84050a03854b0a6a62291747ddf7,Marcel Pourtout - Édouard Manet,25004,4,10,14,10,24,"[48.87555620763429, 2.1655967831611638]"
2026-04-14 05:32:53,2435f0dcfbdc516d38bb7830ead7b182d8fcaa5b,Sahel - Général Michel Bizot,12022,13,11,24,23,47,"[48.840872964793355, 2.4044444784522057]"
2026-04-14 05:32:53,3416630b512840c39195513c937db09400d77694,Place Aristide Briand,42205,12,6,18,17,35,"[48.82189236575831, 2.413003742694855]"
2026-04-14 05:32:53,1cd1f9a1df1633ea03f1671af30c9b32b91499ae,Charonne - Alexandre Dumas,20014,7,11,18,17,35,"[48.856077415056, 2.3948693275452]"
2026-04-14 05:32:53,82b31304edd4cb56a6d72252a3529d9d450a2e9d,Général Leclerc - République,22701,14,12,26,3,30,"[48.915885074177, 2.2682306702811]"
2026-04-14 05:32:53,85926b49b65a1c2bd133d5b08669753cfaccf7cc,Legendre - Nollet,17110,18,7,25,4,30,"[48.887742186754224, 2.320293079881375]"
2026-04-14 05:32:53,a98c17ac818333211219d6c0b63e06fb228eeb48,Maine - Jean Zay,14035,2,0,2,48,50,"[48.837925263898, 2.3225428909063]"
2026-04-14 05:32:53,2d597e97f03fe3d7ee60abab45b84eac4cdda7fb,Gambetta - Tourelles,20110,1,0,1,18,20,"[48.875337902264, 2.4059921130538]"
2026-04-14 05:32:53,5ea6bad78985f9424fae7f74f100709d556cb2ba,Gabriel Péri - Place de la Libération,21218,6,0,6,12,18,"[48.819828421929, 2.3117361743705]"
2026-04-14 05:32:53,6731e57aa17b4ea0d7caca9bf160f017179315fe,Guy Môquet - Compoint,17006,14,13,27,7,36,"[48.89213559044868, 2.32321947813034]"
2026-04-14 05:32:53,9d93e5d83a4c27cae3cd341709580b5a0e4f3f7d,Championnet.,18101,12,6,18,4,22,"[48.8953643, 2.3498166]"
2026-04-14 05:32:53,fdf2cd281572789326e1299e055f03b79337e855,Verdier - République,21207,2,3,5,23,29,"[48.815403766277, 2.31739372015]"
2026-04-14 05:32:53,b3f2f936648f0002a1219c0d385ab37e8af983a7,Bois de Vincennes - Polygone,12122,0,5,5,46,51,"[48.83544491617421, 2.431421081436563]"
2026-04-14 05:32:53,f2112b06f6a58db2ffdc3d0362f209cdf57f4f45,Jean-Baptiste Charcot - Sainte-Geneviève,24007,5,11,16,5,21,"[48.90310883721567, 2.278892956674099]"
2026-04-14 05:32:53,2c4c89f3987ed3eb30d2b2f7dbd3fd90ad6ec526,Regard - Rennes,6004,5,0,5,39,46,"[48.847385404956, 2.3268555477262]"
2026-04-14 05:32:53,5a87c3b8982f9a860db871ec28ab6d144e228181,Pasteur - Cotentin,15114,1,0,1,31,33,"[48.8389284, 2.316356]"
2026-04-14 05:32:53,93478541d11dead6e135b688573faed01166aac4,Guillaume Bertrand - République,11028,11,6,17,21,38,"[48.863825174341, 2.380906377155]"
2026-04-14 05:32:53,c9ed0a09eb401f12f106a98223523273da37cb0e,Victor Hugo - Bineau,22014,7,6,13,11,25,"[48.88758225888669, 2.2783890366554265]"
2026-04-14 05:32:53,5de26b3b2bd66ed0db17ced55937adcc9bd63f0f,De Gaulle - Moulin,28002,11,1,12,11,23,"[48.885816808239, 2.229607694148]"
2026-04-14 05:32:53,62fd5232f6b9fc109693c70b5d91791749398f77,Hôtel de Ville de Rueil-Malmaison,25002,2,4,6,14,20,"[48.878194, 2.181724]"
2026-04-14 05:32:53,6102f8c6d0df603deee7567bfbe167933a39a21d,Pyrénées - Dagorno,20011,7,0,7,12,20,"[48.855425770695085, 2.4051643162965775]"
2026-04-14 05:32:53,a90af0230756243ac77c217c75ce1ff1c32997d0,Crimée - Ourcq,19001,18,9,27,29,56,"[48.894104140316, 2.3729460884673]"
2026-04-14 05:32:53,eda1ed81a8c0e7e17bf32158dee5c297712dc7e3,Bobillot - Moulin des Prés,13023,15,1,16,11,28,"[48.828657346203, 2.353020646317]"
2026-04-14 05:32:53,92772bca51bb55f12c7f3f0d045a65e542cec69a,Mairie du 20ème,20106,2,10,12,15,27,"[48.865302324275, 2.3990669846535]"
2026-04-14 05:32:53,521f4264fdf96f7100dee9bde853f6d85c870329,Ménilmontant - Oberkampf,11029,17,9,26,13,40,"[48.866617658681, 2.3830134404158]"
2026-04-14 05:32:53,805cb49fea49ef8cbeb309b291bd0617a74e87b5,Montparnasse -  Square Ozanam,6005,2,0,2,47,49,"[48.843310567822, 2.3265242949128]"
2026-04-14 05:32:53,850077209539281d164c97c633413ed6cf637888,Place Saint-André des Arts,6020,1,20,21,13,37,"[48.852886173881, 2.3426544293761]"
2026-04-14 05:32:53,0a8c597b87cc37f9905444dce454a6a27f6f4114,Rond-Point Rhin et Danube,21007,4,34,38,15,53,"[48.840452820991764, 2.2280225157737736]"
2026-04-14 05:32:53,61ca52c21acc3f833a725f295b05d81a5c464a29,Flandre - Ourcq,19007,7,13,20,10,30,"[48.89260159189023, 2.3790915682911873]"
2026-04-14 05:32:53,1a244d03c7f9223e2dcd04908eadd22f18dfaa78,Geoffroy-Saint-Hilaire - Saint-Marcel,5105,2,14,16,0,17,"[48.83907826424974, 2.356877340669728]"
2026-04-14 05:32:53,208a9ac4c3294f7e884ce4ec1ab1648f7fa5651a,Bertrand Sincholle - Henri Barbusse,21107,6,4,10,12,23,"[48.89925982394349, 2.3042294383049016]"
2026-04-14 05:32:53,2c60ea7ca6b0f790bab3efb2d7057489cb7c1646,Ivry - Baudricourt,13037,4,1,5,14,20,"[48.824695995415006, 2.363106073577468]"
2026-04-14 05:32:53,0f26123936fe93a40a163f8e985e0e6a2c2595cd,Lacépède - Linné,5031,10,7,17,37,54,"[48.8437035476636, 2.354651279747486]"
2026-04-14 05:32:53,f5487bfd66c7f5597d512602456fff6aa74732d2,Jacquier - Didot,14025,12,1,13,16,30,"[48.82953336292279, 2.318179272115231]"
2026-04-14 05:32:53,fb9c97a55de4d8a45152e4cc14a60d5f6c71663c,Guynemer - Jardin du Luxembourg,6009,2,4,6,29,36,"[48.8466127, 2.3325478]"
2026-04-14 05:32:53,08468e40864ebdbeb4d123b7f5aa2ab2420afcd8,Paul Valery - Victor Hugo,16104,2,0,2,15,23,"[48.87137406080164, 2.2887128591537476]"
2026-04-14 05:32:53,c807f19d49bfa67150700051c8627233739f00e7,Alfred de Vigny - Place du Général Brocard,8044,1,0,1,31,33,"[48.87836138361425, 2.305254448220567]"
2026-04-14 05:32:53,fd1f722b3677b7133a7d6fb9afc2b80dcb68a924,Temple - Jean-Pierre Timbaud,11040,2,22,24,10,36,"[48.86446597201, 2.3660597205162]"
2026-04-14 05:32:53,0e409d133a80916cad7f8a2fa18312c55bb8f5ed,Place d'Italie - Soeur Rosalie,13008,3,0,3,49,52,"[48.831908520394, 2.3546943448098]"
2026-04-14 05:32:53,11528d707c0adf7be810965b93673339b90de768,Général Michel Bizot - Claude Decaen,12039,2,43,45,4,50,"[48.834812629825, 2.4009277881277]"
2026-04-14 05:32:53,2b6ceedb762a708e9c37d7172fd5fd27e92d0433,Marcel Monge - Marcel Dassault,21511,5,30,35,11,46,"[48.86096384533371, 2.2246733296048142]"
2026-04-14 05:32:53,b45b0278f47df555a0ecd42c02bcbe0d8ed7c915,Pablo Picasso - Olympiades,41213,2,29,31,5,36,"[48.855203, 2.48724]"
2026-04-14 05:32:53,68639f10161be8025b97ca3aecebeaa2043c1483,Legendre - Clichy,17004,10,7,17,22,40,"[48.888961618559, 2.3225289750944]"
2026-04-14 05:32:53,2091137ce29bdc85730ff6397458dec54549d4b2,Charles de Gaulle - Rue de l'Alma,24010,10,0,10,16,28,"[48.896620592993, 2.252313240191]"
2026-04-14 05:32:53,e11da50888d07d5bab8a24624d010cd7257a628a,Paul Doumer - Stalingrad,41101,5,17,22,0,24,"[48.806518992199, 2.3368880152702]"
2026-04-14 05:32:53,bb4bee2af9523944411d1cb7bed6f5cbc2d2b282,Louis Armand - Bernard Palissy,26010,9,11,20,0,21,"[48.916974, 2.313384]"
2026-04-14 05:32:53,2e90c577f0a6ff17766b9f33e59f3f907a6b48b8,Hippodrome de Longchamp,16140,7,18,25,5,30,"[48.86413226532, 2.239905372262]"
2026-04-14 05:32:53,21f4de1e4852665711b7c459a1087359589eda52,Payenne - Square George Caïn,3201,2,9,11,12,24,"[48.8578329, 2.3622643]"
2026-04-14 05:32:53,cdb73c478a76d752d1e32a1ca1a7e9e71447a356,Pyrénées - Ménilmontant,20035,11,0,11,15,26,"[48.8693268535238, 2.395084574818611]"
2026-04-14 05:32:53,33d6164c4ab8da0ffc3c5e1eebee1af2a3754c30,Pavé des Gardes - Charles Vaillant,23106,0,15,15,5,20,"[48.81168551728, 2.2111820107205]"
2026-04-14 05:32:53,5b4de62a26af58d8c0de5bf51e14718708d6f4ff,Félix Faure - Lourmel,15032,14,39,53,4,58,"[48.83868901709515, 2.2818081825971603]"
2026-04-14 05:32:53,a04a7b4107363966145f2dfcc46200980a8cbd7e,Gare RER - Général de Gaulle,22302,10,8,18,23,41,"[48.933548439566, 2.3064726536317]"
2026-04-14 05:32:53,07fdd3f65bc47bb717ca7d870a00413d5820ee0f,Epi d'Or - Chevilly,48011,4,8,12,8,20,"[48.781109786782, 2.3549050362061]"
2026-04-14 05:32:53,77fb885605cf2a32409a173a5353d8893978e460,Ménilmontant - Père Lachaise,20030,13,7,20,19,41,"[48.863287291502, 2.3869940266013]"
2026-04-14 05:32:53,9239fc7d6b60aa039230187928782de5110ae7a7,Abbé Groult - Convention,15039,9,5,14,12,27,"[48.83596927866069, 2.302064039509349]"
2026-04-14 05:32:53,5f090605d5152849046df5f6a1d105698fe7554b,Stalingrad - Barbara,22208,1,0,1,17,20,"[48.809223658808, 2.3175904558822]"
2026-04-14 05:32:53,592885b5caac69ad57a54c0582d4c2fbaf776ca9,Stalingrad - Général de Gaulle,45005,7,10,17,9,26,"[48.823450589614, 2.4965062363218]"
2026-04-14 05:32:53,a4cc3810712026d54ae7aad83e9341dafdcefd8d,Cartier Bresson - Denis Papin,35021,9,1,10,18,31,"[48.902616, 2.397814]"
2026-04-14 05:32:53,e810259e70ab7af793ab57f1b55807fa6a6abddb,Carpeaux - Place Jacques Froment,18018,10,5,15,3,19,"[48.8906542, 2.3309428]"
2026-04-14 05:32:53,6655ce5fa5467aa58749f67b5528f57d1ddc7e95,Faubourg St-Antoine - Place de la Nation,11201,4,0,4,12,16,"[48.8487726, 2.393606]"
2026-04-14 05:32:53,15e74203ef61e23c681ef3ffa3cf561d9cbee3bb,Place Henri Dunant - Gare RER,22602,4,12,16,14,31,"[48.788093281931, 2.2909234046643]"
2026-04-14 05:32:53,664d50ecec793194a0dd4a81f04fb85914c08356,Parc des Pierrettes,23205,3,6,9,13,23,"[48.7973062, 2.2909969]"
2026-04-14 05:32:53,39717ef427ef1cf2d4fa22767c08aa5cfcc23741,Guy Môquet - Jean Moulin,32023,2,12,14,15,30,"[48.940931521020836, 2.363948999931771]"
2026-04-14 05:32:53,8e6b93dee76c81becfe8be86ad68bb9e44ac7f94,Champs de Manoeuvre - Cartoucherie,12165,1,4,5,30,35,"[48.835261, 2.447974]"
2026-04-14 05:32:53,4a4b94a6072723ff22df8e95d342c36db915c893,Bastille - Biscornet,12001,2,39,41,18,62,"[48.851355779579, 2.369220033288]"
2026-04-14 05:32:53,c73a15e0e1e424ccb7eb03c5f9f4a0f24234f27b,Président Roosevelt - Rouget de Lisle,21320,0,18,18,22,40,"[48.83047518749, 2.2616135525345]"
2026-04-14 05:32:53,dd6f13e42b50d1ec45129a36fd37971db4fc6d05,Jean Bouin - Gouverneur Général Eboué,21327,2,14,16,13,31,"[48.824792734266, 2.2651904328524]"
2026-04-14 05:32:53,8a33ea1dd6128ce1988529aa44bf242e03bb6844,Gare du Nord - Demarquay,10163,6,13,19,11,30,"[48.881154, 2.358411]"
2026-04-14 05:32:53,6f79ce63beb8143bbea4b78158bc6a95f9b6aab8,Adrien Lesesne - Docteur Bauer,34005,16,8,24,6,30,"[48.90263867304635, 2.348248063431511]"
2026-04-14 05:32:53,01097fa3db3f097ad6c11e137bfb3baadf8bf209,Porte de Clichy - Place des Nations Unies,17127,10,5,15,23,40,"[48.896737263309504, 2.310542999196392]"
2026-04-14 05:32:53,6c4b97bef072c5ff354ce7fdde0f2ed57de877c6,Bateliers - Quai de Seine,34012,2,7,9,17,26,"[48.915817585516, 2.3239533298594]"
2026-04-14 05:32:53,2a073d5c9e5e7e44a11f5a29a541d3d812c89686,Roland Garros - Jean Bouin,23204,9,1,10,17,28,"[48.809460857173, 2.2853198638301]"
2026-04-14 05:32:53,2620e8a179c27da6847df8b1fce385f004139f23,Simone Signoret - Paris,31303,9,4,13,15,28,"[48.903600624712865, 2.465406596265139]"
2026-04-14 05:32:53,de8fe1a0c2ebc01ba418cb98030a7e8911f9290b,Pontoise - La Tournelle,5107,2,4,6,17,23,"[48.850458009188, 2.3524542754922]"
2026-04-14 05:32:53,6ef8cfaaf12c95adb0b82197685f198e74a5f05b,Gare de l'Est - Chateau Landon,10026,6,17,23,35,59,"[48.879305, 2.362424]"
2026-04-14 05:32:53,f18b24f0685efe5c267cc1b94a793f81daa58917,Jonquière - Docteur Paul Brousse,17010,8,20,28,24,54,"[48.894799816683985, 2.318705212173216]"
2026-04-14 05:32:53,febd49c3977e641869310a47902b3c3d4240a3dd,Clignancourt - Ordener,18024,7,6,13,22,35,"[48.891457726153774, 2.348636478060487]"
2026-04-14 05:32:53,faf5791298fd0c1a05acbd80e5f5a1ddaba2cb64,Lauriston - Copernic,16006,4,2,6,13,19,"[48.86926, 2.289918]"
2026-04-14 05:32:53,4adab4ae2bb92cbb96ce32b1146e12d23052b9f3,Westermeyer - Paul Vaillant-Couturier,42004,3,14,17,8,25,"[48.819116181578764, 2.3966637253761296]"
2026-04-14 05:32:53,b81ee468203a3da8ead5f31b96b36f557dec2978,Joseph Sansboeuf - Saint Lazare,8008,0,1,1,31,32,"[48.875315630653, 2.3229019716382]"
2026-04-14 05:32:53,b7be951c088f9508db3ec7f1bfc2b61954004cd6,Choisy - Pointe d'Ivry,13205,4,1,5,19,24,"[48.822154170359, 2.3633708034878]"
2026-04-14 05:32:53,3db57ca407c98f57c856ef384198dca6c5249d8b,Jourdain - Place des Grandes Rigoles,20112,5,0,5,17,22,"[48.874031137272, 2.3895947635174]"
2026-04-14 05:32:53,7f0236d608579b0e4c574b0725f461cc9f8daaa0,Place De Fontenoy - Saxe,7201,3,2,5,13,18,"[48.850270554523, 2.3069813815839]"
2026-04-14 05:32:53,74753ec0167e1c1efdf4137e4adc4629f56ff227,Charles de Gaulle,22019,1,0,1,17,18,"[48.885368380902, 2.2595618686871]"
2026-04-14 05:32:53,cf2be82d26e7dde1107af0b58a965e4025a306ca,Suzanne Masson,31201,7,9,16,18,37,"[48.923306888013, 2.3847292397611]"
2026-04-14 05:32:53,cb28c4f8ec50336daf14b394e75074e5ab03978a,Granges aux Belles - Hôpital Saint-Louis,10114,3,14,17,41,60,"[48.874794994841, 2.366669436985]"
2026-04-14 05:32:53,83532c43315e371f68137a9378d29977d151bbf7,Ney - Porte de Clignancourt,18134,3,0,3,22,25,"[48.8978867, 2.3458001]"
2026-04-14 05:32:53,4f024ad0cb21afd384a2518f64c45eae835abc8f,Square de Choisy - Eastman,13203,3,0,3,20,24,"[48.828543456283, 2.3583075090494]"
2026-04-14 05:32:53,bf16d7a4975ca4b433be1853b2e952322a73a7a2,Saint-Jacques - Soufflot,5201,1,1,2,14,16,"[48.846280383395, 2.3430785379567]"
2026-04-14 05:32:53,c1af185fe1c7797b7253eb0f537530b4e3a34d52,Clichy - Douai,18044,1,0,1,31,32,"[48.883687771522, 2.328063700029]"
2026-04-14 05:32:53,d2776abc4baf73bec29db5e188afd26022e0d7d1,Place de la Nation - Taillebourg,11014,1,0,1,46,47,"[48.8488408, 2.3973043]"
2026-04-14 05:32:53,f9dc9dcc254515877ade41b9502dcaf322bc8ca8,Rochechouart - Martyrs,18041,1,0,1,18,20,"[48.882193779572, 2.3405495658517]"
2026-04-14 05:32:53,5714b30d856c2317838d7896a3ff7f70ec7a6ada,Vanne - Général de Gaulle,21213,6,4,10,14,25,"[48.815007, 2.328318]"
2026-04-14 05:32:53,353630d38e1d0f47600072391369c0b640e519e3,Montreuil - Voltaire,11012,15,10,25,6,34,"[48.850507011842, 2.3930755582745]"
2026-04-14 05:32:53,0dd9c08b54071b85286bca4dfb6ce45fb6287ce9,Boulets - Voltaire,11009,4,18,22,15,38,"[48.85218705621, 2.3890301585197]"
2026-04-14 05:32:53,efbbd3fa968086b82daacc417aceda1f662d69c0,Jean Jaurès - Ouvrières Pivéreuses,35001,7,4,11,9,22,"[48.910423437526, 2.3995766043663]"
2026-04-14 05:32:53,b9712136d782500c552e6b9f5cc25b0538cea278,Place de la Montagne du Goulet,15060,3,6,9,12,21,"[48.8443415, 2.2773844]"
2026-04-14 05:32:53,d13655095eb7c65db176b047c9ba4732047da71f,Mauroy - Cheminots,18205,6,0,6,26,32,"[48.897715198403, 2.357895075822]"
2026-04-14 05:32:53,68a72a31aba2aad6bf7d01ec53d8c78163fb8e82,Belfort - Voltaire,11020,11,28,39,12,53,"[48.8563358, 2.3829901]"
2026-04-14 05:32:53,e530f40a0b74d9993f054bbe3b8fae42738281b4,Ecole Militaire - Place Joffre,7111,3,6,9,17,26,"[48.852060203583, 2.3017993569374]"
2026-04-14 05:32:53,57bf1d2891e51046c6169267add355fabdeed7c7,Traktir - Foch,16103,1,0,1,21,22,"[48.872755334614, 2.2915497802487]"
2026-04-14 05:32:53,757911714320ea7b5e8d16b4bdf99d5baad8ef1a,Dunkerque - Faubourg Saint-Denis,10203,0,0,0,51,51,"[48.879591377764, 2.3570314097411]"
2026-04-14 05:32:53,ad90572613196dd5e8eb1d899c9335992c9154fb,Quai de Béthune - Pont de la Tournelle,4108,0,10,10,15,25,"[48.85097433194, 2.3563072085381]"
2026-04-14 05:32:53,cc3086b85cd3757ddc9a74ff4341adf16357921d,Stade de la Habette,40012,2,0,2,14,16,"[48.774397033806, 2.4668785263921]"
2026-04-14 05:32:53,2771b8018c5d5b2cf6b888a73eb9f5222a26c956,Hôtel de Ville de Créteil,40013,6,8,14,22,36,"[48.77699496201, 2.4552552404284]"
2026-04-14 05:32:53,24518bdd829cf73779bb6c5e68543a43cc7ddf58,Diderot - Pierre Bourdan,12107,2,14,16,5,21,"[48.847648620797, 2.3902582749724]"
2026-04-14 05:32:53,bbf740de6e23e7a4b363b162983ce67c79ccc4b5,Créteil Pointe du Lac,40014,1,3,4,24,28,"[48.769807356177, 2.4623027310281]"
2026-04-14 05:32:53,291dea4f3b1c150806ad038ebe237ab7674c0e10,Place Charles Vallin,15122,13,10,23,3,26,"[48.835523812041, 2.3025986552238]"
2026-04-14 05:32:53,d8b0fa950922cf258f6e6338cef4c836f9fde67b,Hôtel de Ville d'Asnières sur Seine,26005,6,20,26,3,30,"[48.90999330025577, 2.288238108158112]"
2026-04-14 05:32:53,03ac5c58468e5bb6192f3a68dc2e5e0783a6b675,Réaumur - Montmartre,2202,0,0,0,38,38,"[48.86791186523, 2.3448715883461]"
2026-04-14 05:32:53,06bd52853b80aba89b0099e9749105b9f7142667,Place de la Gare,23801,1,12,13,6,20,"[48.838513582184, 2.1866139007512]"
2026-04-14 05:32:53,eaa880c0d27b2cb2e064abb4f2c1988a7293cf34,Place de la Porte de Châtillon,14021,6,1,7,52,59,"[48.8242469, 2.3186306]"
2026-04-14 05:32:53,2e1c9da6c602acbc347d93bdba8d3169b9a5677a,Port-Royal - Hôpital du Val-de-Grâce,13001,10,6,16,0,18,"[48.837668272811, 2.3448138346607]"
2026-04-14 05:32:53,45ead9f64d5f6a9bbc84837fcb8d534a7a5a9e5f,Chevreuse - Montparnasse,6010,1,0,1,13,15,"[48.841739161231, 2.3315522167367]"
2026-04-14 05:32:53,88efa9cdfe05ce235798a17ae5e76c7fe22b75f1,Gare Montparnasse - Arrivée,15001,1,0,1,41,43,"[48.843827994315, 2.3225811123848]"
2026-04-14 05:32:53,d89b19b23e98a200afe5ede86860cdabe5a840be,Place d'Italie - Vincent Auriol,13010,4,14,18,22,40,"[48.831481874467, 2.3567550292319]"
2026-04-14 05:32:53,158c3eb37217ddbeccefdc57b4bb277d8f96cf24,Charles de Gaulle - Jean Lolive,35014,9,2,11,14,26,"[48.8932644350857, 2.4126765131950383]"
2026-04-14 05:32:53,c4e0db59e53c8a0beea6ad382cd912d50178f185,Alibert - Jemmapes,10013,2,39,41,18,60,"[48.871044051984, 2.3661044619878]"
2026-04-14 05:32:53,6ba8b1e1910562f3a20c65f83b98be7a1c86e4de,Institut de France,6001,2,11,13,19,34,"[48.857615678565, 2.3358313530377]"
2026-04-14 05:32:53,8c6e99b7513c3240c3892b766059d2fb371a48f5,Danielle Casanova - Place Vendôme,1022,1,4,5,31,37,"[48.868266498223, 2.3304839059711]"
2026-04-14 05:32:53,cc88dce418776a9f10101fcab7e0cec757ce1935,Bois de Vincennes - Gare,41301,9,14,23,25,50,"[48.836022242887, 2.470833995083]"
2026-04-14 05:32:53,e4c09436fce9818242d35abe83f1b4f6726886d3,Pailleron - Bouret,19203,3,0,3,24,27,"[48.880516995482, 2.3763902374411]"
2026-04-14 05:32:53,781077a4a8739b45f76dc2efe576eb9c06c4b787,Michelet - Dr Bauer,34014,14,16,30,2,32,"[48.906125424194, 2.3440374449846]"
2026-04-14 05:32:53,9fdeee20bdb5d054cc49d932f118ea5d3dc18a78,Jean Jaurès - Gare de Clamart,21404,12,3,15,5,20,"[48.81321981219, 2.2716768079163]"
2026-04-14 05:32:53,0603c76faf8f6f983359056422b771199e203a4d,Victoria - Place du Chatelet,1002,0,5,5,17,22,"[48.857992591527, 2.3469167947769]"
2026-04-14 05:32:53,b6a1ec7aba63788e46ab101b77759cd6c04aa45b,Franklin Roosevelt - Kennedy,45503,0,0,0,0,0,"[48.771834767798, 2.3593850463633]"
2026-04-14 05:32:53,93b904cbcfac498d78c3353d2883eaad0a581b23,Louis Dain - Rosiers,34015,10,21,31,2,35,"[48.904676215771, 2.3379541963343]"
2026-04-14 05:32:53,8e4caae429aed7428fe6406eb10b53e81fe03e7b,Proudhon - Président Wilson,32001,12,6,18,10,30,"[48.906442763495, 2.3584905266762]"
2026-04-14 05:32:53,d1726a731bc17e06bea47e98b37ee3ac5cb5e356,Gare RER les Saules - Chandigarh,43103,5,5,10,7,17,"[48.745653981945, 2.4169882184347]"
2026-04-14 05:32:53,493277c9e8cd85c766da09cb7cede3f1fa725ed3,Suisses - Colonel de Rochebrune,23806,1,1,2,14,16,"[48.85440659426, 2.1975097137701]"
2026-04-14 05:32:53,fd26e1d930d0b8f781d2665c8636b55c1bddd843,Place du Moulin de Javel,15058,2,16,18,27,45,"[48.84021670922, 2.2716060653329]"
2026-04-14 05:32:53,05e10fd205855375b430a4b26bb3adb8416145d9,Square Bela Bartok,15204,2,16,18,5,24,"[48.850984480382, 2.2844360220351]"
2026-04-14 05:32:53,4b1b913688481ffd0010b3fc836b6e8d1055111d,Madeleine Vionnet,33019,7,2,9,26,34,"[48.902519074064, 2.3740895837545]"
2026-04-14 05:32:53,db4f3f6c6d0bb29988e0674d59e4b17b121d157c,Cité de la Musique,19018,3,4,7,52,60,"[48.888796556487, 2.3925811931922]"
2026-04-14 05:32:53,26a0a0b5418ab78eec5a11ecbc624b9f4d412a9c,Clichy - Place Blanche,18043,0,0,0,18,20,"[48.883601088297, 2.3332237824798]"
2026-04-14 05:32:53,a5339819b28898f5b7cc86f897f443898e6634f1,Malesherbes - Place de la Madeleine,8004,8,16,24,46,67,"[48.870406028483, 2.323243509808]"
2026-04-14 05:32:53,00e985524131cf94424a46c0598dd98bd352512d,Benjamin Godard - Victor Hugo,16107,16,8,24,10,35,"[48.865983, 2.275725]"
2026-04-14 05:32:53,15371b1b66cdcafd91af2355dc9ea9a6755c1841,Charcot - Benfleet,32304,4,2,6,22,28,"[48.878370277021, 2.440523876268]"
2026-04-14 05:32:53,b977a77468b44dfda3298711baef5b0aa8815d71,Toudouze - Clauzel,9020,2,1,3,17,21,"[48.87929591733507, 2.3373600840568547]"
2026-04-14 05:32:53,035f89e3e82959dc86aafb01bf8081395caf7cca,Cassini - Denfert-Rochereau,14111,2,0,2,23,25,"[48.837525839067, 2.3360354080796]"
2026-04-14 05:32:53,986f303e918b3ad6bd74e0343558dfb7b1acd79a,Jourdan - Stade Charléty,14014,5,4,9,50,60,"[48.819428333369, 2.3433353751898]"
2026-04-14 05:32:53,d697d687cc564f77fc68c5b7ee808f5353f7b314,Basilique,32017,10,8,18,3,22,"[48.93626891059109, 2.3588666820200914]"
2026-04-14 05:32:53,5d6a5ff835fcecfbc4b048361e1943855e99cd72,Charonne - Robert et Sonia Delaunay,11104,5,1,6,13,20,"[48.855907555969, 2.3925706744194]"
2026-04-14 05:32:53,317d22dc183ac469b612d1bb27ecc79ad30f0733,Bas du Mont-Mesly,40011,0,6,6,21,27,"[48.779751, 2.460837]"
2026-04-14 05:32:53,ca59d2a08aa8dd9cf2b4429dbf8e8440b8c90200,Guersant - Gouvion-Saint-Cyr,17041,3,11,14,15,36,"[48.88287775178599, 2.287667370814871]"
2026-04-14 05:32:53,3cb585188bf5d5c761212a266bc5036de249a030,Jouffroy d'Abbans - Wagram,17026,2,14,16,23,40,"[48.881973298352, 2.301132157445]"
2026-04-14 05:32:53,6359962c8f49b17959cafeefda01d57ca8b91ac6,Mairie du 12ème,12109,5,16,21,8,30,"[48.840855311763, 2.3875549435616]"
2026-04-14 05:32:53,cd5dc6d704a07b84e551232d3f3a2c0944e097d2,Beaux-Arts - Bonaparte,6021,2,4,6,13,20,"[48.856451985396, 2.3348518833518]"
2026-04-14 05:32:53,d19610680785a018605569dc362d5a88e8397d75,Bracion - Périphérique,15202,3,8,11,18,30,"[48.826103771275, 2.3004549373748]"
2026-04-14 05:32:53,f1f5288a2ea7e238509a9c23fa8822990e357b85,Thouin - Cardinal Lemoine,5016,1,0,1,16,17,"[48.845047166615, 2.3494647851273]"
2026-04-14 05:32:53,437dd3306c7bbe822d592c1186a900c4bab2bb65,Le Brix et Mesmin - Jourdan,14108,17,0,17,4,21,"[48.82234096593411, 2.327861653302471]"
2026-04-14 05:32:53,0adeece0814244ff0086f2e3f9b9e972e31ff2f3,Saint-Fiacre - Poissonière,2022,3,1,4,31,35,"[48.870828911558, 2.3459213599563]"
2026-04-14 05:32:53,760cc66e218845d169aa85270ae19aabaca8abed,Porte de Saint-Ouen - Bessières,17044,6,0,6,34,42,"[48.89792240854517, 2.32851451022192]"
2026-04-14 05:32:53,00add62c4969bd55e1a76466f76b5f57bc710881,Cambrai - Benjamin Constant,19033,3,2,5,37,43,"[48.89594736851349, 2.381133802246315]"
2026-04-14 05:32:53,24cb5e2121e186db1d924f79ff07d181f1b91aa5,Moulin de Pierre - Abbé Grégoire,21326,9,1,10,10,20,"[48.822036188382, 2.2754641655975]"
2026-04-14 05:32:53,13158d2e99d53c24d8725ff31b9b73b7eff58b4a,Ramponeau - Belleville,20143,9,4,13,30,44,"[48.871031137596, 2.379056852114]"
2026-04-14 05:32:53,f12bcb091efcba06bc5fdfa7b6e949b16ca988e7,Saint-Cloud - Hippodrome,16138,2,4,6,23,30,"[48.85772148887421, 2.2549109905958176]"
2026-04-14 05:32:53,62142964ee1ed3bd9f60e05e2dee00553bbd369a,Louis Lejeune - Barbès,21216,6,1,7,18,25,"[48.81807418981508, 2.3267009854316716]"
2026-04-14 05:32:53,1459106b2359dd81212fbc1686dab3667fceeaab,Théâtre des Amandiers - Palais des sports,92002,6,3,9,13,23,"[48.892648526839, 2.2136941552162]"
2026-04-14 05:32:53,3a35dc72f1a60edff31d080f0f7b545eb104e3a8,Artois - Berri,8103,1,0,1,35,37,"[48.873935212408, 2.306425832212]"
2026-04-14 05:32:53,fdebae56c2c18002d2afc50251cdd1837427f804,Raspail Barbès,31028,5,2,7,21,28,"[48.8529945, 2.4247387]"
2026-04-14 05:32:53,dd4febe87a496fb74f3a5b9b6e2f1eccd592bc14,8 Mai 1945 - 10 Juillet 1940,44010,4,11,15,14,30,"[48.784567029674, 2.3979035764933]"
2026-04-14 05:32:53,e0402dc8eb3ee5f965aae7104b154de1316c268a,Liard - Amiral Mouchez,14013,8,7,15,12,28,"[48.8214169, 2.342167]"
2026-04-14 05:32:53,f7aaf982025c4d9dcb64798fd6a05c8ffc1e087e,Vigée-Lebrun - Anselme Payen,15112,6,6,12,12,24,"[48.838683941628375, 2.3110422492027287]"
2026-04-14 05:32:53,31a64dd4f8274b8af6fd3121aa5586c25ad7f568,Italie - Tolbiac,13030,3,0,3,18,21,"[48.82557229464416, 2.3576171323657036]"
2026-04-14 05:32:53,1aeb944922deedf06f3452ac29ecd0736cf7d006,Félix Ziem - Armand Gauthier,18111,13,1,14,11,25,"[48.88949630486821, 2.333393658804396]"
2026-04-14 05:32:53,888af5174583b541ef1d4b570098fc43a53cd939,Youri Gagarine - Karl Marx,48003,2,1,3,19,22,"[48.78448485079149, 2.35908430069685]"
2026-04-14 05:32:53,f33ad6bb75d49c75024a800f6d774c191f6a4c7b,Octave Feuillet - Albéric Magnard,16110,4,1,5,16,21,"[48.86106902949534, 2.2730283066630363]"
2026-04-14 05:32:53,42e948457bf3693d1607b2c27f39d897947e3e2d,Rouget de L'isle - Watteau,44015,9,0,9,11,20,"[48.778192750803, 2.3963020229163]"
2026-04-14 05:32:53,26097cbb96d2f7b780c29db953127f95c61a03c0,Place Jean-Spire-Lemaître,43009,22,22,44,4,50,"[48.8468428626593, 2.452062070369721]"
2026-04-14 05:32:53,8450efcb29a2103f30cdb8ad0e6c09e3fcd0daa9,Jean Oestreicher - Porte de Champerret,17032,3,1,4,17,21,"[48.88655580065981, 2.288640439510346]"
2026-04-14 05:32:53,635105fc02d9ba1ff9317559821ef587c4d7a3d4,Square Louis XVI,8016,2,11,13,15,29,"[48.87320440102894, 2.323658830743138]"
2026-04-14 05:32:53,a663e04fa482ed6f1e3e094d81babe8782af16e7,Dunkerque - Rocroy,10029,5,7,12,11,24,"[48.880726, 2.351464]"
2026-04-14 05:32:53,2a80fdd908ff90ae37d605db97d57ef8974b72f1,Verger - Colonel Guichard,21328,10,0,10,17,29,"[48.816376985087, 2.2670380088932]"
2026-04-14 05:32:53,4817f577d4910f8835e97221c43e527f77f1ceca,Jean Jaurès - Bouret,19207,3,1,4,28,32,"[48.883144703938, 2.3712364995651]"
2026-04-14 05:32:53,61f34bd6f69e517996b4294cc15aa1a7758b7c1f,Gare d'Austerlitz - Quai Saint-Bernard,13104,1,9,10,17,27,"[48.84369030864, 2.3657163977623]"
2026-04-14 05:32:53,a0a88e697b2b272402d32861fc383a9e0e9df65c,Douai - Bruxelles,9038,0,15,15,10,27,"[48.883207841228, 2.3308449949029]"
2026-04-14 05:32:53,8af381c5e4b3e21c4236fb2a41085d80604d3b0a,Ambroise Rendu - Porte Brunet,19105,4,0,4,13,17,"[48.883667, 2.395733]"
2026-04-14 05:32:53,b736039e3a14182a81468e7225d05bfbb4266019,Château - République,31706,13,0,13,11,26,"[48.862923800596, 2.4155035614967]"
2026-04-14 05:32:53,b45555726e69ef979dbd3055c0a94d4386082f9f,Henri Barbusse - Stalingrad,22409,9,0,9,6,16,"[48.814183748660554, 2.2872862592339516]"
2026-04-14 05:32:53,cfc7def9ee97b6ad9a09e5e9bcbd2dcdb45e2617,Argenteuil - Voltaire,26003,10,4,14,1,16,"[48.918648659556, 2.281411215663]"
2026-04-14 05:32:53,51c8b21fdcd8fe4dfd23dfc80ee7f63d023d0c92,Lieutenant Colonel Prudhon - Repos,51006,10,13,23,3,26,"[48.946800700149, 2.2380727982588]"
2026-04-14 05:32:53,d7c981cb5d5cb525860552d2e083681f62c58f4e,Moncey - Blanche,9028,0,0,0,14,17,"[48.88006587474148, 2.3310810327529907]"
2026-04-14 05:32:53,876d296a7b87ea7a72afa3037d377a7a1897e7fa,Roquette - Thiéré,11002,0,16,16,7,23,"[48.85507930579506, 2.3733686318721463]"
2026-04-14 05:32:53,88bcdd293b7658b841d10e4390873c45fbc10767,Claude Decaen - Cannebière,12111,13,2,15,30,45,"[48.83761417037952, 2.397253782195704]"
2026-04-14 05:32:53,3d8421d5503660f378b0b7b9123afd34b6ee7be6,Delphine Seyrig - Général Leclerc,19043,2,0,2,45,53,"[48.893923963057865, 2.39790290594101]"
2026-04-14 05:32:53,f819fa5acf3f7aa36e6ab3a0a53d681304e3b72b,Place Jacques Bonsergent,10010,4,17,21,10,33,"[48.870948218595, 2.3612049221992]"
2026-04-14 05:32:53,3a105336e413443f5613647d8cf82d0308159878,Sablons - Georges Mandel,16108,6,19,25,11,38,"[48.863875, 2.28189]"
2026-04-14 05:32:53,1c2bbdd8a7dcd5baf5742141df37e894d86d58aa,Saint-Ambroise - Parmentier,11027,15,13,28,9,38,"[48.862147844548, 2.3772348091006]"
2026-04-14 05:32:53,9595ab1e9844279cd2516f065b4fd8d7173aee67,Liège - Moscou,8010,2,0,2,15,17,"[48.8795431, 2.3264628]"
2026-04-14 05:32:53,69cca9b59a596123c2b9a0fed524fcdd1caa4575,Place Du Général De Gaulle,31009,8,0,8,15,26,"[48.8687591, 2.4329931]"
2026-04-14 05:32:53,9c80f5f75b952904a17c3f75f5c4bdbd17b6dea2,Anatole France - President Roosevelt,33017,16,5,21,8,29,"[48.9155156, 2.3814103]"
2026-04-14 05:32:53,a6cabfd20b349f194934deb33545a53e000578f2,Henry Farman,15042,0,4,4,12,16,"[48.83372430280548, 2.2713854536414146]"
2026-04-14 05:32:53,a61dbf9a2820726e454276651a758c0ecee3e067,Pajol - Place Herbert,18011,22,9,31,5,39,"[48.8927825, 2.3635598]"
2026-04-14 05:32:53,9e225cefb29092c1c0373c7029c1776c775bc345,Concorde - Stalingrad,44006,17,5,22,13,35,"[48.7985844, 2.3821302]"
2026-04-14 05:32:53,c2a5489a778db122dfe20b167bd29ee772fa5f0d,Pyrénées - Emmery,20042,9,0,9,31,40,"[48.87202880542, 2.3918598091484]"
2026-04-14 05:32:53,c41266e25e4275dd569a8e52e45b87070b7378ad,Richard Lenoir - Republique,11113,1,13,14,44,58,"[48.8667175, 2.3692541]"
2026-04-14 05:32:53,fb571d8e6fb48f40ecb23be4ee1e35de2b472d54,Hôpital Européen Georges Pompidou,15104,3,36,39,38,78,"[48.837695319163, 2.2753742337227]"
2026-04-14 05:32:53,92ae47f66be8d84325a75d5d13cd1d24af480a8e,Schoelcher - Raspail,14003,1,0,1,48,50,"[48.83681733526843, 2.3312794080411474]"
2026-04-14 05:32:53,259dde329e55e6700cdcf73a4e5149f81d7e3f69,Fontenay - Libération,43008,6,14,20,2,25,"[48.847803063647, 2.4451419711113]"
2026-04-14 05:32:53,3ccf96ea96e2ad9f145f27ee16f51ce0b8bcd735,Paul Bodin - Clichy,17204,5,10,15,18,33,"[48.892594758409, 2.3171403311203]"
2026-04-14 05:32:53,9f60fd3ce5de7080594e8e1d493fcd1a89fb1e97,Cimetière de Fontenay-sous-Bois,41209,2,2,4,10,15,"[48.84706173362218, 2.4787822365760808]"
2026-04-14 05:32:53,f54b0138137415afa467d33448a3f0fdf4a45b18,Lucie Aubrac - Fort,21312,9,12,21,9,30,"[48.818144834008976, 2.271184623241425]"
2026-04-14 05:32:53,4961eefd50acfeed4192153b90bcded6af935f63,Rocher - Laborde,8017,1,1,2,63,65,"[48.87590240712654, 2.322616316378116]"
2026-04-14 05:32:53,f40709b5b8da4ebd43e06083a82c02f4bfe37ebb,Lecourbe - Jean Maridor,15054,5,13,18,0,19,"[48.83796366147599, 2.2877392172813416]"
2026-04-14 05:32:53,daa2b3fd151a35193f15179fb604f04a6f104cb4,Erasme - Ulm,5124,4,1,5,18,24,"[48.84264375274712, 2.3445946723222733]"
2026-04-14 05:32:53,175c709cd935450079b752c9dcc84a211389e001,Boissière - Etienne Dolet,31102,6,1,7,14,21,"[48.876111, 2.4677312]"
2026-04-14 05:32:53,1be51c00fa91271a737cc87522400143d75d34c0,Chabanais - Petits Champs,2111,3,2,5,25,30,"[48.86703740186721, 2.336716018617153]"
2026-04-14 05:32:53,85e99c893b63de10a1aafa48635739b0efbc4fbf,Bertie Albrecht - Hoche,8054,3,0,3,28,32,"[48.87614039826388, 2.301303138307601]"
2026-04-14 05:32:53,abde805f8607b265c46005cf7684c32f9c60f69c,Molière - République,21209,9,4,13,17,30,"[48.81111581390707, 2.3145738624448158]"
2026-04-14 05:32:53,074a25586db348f6bf8d4e240ee208790cf93a71,Place de la Reine Astrid,8045,4,30,34,24,58,"[48.864920982538, 2.3025491823859]"
2026-04-14 05:32:53,ae4f8688e7fb08342485cf8cbae38c5551ad4341,Manin - Carrières d'Amérique,19103,15,4,19,0,20,"[48.884672142095, 2.3919698596001]"
2026-04-14 05:32:53,eee4842f813a42ad61babaed9d8fd9e464141cc1,Place Marcel Cachin,42014,1,19,20,11,32,"[48.81411442356866, 2.39090770483017]"
2026-04-14 05:32:53,aca14348fd4bd368e090219fc9c25fb71ebe3913,Arsène Houssaye - Champs-Elysées,8028,0,0,0,0,0,"[48.873409276267, 2.2977904602885]"
2026-04-14 05:32:53,539202b378eed880c2c2d6f9c646247270957066,Victor Cousin - Cujas,5203,1,1,2,17,19,"[48.847909849567, 2.3424898070094]"
2026-04-14 05:32:53,8ca4df6a823d5db28146e307a59faa46aa22bb56,David Weill - Parc Montsouris,14124,2,0,2,20,22,"[48.821092374256104, 2.333725690841675]"
2026-04-14 05:32:53,d97265b2c01611c5453dd0716fc814087be662b6,Saint Lambert - Blomet,15133,8,16,24,2,27,"[48.83659148147257, 2.2930556908249855]"
2026-04-14 05:32:53,4e6c0a9fb2ca7b64aa64305295d530b9bb92bc7c,Place Robert Guillemard,15110,0,2,2,20,24,"[48.836191728066666, 2.2811267160086417]"
2026-04-14 05:32:53,80218214f887ad3c202c9b7bb360fa4810ed1df1,Marcelin Berthelot,21006,6,16,22,2,27,"[48.8415473058801, 2.233161628246308]"
2026-04-14 05:32:53,7f8690967683308252e4485fcd5a02f854abf356,Hoche - Jean Lolive,35010,15,3,18,5,24,"[48.891102392008, 2.4028435349464]"
2026-04-14 05:32:53,627e6411193b027e28c6bac8f76fa8c60b7cfa30,Gabriel Péri - Danielle Casanova,44003,8,12,20,0,20,"[48.790114, 2.4025777]"
2026-04-14 05:32:53,bb5a5728f333100013fbeb2769a0334e7f14c9b7,Censier - Jardin des Plantes,5028,12,15,27,1,28,"[48.84107178161383, 2.355475388467312]"
2026-04-14 05:32:53,8a4219ec4ee77ddceb40c348bf64d7f6e4e60b5a,Karl Marx,48010,2,1,3,12,16,"[48.784527937293184, 2.3646667979455587]"
2026-04-14 05:32:53,bab77e680773064345943ff177bce8c1246a4743,Tertres - Fontaine,22203,5,1,6,21,28,"[48.787553654715644, 2.306235730648041]"
2026-04-14 05:32:53,1730d1221894d5bf1c0db4b01664db553c21d996,Gare Rer de Fontenay sous Bois,41202,2,5,7,54,61,"[48.8436279, 2.4630465]"
2026-04-14 05:32:53,c5703af35ff4f8aa859f62b2155a9f3626999928,Louis Lumière - Porte de Bagnolet,20115,0,0,0,20,20,"[48.86431136, 2.4105210229754]"
2026-04-14 05:32:53,1b8e6a22db73962fc83b5c2cb1991ed007de5835,Henri Ste-Claire Déville - Paul Héroult,25003,4,13,17,7,24,"[48.892663, 2.172411]"
2026-04-14 05:32:53,e0860f6e1411aef1a4eca58a35b4dd40f350cf7e,Paris - Emile Zola,31003,8,2,10,19,30,"[48.854898095789295, 2.4186685681343083]"
2026-04-14 05:32:53,375f51bca180354b1d461b664425e42c180e5715,Jean Jaurès - Salvador Allende,22402,2,1,3,40,43,"[48.821475594736775, 2.3026576638221745]"
2026-04-14 05:32:53,e236e30d9636416fc943a4681aa2ad6cbd944f52,Assas - Rennes,6025,2,11,13,17,32,"[48.8492084999386, 2.32851454623001]"
2026-04-14 05:32:53,36e732267737d1e05f865f4d6a4aaa478a6c4bab,Quai des Célestins - Henri IV,4201,3,5,8,3,12,"[48.851290697625, 2.3624387532495]"
2026-04-14 05:32:53,9a008518ab21e4984b7904d6968d84538772558f,Botzaris - Parc des Buttes Chaumont,19024,9,0,9,11,20,"[48.877951, 2.381464]"
2026-04-14 05:32:53,2d14c016585116c3773e53662fac35617f8eb7d3,Place Madeleine Daniélou,17105,3,5,8,34,42,"[48.883498, 2.282015]"
2026-04-14 05:32:53,3e6fc61f93f297125b512d5892eab9d9a6ddfa97,Rochechouart lamartine,9010,2,17,19,4,24,"[48.876719895109, 2.344393021854]"
2026-04-14 05:32:53,95292eb4aef302e71a8cad086e04643bddb7448e,Championnet - Vauvenargues,18028,21,8,29,1,33,"[48.89401874744574, 2.3319872841238976]"
2026-04-14 05:32:53,1f974b6fc0eac301c81ca8735ffd9656fe6dcadb,Jean-François Lépine - Stephenson,18009,1,5,6,16,22,"[48.88611466796807, 2.356855627529275]"
2026-04-14 05:32:53,3328ed5584fe7431a3389223fb451bcd8fa59679,Carnot - Général Lanrezac,17033,6,1,7,22,30,"[48.875443870736, 2.2938242935036]"
2026-04-14 05:32:53,a40c8a8d1a7f8ec80fea402ddf1f4aadd22b8adb,Villette - Belleville,19032,21,2,23,23,48,"[48.8726877314, 2.376461327076]"
2026-04-14 05:32:53,7cb8bf38fa30aceabb1eca1a9f00c398edc31115,Marie-Georges Picquart - Pereire,17125,8,0,8,24,32,"[48.88863669349711, 2.3111706599593163]"
2026-04-14 05:32:53,8751bc4248cbe62b21a53d7964d2c09e46b2c93d,Galilée - Kléber,16008,7,0,7,24,32,"[48.867411865714, 2.2907813801148]"
2026-04-14 05:32:53,100a6e5cdf3f19bca2d17042464444fac828d862,Beffroy,22003,0,1,1,25,26,"[48.886591074488, 2.2613945603371]"
2026-04-14 05:32:53,46218c673c0a7e00979928fb5f96f888b53adce9,Quai Panhard et Levassor,13050,2,6,8,48,57,"[48.828374828097, 2.3842737458056]"
2026-04-14 05:32:53,9c44f928fac2c9376ef6a3c241944bbc65441788,Parmentier - République,11105,5,27,32,17,50,"[48.8644954, 2.3750124]"
2026-04-14 05:32:53,54e13728589af2e35933837493515872833cc714,Victor Hugo - Galliéni,21008,6,15,21,12,34,"[48.838020154411, 2.2460845112801]"
2026-04-14 05:32:53,7957a7c614c0364d891d9c70ce05e97d0fc614f0,Lieutenant Chauré - Etienne Marey,20134,5,0,5,15,20,"[48.86746195408435, 2.405970990657807]"
2026-04-14 05:32:53,cdfdfa2e001d09af1a3c4b75cb0a63f70e1d9872,Arche - Léonard de Vinci,24001,1,0,1,25,28,"[48.89790972494496, 2.2383723043644914]"
2026-04-14 05:32:53,87bbdf927afbaa6d0abf4554df530d6f3f90a1dd,Auguste Cain - Jean Moulin,14136,9,6,15,25,40,"[48.82577028927573, 2.3210415244102482]"
2026-04-14 05:32:53,60ae3930860830b9ea810b57aaef2bc96cb84c54,Marseille - Beaurepaire,10014,6,9,15,39,55,"[48.871624306962985, 2.3639265082738348]"
2026-04-14 05:32:53,2a276ea67d8acffb7560e29d48e4f2d36b7d1715,Reims - Raymond Pitet,17028,5,11,16,21,37,"[48.8888, 2.296319]"
2026-04-14 05:32:53,7ac8f9ede48d4e9d19a964eaf99ab39f2d3b3102,Saint-Vincent - Verdun,21301,5,12,17,17,34,"[48.819211549234495, 2.254007756710053]"
2026-04-14 05:32:53,0765278624afbec69aaecf11215ec8af7665f419,Aristide Briand - Gare de Bagneux,42302,1,0,1,21,22,"[48.79387269664978, 2.321148812770844]"
2026-04-14 05:32:53,691be630c4c3943d631f2a5dd8a3025fd6280b0a,Seine - Flandre,19029,10,5,15,4,19,"[48.886785741479684, 2.3746193200349808]"
2026-04-14 05:32:53,dfb7c0e5f7fa6f1ff25df3af7da13df3b4efb6c2,Mathurins - Auber,9032,1,4,5,30,36,"[48.872988840744, 2.3294984212276]"
2026-04-14 05:32:53,aed4437217c6a9a4d83834cc21cb7ef68b2e5af3,Hautpoul - Jean Jaurès,19016,4,4,8,24,32,"[48.886393679436, 2.3865414544355]"
2026-04-14 05:32:53,5d1557eae8958c4efedc74455f83857bf1a7aa5a,Wilson - Métallurgie,32003,15,6,21,5,28,"[48.909423010092326, 2.3584435880184174]"
2026-04-14 05:32:53,a35ca0915fcae4c77c304fd21a3e375339340a67,Grand Prieuré - Crussol,11042,0,29,29,18,49,"[48.864660627935, 2.3692265531829]"
2026-04-14 05:32:53,7295c2ac25004738ccf3869530f2311375bc9a81,Miromesnil - La Boétie,8025,1,3,4,29,35,"[48.873722412917, 2.3158480972052]"
2026-04-14 05:32:53,6cad95e1716fa19cf2963eca047887a1d0951c04,Mairie du 7ème,7102,5,11,16,32,48,"[48.8577967, 2.3192664]"
2026-04-14 05:32:53,c4654d0345bac4cb6251dbbfc859208bd16ea428,Boyer - Ménilmontant,20121,8,0,8,10,19,"[48.868895162679, 2.3919824145635]"
2026-04-14 05:32:53,c4b5f39f4808b5d208535e5be954d4745d09012e,Boétie - Ponthieu,8050,1,9,10,32,45,"[48.871417284355, 2.3076787590981]"
2026-04-14 05:32:53,331c849e5715a2d0cef386d9e4db1638ea71533f,Gare RER de Gentilly,42504,8,1,9,21,30,"[48.814280450380224, 2.3410347104072575]"
2026-04-14 05:32:53,4289f427744b4adec73b3be657357d9877aa5a23,Quai du docteur Dervaux,26013,14,12,26,0,26,"[48.910482, 2.297998]"
2026-04-14 05:32:53,bc7ca130b33c1e689978352abf726aaa89a7196c,Villiers de l'Isle Adam - Pyrénées,20111,11,0,11,9,20,"[48.867362, 2.396222]"
2026-04-14 05:32:53,6b31d5944b4fc6e837377fa35af0e0cbf4718e06,Place Jean Ferrat,42015,1,7,8,17,25,"[48.8184945213025, 2.3744174838066106]"
2026-04-14 05:32:53,ecc7174238dd539f7264f255696e1eab0c4acab3,Place Amédée Gordini - Lefebvre,15201,7,1,8,30,38,"[48.83061737745, 2.2920634208276]"
2026-04-14 05:32:53,15b4b4712b30e2b748896d8c37595f76c8f87236,Charonne - Faubourg Saint-Antoine,11004,4,19,23,9,34,"[48.852191909696, 2.3740932717919]"
2026-04-14 05:32:53,d546da8d270d499f63c503bb6d40fb58fa50303f,Victor Hugo - Ecoles,41402,4,9,13,12,25,"[48.80476007936134, 2.4180373930262093]"
2026-04-14 05:32:53,3b4e62616fd6b09bee43a7b9c68fa8aab9f57a02,Place de l'Édit de Nantes,19125,17,7,24,4,30,"[48.88879, 2.3785]"
2026-04-14 05:32:53,3428853db841a63363816d483cb8d0d104c2f2e4,Boulard - Daguerre,14036,5,15,20,25,45,"[48.83446472680611, 2.3293386027216907]"
2026-04-14 05:32:53,8fbce5e456d355b9702d8d5f35d7e4bf48637dcb,Saint-Germain - Thenard,5123,3,26,29,2,31,"[48.850571, 2.3471015]"
2026-04-14 05:32:53,b6d3a29b96917e866862521fc853bd8793334114,Saint Georges - d'Aumale,9021,2,3,5,18,23,"[48.87778639599673, 2.337429821491241]"
2026-04-14 05:32:53,b1637ab3009cb1a48387a55fb6d5b0036a2a79bc,Anatole France - Louise Michel,23009,8,11,19,31,50,"[48.88873214926474, 2.2881576418876652]"
2026-04-14 05:32:53,e154b4d1aaa70829fee63c6ead1d30e2ba7891cf,Montgallet - Charenton,12027,4,10,14,2,16,"[48.842647778701, 2.3861649278137]"
2026-04-14 05:32:53,9f48b94b0c9e4445ec46f5c30bcc7d08762a3637,Stalingrad - Germaine Tailleferre,42029,13,2,15,10,28,"[48.80257200481316, 2.3786691203713417]"
2026-04-14 05:32:53,5e704f8509d7b6623424eeec6717ab1be1a0d592,Bienfaisance - Place de Narvik,8035,4,3,7,28,36,"[48.87660163459077, 2.3129771277308464]"
2026-04-14 05:32:53,18253dac1d39e014ea9af07d3e985fc4f1411113,Dupleix - du Guesclin,15025,3,29,32,14,47,"[48.85147910413369, 2.296709530055523]"
2026-04-14 05:32:53,5d3c8940672f4bea690e53ece6353a3fc3e85345,Ancien Canal - Hélène Brion,35018,7,2,9,13,23,"[48.89484799296163, 2.4188338592648506]"
2026-04-14 05:32:53,0d14b2cf55ed380005c4eb96895649babcb626bc,Parmentier - Hôpital Saint-Louis,10113,10,17,27,15,43,"[48.871379874257, 2.3698963836667]"
2026-04-14 05:32:53,7d736a9161b7663703654b2ce951966ee479d944,Pasteur - Gambetta,41606,0,5,5,14,19,"[48.84572797384512, 2.4236011505126953]"
2026-04-14 05:32:53,a50f190260fe6c52bdf5d483ddf142aa87e53c0e,Place des Ternes.,17045,1,3,4,41,46,"[48.878438631226516, 2.297727763652802]"
2026-04-14 05:32:53,35bb5e0758585d268a6a0af68df1804a57e252c4,Montgallet - Reuilly,12013,1,10,11,3,15,"[48.844291, 2.3896481]"
2026-04-14 05:32:53,e6952aa1b4137d210af50ad98f7888f093d5e150,Faustin Hélie - Desbordes-Valmore,16111,6,8,14,18,33,"[48.859403, 2.276522]"
2026-04-14 05:32:53,f36548ef2fa6a01a6a5421fef4f8c5e1bc6d1132,Jean Macé - Faidherbe,11007,8,69,77,1,78,"[48.85337548426, 2.3828620836139]"
2026-04-14 05:32:53,757ce0f85a02405cd10a2df19c72ad5b8ca4ec68,Jussieu - Fossés Saint-Bernard,5021,0,4,4,33,39,"[48.847185510023, 2.3534858599305]"
2026-04-14 05:32:53,e86b080039b37103ea3d6d3f8bfe7040447380a2,Porte de Vincennes,12115,7,11,18,14,33,"[48.846454, 2.415514]"
2026-04-14 05:32:53,560f1956306f1bdb9cf34a3e94a0f3209655fbdb,Place Jacques Madaule,21305,4,10,14,8,25,"[48.823933787309, 2.2606918215752]"
2026-04-14 05:32:53,1c5135accd602241fe24ebd4e6671a8d23962e31,Varenne,7015,4,17,21,26,47,"[48.857202661803, 2.3152771219611]"
2026-04-14 05:32:53,31fd50ec851009fd404a641a2530158a30bb068e,Porte de la Chapelle - Boulevard Ney,18204,2,16,18,34,52,"[48.900097357789, 2.3586005020149]"
2026-04-14 05:32:53,b37ef97d429f40aafe957735d0c4871fd68a7975,Commandant Rivière,8033,2,0,2,39,42,"[48.872933, 2.309796]"
2026-04-14 05:32:53,c8b25f71fcf778e66ab0ea335bc82f824d5a1705,Paul Vaillant Couturier - Chaptal,23001,4,11,15,22,39,"[48.893479576183, 2.2775253653526]"
2026-04-14 05:32:53,3ceb47dba957525c5d7e2f6695fb951e0d576dbf,Square Cambronne,15010,0,16,16,43,59,"[48.84756654526, 2.3025691509247]"
2026-04-14 05:32:53,9c3ac2bfcb02629dc103617cb781cc611419da87,Bayen - Pereire,17037,4,9,13,9,22,"[48.881804409079656, 2.2921088710427284]"
2026-04-14 05:32:53,de4251bfa1b7792d625d5590e85a74c64cc286c6,Clignancourt - Sofia,18141,5,0,5,14,19,"[48.88511992309783, 2.34719488842051]"
2026-04-14 05:32:53,dc25cbb2566d87a8058fddf75f4345fd61648df4,Route de Sèvres - Porte de Bagatelle,16124,3,26,29,36,66,"[48.87525984132485, 2.249415814876557]"
2026-04-14 05:32:53,58121b1c5395fb953449877fd60e5f5b587af419,Place Violet,15033,9,28,37,8,45,"[48.844878938365, 2.2905756533146]"
2026-04-14 05:32:53,1177b88c32b11f8cf007d8bc7a93043efe19a1b6,18 juin 1940 - Buzenval,25005,6,1,7,18,25,"[48.868807, 2.185428]"
2026-04-14 05:32:53,274d5a59c2e8b7ab957e577b2da7256c00257b17,Mairie de La Garenne Colombes,22505,9,12,21,0,22,"[48.90663823468682, 2.24679596722126]"
2026-04-14 05:32:53,99e5bcf39812e8d7556ef31010e2865c84443792,Jean Colly - Tolbiac,13045,5,5,10,26,36,"[48.827817291597846, 2.3705490678548813]"
2026-04-14 05:32:53,3712bdd2923713f5df10e198fea135438c568909,Place aux Étoiles,32010,3,1,4,35,40,"[48.91835629408464, 2.3523425683379173]"
2026-04-14 05:32:53,7ff057b2a8b0b6fe8137eab468b2699dbe1494db,Pirogues de Bercy - Libourne,12034,2,1,3,45,49,"[48.832308, 2.38637]"
2026-04-14 05:32:53,cafbf816554edd2c500427c64be723ac768de3ba,Victor Hugo - Magasins Généraux,33001,2,4,6,27,34,"[48.903281401126755, 2.368072383105755]"
2026-04-14 05:32:53,cd4f249e9eac5e4026d636e7f264e41b02936709,Assemblée Nationale,7009,2,16,18,57,76,"[48.861411014652, 2.3201214185208]"
2026-04-14 05:32:53,00c0c6b21f086aa8cb5904b326cfec9f1b444d10,Réunion - Avron,20132,6,0,6,20,26,"[48.852566752033766, 2.403928068708116]"
2026-04-14 05:32:53,21169f537fe9e289f2adac8c4b3d5fbd745f2c1f,Gare du Nord - Place de Valenciennes,10152,3,0,3,39,44,"[48.879089, 2.354235]"
2026-04-14 05:32:53,b8c6a422be8fd3f0a46658fbfbdc460580de4b01,Chanzy - Sud-Est,92003,8,8,16,7,25,"[48.888912037698766, 2.195632159709931]"
2026-04-14 05:32:53,14a715f26ad8a2e4a88e37aa3b1877396d1c0349,Jean Lolive - Parc Stalingrad,35009,15,6,21,1,22,"[48.89206174403158, 2.4091735482215886]"
2026-04-14 05:32:53,e0ae36d6c251899b373b7f44d2d6087c448e5e89,René Boulanger - Lancry,10206,1,1,2,28,33,"[48.868769331741, 2.3598745346052]"
2026-04-14 05:32:53,db172c2df5b4bb8854c222c7666cb9c1697d53e9,Courcelles - Place des Ternes,8055,6,2,8,21,31,"[48.878199928923124, 2.2992860188665043]"
2026-04-14 05:32:53,faa39a3500bb46793fb26778ff78b017ca7526d0,Parc Pierre Lagravère,27002,6,14,20,9,30,"[48.92650488131725, 2.239069678491417]"
2026-04-14 05:32:53,60241bdccc6f2b45ccaecf2b6a90a71bd842b7d3,Guichet - Jean Jaurès,21109,13,13,26,0,28,"[48.905169868129036, 2.3023840785026555]"
2026-04-14 05:32:53,e86374972ac852835e080d7b02d31d9601f8df60,Verdun - Place Henri IV,21502,7,7,14,11,26,"[48.870797375639214, 2.2277003154158592]"
2026-04-14 05:32:53,159537fa8bf4ec82adb7997e1f8553e9070d52f3,Gare de Bercy,12024,1,5,6,28,35,"[48.839794573906, 2.3826066032052]"
2026-04-14 05:32:53,6b577a24ee5e41f15c4d8268d66d78d28d005d87,Anatole France - Jean Lolive,35019,16,5,21,4,28,"[48.8949922, 2.4253764]"
2026-04-14 05:32:53,4b54db8cf5727b66a93db9d05dd0287686ec0da0,Boyer-Barret - Raymond Losserand,14104,8,6,14,9,23,"[48.83329880233322, 2.3173383995890617]"
2026-04-14 05:32:53,751a5a75128b3807802279f58abe301487f78f99,Piat - Parc de Belleville,20113,8,0,8,13,21,"[48.87195626635528, 2.384981390278095]"
2026-04-14 05:32:53,b45c1aae7687d90ad0d6118f67c1001c6ff3dbad,Square des Saint-Simoniens,20119,17,0,17,8,25,"[48.8701796, 2.3967273]"
2026-04-14 05:32:53,c6b4562b3791f1b0e88c946f0000eec46b425418,Champeaux - Gallieni,31705,23,1,24,25,50,"[48.864459134684644, 2.4161778017878532]"
2026-04-14 05:32:53,efc5c71a6b299786795de9b37ae3c7be90fcb4f9,Gravelle - Route du Bac,12126,13,5,18,33,51,"[48.824407, 2.418455]"
2026-04-14 05:32:53,53d7c7cc225a1b7a418fbd5c75f611c1a5a8495a,Ménilmontant - Pelleport,20036,3,0,3,28,32,"[48.870682633845, 2.3989596023316]"
2026-04-14 05:32:53,8244a3ac9f46265d0415351277d79704a2410d5e,Tardieu - Chappe,18005,6,1,7,9,18,"[48.884146759782, 2.341845408082]"
2026-04-14 05:32:53,c05c3d32fb25130203328dc770d3d32a1760466b,Lamennais - Washington,8102,1,0,1,39,40,"[48.873529900265, 2.303444892168]"
2026-04-14 05:32:53,26f241daa19116eb71489faf182712f06ca08daf,Francoeur - Marcadet,18020,16,3,19,1,20,"[48.89104123261663, 2.340014585442034]"
2026-04-14 05:32:53,31f701a9cd1f688453bfa918d64313d69b488562,Henri Chevreau - Couronnes,20136,9,2,11,15,27,"[48.87033205312931, 2.388777695596218]"
2026-04-14 05:32:53,63e50d4951388d17be3ee9f77315769e7cb571ba,Pascal - Claude Bernard,5026,3,34,37,12,49,"[48.839061952159746, 2.3499782010912895]"
2026-04-14 05:32:53,e95311e7e5483a234860cdbc1ae61586d0593bce,Vignerons - Minimes,43006,8,4,12,16,29,"[48.841486, 2.430793]"
2026-04-14 05:32:53,e52115423ac553951687c15aa35962854411cbec,Raspail - Varenne,7004,1,1,2,15,18,"[48.853147816545, 2.3263905197382]"
2026-04-14 05:32:53,13cc45133d32c9dd163d7da2002752b12cc4c4d0,Vladimir Ilitch Lénine - Andrée Chedid,42503,11,2,13,19,31,"[48.813240124373, 2.3319716067039]"
2026-04-14 05:32:53,dd84090010a018e5d96d23a8a1f07b57c5c0bc32,Professeur René Leriche - Général Leclerc,21111,13,8,21,27,50,"[48.90782845483013, 2.307887971401215]"
2026-04-14 05:32:53,2ac8fa2f3e086bdcf3a073ff2faf31719a131fe3,Place Valhubert,5116,0,21,21,30,51,"[48.844182577315, 2.3640366643667]"
2026-04-14 05:32:53,7b85a56746589f04497ac2d2b9a15e576b79645c,Saint-François-Xavier,7014,2,5,7,34,42,"[48.85154484769, 2.3146149516106]"
2026-04-14 05:32:53,891b5a7f879eb29d2bc14ffcb0f780516e9c99fd,Sommerard - Saint-Jacques,5002,0,19,19,15,34,"[48.850310432924, 2.3450158352986]"
2026-04-14 05:32:53,04a1f212f1a1637833a83eddfbea2f785f6deddf,Château -République,22508,9,7,16,0,17,"[48.905905048494, 2.2534525632894]"
2026-04-14 05:32:53,1aa83ecf0bbfcc50801ecf60219d08ff9bb83645,Berthier - Porte de Clichy,17106,3,0,3,20,24,"[48.894222687781, 2.3125872006816]"
2026-04-14 05:32:53,e4943db6a28d161e8d7deec6f0ecb87c65105198,Gare de l'Est - Verdun,10023,1,0,1,11,14,"[48.876156054271, 2.3609149083206]"
2026-04-14 05:32:53,51b00fc5df021dcaa9e9aebc8f04048cd9efb469,Capitaine Glarner - Gabriel Péri,34002,15,9,24,1,27,"[48.902449900418745, 2.3304807533425724]"
2026-04-14 05:32:53,c77e293a9dc87925d5f65ba3a239328559adf956,Place Jean Delay,13026,5,6,11,24,35,"[48.823316, 2.354336]"
2026-04-14 05:32:53,6b9b90e6adbd7e47f802040388bc4fb679fad976,Pont de Levallois-bécon,23002,2,0,2,46,50,"[48.8984179, 2.2791311]"
2026-04-14 05:32:53,b813a4a43593fe0ee44917f1814ec672c20c3691,Lucien Sampaix - Récollets,10015,2,3,5,39,46,"[48.874330377560476, 2.3621229082345963]"
2026-04-14 05:32:53,a9b83744e24267d2232b2e79bf6353ea75ce7562,Place du Général de Gaulle,41207,4,11,15,12,28,"[48.8525288, 2.4877332]"
2026-04-14 05:32:53,e098b2013d6e40f6505a1112661228e8d9cd0a9d,Porte Dorée,12032,6,20,26,7,36,"[48.8354337, 2.4077132]"
2026-04-14 05:32:53,3ed6e254ecbf7443a6ba411fbb1494707a51a7ff,Belleville - Porte des Lilas,19037,3,14,17,14,32,"[48.87660391892763, 2.404769691129476]"
2026-04-14 05:32:53,0bdf04e084ae09cbc3f5e703ae1432af50999b47,Mézières - Rennes,6103,6,25,31,22,55,"[48.85023459321703, 2.3303819820284843]"
2026-04-14 05:32:53,b03c60b67c2f6aecbcfdf0c76f5dc635f6c3155f,Michelet - Assas,6018,0,4,4,14,18,"[48.842741502832, 2.3350211977959]"
2026-04-14 05:32:53,ea6f82f2047dbccf5069ef9cba0ad1468e4118e6,Morice - Général Leclerc,21105,2,20,22,1,25,"[48.90245471981591, 2.3128929734230046]"
2026-04-14 05:32:53,4ac6ab58eb2b293f3f1ce050f117351c2ff24a59,Labouret - Saint-Denis,27008,8,3,11,12,24,"[48.924066621513, 2.2539156570765]"
2026-04-14 05:32:53,5168f964c5639b94035ba16c76a79e28e1a04557,Tanger - Place du Maroc,19109,5,4,9,9,19,"[48.8862524447104, 2.3689296841621403]"
2026-04-14 05:32:53,9e94c0616b91b8e88cee6dd86d8bf654979d7851,Place du Cornillon - Stade de France,32014,12,21,33,1,34,"[48.92540695835961, 2.3644426837563515]"
2026-04-14 05:32:53,ed8e7e14d9cbcc3a37a418d07b4961ee3c36a589,Porte de Clignancourt.,18032,2,2,4,52,56,"[48.897488, 2.343996]"
2026-04-14 05:32:53,106ea3dd4db5d8d8be8b024e8361c5fdffa83ab2,Lucie Aubrac - Franklin,31016,1,3,4,32,36,"[48.86223916006812, 2.4435862898826604]"
2026-04-14 05:32:53,8eeb1a324d6277d637e4b98926d3cdd13dbe440d,Hôtel de Ville d'Argenteuil,51003,6,23,29,1,30,"[48.946504, 2.2496396]"
2026-04-14 05:32:53,1e5b0c766bfd6012b5f1fa0cf1d0a107a86e507c,Primo Levi - Frigos,13016,1,23,24,9,34,"[48.83094844846017, 2.37965351592796]"
2026-04-14 05:32:53,c8353ee9ce8f58104fb857b81aad85c3c0fbcff6,Dunois - Clisson,13043,5,26,31,19,51,"[48.832294, 2.3674523]"
2026-04-14 05:32:53,28c89f9e5935ac6675aa2688cdd1dc334ff35842,Milton - Manuel,9115,5,4,9,13,22,"[48.878249, 2.341181]"
2026-04-14 05:32:53,cf7f597a5840ce52367ad790c552e769bcc3fa91,Edouard Pailleron - Simon Bolivar,19039,4,14,18,6,24,"[48.87979886049996, 2.374839261174202]"
2026-04-14 05:32:53,d787678c4e209d8fdd37af5cb2083bed35fd7e11,Eglise d'Auteuil,16032,13,6,19,0,21,"[48.84749841771691, 2.26848387135299]"
2026-04-14 05:32:53,b3ce4fa345312bd0cdcef52e034ea2c240cc2778,Château - Bineau,22001,6,15,21,2,23,"[48.890404028589806, 2.270106375217438]"
2026-04-14 05:32:53,63121f455f75b779425ed540bdfcd81bd104fa41,Bridaine - Lamandé,17122,6,7,13,16,29,"[48.8862074, 2.3206239]"
2026-04-14 05:32:53,09e2580a90c3fa9760491cb752b42b3ebd9200b0,Porte de Ménilmontant,20027,7,3,10,5,15,"[48.8691543609174, 2.40932246879487]"
2026-04-14 05:32:53,c597885785adcd746836dcc9b503586e75a58fe9,Laffitte - Italiens,9023,0,0,0,33,33,"[48.871815737396, 2.3372015478451]"
2026-04-14 05:32:53,5cc1c5f90176a5db5d8912d124912f5ca8722098,Mahatma Gandhi,16123,3,8,11,14,26,"[48.876356, 2.264205]"
2026-04-14 05:32:53,1f89df8881545793da648a1cfa7f07fb98fc3165,Paris - Désiré Préaux,31007,8,1,9,40,49,"[48.85742876694898, 2.4323049187660217]"
2026-04-14 05:32:53,1562a83ed460668b520a918502a7d6f1cb8a2486,Lourmel - Marie Skobtsov,15108,2,31,33,1,36,"[48.844974, 2.287283]"
2026-04-14 05:32:53,c56fce189a39b9319ec176c75d1739bf0aa9c2b8,Belleville - Télégraphe,19040,3,14,17,22,41,"[48.8756045, 2.3995549]"
2026-04-14 05:32:53,7e1e042ec311385ed2875dc01b9c13046a72fb5b,Pelleport - Belgrand,20023,2,1,3,11,15,"[48.865000818477, 2.4039808363775]"
2026-04-14 05:32:53,e46ee472429208fbec2e4f2b12c3cba76e14637c,République - Danton,41204,7,2,9,11,20,"[48.85249172181667, 2.462034523487091]"
2026-04-14 05:32:53,e4e8deb2b13f7a6f75f0654a8bf690f7223c6a14,Emile Blemont - Poteau,18029,13,7,20,19,39,"[48.8943782, 2.3415122]"
2026-04-14 05:32:53,739e85b24e7f8a28e380dc4bfb2302eac4ce5d2b,Toffier Decaux - Cartier Bresson,35017,5,5,10,7,18,"[48.90165072551549, 2.4017545580863957]"
2026-04-14 05:32:53,4e0ee969c1c3bb40a18ecef5370698e436c6e386,Orteaux - Mouraud,20118,5,3,8,16,24,"[48.85558642847872, 2.408762907764669]"
2026-04-14 05:32:53,201f2d76cb5af4b5dbd56346f1f8814cce1f9ea7,Bellefond - Maubeuge,9117,7,2,9,20,31,"[48.878255397645, 2.3452642187476]"
2026-04-14 05:32:53,8e51c676b46fb1ca05b316e2b2f22b8a5a92da92,Place Etienne Pernet,15035,8,31,39,1,43,"[48.84243457133779, 2.2921819612383847]"
2026-04-14 05:32:53,17391c140099ee5a1f2234a16d933d6e00f603b1,Lepic - Armée d'Orient,18113,6,1,7,17,24,"[48.887536403814, 2.3343077301979]"
2026-04-14 05:32:53,dcf9b24c5e73e9a81873602627e2665e65c6b749,Mac-Mahon - Brey,17046,3,0,3,21,25,"[48.87753208413, 2.2945125360529]"
2026-04-14 05:32:53,2d89ea8793d800242ec7e83f64bc19e07e4eaf55,Square Saint-Ambroise,11041,3,37,40,2,43,"[48.860934, 2.375841]"
2026-04-14 05:32:53,5ee5d7c49aa7acb3165629facfd38797a2530177,Sadi Carnot - François Mitterrand,31703,20,4,24,3,27,"[48.87532687671517, 2.4241617321968083]"
2026-04-14 05:32:53,313f93c58b43f49a6632cf2d9489326a7b4b2934,Hameau Fleuri - Marché,21014,3,10,13,9,22,"[48.831448892608314, 2.2412404417991643]"
2026-04-14 05:32:53,68c2ca040d9e289d38520d8581b9457120e2057f,Pereire - Ternes,17040,2,19,21,27,48,"[48.87973954830735, 2.288012132048607]"
2026-04-14 05:32:53,ad6b91f252ead53faff71cc769d19dec9fd5c412,Jean-Baptiste Pigalle - La Bruyere,9026,0,1,1,16,17,"[48.87939826447722, 2.333709173337285]"
2026-04-14 05:32:53,b77eee7d3548bc6a210d457be6a2a9c9956be522,Transvaal - Charles de Gaulle,21001,10,5,15,12,27,"[48.848280403628806, 2.2373420120857195]"
2026-04-14 05:32:53,f029cc0243970fcf89d65eabddb26b04afcd4694,Boulets - Faubourg Saint-Antoine,11010,8,8,16,27,43,"[48.849259262115, 2.3917546141943]"
2026-04-14 05:32:53,cae2deab660a518816393a9841adcad235a6f46e,Route de la Muette - Porte de Neuilly,16122,2,8,10,40,50,"[48.8798926, 2.2587671]"
2026-04-14 05:32:53,7429f33b2264cfa84fb81a1474c042d86f48b199,Kléber - Gouverneur Général Eboué,21310,2,6,8,13,24,"[48.826885843069796, 2.2723413258790965]"
2026-04-14 05:32:53,30bdbe30d29c87801c45090aab527eb7b56f6d96,Président Wilson - Jean Jaures,23007,5,20,25,2,27,"[48.89034054052266, 2.2920683026313786]"
2026-04-14 05:32:53,d257828482a9eabf07213e2ed98ed5ed34d79257,Pyrénées - Maraîchers,20016,9,1,10,23,33,"[48.85714001395299, 2.4043509364128113]"
2026-04-14 05:32:53,dc61eac5fa3917c7f9fcd86d6049f25b50eb938e,Gare RER de Saint-Denis,32015,24,12,36,2,40,"[48.93554324248177, 2.3471488058567047]"
2026-04-14 05:32:53,c3225dc693d6b43f5ee5fffc52c4bfa00a4cd39b,Haies - Réunion,20116,4,2,6,16,22,"[48.85386896766491, 2.402426162238911]"
2026-04-14 05:32:53,0978ed3a0f5598e6043daa15d32b4192411fecef,Place Alphonse Deville,6107,1,2,3,19,23,"[48.850188262662, 2.3275961726904]"
2026-04-14 05:32:53,395c7a06afc15742a4d3cd7517f2eb8860bdb3cd,Maison de Radio - France,16029,2,43,45,0,47,"[48.85132886434057, 2.277785539627075]"
2026-04-14 05:32:53,ad95995fd1bcfc2866fb334d8a68710cb8dec59d,Lallier - Trudaine,9017,5,3,8,20,29,"[48.88109246617963, 2.3408224806189537]"
2026-04-14 05:32:53,fe92057cb2dc2d51118988a9c0f190d717d4160b,Chernoviz - Raynouard,16112,15,1,16,19,37,"[48.8569864146289, 2.282173218142987]"
2026-04-14 05:32:53,7a50d6114bde1b1fe0cd2c410c6349b3454ddf54,Mont Valérien - Michel Salles,22102,2,1,3,18,24,"[48.8561915, 2.2152966]"
2026-04-14 05:32:53,6ba9c46ebc98a132f35c53b391dc5b7329c4d16e,Pereire - Place de Wagram,17022,18,13,31,13,46,"[48.887070607581215, 2.304111124531457]"
2026-04-14 05:32:53,190498025a7361d733ffc90764186d6f99d1a95d,Champ de Mars - Cler,7020,7,21,28,10,40,"[48.856691550115315, 2.306646779179573]"
2026-04-14 05:32:53,bc30bf0205d46b0c61185e93ea9909737e8811b3,Mairie de Sceaux,23304,15,6,21,11,33,"[48.778916905132, 2.2887361764861]"
2026-04-14 05:32:53,9f5c1ee064d3d675b2ddf98fa77708d9de2abc53,Diderot - Reuilly,12161,4,28,32,11,44,"[48.847208456061, 2.3861273378134]"
2026-04-14 05:32:53,dcd742b197b9c2411ca4c7d749d0f09fe2e15115,De Gaulle - Castelnau,45502,0,0,0,1,1,"[48.772695647197, 2.3403334480725]"
2026-04-14 05:32:53,f7c94101c7b20cb8fa56781e3218bafc1d0339c0,Caulaincourt - Place Constantin Pecqueur,18017,14,2,16,26,44,"[48.889677905028, 2.3381787144261]"
2026-04-14 05:32:53,097c6cec03b72e3d06c6d1d437da2067aeefe975,Belleville - Pyrénées,19041,11,15,26,16,42,"[48.8741908, 2.3860039]"
2026-04-14 05:32:53,31ef55f20758713adcf93817a93327e8ca53eedc,Place Pasdeloup,11043,3,16,19,2,21,"[48.862654215631, 2.3670325062844]"
2026-04-14 05:32:53,d213e2cf343d5dc946692ae68bb8b0fc549a57ce,Pont Neuf - Rivoli,1117,1,1,2,25,27,"[48.860089892617, 2.344057559967]"
2026-04-14 05:32:53,efd807ac64345c9d5f2bec786e0248d392b58bad,Parc André Citroën,15059,3,39,42,23,65,"[48.840639944297, 2.2780618071556]"
2026-04-14 05:32:53,c669bd2c73514c879879a63513893b362f5940b4,Alexandre Dumas - Voltaire,11102,12,9,21,50,74,"[48.852888670365, 2.3891476408096]"
2026-04-14 05:32:53,e42d1d873829518d4160f667d2381c92a64368a4,Calmette,32603,6,1,7,24,32,"[48.88104925098552, 2.424993216991425]"
2026-04-14 05:32:53,4f6cc6f682f916a9f92d81ed3e124297646e805d,Porte Maillot - Perreire,17201,0,2,2,44,51,"[48.878021154637, 2.2842371277102]"
2026-04-14 05:32:53,d1d6d57379a33315c169765fee3ba40fbb594143,Chateau,23403,2,13,15,3,22,"[48.774661399959, 2.3135878035462]"
2026-04-14 05:32:53,a305aebe7d27ba5e2490a384654e00f44bdb6bf5,Blaise-Desgoffe - Vaugirard,6027,1,0,1,30,32,"[48.846128877747, 2.3242672160268]"
2026-04-14 05:32:53,08aab2b5962b5fe4c6ffb76fcf34f7099620a39a,Place François Mitterand,31023,3,2,5,29,34,"[48.86492782016328, 2.442958317697048]"
2026-04-14 05:32:53,76032abbd24ee9cf8f0be16042e24d3dbf4d98ab,Faubourg Poissonniere - Delta,9118,5,1,6,27,36,"[48.882555807626765, 2.3497482016682625]"
2026-04-14 05:32:53,08297b064466b4ab5a2f6db0375b4accd4f71a30,Billancourt - Général Leclerc,21024,0,3,3,18,22,"[48.8322649, 2.2380413]"
2026-04-14 05:32:53,33e84b4b4e71e8f8d4733d6e5531ff2bec199776,Greneta - Sebastopol,2001,0,18,18,12,32,"[48.865242333228, 2.3516669869423]"
2026-04-14 05:32:53,d5ed24c1c6ca6bdc5a7cdc0d1d955eabfe32f439,Place du Maquis du Vercors,20019,3,0,3,27,31,"[48.877321579493575, 2.4083782732486725]"
2026-04-14 05:32:53,5d487f2c631b4808fa817df06d5ba1551339d4e8,Raspail - Chomel,7101,0,15,15,34,49,"[48.852233164303, 2.3266580700874]"
2026-04-14 05:32:53,73911c46a731c661b19a85a8e62a9f6b29c89436,Reims - Porte d'Asnières,17116,3,1,4,22,26,"[48.891834448210986, 2.300144659954865]"
2026-04-14 05:32:53,f9f015d011c79f701999ce8a54c3a6fba5524469,Hôtel de Ville - Pont-Marie,4011,1,9,10,24,36,"[48.853899645527, 2.3569472506642]"
2026-04-14 05:32:53,c3e0924524dd52c0313164e75502a15b45a055e3,Charles Robin - Grange aux Belles,10207,7,1,8,11,23,"[48.877376705016, 2.3698456519833]"
2026-04-14 05:32:53,f848a03712f3c4558885f5136bdeab56fb62295d,Gare Arcueil - Cachan,42301,7,3,10,16,26,"[48.799824, 2.328171]"
2026-04-14 05:32:53,fa54b967056bc274672a0db75b264b8d3063649e,Franciade - Gabriel Péri,32018,4,19,23,1,26,"[48.93261499331498, 2.355954498052597]"
2026-04-14 05:32:53,4016804c6589f4b751b669a8ea027d492bf7d359,Brochant - Square des Batignolles,17016,5,3,8,21,31,"[48.88818698581028, 2.316861143151153]"
2026-04-14 05:32:53,2038c83895cec30538e26aa9dc395c3ca9154f31,Dupont de l'Eure - Gambetta,20202,16,1,17,14,31,"[48.8679385, 2.4003649]"
2026-04-14 05:32:53,c7d918d11d71cf8e606a47f8cf28be095c1339a2,Square Raymond Souplex,18019,21,7,28,24,52,"[48.89183721478911, 2.335426103165901]"
2026-04-14 05:32:53,dffce53164b493d760f0c047f2d0f8be8b817c26,Keller - La Roquette,11003,0,23,23,8,34,"[48.8555508, 2.3752778]"
2026-04-14 05:32:53,51f8911e492050aec8850ece6711734b526ae5ab,Rougemont - Poissonnière,9012,0,5,5,37,44,"[48.871611569354755, 2.345873080193996]"
2026-04-14 05:32:53,b8bdeef7db52371e9bb27730981bf8e1ac510abe,Vistule - Choisy,13113,3,3,6,25,33,"[48.82365543660611, 2.3615723848342896]"
2026-04-14 05:32:53,7748ee19fd4825b3a3f96b64bd1785b6fa7b7610,Manin - Crimée,19031,15,0,15,8,23,"[48.8831217743719, 2.3863670602440834]"
2026-04-14 05:32:53,6133b4021043b73baef036c2d7c9611ea39e639e,Square Desnouettes,15061,7,10,17,5,22,"[48.83476837934194, 2.284142297394666]"
2026-04-14 05:32:53,3d3ee77c0338ca256432c5090d7a49b7ef0154a5,Hôtel de Ville de Levallois Perret,23008,11,10,21,4,26,"[48.89314451997415, 2.2888818383216862]"
2026-04-14 05:32:53,d2d97006f71ecf22047c7c9a6e5d8086f35d9751,Convention - Saint-Charles,15063,8,14,22,0,23,"[48.843156111116, 2.2831090539694]"
2026-04-14 05:32:53,51b78646f653dbbb24574d9fc254ad557b557732,République - Henri Barbusse,33005,19,5,24,8,32,"[48.90661553626751, 2.389432489871979]"
2026-04-14 05:32:53,59eaaa88b428d7b94ce5092c079ef60b9d679a35,Cléry - Montmartre,2021,1,6,7,51,58,"[48.867458, 2.3445211]"
2026-04-14 05:32:53,e00ed37765b680437fe6713e96cdcaffeb30f763,Roquépine - Malesherbes,8015,2,24,26,26,53,"[48.873450733908, 2.3204044997692]"
2026-04-14 05:32:53,a43c4e03caafa00e0920982b20b7f0e6e8a76999,Poissy - Saint-Germain,5019,0,4,4,21,25,"[48.84969649427, 2.3529685288668]"
2026-04-14 05:32:53,f02360b0a2617f0ebe137aee8d4234ca10266237,Ferrus - Saint-Jacques,14007,2,7,9,25,34,"[48.8313878, 2.3408563]"
2026-04-14 05:32:53,f330d303bd543ce0432a6dc67545c5d69d551793,Faidherbe - Dahomey,11107,4,38,42,0,44,"[48.851358329771806, 2.383823134795429]"
2026-04-14 05:32:53,763abdafdae1c949f713929078f7de7478a06b04,Le Vau - Maurice Bertaux,20103,4,13,17,7,25,"[48.86803439043193, 2.411030612453627]"
2026-04-14 05:32:53,b231578d59719e60ae7f63e63ce326dedfcb9e0b,Place du Canada,8029,1,2,3,53,58,"[48.865346269363, 2.3101937879648]"
2026-04-14 05:32:53,206893ea59e54e2880040fe6eda9bd1f4a0eb2ff,Bachaumont - Montmartre,2101,3,23,26,5,33,"[48.86617395079137, 2.3449775576591496]"
2026-04-14 05:32:53,165ae18dacc2858de4ed4a4910fce114e68d2677,Square Georges Melies,12154,3,5,8,28,40,"[48.84070239213081, 2.409667745232582]"
2026-04-14 05:32:53,7b7c88e396b2f1ae89e3ecbdf949785860c6e9c3,Jardin Marguerite Long,17104,3,1,4,18,22,"[48.8816985773914, 2.2836575657129288]"
2026-04-14 05:32:53,61f582fd62f0b53db91ef976c8fbe5a5999f954e,Melun - Jean Jaurès,19030,13,10,23,5,28,"[48.8837796723475, 2.376477420330048]"
2026-04-14 05:32:53,af7da68072d4f40953fa2a10d69702d996d81813,Butte aux Cailles - Esperance,13022,21,7,28,3,36,"[48.82758774190948, 2.3492151126265526]"
2026-04-14 05:32:53,13d943a14f85a7f9ac417978991e170046a4a6ba,Louis Ganne - Davout,20045,0,24,24,6,30,"[48.86338720692607, 2.409725748002529]"
2026-04-14 05:32:53,3fa05b48bff00b3e5bde352f9984fc7e7d40132a,Square du Bataclan,11044,2,11,13,5,20,"[48.8633762, 2.3711327]"
2026-04-14 05:32:53,9f2f19fee8d2c2d496a527e3f582375d1d49acde,Versailles - Claude Terrasse,16041,2,20,22,22,46,"[48.840219338074, 2.263834191153]"
2026-04-14 05:32:53,222bfceb976a981da3d2dc84d97889ebf1579a93,Place Tony de Graaff,21952,12,24,36,6,42,"[48.8181645, 2.2458109]"
2026-04-14 05:32:53,74beb450c6b0b37a039b49ccb0200ac94e32aeda,Lamartine - Faubourg Montmartre,9015,2,9,11,19,32,"[48.876613982891, 2.3397656902671]"
2026-04-14 05:32:53,28ce2f0fd264ebee5d2886069bfe728f5b09ac85,Place du Palais Royal,1013,2,9,11,56,67,"[48.862382970647, 2.3384822532535]"
2026-04-14 05:32:53,48c2452c65c560ba50b110617161810ade8f540b,Georges V - François 1er,8049,1,0,1,19,22,"[48.87034, 2.30082]"
2026-04-14 05:32:53,7b882e55b7ddcac10b7a493975ab03e717999fed,Hippodrome de Paris Vincennes,12507,1,2,3,97,105,"[48.820484866661, 2.4502807724015]"
2026-04-14 05:32:53,cda17624097ab6f6f47487a3f0205c62959624c4,Vignes - Boulainvilliers,16031,0,3,3,18,21,"[48.856399483950504, 2.275240458548069]"
2026-04-14 05:32:53,e65407bdf9ba6723f06fdf765434fbc755b706b8,Terroirs de France - Lheureux,12153,2,24,26,26,55,"[48.83212027074841, 2.388618104159832]"
2026-04-14 05:32:53,7e4653ba202df06d31ed86ef87bd1e6939c3a375,René Coty - Parc Montsouris,14016,4,1,5,50,55,"[48.82479134498032, 2.336124926805496]"
2026-04-14 05:32:53,61715c9d3dec25292272e6240f981953bebbff8d,René Binet - Porte de Montmartre,18035,1,5,6,29,37,"[48.89905109950848, 2.3365534096956253]"
2026-04-14 05:32:53,e8d884829c5985b6aef0d4843855edc97360f221,Moulin de la Pointe,13110,18,0,18,4,22,"[48.82092946051445, 2.3563179373741145]"
2026-04-14 05:32:53,77650cc519a002ab221131cab42beb744ce827af,Suffren - Pérignon,15009,1,24,25,21,46,"[48.84717561492764, 2.307052147596786]"
2026-04-14 05:32:53,615d9c7670f9c6c6bda43117577ce7d7cfea8ce1,Docteur Calmette - Martre,21120,7,10,17,12,30,"[48.898969358483, 2.3086513252383]"
2026-04-14 05:32:53,50b6d3b70f93cd1eb444e0be5367a941e6e0d598,Saint-Fargeau - Mortier,20117,7,0,7,23,31,"[48.87266656122256, 2.407912909984589]"
2026-04-14 05:32:53,451ed8c3cd31fab4f9383a7e011a7a148bd0d9c6,Le Corbusier - Jean Jaurès,21009,4,31,35,9,46,"[48.83780830557548, 2.2408381104469304]"
2026-04-14 05:32:53,785536c94adba5bdc3af3ee74146aef73f23a145,Jean Moulin - Paul Doumer,31017,12,1,13,6,20,"[48.8622179854695, 2.45533436536789]"
2026-04-14 05:32:53,89794657430c61d000520bb97ee8b6c8c3fc0817,Boutroux - Porte de Vitry,13047,6,43,49,0,49,"[48.822632, 2.377738]"
2026-04-14 05:32:53,e8c0d23c54f0c477fa31c556066844d36a5c0eb6,Pont De Charenton,44103,2,12,14,2,18,"[48.8179685, 2.4199531]"
2026-04-14 05:32:53,43c510d617e8b6cb935d41b7f8f3ecf22b164197,Pierre Brossolette - Adolphe Pinard,22403,8,6,14,9,24,"[48.821772279548, 2.3131558299065]"
2026-04-14 05:32:53,d9ce9ed5eb7adf12f74d215d37cc9ecbfed969ed,Quai Marcel Boyer - Victor Hugo,42011,11,11,22,5,29,"[48.822556366667, 2.3920395970345]"
2026-04-14 05:32:53,766edf0e08492e78d64741dddd7f7b2841cca2ae,Cours de Vincennes - Davout,20047,3,1,4,44,48,"[48.847238029966, 2.4107042336225]"
2026-04-14 05:32:53,468095489dccfc3e3f2f27461098041d522244f5,Mairie du 9ème,9013,0,2,2,22,24,"[48.873267137583, 2.3407534480528]"
2026-04-14 05:32:53,b4b3030fa12a48adbe0ac88a16da13568a28434e,Monte Cristo - Bagnolet,20204,22,1,23,13,36,"[48.85656581187, 2.3972699046135]"
2026-04-14 05:32:53,69e8cef56f8660ea5c10e3e1b1ba1b1a3d3744e9,Place Marcel Sembat,21017,3,1,4,52,56,"[48.833288650307, 2.2441747784615]"
2026-04-14 05:32:53,dbab7fafb7fd2e999bd70f72e768b29fee13ed02,Véron - Lepic,18114,9,0,9,13,23,"[48.885261233953, 2.3345598578453]"
2026-04-14 05:32:53,da08d54e8774800a7104639ee67089260f747cc2,Vivienne - Petits Champs,2201,0,0,0,0,30,"[48.867331390877, 2.3391437530518]"
2026-04-14 05:32:53,6f5ad1b58d4f102be78d272af24d3c6e040cfec8,Place Centrale,21951,1,2,3,19,22,"[48.78740167690531, 2.2278830409049992]"
2026-04-14 05:32:53,4a1648603e12590edba3ea72cdc7a24b66be3fbd,Gare de Nanterre Ville,92005,5,15,20,22,43,"[48.8950295, 2.1957932]"
2026-04-14 05:32:53,9007bf47ea96eb7c65c0c9c48d0414c06c1ef4dc,Senard - Charles Blum,22103,5,8,13,11,24,"[48.857315824799, 2.221091687679291]"
2026-04-14 05:32:53,77fb13e2e2fd37adcd00e0ec9a459ca8ac646db4,Pré Saint-Gervais - Lilas,19113,8,0,8,18,28,"[48.877870626988, 2.3959073424339]"
2026-04-14 05:32:53,4d67caa7da3966fa6b5c2bb6fffc8ee66201f1e0,Gergovie - Vercingétorix,14128,4,4,8,21,29,"[48.83453413883994, 2.313154547426182]"
2026-04-14 05:32:53,78ef8536d8d0104d5a9b8b6d447fad1a7f929eee,Hôpital Robert Debré,19036,3,1,4,27,33,"[48.88005222200894, 2.4008650346327003]"
2026-04-14 05:32:53,c39bf4d4c0a6e74761e0de8c25695a233003db72,Guy Môquet - Saint-Ouen,17001,19,18,37,13,53,"[48.892777719023975, 2.3270335793495183]"
2026-04-14 05:32:53,a6fa99f560585750ddcf2df85aa6fcee62e52521,Bois de Vincennes - Porte Jaune,12129,3,8,11,24,35,"[48.838751246689455, 2.4605489149689674]"
2026-04-14 05:32:53,61baa53d8650d7963bb12ab3ab40a0d2d8149a66,Edouard Vaillant - Galliéni,31707,10,0,10,38,49,"[48.858462881661, 2.4147954583168]"
2026-04-14 05:32:53,40b683476df39d7cfe706ca31229598bc7b95d40,Clapeyron - Moscou,8011,1,0,1,14,15,"[48.88078819514121, 2.324815057218075]"
2026-04-14 05:32:53,acb6114e6df6de58afc58317e8fa40e259cd461f,Versailles - Résistances,43203,0,0,0,1,1,"[48.75695884522, 2.3885755413796]"
2026-04-14 05:32:53,56bf71d50ff4fbb4d55903260b3a65d8e6ff2a1c,Santé - Arago,14113,3,1,4,34,38,"[48.83507657562064, 2.3415737262044938]"
2026-04-14 05:32:53,f8a8b0cd29464ba4ea915b177c47e05ca7df1cf4,Evariste Galois,20203,8,0,8,11,21,"[48.873341356228, 2.4133544409574]"
2026-04-14 05:32:53,f452f2b02ab66e9862b57c797962ac96e00acfb1,Rapp - Place du Général Gouraud,7024,8,17,25,3,31,"[48.858102885107, 2.3004072904587]"
2026-04-14 05:32:53,3ab1407097a9b47194ad23ec3e9d33c27530d4d5,Jacquard - Ternaux,11031,12,24,36,2,39,"[48.8646605, 2.373162]"
2026-04-14 05:32:53,ee39b2f066b61cec9bdf2ac29829a1ee8573a399,Pyramide - Parc Floral,12125,4,1,5,44,50,"[48.837442, 2.440452]"
2026-04-14 05:32:53,f947a2d57365bf45ee565d694055d53ef4a8b610,Auguste Blanqui - Glacière,13515,3,15,18,41,60,"[48.831151602964, 2.343822196126]"
2026-04-14 05:32:53,1715e4c83b551f2a4db1fe581c86957908ec765e,Choron - Martyrs,9016,1,20,21,6,29,"[48.877851443503, 2.3396701365709]"
2026-04-14 05:32:53,8234e11711534abca5d5e484fafe8cd84edc5d00,Charles Lecocq - Lecourbe,15131,11,30,41,4,48,"[48.84044, 2.294867]"
2026-04-14 05:32:53,18ad4e79755a01b603faf979a3c133dab6b9662a,Quai de Valmy,10037,2,0,2,22,26,"[48.88126951579429, 2.368186041712761]"
2026-04-14 05:32:53,8bcb55b89c53481ff909b76f3fba75e05c0eb4f5,Cimetière d'Issy-les-Moulineaux,21316,12,1,13,11,24,"[48.817699773925, 2.2609312087297]"
2026-04-14 05:32:53,84b48a49472e1c89a640f1cc6be4b9102178a6f9,Parc Suzanne Lenglen,15125,0,22,22,29,52,"[48.833250690537874, 2.2765403240919113]"
2026-04-14 05:32:53,fedc5153765cff9bd9ab2146625e482bc9e544e9,Stade Georges Carpentier,13117,0,0,0,40,40,"[48.820482438381, 2.3668321967125]"
2026-04-14 05:32:53,5b048d577ed0d2c0209818776130057d0186f395,Mazagran - Pierre de Coubertin,13027,5,10,15,0,15,"[48.816218640260445, 2.344226874411106]"
2026-04-14 05:32:53,9c82e2a5c7fd9a911c8b2119dd8b1ec5e4bbb554,Pierre Demours - Laugier,17029,12,9,21,16,37,"[48.8813072, 2.294846]"
2026-04-14 05:32:53,e52949a34f41298fc7814734f028ffa52612c6da,Metz - Faubourg Saint-Denis,10004,1,21,22,26,48,"[48.870893, 2.353521]"
2026-04-14 05:32:53,12a1f8c61e687f252869f3ea419b6720dfb9be93,Neuilly - Petit,21118,3,12,15,1,16,"[48.898965361341254, 2.29627937078476]"
2026-04-14 05:32:53,e6e90c91a0a6b2fc9cdc840d109eb6a8b5a34981,Place Jules Ferry,21203,10,1,11,16,28,"[48.812107928414775, 2.325837314128876]"
2026-04-14 05:32:53,e00c8518e46efad4407ddca4c9d53a4491a0a377,Censier - Santeuil,5034,5,25,30,39,69,"[48.840658921385234, 2.3537524044513702]"
2026-04-14 05:32:53,e20343c4de3c178437255eb2190cb9b8fdb60eea,Gare de l'Est - Fidélité,10017,1,3,4,10,15,"[48.874575, 2.356796]"
2026-04-14 05:32:53,dda41952067619d3edd126bf1a1fd9e8ad60ae7a,Pelée - Alphonse Baudin,11103,4,18,22,14,38,"[48.8600265, 2.3710541]"
2026-04-14 05:32:53,c6943ca76084c5e34866c694ab8afdb13b700d60,Louis Blanc - Jemmapes,10110,4,1,5,25,31,"[48.879330755297, 2.3684485629201]"
2026-04-14 05:32:53,f27a1d58f400b4613a4a73cfd641b84a75430385,Square de la rue Pixérécourt,20002,6,1,7,38,45,"[48.8736824, 2.3960278]"
2026-04-14 05:32:53,bfe116cb86df34237b7d2447ec897524e97366d0,Belleville - Couronnes,20039,5,5,10,39,50,"[48.868831082877, 2.3809862136841]"
2026-04-14 05:32:53,a4c1e8fa03b3c9162606e968ca2d4ada961270f3,Hôtel de ville de Fontenay-sous-Bois,41210,3,8,11,8,20,"[48.84949749106274, 2.4750164151191716]"
2026-04-14 05:32:53,7a1104785c52af4b8d80398ff2d3f2b7b3b57757,Pierre Levée - Fontaine Timbaud,11109,1,14,15,5,23,"[48.86632723374305, 2.3711163550615306]"
2026-04-14 05:32:53,a03d401db4a4ec7f806a20f83fd7408fa0452617,Ivry - Simone Weil,13039,2,1,3,15,18,"[48.823283932030755, 2.3659095168113713]"
2026-04-14 05:32:53,a6dc3572ecba56a74971154ea58e2545a9e35622,Brancion - Lefebvre,15043,5,0,5,5,11,"[48.82900222785569, 2.301431038163409]"
2026-04-14 05:32:53,9142d76808a0c878265a7e1752b473a8a068c42a,Hôtel de Ville de Fontenay-aux-Roses,22604,7,2,9,25,34,"[48.790844603480856, 2.2871455930319455]"
2026-04-14 05:32:53,d9f381b95a9baeec1584a36d904f6a0d3c12ee04,Vanne - Saussaies,42305,6,1,7,12,20,"[48.786404, 2.338848]"
2026-04-14 05:32:53,05b396ae5239e6ee61d5e8ff7d81f50dbf0fe368,Jean-Pierre Timbaud - Vaucouleurs,11032,14,23,37,8,47,"[48.867937, 2.377885]"
2026-04-14 05:32:53,63c17e8664a0a901490012c8cb3ad37df19dc169,Vaugirard - Verrerie,21955,0,9,9,15,26,"[48.820881336842, 2.2367222622987]"
2026-04-14 05:32:53,e9cad8108edd465c9caaf9a222cacad23d9e7002,Bruneseau - Quai d'Ivry,13121,0,12,12,33,46,"[48.824945637583, 2.3885661363602]"
2026-04-14 05:32:53,5de509b28ecf9beceee6c6e9a408bd50576bd287,Martignac - Grenelle,7203,1,8,9,16,25,"[48.858278471985, 2.3187066793468]"
2026-04-14 05:32:53,a47ba145d61b92bc3ad443c4db488c2c8fb6f920,Wurtz - Tolbiac,13048,8,16,24,3,28,"[48.82631195621, 2.344585955143]"
2026-04-14 05:32:53,6690c2b9226b68a62244a134d51c23fde9a581f2,Quai aux Fleurs - Pont Saint-Louis,4003,1,11,12,9,21,"[48.852915956209, 2.3521957173944]"
2026-04-14 05:32:53,ada9fa6ba402bb9dc227fca616b22ccc068b9892,Square Alban Satragne,10018,2,1,3,26,30,"[48.875388227727, 2.3559567333359]"
2026-04-14 05:32:53,f287117b93557e4da49d79e978fa7c2fa9b62a81,Mairie de Romainville,32301,5,0,5,10,17,"[48.885109, 2.435679]"
2026-04-14 05:32:53,a8bb7eaad34ce7e294183257c19d9d76a634fbb1,Arcole - Notre-Dame,4001,2,2,4,10,14,"[48.853883541328, 2.3493797332048]"
2026-04-14 05:32:53,248273ed6c580e39d4ee365980e0b8fc80a4efd9,Marignan - Champs-Elysées,8013,0,11,11,52,63,"[48.869495661232, 2.3066138139003]"
2026-04-14 05:32:53,7b8aa8fa6cca6ac15bb7fafd47fb017d772004a2,Porte d'Italie,13033,3,0,3,9,13,"[48.817161987718954, 2.360236309468746]"
2026-04-14 05:32:53,6bf4f966e4a1b0210603e6c1c3108c5de684d983,Place de la Porte de Passy,16020,3,8,11,24,36,"[48.857341095470794, 2.2644165538827115]"
2026-04-14 05:32:53,3a9a27965135d59ad75d44211dc8dd0dbf4f5996,Place Nationale - Château-des-Rentiers,13126,6,3,9,9,18,"[48.829268, 2.365212]"
2026-04-14 05:32:53,573b6f526eb3ceff7d87934229d4ea02a72ca3f1,Gare Montparnasse - Edgar Quinet,14101,0,0,0,30,33,"[48.841487851079, 2.3233232282801]"
2026-04-14 05:32:53,c4fc70e43d6de19e5050916242f286a7637afb21,Place de l'Insurrection d'Août 1944,42003,11,16,27,2,30,"[48.81477852751594, 2.398074567317963]"
2026-04-14 05:32:53,134b7a76f3f4de7972c9cb3069115aa318f971ed,George V - Christophe Colomb,8549,1,1,2,21,24,"[48.87046, 2.30104]"
2026-04-14 05:32:53,bd69f130e9e33e8b65a62964dd658c18f451ae86,Hôpital - Campo-Formio,13011,2,2,4,6,11,"[48.835405, 2.358218]"
2026-04-14 05:32:53,8cf8f154b2b1d9810151b6424e841c89bb4b679d,Daumesnil - Hébrard,12043,2,7,9,31,40,"[48.8429, 2.38474]"
2026-04-14 05:32:53,c6eab5b71d7851d89a5249e147b8515521d16029,Porte d'Asnières,17023,3,18,21,14,36,"[48.89035817610495, 2.3036286234855656]"
2026-04-14 05:32:53,e677ce04cdf556a47602599c117038b1e1c56e0f,Marché aux fleurs,4002,2,3,5,18,23,"[48.855258115391, 2.3473754525185]"
2026-04-14 05:32:53,123fb623be1265b354fcc3fb420fadc5bbec4a53,Mazagran - Bonne Nouvelle,10105,1,11,12,10,25,"[48.870047123655, 2.3511248454452]"
2026-04-14 05:32:53,310eb4482cf121a20ee9368f57092fa5a8868448,Jacques Kellner - Saint-Ouen,17003,5,7,12,33,45,"[48.895809485802886, 2.327897409164145]"
2026-04-14 05:32:53,7b2ff0c4edfbe14503edbd8ff42291467c70a99a,Assas - Luxembourg,6008,0,5,5,28,33,"[48.843734468779, 2.3334283818759]"
2026-04-14 05:32:53,a14162205d938285a37190496376f2f136c9ce41,Estienne d'Orves - Henri Ginoux,21204,7,5,12,18,31,"[48.815388220397274, 2.320886790760933]"
2026-04-14 05:32:53,d9f0c016adfe00108e687528b6519fb38cca1e4f,Emeriau - Beaugrenelle,15030,8,56,64,8,74,"[48.84791249714942, 2.2843059897422795]"
2026-04-14 05:32:53,39df0f5f511d11f3e705d6d9768675a319188fb9,Faubourg Poissonnière - Dunkerque,9114,2,4,6,23,30,"[48.880883445404436, 2.349934279918671]"
2026-04-14 05:32:53,1d16952227d54b8b8786717e89be2eea9849583e,Victor Hugo - La Pompe,16011,3,4,7,32,41,"[48.86795222470859, 2.28146318346262]"
2026-04-14 05:32:53,8eaf26be65d3f697dbb47a124920485a89f42b15,Javel - André Citroën,15064,4,20,24,19,45,"[48.846276485475, 2.2786368057132]"
2026-04-14 05:32:53,3246ee8365354cedf388e59d327dddad2a066314,Cimetière de Montmartre,18003,3,15,18,25,43,"[48.886472466142, 2.3328901827335]"
2026-04-14 05:32:53,587b8f7ef1045c50848f30f68ad4e812d1362a2e,Conservatoire Marcel Dadi,40005,3,13,16,9,26,"[48.790090379157, 2.4535970427243]"
2026-04-14 05:32:53,9a0791d24d51fa4820441348d19fbff778f52ef6,Voltaire - Anatole France,23010,6,16,22,5,27,"[48.891999360256904, 2.284262739121914]"
2026-04-14 05:32:53,c694709d239fe0b3e33f55e649d8b3b651e6f599,Place Jacques et Thérèse Tréfouël,15005,4,14,18,25,43,"[48.842726498317, 2.3125657439232]"
2026-04-14 05:32:53,de33ed31aecb714067779d99ecc22ae2d214c032,Mairie de Clamart,21401,3,0,3,29,33,"[48.800612, 2.262151]"
2026-04-14 05:32:53,25883934e49b24f9ed09dc17aeac751ab3b29b4d,Bessières - Porte de Clichy,17108,0,5,5,27,33,"[48.89611762451474, 2.31790903955698]"
2026-04-14 05:32:53,ca1b23e008018f57ceffb6fa2120143ea6398d44,Place Edmond Michelet,4020,5,9,14,7,23,"[48.860134890542, 2.3500636965036]"
2026-04-14 05:32:53,8a048e8d0810634dceb16acece4d6d1bcc2162aa,Emile Zola - Fondary,15022,5,31,36,5,42,"[48.847051143113745, 2.2953405976295476]"
2026-04-14 05:32:53,5cbff69433baf5de54c73a42300f35f4717a4455,Paul Vaillant-Couturier - Victor Hugo,23004,12,11,23,12,36,"[48.89819702263572, 2.293848017974069]"
2026-04-14 05:32:53,57081d5bb5d11df41cddd450e2e40b4863cbb6ac,Estrapade - Ulm,5012,2,0,2,13,16,"[48.84512772828, 2.3454568170362]"
2026-04-14 05:32:53,5b25efab190368c1a4edea691da0b153d007de56,Place Lafayette,21306,1,29,30,30,62,"[48.829654975522, 2.2638675570488]"
2026-04-14 05:32:53,286b64a1d458984b727336f508181f94c67852d9,La Motte-Picquet - La Tour Maubourg,7017,11,23,34,2,40,"[48.856926701847, 2.3096215831203]"
2026-04-14 05:32:53,9c8c219c76fe350621d7ace807abeee35eebe696,Maréchal Joffre - Verdun,41205,4,0,4,16,20,"[48.85385, 2.470307]"
2026-04-14 05:32:53,2d800eae1f44941cdb76979e4efc33227cd70a9c,Saint-Mandé - Fabre d'Eglantine,12018,2,1,3,31,34,"[48.8453579, 2.3965022]"
2026-04-14 05:32:53,d92d3dc620875ab2f69aa93ddf91b4a4a0bb9b73,Place Saint-Just,44005,9,2,11,10,22,"[48.790379518724265, 2.3895226791501045]"
2026-04-14 05:32:53,9cd1012efa74520aaae3839620d12f14650e0640,Cambronne - Villa Croix Nivert,15011,8,23,31,31,62,"[48.845847561366, 2.3017574474216]"
2026-04-14 05:32:53,2edb9ee3d56571940d457b132e7883dc19835b07,Porte des Lilas - Faidherbe,32601,7,9,16,23,39,"[48.87861855668978, 2.4120327830314636]"
2026-04-14 05:32:53,fae91a0e0f1ad6f984d31b71621fd9134d362684,Suffren - Champ de Mars,15071,0,8,8,15,23,"[48.8547194, 2.2952168]"
2026-04-14 05:32:53,71d83d11634fc3d5d3fcd1fcfb636e71c111c3c1,Taitbout - La Fayette,9024,1,0,1,49,53,"[48.8733298892, 2.3352625966072]"
2026-04-14 05:32:53,f3ae2b9c7c5f4906eca92c604576ef03fc1f9d11,Arsène Houssaye - Friedland,8201,1,0,1,28,29,"[48.874510616163, 2.2994716674148]"
2026-04-14 05:32:53,413ed8cfe8688724e7559a4d26e93732babd4851,Lemercier - Cardinet,17111,6,4,10,14,24,"[48.890097168851746, 2.317377626895905]"
2026-04-14 05:32:53,8d8bba6ff1a636c2b815d7e6bf3df0e901a1b6f2,Place des Fêtes - Solitaires,19210,4,0,4,25,29,"[48.876644633122, 2.3920327806309]"
2026-04-14 05:32:53,4c43da7b9b512221d33e1564d35663583d00d60b,Londres - Place d'Estienne d'Orves,9102,0,4,4,20,25,"[48.876693805756986, 2.3305362090468407]"
2026-04-14 05:32:53,9267499a3eee32e892be6ad41e5d225afbc9407f,Joseph Dijon - Ornano,18030,12,8,20,17,37,"[48.89374453351521, 2.3476678133010864]"
2026-04-14 05:32:53,f6496732e0b56308384e7577050f7ed0b4d4756c,Square Denise Buisson,31005,1,6,7,38,45,"[48.8562322730982, 2.426436245441437]"
2026-04-14 05:32:53,96d9059fedfdf4060769833ccadd9ab8b7c0fca1,Chemin de Bretagne,21314,2,10,12,17,29,"[48.824753068884, 2.2588385956052]"
2026-04-14 05:32:53,14e29d3c74c0c0c9d279d3c85b524e659ad4fd3b,Rottembourg - Général Michel Bizot,12155,8,30,38,4,43,"[48.83787825992554, 2.4044052511453633]"
2026-04-14 05:32:53,9cc1b3c893f0cbd52435811b96954d4ac2e4adb0,Godot de Mauroy - Madeleine,9034,1,3,4,17,22,"[48.869789, 2.326347]"
2026-04-14 05:32:53,05151c61552f39bbc584a75ebbabf43abc045ef9,Madagascar - Meuniers,12035,17,28,45,0,47,"[48.83460464474706, 2.3970650508999825]"
2026-04-14 05:32:53,c8adb67ff55daed42589f564baabffd67d6c8051,Marché Saint-Quentin,10021,2,1,3,11,15,"[48.877356057652, 2.3545114456374]"
2026-04-14 05:32:53,29b21c788ec691c14871919d9f361fadbe5d04d0,Buffon - Jardin des Plantes,5115,4,15,19,10,30,"[48.842668466104875, 2.3618587106466293]"
2026-04-14 05:32:53,285dc4d8f9e20ca7bf5cd6e8d952cc494050e47c,Louis Xavier de Ricard - Ancienne Mairie,41211,7,1,8,25,34,"[48.84629899065091, 2.472420372068882]"
2026-04-14 05:32:53,1233c77a99a1c63504ebbbdbbdc8088206b696b8,Lebrun - Colonel Fabien,44011,5,1,6,21,27,"[48.78266870733145, 2.381317801773548]"
2026-04-14 05:32:53,01be88c5261b13b0a51ff284b2a91c23db614d85,Champs-Elysees - Bassano,8116,0,0,0,25,25,"[48.871811807816, 2.300238981843]"
2026-04-14 05:32:53,a40def0cd2d7906bd82473b50c23e2a20ac00688,Charenton - Prague,12101,1,23,24,1,26,"[48.848175129981, 2.3763584494312]"
2026-04-14 05:32:53,380d5229fe0aff6e4e3a4b93510966831282b19b,Square Etienne Jarousse,21707,12,1,13,12,25,"[48.82485182597129, 2.2925933450460434]"
2026-04-14 05:32:53,ca9b17c021baf9367b4821f654daf0ee6abc9d6b,Cloître Saint-Merri - Renard,4019,1,10,11,19,32,"[48.858835448898, 2.3518279194832]"
2026-04-14 05:32:53,ce8a470d02799cb446822cd97099ab47d8ae6977,Esplanade du Foncet - Camille Desmoulins,21319,0,14,14,13,28,"[48.827090233495, 2.2606857866049]"
2026-04-14 05:32:53,b07ae2c694a6064a3ee24325ad58cc225460550a,Charentonneau - Maison Alfort,47009,8,15,23,5,28,"[48.809972406542, 2.443241664773]"
2026-04-14 05:32:53,7c5bfeafd9584d55cc00862aa83f5fd4c2c8ec86,Bourg l'Abbé - Saint-Martin,3102,2,30,32,26,61,"[48.863933319493, 2.352406270802]"
2026-04-14 05:32:53,a9848e3236ec17b2838c53e58e48968e90b75bce,Jules Guesdes - Général de Gaulle,21315,12,1,13,11,24,"[48.81930581291959, 2.278934195637703]"
2026-04-14 05:32:53,9cb951f626801a3fb14d5a607b12063b3a1bc558,Marché Saint-Germain,6022,6,2,8,12,21,"[48.85165625855281, 2.335500307381153]"
2026-04-14 05:32:53,61aeb561c8b1cf56d361aee3e4bd4c107c8b33bd,Place Aimé Césaire,21402,10,8,18,9,27,"[48.783194713067815, 2.2429127991199493]"
2026-04-14 05:32:53,14383bda459700137f9579ef4961675a554aed1a,Condorcet - Turgot,9007,0,2,2,15,20,"[48.87985155789093, 2.345232367515564]"
2026-04-14 05:32:53,374a85a6dcd90b2289d9d3528e2bdecf1c880891,Benoît Frachon - République,20105,2,0,2,28,30,"[48.85230729014318, 2.415605485439301]"
2026-04-14 05:32:53,5d6cb14b5d6bc0f6b1a775a790e2a71d62857376,Mairie du 14ème,14032,5,6,11,20,32,"[48.83254578123, 2.3254923149943]"
2026-04-14 05:32:53,2d64a8325d27dcaf7b121963cd899d18d9c9bc06,Marne - Charles de Gaulle,41401,10,17,27,0,27,"[48.815071719544434, 2.4121668934822087]"
2026-04-14 05:32:53,26903a20e8a54d24cdbd18f9a85b8010a7af35c7,Saint-Benoît - Jacob,6002,1,4,5,18,23,"[48.85545136013941, 2.3334722220897675]"
2026-04-14 05:32:53,c6e65d9289a361d3e24edfa88f6c61a922a8e407,Didot - Place de Moro-Giafferi,14031,11,3,14,8,22,"[48.8337, 2.3215]"
2026-04-14 05:32:53,ae730a87098d8d4ed55be529484f3475f7cc3b3a,Davout - Volga,20044,2,1,3,24,28,"[48.852919679957296, 2.410522909779111]"
2026-04-14 05:32:53,e96b8f014847a05b9d84098033eccf28479355f2,Porte de la Muette,16019,1,4,5,31,36,"[48.86302317841182, 2.2687188170157406]"
2026-04-14 05:32:53,7c25cc441e7a5ef7b177e17293e296ce6f1fc0b5,Lobau - Hôtel de Ville,4016,1,18,19,39,60,"[48.8562118, 2.3532536]"
2026-04-14 05:32:53,f8fda8f5ee531a5cbb79071e3a1a84fa5c9f2d18,Paradis - Hauteville,10019,3,4,7,24,31,"[48.874999954666755, 2.3522757401923404]"
2026-04-14 05:32:53,76c03f85180ad2cbdd5bb6481a1b7537ff8a68d7,Stalingrad - Rigollots,41203,23,7,30,21,51,"[48.84997403844251, 2.45557576417923]"
2026-04-14 05:32:53,870c44794150c03fb06a141c5b4ded278f3d9fee,Gare du Nord - Saint-Vincent de Paul,10033,5,0,5,19,24,"[48.880955741648, 2.3524305148385]"
2026-04-14 05:32:53,fe4e3dcf3fac968183757614ca1c03d068a68354,Place du Général Leclerc,43201,3,3,6,16,22,"[48.76529107158, 2.3926565092808]"
2026-04-14 05:32:53,efb2f40b945972c54c528b901ac4e6855ea0e601,Université Paris Est Créteil,40006,5,2,7,36,43,"[48.787714467944, 2.4461909509055]"
2026-04-14 05:32:53,dd4855cf2e3bb650c3764ea9d6d54f87f8c52d65,Porte de Bagnolet,20022,3,0,3,29,33,"[48.864707139122984, 2.408344637349607]"
2026-04-14 05:32:53,d05aca730c07691c05c3585589d485c6f9b4bb30,Plantes - Moulin Vert,14026,22,3,25,19,45,"[48.83005755305626, 2.3232302069664006]"
2026-04-14 05:32:53,de8173c56c3d847fa541812b86c6c97c50e91ec4,Cité Riverin - Château d'Eau,10008,2,10,12,5,18,"[48.870702423554306, 2.358739863900845]"
2026-04-14 05:32:53,f97da567a86c8a809e9ea5c1e386bd5f6057e520,Porte Molitor,16036,7,22,29,30,60,"[48.84524763511433, 2.2569015249609947]"
2026-04-14 05:32:53,acab350e86b53e6901e36891bd6e8ea0f5db71ad,Claude Vellefaux - Hôpital Saint-Louis,10032,7,6,13,17,32,"[48.872859139003, 2.3700717069851]"
2026-04-14 05:32:53,48dc0e2676cacbce5541330f00bc1c7780dfa886,Maxime Gorki - Louis Aragon,48004,9,2,11,9,20,"[48.78909814728443, 2.368387877941132]"
2026-04-14 05:32:53,702180d76a97cc45db42158b2b9a6cb0ce3012a1,Gare RER les Grésillons,26004,9,9,18,4,22,"[48.919898633572764, 2.31458459136273]"
2026-04-14 05:32:53,a5c8f027f06b6eb2b0e4133a920ac728b0598c4e,Grande Truanderie - Saint-Denis,1006,0,22,22,8,33,"[48.8626302, 2.3498075]"
2026-04-14 05:32:53,19eb09925580732aafaed1650004d38bf4f5e82a,Sèvres - Lecourbe,15008,1,22,23,39,62,"[48.8447677, 2.3110086]"
2026-04-14 05:32:53,cdf691d1752273645f3cf90ec23b603fbc9be537,Jules Vallès - Charonne,11112,5,16,21,1,23,"[48.854284379935, 2.3847674578428]"
2026-04-14 05:32:53,83dd1496e11be9e52851faa4f8ebd9496d2fbf7a,Diane Arbus,18202,7,0,7,31,38,"[48.898800717199, 2.3524022474885]"
2026-04-14 05:32:53,f14a885fff92a87c895476efacf16ab4f1faf8ce,Epée de Bois - Mouffetard,5015,1,0,1,62,63,"[48.841508690388835, 2.350066713988781]"
2026-04-14 05:32:53,a1677d9d9a4b8d777ccd999192f71ae87f6fa003,Turbigo - Française,1007,0,8,8,8,16,"[48.86358858111446, 2.3477794602513313]"
2026-04-14 05:32:53,b93883ff067045580462d49de0f484f4a945e94e,Mairie d'Issy,21309,3,24,27,14,41,"[48.823767792468, 2.2723111510277]"
2026-04-14 05:32:53,ecfc034165066d2873d4d2eb880c11af8986b43f,Pyrénées - Avron,20008,5,10,15,17,32,"[48.853246898211985, 2.405871044529538]"
2026-04-14 05:32:53,7b15d250b08b5daa3f029a9cae6c9f3dd84f19d5,Leibniz - Jean Dollfus,18034,8,3,11,20,32,"[48.896328348515986, 2.333390423834684]"
2026-04-14 05:32:53,92842f7707c773141336d18253d206127c0cc2b4,Gare de Reuilly - Picpus,12019,3,3,6,22,28,"[48.84267354116789, 2.3972943797707558]"
2026-04-14 05:32:53,6c81774181733622abea0a9f6e4c5ac9a59a03d3,Gambetta - Père Lachaise,20024,4,0,4,25,29,"[48.864295696165875, 2.398228667282044]"
2026-04-14 05:32:53,f648943b9d8ffe0aaf903ae70b1cb055c883c572,Beaubourg - Michel-le-Comte,3010,1,2,3,13,17,"[48.862534941806, 2.3543103039265]"
2026-04-14 05:32:53,95a5e240ce911fe3fa99e1eb313a141f4466f155,Porte de Clignancourt - Ney,18140,7,1,8,32,40,"[48.899641123987095, 2.344321422278881]"
2026-04-14 05:32:53,cfc666cf3045ecf1a98242891e820c88a286ac3c,Louis Blanc - La Chapelle,10034,10,1,11,7,21,"[48.884008964514, 2.3599335551262]"
2026-04-14 05:32:53,7270ddc004a997b6341eb2fa291b4a8dce63f249,Cordelières - Arago,13005,3,32,35,22,60,"[48.83548071896613, 2.348572461702221]"
2026-04-14 05:32:53,6353d589048a05b516e17c4ebeb82ce99b40706e,Italie - Tage,13208,0,0,0,0,0,"[48.822282643954, 2.3584301877038]"
2026-04-14 05:32:53,3ec9042112df04833340eefa97414b6093076755,Phalsbourg - Villiers,17019,0,1,1,19,20,"[48.88242307900951, 2.3090453445911407]"
2026-04-14 05:32:53,5905553d1beb40ef4903d9dc73835c5d3c00f602,Place de l'Europe - Alfortville,41405,5,8,13,9,24,"[48.78913702405837, 2.4284800887107854]"
2026-04-14 05:32:53,ea6d6185cdd8fcd7bf9f5b273cba085cfb63b8ca,Bourse du Travail,10011,1,10,11,2,17,"[48.868976638826, 2.3623438552022]"
2026-04-14 05:32:53,4a0b04eb0803635773017e740212da2f1036c7d9,Gare de Bellevue,21953,3,0,3,17,20,"[48.8192404685572, 2.2295309230685234]"
2026-04-14 05:32:53,5131ecf8b0fd1eb9e99aa10bbd7190ea3ff89a7d,Maurice d'Ocagne - General Maudhuy,14137,6,5,11,18,30,"[48.82414282524159, 2.3158789426088333]"
2026-04-14 05:32:53,13060f00802cb3daef92cf221ed21e02ff1ca721,Place de la Fraternité,31709,8,6,14,8,22,"[48.85716405838368, 2.422847449779511]"
2026-04-14 05:32:53,fb070705d104d4e5355e354f57c782e6f5bd3792,Dunkerque - Alsace,10027,2,3,5,14,20,"[48.879355, 2.358379]"
2026-04-14 05:32:53,1f1fe52b05bba6042dc208c35fc3df1ef7ee3a2b,Maurice Payret-Dortail,21506,3,0,3,18,22,"[48.87811957063342, 2.2233625128865246]"
2026-04-14 05:32:53,f951031bc8dc2271c57577e10a534d515637c3ea,Archives - Rivoli,4103,1,6,7,17,25,"[48.857346707443, 2.3539767041802]"
2026-04-14 05:32:53,40130538df270a0b4dbdfa52df79ad04db396bb9,Maine - Liancourt,14103,2,14,16,11,27,"[48.835064363954, 2.323731449974]"
2026-04-14 05:32:53,9f4f5a5025d42a31343b3dd8bd511cc44cbe9229,Beaumarchais - Saint-Gilles,3001,10,7,17,31,51,"[48.8580378, 2.3679352]"
2026-04-14 05:32:53,33c15e883164bd1e6dee262a8a9d46eb908e7578,Bosquet - Saint-Dominique,7021,9,8,17,11,28,"[48.858651709526, 2.3037165802346]"
2026-04-14 05:32:53,e897262ed8c932a57c94781c7365c8e8de5e94df,Frères Flavien - Porte des Lilas,20029,1,0,1,22,23,"[48.8780992764359, 2.41104629853209]"
2026-04-14 05:32:53,5461b5b11eb698e176a31fd67b2b0bcd074b3bd8,Saint-Denis - Réaumur,2003,3,18,21,8,32,"[48.8661116315789, 2.3507790675507594]"
2026-04-14 05:32:53,312e9ce6490b752ad9bb3124a81777c54ed5c952,Adolphe Lalyre - Armand Silvestre,24006,6,18,24,15,40,"[48.90406266961591, 2.273416221141815]"
2026-04-14 05:32:53,17fc534f8aaf32c586829f9f8ef44c3f7345dac2,Bézout - Général Leclerc,14132,1,2,3,26,30,"[48.82884804502439, 2.3285973072052]"
2026-04-14 05:32:53,9afab0109e57006280d9ddcdaa572a5cf44e02e4,Parc Roger Salengro,21110,4,23,27,6,35,"[48.905303858642, 2.31055945158]"
2026-04-14 05:32:53,fb4249a1d12da194dd47b326b60c1914f5588bdc,Montmartre - Etienne Marcel,2005,4,7,11,4,16,"[48.86502194581, 2.3450684401448]"
2026-04-14 05:32:53,499896591ac23574b5fe12df76d4986c14259fc6,Hôtel de Ville de Chaville,23702,6,0,6,14,20,"[48.80887149094033, 2.188134044408798]"
2026-04-14 05:32:53,6b924ae2cca80f8c3dce25c4a69fbf894cf3e4e6,Etienne Marcel - Montorgueil,2002,0,27,27,1,28,"[48.86450567259199, 2.3461959511041637]"
2026-04-14 05:32:53,3847b8d9818d10e314349e8dcc99b543825f2803,Lally-Tollendal - Armand Carrel,19012,2,1,3,23,28,"[48.88270066221072, 2.374717555940151]"
2026-04-14 05:32:53,a19e7290f5c318d453212ace6519844cd9b2ab21,Gardenat-Lapostol - Velettes,21507,6,6,12,8,20,"[48.87387, 2.224185]"
2026-04-14 05:32:53,995f94d5e7efc83b7d950c17740842cea3f14d76,Place du 17 Octobre,22306,0,5,5,15,20,"[48.91962690034779, 2.2978286134199792]"
2026-04-14 05:32:53,aa3f97180e20166dad3c33003abb5fa2d3cfb35a,Adolphe Pinard - Victor Hugo,14023,8,2,10,41,52,"[48.8236825874564, 2.3077843710780144]"
2026-04-14 05:32:53,45e82203ea327d8d9a261c5e588e00d0948b11fa,Square Emile - Chautemps,3012,1,11,12,13,25,"[48.867433724231, 2.3536357283592]"
2026-04-14 05:32:53,cd577369de1f5d134e48cdf5a53bfb4fb3023bfc,Haxo - Darcy,20205,3,0,3,19,22,"[48.870493041975, 2.404957212224]"
2026-04-14 05:32:53,88c210f2326e7829c4a9ae7ac1c28ee3d2170259,Fille du Calvaire - Turenne,3003,2,19,21,5,29,"[48.86210505412563, 2.3649600148200993]"
2026-04-14 05:32:53,684e7877ef064a0bf39b8a09a67fc0b3332c09fe,Cesaria Evora - Rosa Parks,19111,4,12,16,25,40,"[48.89717672825043, 2.3745173960924144]"
2026-04-14 05:32:53,03f9c4d0769cee542c3853b3323136392463df54,Victoire - Laffitte,9111,0,0,0,19,20,"[48.87514373494672, 2.338118505144376]"
2026-04-14 05:32:53,a2760f9aea7b92f116ae8ffde09a54ba6474a31b,Gare d'Austerlitz - Pont Charles de Gaulle,13125,1,3,4,71,75,"[48.842319830109, 2.3670300096273]"
2026-04-14 05:32:53,4a54918f15b9d21a34394540a05ee7fa35910a29,Lisbonne - Monceau,8036,1,1,2,44,47,"[48.877455676814, 2.3096942214195]"
2026-04-14 05:32:53,49079b754e951102ccb7fad9b2e3f3826792f943,Verdier - Jean Jaurès,21215,4,0,4,29,33,"[48.81614048711214, 2.3123561963438988]"
2026-04-14 05:32:53,06dbaa390151299c5b7c90d58b1d9445a2d52eb6,Alouettes - Maréchal de Lattre de Tassigny,41208,2,2,4,17,22,"[48.85511009293948, 2.4930700287222862]"
2026-04-14 05:32:53,ad49f369d2d8e32f59bf07da3f14f1366d5d754f,Mairie du Kremlin-Bicêtre,42704,0,4,4,21,25,"[48.81191981537702, 2.3570189997553825]"
2026-04-14 05:32:53,a029bb0f918b6ad2f56ace0d5319c4e7d3eabdde,Jean Bleuzen - Square du 11 Novembre,21706,3,0,3,45,49,"[48.8232579, 2.2965213]"
2026-04-14 05:32:53,7eddd6ea83b2e9562b168c1fa3d5a44f0cc4e556,Rivoli - Musée du Louvre,1014,3,7,10,13,24,"[48.86364636851945, 2.33409583568573]"
2026-04-14 05:32:53,440592d1ee2beba4af9068b5d9370ecfd73a7d9f,Place de l'Hôtel de Ville,4017,1,4,5,9,14,"[48.8573314, 2.351458]"
2026-04-14 05:32:53,b10d421dcee330ca70ca1a00a6149fa020c409f0,Séminaire de Conflans - Liberté,42211,9,3,12,13,26,"[48.823194, 2.404179]"
2026-04-14 05:32:53,351b90c1d65f318325ebbb838fbba4fecfe4cb66,Barbès - Monique Maunoury,42026,9,15,24,15,40,"[48.81552718820216, 2.3687169334905405]"
2026-04-14 05:32:53,2562f0076611578021bb0e3e2e745246c9aa0cb4,Hippodrome Paris-Vincennes,12163,11,2,13,28,42,"[48.82048387758518, 2.446271181106568]"
2026-04-14 05:32:53,bc4a2d27ff74284b355fd3f5a2e4c47f4a3219a9,Gardenat Lapostol - Franklin Roosevelt,21509,3,2,5,17,24,"[48.871839, 2.222505]"
2026-04-14 05:32:53,f1de1723012cdb6c9130b1f314654177687d5685,Pau Casals - Neuve Tolbiac,13054,0,5,5,73,78,"[48.8311602, 2.3774395]"
2026-04-14 05:32:53,2e86a47c19cff9b77a7e4b1c913962aa15e1320d,Jean-Jacques Rousseau - Deux Ecus,1012,0,5,5,16,22,"[48.86297805972131, 2.3414635285735126]"
2026-04-14 05:32:53,cc7d1c91e1d12df77ce7877c844939c4003e579e,Candale - Mehul,35012,9,3,12,11,25,"[48.8893935006175, 2.414379715919495]"
2026-04-14 05:32:53,75ac6cbd1c38b782b738f76ccb0e7d5d37b08924,Édouard Vaillant - Place Jean Jaurès,21505,4,1,5,18,24,"[48.86265537999924, 2.2089037319128613]"
2026-04-14 05:32:53,9dbb7492ed555b3c51d90598d8c4a0f86fdac69d,Square Pierre Lazareff,2004,1,7,8,9,17,"[48.867141720746, 2.3483933508396]"
2026-04-14 05:32:53,66e41f350a4c78c2b855d466956de6a7fc5878ec,Quai Jules Guesde - Saint-Simon,44001,5,3,8,21,30,"[48.80391487219, 2.4089661620274]"
2026-04-14 05:32:53,0bffa980a7dcab0f20bedb61af798a9b1bb674a2,Place de la Bastille - Bourdon,4007,2,19,21,14,35,"[48.852364355271, 2.3681089282036]"
2026-04-14 05:32:53,749f7ba5d9b4d4fad0f51f972ed48fe54a5af6d3,Commandant Schloesing - Pétrarque,16202,3,4,7,23,30,"[48.861773096259, 2.2838841134601]"
2026-04-14 05:32:53,a6755140d63a0ade5838b7e7c276f4ceaea8ddb3,Saint-Jacques - Val de Grâce,5004,6,3,9,7,19,"[48.8417514, 2.3413893]"
2026-04-14 05:32:53,f7056bdfb0a3fe6e86b6b1b2b049058b52d9f297,Gare du Nord - La Chapelle,10041,3,3,6,11,18,"[48.884178287286, 2.3561057075858]"
2026-04-14 05:32:53,30eee8fdac9d6c8077e5a7482deaad67dbbe1227,Choiseul - Quatre Septembre,2012,0,1,1,10,44,"[48.869935533187, 2.3359975218773]"
2026-04-14 05:32:53,7b8b7a7706e26119914dd43c62732384b4e651ba,Bastille - Beaumarchais,4101,0,17,17,3,23,"[48.853833463852, 2.3685702681541]"
2026-04-14 05:32:53,1a142e44593a6f98e7c62992b4293e81294e2f5d,Waldeck Rochet - Germaine Tillon,33020,11,6,17,14,31,"[48.91105960199651, 2.3676301538944244]"
2026-04-14 05:32:53,ec19e33c8bfa32a868b76d8194e521aaee5cb996,Place du 8 mai 1945.,32019,8,3,11,19,30,"[48.938882272105, 2.3566243797541]"
2026-04-14 05:32:53,159af3f37f7b75c5b06e9657abb13ec664d4336b,Oratoire - Rivoli,1025,1,2,3,15,18,"[48.861342760889, 2.3400047421455]"
2026-04-14 05:32:53,b532544a1a6e7c1738487d9281067acc0f568219,Square Victor Basch,27001,10,3,13,5,20,"[48.914304862261, 2.2289156913757]"
2026-04-14 05:32:53,c268c4c41820cda55f61350a39352914186f92d9,Custine - Ramey,18015,10,2,12,27,41,"[48.888735896947, 2.3469526693225]"
2026-04-14 05:32:53,594950763af927b15e564ef76e5e2f1682f62319,Saint-Honoré - 29 juillet,1017,2,6,8,11,20,"[48.86557114282421, 2.330567417577153]"
2026-04-14 05:32:53,0ee5f9b8103f9914a07ccca4379fb3f57d649e15,Gare de Sèvres - Ville d'Avray,23107,0,14,14,8,22,"[48.826262366227, 2.2001516849313]"
2026-04-14 05:32:53,43c83952cbeb0499e735960fa883a04bb8f965cf,Saint-Honoré - Musée du Louvre,1023,1,2,3,29,32,"[48.863443132848, 2.3348781846405]"
2026-04-14 05:32:53,fe6b56368903f6865e23635f522e18987d6fef33,Guy Môquet - Parvis Georges Marchais,48008,4,16,20,10,30,"[48.79518840095975, 2.35943466424942]"
2026-04-14 05:32:53,d525d58b5cb82ce1d978f30958438ec2f594fe3d,Marseillaise - Grenade,19202,5,4,9,36,45,"[48.889371092747, 2.3979396821544]"
2026-04-14 05:32:53,6b14c35f031470a49655ebf2843e977d5fdd5566,Jouffroy d'Abbans - Villiers,17021,21,0,21,12,34,"[48.884215547037, 2.3056533560157]"
2026-04-14 05:32:53,fc233ad93ed476832dc6b38a3070f98ff616bfc5,Charlot - Stade Gabriel Voisin,21323,0,22,22,7,31,"[48.827228120536, 2.268122527474]"
2026-04-14 05:32:53,de47bf7cb7149914392292dc864861318747e250,Gare RER - Canadiens,43403,3,3,6,33,40,"[48.819659244971, 2.4644082766769]"
2026-04-14 05:32:53,b6e473c378779e7e5ae132a55777c4ec6f4c2f1a,Nicolaï - Charenton,12203,14,16,30,13,44,"[48.835478791995, 2.392894725661]"
2026-04-14 05:32:53,d661526d8aa8f10d1be85323476bcd7cf468ed22,Archives - Pastourelle,3007,4,13,17,6,28,"[48.8623615, 2.3595041]"
2026-04-14 05:32:53,af49dc885d63e59ddbb4065d310b9acc1fd58164,Jean Jaurès - Paul Lafargue,28005,12,8,20,8,28,"[48.884933177666, 2.2484488785267]"
2026-04-14 05:32:53,1977c6e3cd9813b009093ad711f79a832b57b2eb,Quai de l'Aisne - Général Leclerc,35005,9,3,12,12,27,"[48.895713, 2.400571]"
2026-04-14 05:32:53,7aa957a3f993a087f8a929a0bfeac34722917860,Verdun - Carnot,42028,17,7,24,4,28,"[48.808439376064946, 2.373795211315155]"
2026-04-14 05:32:53,59d46b55c5d4c5ba9d2194b9b20ddfbf367216a5,Porte Dauphine,16201,2,17,19,45,65,"[48.871139344351, 2.2749781616017]"
2026-04-14 05:32:53,f41629043a728d369d68041dec417b48a6755e28,Henri Barbusse - Marcel Cachin,32022,21,12,33,3,37,"[48.93742089281, 2.3720374971659]"
2026-04-14 05:32:53,b5b9eba8d8d3071e458dc1f02b78e1cd70acb174,Victor Hugo - Gare,27006,13,2,15,7,22,"[48.923133952658, 2.2600970417261]"
2026-04-14 05:32:53,13641349b89b3834ec9c1bf8036ba93ec7c0668d,Place André Malraux,1015,1,5,6,28,37,"[48.863925158727, 2.3356226831675]"
2026-04-14 05:32:53,66c92a033e801d7927f234acaaa83d49dc6a90eb,Place des Victoires,2006,0,1,1,22,24,"[48.8660354, 2.3420333]"
2026-04-14 05:32:53,e3e87a2187ac0298b695a529d0557996473481ed,Victor Massé - Jean-Baptiste Pigalle,9019,4,1,5,13,18,"[48.8811043724, 2.3366955667734]"
2026-04-14 05:32:53,639d4cbad862011cf026f5c71074e984d0d69939,Coquillière - Louvre,1024,0,5,5,13,21,"[48.863795909662, 2.3425736278296]"
2026-04-14 05:32:53,662932dee56917b22560adc7288fe7273494edbd,Saint-Marc - Feydeau,2102,0,4,4,33,37,"[48.870326843044, 2.3418715826353]"
2026-04-14 05:32:53,c977439b270f855dc552de76e4cebc9cf4e7e108,Magenta - Chabrol,10201,1,0,1,20,24,"[48.876495350882, 2.3560990020633]"
2026-04-14 05:32:53,f66c91efa3ae7128e7e78206177568a543d20250,Henri Barbusse - Gabriel Péri,23202,10,1,11,17,28,"[48.801773795836, 2.2874166362216]"
2026-04-14 05:32:53,9714d687bdde443c3245d15866db15b2dacac7ad,Saint-Mande - Picpus,12016,5,3,8,27,35,"[48.845127728278, 2.4015686296482]"
2026-04-14 05:32:53,7241cdc5fbf642d0e0c4f17480e91f40cce64e1d,Les Blagis,23301,5,20,25,2,27,"[48.785205, 2.302526]"
2026-04-14 05:32:53,a552b04bea0e5ace7cead02ec95c5201a78c8f30,Youri Gagarine - Commune de Paris,44008,9,3,12,21,33,"[48.782427463041, 2.3939734697342]"
2026-04-14 05:32:53,57a0478d55e78ecfb8856351b5036577b299c520,Quai de Sèvres - Manufacture Nationale,23104,4,5,9,19,28,"[48.828688, 2.22499]"
2026-04-14 05:32:53,c90ce6b4f2c40be14cd05ca2e1b3f8e848299b79,Gare RER - Maurice Grandcoing,42022,0,13,13,24,37,"[48.813881, 2.392429]"
2026-04-14 05:32:53,40c4e6c6f4100546d2733c26c16a50a6eb4c5b28,Jardin Modèle - Pierre Boudou,26012,7,8,15,0,18,"[48.914866710946, 2.3057010525935]"
2026-04-14 05:32:53,e2530635131ec8263a45635b9bc60b5a4f714f9e,Bagnolet - Place Saint-Blaise,20048,7,2,9,18,28,"[48.85973, 2.40334]"
2026-04-14 05:32:53,fc39173ebb06bf136ab9fad0356316c6bf12024c,Strasbourg - Saint-Denis,10166,3,1,4,9,16,"[48.869601642433, 2.3542908579111]"
2026-04-14 05:32:53,02f25de9f20608c6fe912b988c11c02050ae434d,République - Louis Loucheur,45004,19,9,28,8,37,"[48.823549261189, 2.5101865455508]"
2026-04-14 05:32:53,dc93579ce0ee9002cef33c2e78c49509dd4970dd,André Mazet - Saint-André des Arts,6015,1,36,37,17,55,"[48.85375581057431, 2.3390958085656166]"
2026-04-14 05:32:53,ce022d0eeab18218c85d1ae58d1d8a432192d136,Mariotte - Batignolles,17202,1,5,6,14,20,"[48.884571659595, 2.321469503475]"
2026-04-14 05:32:53,2520bb3950b97123f86574b1094ea3ea7e9a130e,Londres - Europe,8202,2,0,2,25,27,"[48.878618556803, 2.3248164693922]"
2026-04-14 05:32:53,9fcaf9bb26087d214ee8506d7cc118aa88f920b2,Bichat - Grange aux Belles,10202,3,14,17,12,30,"[48.873688, 2.365015]"
2026-04-14 05:32:53,7fa3df2b99f313ecc7ab747971e28cf77f682b5b,Riquet - Marx Dormoy,18010,16,9,25,9,36,"[48.89021003702, 2.3601756244898]"
2026-04-14 05:32:53,9a665283d3204c1af526340dabd3567e7c684a85,Chastenet de Géry - Marcel Paul,48001,7,1,8,17,25,"[48.800123, 2.3567359]"
2026-04-14 05:32:53,2d592a39188f0a3d1b0827e48ef94103a9a5d9ea,Gare - Aristide Briand,21329,6,13,19,10,29,"[48.821410564722, 2.2555950104387]"
2026-04-14 05:32:53,68e703bf5a78cbb3adcefd2367271b323a38434f,Belleville -  Pré Saint-Gervais,19121,3,0,3,32,35,"[48.875565910073, 2.3930460959673]"
2026-04-14 05:32:53,3fad42856e5a220b12a40c333a39d4e29981dd68,Bons Raisins - Voltaire,25007,0,15,15,8,24,"[48.87282451461399, 2.1947155570850896]"
2026-04-14 05:32:53,f91c2a05b25d6453a3c4507db3f3c5ba8942630f,Manin - Secrétan,19114,6,0,6,13,20,"[48.8791665, 2.3787959]"
2026-04-14 05:32:53,09b973ef00f136ed36828c87a583ab5c87113fa2,Château de Vincennes,12123,3,4,7,43,52,"[48.84423193255657, 2.439209537709179]"
2026-04-14 05:32:53,a380fdd2e0569266b235857dfc69825ba4c1be1e,Bobillot - Tolbiac,13024,16,7,23,10,33,"[48.8255961335041, 2.350204177200794]"
2026-04-14 05:32:53,f26bb5e630ecccc3167e5f0cd9ec41ca265d61cb,Général Leclerc - Bièvre,23041,1,7,8,15,25,"[48.782414428747316, 2.3166695237159733]"
2026-04-14 05:32:53,e0c1ccabddc64e5e0d66155f3079f7ef73b289bc,Edith Cavell - Volta,24005,5,5,10,19,33,"[48.901616564286975, 2.269354350864887]"
2026-04-14 05:32:53,594797e0a6faddc139680787dfa16193018aba55,Pierre Charron - Champs-Elysées,8040,0,0,0,29,32,"[48.870103359864, 2.3043501377106]"
2026-04-14 05:32:53,eab5d70d52623d8f5371b1172508d5b08356a75d,Danielle Casanova - Ledru-Rollin,42024,6,21,27,0,28,"[48.815783497876815, 2.383259721100331]"
2026-04-14 05:32:53,b03b71a13c2c11029a763fbd595a49b3034a8880,Place du Docteur Yersin,13116,17,7,24,26,50,"[48.82010494991975, 2.3725583776831627]"
2026-04-14 05:32:53,f7be2a808f15a53b425331f4ad8ce893484bc2c7,Cambronne - Mademoiselle,15012,18,46,64,2,67,"[48.843277330035214, 2.30230766886348]"
2026-04-14 05:32:53,4f5b92fe01415407eb1b254b8093b53c26d5c7b7,Francoeur - Caulaincourt,18016,16,0,16,17,34,"[48.8899944409612, 2.342529706656933]"
2026-04-14 05:32:53,c941cd96f0631d55a9f89ee2ab1a3dc107ee181a,Roquette - Auguste Laurent,11022,4,10,14,2,16,"[48.858001906023, 2.3817977026508]"
2026-04-14 05:32:53,6b16e34884655dd5fe7ce62d89194333feab98b9,Lecourbe - Convention,15053,16,29,45,1,46,"[48.83923319241899, 2.2915197908878326]"
2026-04-14 05:32:53,e73e52a2bf5af34c4dc689f19ede2fe4397e310e,Place de la vache noire,41103,6,5,11,13,25,"[48.81040517059777, 2.327060401439667]"
2026-04-14 05:32:53,bc533eceaa67023afbae43578c83266e437f20d9,Place Charles Digeon,41602,10,7,17,14,32,"[48.84354203133597, 2.418427169322968]"
2026-04-14 05:32:53,d72f42d9bee7f9c6d6fefebb2b76f72e4aa532cc,Félix Faure - Convention,15069,5,37,42,1,44,"[48.841249336041, 2.2883866008495]"
2026-04-14 05:32:53,bb022b992b98c523da1f81011b4cc1268f3c5fc8,Buzenval - Vignoles,20012,4,6,10,7,17,"[48.853858171688, 2.4000040814281]"
2026-04-14 05:32:53,9f8947575e623c313f71fc53c2d8816207b1762a,Gergovie - Alésia,14027,5,1,6,48,54,"[48.83088717455243, 2.318882101207347]"
2026-04-14 05:32:53,9f68d2856cd89f8e234a698d566b97ac3d777ae1,Place Eustache Deschamps,42303,9,6,15,4,20,"[48.793855, 2.336637]"
2026-04-14 05:32:53,5cf7426c4b544c26edf67d372b8d364f9b1adc41,LCL Campus - Place Oscar Niemeyer,48002,8,6,14,23,37,"[48.805342480621576, 2.363983690738678]"
2026-04-14 05:32:53,e058260679ac300c634e158221e4ffa5214176e3,Général De Gaulle - Vivien,41605,13,6,19,1,22,"[48.83607420090204, 2.4189166724681854]"
2026-04-14 05:32:53,5f007e1d247c2f5d1a5cc075e95a5937b26ce807,Hector Malot - Daumesnil,12008,2,16,18,35,54,"[48.84693552991762, 2.3770876228809357]"
2026-04-14 05:32:53,d5def6446de3150e5964254ecac4ddac4aca4cf0,Bercy - Traversiére,12102,3,7,10,19,30,"[48.846192642574, 2.3703800886869]"
2026-04-14 05:32:53,1e0197aa92bae21092f73e38feb6dab56b94fe7b,Pierre Joseph Desault,13120,7,12,19,0,19,"[48.82110230800372, 2.378775402903557]"
2026-04-14 05:32:53,93b4251a66d029a60530636564849cabf9c637a0,Dom-Pérignon - Gravelle,12119,3,7,10,38,50,"[48.825481574435, 2.409880310297]"
2026-04-14 05:32:53,fd0551914aa832619421dedcc5f3e6d4688d8f2b,Mairie du 10ème,10009,5,5,10,8,19,"[48.872089449907, 2.3575825989246]"
2026-04-14 05:32:53,131b058aeffd564c956cceaf3c0f2a90fcf0cb49,Léon Frot - Charonne,11111,7,19,26,10,38,"[48.854963800335, 2.387217085372]"
2026-04-14 05:32:53,353c57afcfff9ab2a81be1ebf5bc2ee68f2efce2,Hôtel de Ville de Vincennes,43007,2,1,3,22,27,"[48.84827609706963, 2.4398955702781677]"
2026-04-14 05:32:53,3b8dfa81f59065214268124b0e114dc75b5938b0,Tombe Issoire - René Coty,14009,11,4,15,18,36,"[48.830512876709, 2.3343613743782]"
2026-04-14 05:32:53,e7ad67ba333309857020488035673aad4bf4e4c4,Pereire - Saussure,17117,3,1,4,28,32,"[48.888229075478, 2.3101296275854]"
2026-04-14 05:32:53,18ec66ea62ab6a47f08c4e84f36801de18379663,Marcadet - Ramey,18021,12,3,15,23,39,"[48.890875, 2.3449019]"
2026-04-14 05:32:53,8b1a14e8bbd1a99b5c630b589760ad3bf72b9bf6,George Sand - Jean de La Fontaine,16116,11,16,27,0,29,"[48.84986918764119, 2.268257387525699]"
2026-04-14 05:32:53,de3a9d4196977ce5e99c8ba6fa3ea58943cded52,Alexandre Dumas - Place de la Réunion,20013,8,4,12,32,45,"[48.85533710742046, 2.3997703687646292]"
2026-04-14 05:32:53,66b1dac93aaf2d9e8579dd4b7ef1a28eb4a68c88,Porte de la Plaine,15045,7,0,7,28,35,"[48.82805169605981, 2.2924277186393742]"
2026-04-14 05:32:53,c40665435cb378f118a98932a7af9ddc1e21fe4f,Duhamel - André Gide,15027,12,1,13,7,20,"[48.8365662244334, 2.312707121097412]"
2026-04-14 05:32:53,151586fa799437469ae6b531305c5ce78808378d,Ancienne Mairie - André Morizet,21023,2,7,9,15,25,"[48.838311, 2.234077]"
2026-04-14 05:32:53,49d9dee3755630995392037c366d2f3ba9db8f2b,Lavoisier - Missak Manouchian,31105,13,3,16,2,18,"[48.86286468896063, 2.495676465332508]"
2026-04-14 05:32:53,053bb6fa3ac6bc7ad2b6e1f47a80a594a1b90e16,Mairie de Bagnolet,31701,19,3,22,2,28,"[48.868421318555, 2.4179587885737]"
2026-04-14 05:32:53,c96571030eda17c8974d0b2810861304b1607261,Pierre Brossolette - 12 Février 1934,22404,12,11,23,1,25,"[48.8176962416867, 2.3076123744249344]"
2026-04-14 05:32:53,29a56d580f94805b7e08d7e6edd153927ab012a8,Square des Amandiers,20032,7,1,8,18,26,"[48.86615630668046, 2.3891324177384377]"
2026-04-14 05:32:53,c081822d75e92de584edb14bd0735e049676e5b8,Quai de la Seine,19003,0,0,0,23,24,"[48.884492238408, 2.3703941702843]"
2026-04-14 05:32:53,2324208a6be8d374f1d57a799af7197607852f49,Jean Jaurès - Place de la Libération,30004,11,5,16,12,29,"[48.90617751921, 2.4391458057475]"
2026-04-14 05:32:53,6da69e1d976738a83e6023f3ae1828102c39b3cf,René Coty - Place Denfert-Rochereau,14005,14,0,14,20,36,"[48.833056477316, 2.3329411447048]"
2026-04-14 05:32:53,5ef094f8e49592e3d8ac1e1cc7d103c6aea7d48f,Marceau - Président Wilson,8046,1,6,7,23,32,"[48.8652359, 2.3002513]"
2026-04-14 05:32:53,bce0ba3a8d57184b7ed461559d11cc182db1369b,Verdun - Carnot,32306,2,0,2,26,29,"[48.883814948134, 2.4402657783125]"
2026-04-14 05:32:53,d3d180975cf6861002e84b898338d46b4d51e1ae,Rome - Provence,8007,2,4,6,24,30,"[48.874230055580306, 2.325570111724113]"
2026-04-14 05:32:53,28de3e79e013f6e80dd88e6b430800be48c64d18,Quatre Vents - Carrefour de l'Odéon,6028,1,10,11,24,37,"[48.851751374458864, 2.338161695134053]"
2026-04-14 05:32:53,86270e1a4e2862e165e147bb296b97b3282cb823,Reynaldo Hahn - Lagny,20005,0,2,2,17,19,"[48.849266043601794, 2.412330328844772]"
2026-04-14 05:32:53,2b2c7ce370d08ed6d1d7954719185f9d19044c5d,Philippe-Auguste,11016,5,8,13,34,48,"[48.851853488265, 2.3932945355773]"
2026-04-14 05:32:53,07fb6072229aaa61667b3066a4992d5e7f52ad2a,Colonel Pierre Avia,15120,1,19,20,9,29,"[48.8296843300915, 2.275342586850291]"
2026-04-14 05:32:53,5ab2c1f02261053412fa46df769f1f14628cfebd,Marché d'Auteuil,16033,3,14,17,15,32,"[48.84842761367387, 2.265253821160005]"
2026-04-14 05:32:53,d246dc70ce96a27029481aa116fca3b6fabf433f,Arthur Auger - Jean Jaurès,21205,9,2,11,15,26,"[48.813736445585235, 2.3069277405738835]"
2026-04-14 05:32:53,8238d07ef5f6c8f59981550933fc6e94d76d6608,Passy - Place du Costa Rica,16023,1,3,4,28,33,"[48.8584893, 2.2839655]"
2026-04-14 05:32:53,8b363df4d570f138b1a2bf2ca60e9223b9f40cc7,Lorraine - Jean Jaurès,19014,6,11,17,2,19,"[48.8863865, 2.3825772]"
2026-04-14 05:32:53,42fda12733282f7ea4465a5a2286263bcbd9c2b8,Volontaires - Vaugirard,15014,1,23,24,9,34,"[48.84132050184004, 2.30808901725357]"
2026-04-14 05:32:53,d8e2fd9431a889bdcd9454b517fd383ddde780f9,M.- A. Lagroua Weill-Hallé -  F. Dolto,13055,2,5,7,67,74,"[48.828595283857425, 2.380220606266108]"
2026-04-14 05:32:53,691136cbe73b4b2ef7b5ec757b256dd3fa6659df,Fief - République,21027,2,9,11,13,25,"[48.83170888166024, 2.255771979689598]"
2026-04-14 05:32:53,cae62be24eb724d0a419d63cd2c6ca07bc5f666f,Arsonval - Falguière,15113,8,7,15,10,25,"[48.84040040365445, 2.313117867297474]"
2026-04-14 05:32:53,85bb764b1aca75a3160ef0e7c8027b383c3e56ca,Jean Bologne - Passy,16022,3,0,3,15,19,"[48.857566889784465, 2.280027395306772]"
2026-04-14 05:32:53,eeff56af8a558b6f3a5b0a10f9a43b65625e358b,Dantzig - Lefebvre,15044,2,1,3,30,33,"[48.83013921586756, 2.295934036374092]"
2026-04-14 05:32:53,64d8904079d4a819be011f2341691bf01a7d6d60,Porte de Charenton,12040,3,13,16,49,67,"[48.831240105856, 2.3989107459784]"
2026-04-14 05:32:53,bb68b97855655550f729cf06593caa45fd612489,Point du Jour - Jean Jaurès,21016,17,10,27,12,40,"[48.828753141436465, 2.245911467014621]"
2026-04-14 05:32:53,6ffa5592bace678c3db1d42cfd22ecf4a411cf90,Saint-Maur - République,11018,5,8,13,35,50,"[48.864185861455, 2.3783174157143]"
2026-04-14 05:32:53,72159bae6263e879bcd3cd9941b904085de0949c,Metz - Marne,19123,6,5,11,21,33,"[48.891163, 2.3865705]"
2026-04-14 05:32:53,37d9853727774eb25e8cf68f95b2847aa287d57d,Commandant Charcot - Bretteville,22007,8,18,26,10,36,"[48.87530570765423, 2.2558460757136345]"
2026-04-14 05:32:53,0e1c43d3424bda6b494554ea30451c8cca630868,Saint-Mandé - Docteur Arnold Netter,12017,16,13,29,24,53,"[48.84462585769668, 2.404946386814118]"
2026-04-14 05:32:53,1615cff8104d8de3aa35ffdf737b7e55b6370070,Verdun - Pierre et Marie Curie,42027,11,2,13,12,26,"[48.812822398263286, 2.3707106709480286]"
2026-04-14 05:32:53,59f2414630d39f49571d3b24a72cefd3aa428425,Etienne Dolet - Place Maurice Chevalier,20033,8,6,14,33,47,"[48.86798303359366, 2.3851405311143026]"
2026-04-14 05:32:53,21a72176580e2d0a16edfa1ed6ee706eab2b8f39,Convention - Campus de Bobigny,30005,10,1,11,18,32,"[48.914920058264, 2.4172238067445]"
2026-04-14 05:32:53,895460e4a6169dbb1b2db7187d8dbe9c7146cbc1,Batignolles - Abel Truchet,17050,2,0,2,24,28,"[48.883103904582, 2.3238347490884]"
2026-04-14 05:32:53,0b0973968c9d3d2c77e12dbba907f5758826e152,Saint-Marcel - Hôpital,13013,10,6,16,1,21,"[48.839504424583, 2.3609894170229]"
2026-04-14 05:32:53,b13d13260c83d6606b3bb3bd4d2202681a99fa29,Fontaine du Tertre - Calvaire,21510,1,1,2,22,24,"[48.8702539, 2.2187778]"
2026-04-14 05:32:53,3903660aedf30917def2456f385088cb2d6ad6ba,Résistance - Romain Rolland,51007,1,0,1,27,28,"[48.950873482371, 2.2310190077797]"
2026-04-14 05:32:53,44f11ff772cddf404c6d65db4abaa5484ecedaa3,Place Tristan Bernard,17036,10,6,16,10,28,"[48.8794936, 2.2915423]"
2026-04-14 05:32:53,9ce8d2ae7b8c410cfb5f762c7fba5e7056a05d3e,Temple - Charlot,11038,1,14,15,29,45,"[48.865709343796, 2.3652737250724]"
2026-04-14 05:32:53,6eeeb250b77024b11fce8dbb1c2eb37d7133eafc,Perrault - Place du Louvre,1201,1,3,4,23,28,"[48.860273568996, 2.3412468419093]"
2026-04-14 05:32:53,258ef7805e3c417eddbdc6a075d87ff606ae0116,Sèvres - Maréchal Juin,21033,2,13,15,2,18,"[48.8324305, 2.2292812]"
2026-04-14 05:32:53,3cff592ad770962ff441a9bdafa9fd6d980108f6,Claude Debussy - Marc Bloch,21112,7,33,40,15,56,"[48.910388180512, 2.3117771744728]"
2026-04-14 05:32:53,ef2b88e07187bcefbcab974195d87d4da2590cc3,Galilée - Vernet,8003,1,1,2,43,47,"[48.871715878697, 2.2985444962978]"
2026-04-14 05:32:53,2b0ad91ffabef9282ff8ced76aa0791b104f7d72,Place Jean Mermoz,22703,16,13,29,0,30,"[48.9220937, 2.2718348]"
2026-04-14 05:32:53,10cddad4c66ba9999acf32fe438cb8f9523ea437,Place des Arts - Jean Mermoz,25009,0,6,6,14,20,"[48.880391139734, 2.1832160452221]"
2026-04-14 05:32:53,9e8d5005408f0e61e5978bf784523cc9d2f3c712,Georges Pompidou - Verdun,21508,15,8,23,3,26,"[48.875481, 2.232443]"
2026-04-14 05:32:53,739f5825796754414ddc2d183e472d508b1db2df,Gambetta - Saint Fargeau,20037,15,0,15,9,24,"[48.871244610447015, 2.4039056897163396]"
2026-04-14 05:32:53,3158240e9dcb6ec629a54a3ea0a500012db78593,Macdonald - Césaria Evora,19045,6,3,9,57,67,"[48.89883, 2.37933]"
2026-04-14 05:32:53,384a3ce20e1485e0a4fa3aefb134a8f275b726b4,Chevaleret - Tolbiac,13053,1,6,7,27,35,"[48.82941, 2.375934]"
2026-04-14 05:32:53,6b5aa4189f656cfe3ed405a663f4d44a08f2049d,Saint-Lazare - Place d'Estienne d'Orves,9029,6,4,10,25,39,"[48.8768345, 2.3329067]"
2026-04-14 05:32:53,1548c93d739c20fec53f079d901d5cb7e73b926d,Nungesser - Santé,41212,14,1,15,7,22,"[48.852335, 2.448967]"
2026-04-14 05:32:53,4992521432644c50f948bd47756009cd8aa817ba,Dora Maar - Nadia Guendouz,34009,7,5,12,17,30,"[48.905452421305, 2.3220406472683]"
2026-04-14 05:32:53,89a160d872c1f5cf0dcff07f5e4d62ab4668e4ed,Port - Maurice Chevalier,41304,4,2,6,24,30,"[48.832474421632, 2.490257616467]"
2026-04-14 05:32:53,a342a402aa7283d7c311147eb741b815ea4711ef,Jean Mermoz - Champs-Elysées,8031,2,3,5,44,49,"[48.869689856852, 2.3107324540615]"
2026-04-14 05:32:53,9e391956c5a6b90e24bcf4dd6d6b1ae6f048c740,Musée d'Orsay,7007,0,44,44,20,65,"[48.859726157909, 2.3258604481816]"
2026-04-14 05:32:53,8c5e4cd6b01990fc76dd7a6bf40e7d2863725227,Ménil - Argenteuil,26011,7,13,20,0,20,"[48.925901818305, 2.2741496502338]"
2026-04-14 05:32:53,dbfcfdfea5ae8b553d2e694573c04340b080a3c6,Pierre Ginier - Clichy,18045,1,1,2,14,16,"[48.8867667, 2.326228]"
2026-04-14 05:32:53,c7f80620b98e18045bdb6f36088fb77bfb4d10ef,Abbé Carton - Plantes,14110,3,1,4,21,25,"[48.827673823166, 2.3209181427956]"
2026-04-14 05:32:53,bca208b507541820b11e60651ede219000785f48,Jemmapes - Ecluses Saint-Martin,10025,3,6,9,5,15,"[48.87748519186726, 2.3660067468881607]"
2026-04-14 05:32:53,9f9927399e6fd9cb9aebca7f65522598db62aabd,Saint-Germain - Verdun,32305,14,1,15,14,30,"[48.882877330093, 2.4331868384644]"
2026-04-14 05:32:53,f86e67b3da4ba68c3a302693c873505fcc5106a0,Jean Jaurès - Place du Dr Roux,22305,14,19,33,0,35,"[48.927567032796, 2.2947337017374]"
2026-04-14 05:32:53,c80ccb884a8f646a74864a7559c2631f550aaa77,Val-Fleury,21954,15,4,19,4,23,"[48.807671407991, 2.2407217696309]"
2026-04-14 05:32:53,5a0b3855b48864e6478c01f09e3fdd903a159177,Châteaudun - Place de la Liberté,22507,7,17,24,3,26,"[48.90970830301211, 2.2454486480600626]"
2026-04-14 05:32:53,a31bb2f6b608711be77d62a4623385a87a48a9e8,Maréchal Leclerc de Hauteclocque - Marché Buzenval,25010,2,1,3,25,30,"[48.858446, 2.192077]"
2026-04-14 05:32:53,3a1fa24906393c30dbf831d9377be1fc22c3ad50,Gare de Lyon - Roland Barthes,12106,2,0,2,63,68,"[48.84395729494058, 2.3790882155299187]"
2026-04-14 05:32:53,2cc737b3257c7dfe0d024251ce567f46520ba304,Avenir,23201,7,1,8,36,45,"[48.8103438, 2.3003776]"
2026-04-14 05:32:53,5b2ba95b55b6769ee10b2e95a4cd5b9c20eaa8d5,Charles de Gaulle - Les Sablons,22018,1,3,4,31,35,"[48.880987514929, 2.2715748726513]"
2026-04-14 05:32:53,1b134481c433dc4eefbe1cf153b950aa33b22959,Richard Lenoir - Place de la Bastille,11001,4,28,32,19,53,"[48.8538327, 2.3697222]"
2026-04-14 05:32:53,03661b76524e539e85e4c928f5267fea53677e42,Uzès - Montmartre,2010,2,0,2,27,29,"[48.870790980241, 2.3431010171771]"
2026-04-14 05:32:53,89a0d12dc0ce05050075019105fa91668051642d,Division Leclerc - Kléber,23203,6,1,7,18,25,"[48.798666226364, 2.2833752789972]"
2026-04-14 05:32:53,ec3c2ae930f4e9c6309b1ff02b9aaf1058981243,Gare Saint-Lazare - Place de Budapest,9035,2,1,3,39,44,"[48.877753, 2.327339]"
2026-04-14 05:32:53,6cd6e3d1a23fe58236c2482ae79c162756cab823,Hélène et François Missoffe - Emile Borel,17126,0,1,1,30,32,"[48.89990653843488, 2.321543991674844]"
2026-04-14 05:32:53,0633de862aa69ff1c5cd8e45eae7d9f6c805947e,Henri Barbusse - Bourguignons,26008,21,11,32,1,34,"[48.91301722799713, 2.2734212270774417]"
2026-04-14 05:32:53,50f0de0542aa4c7169f8465ed99710d263e4d6e1,Marceau Delorme - Pierre Brossolette,26009,14,11,25,1,28,"[48.91206062860357, 2.295897423568745]"
2026-04-14 05:32:53,7dff2808561686703bfa0d6bf36ea771f96ef1b4,Garibaldi - Gabriel Péri,34008,11,19,30,0,30,"[48.905741911394, 2.3316044208059]"
2026-04-14 05:32:53,09c0a06acf393c62027b71a48be5e77e5ec3b050,Gare RER,31301,12,7,19,11,30,"[48.896280181078, 2.4581568985227]"
2026-04-14 05:32:53,a5709c00fee22e5084210b9f3911078517d60d22,Place de la Paix - Abbé Saint-Pierre,21514,2,1,3,21,24,"[48.86462724459225, 2.2047570338469806]"
2026-04-14 05:32:53,a82a9eb3839e7fa1a1aca19ae4262e44ed369a9b,Convention - Vaugirard,15052,9,48,57,3,62,"[48.837676822332, 2.2955869260203]"
2026-04-14 05:32:53,fd14fc560a5a4929fc7e42f0bc8507f4d42463c0,Ordener - Poissonniers,18023,6,4,10,22,35,"[48.891213890844654, 2.351288666219873]"
2026-04-14 05:32:53,22e0c1c5d9ae85ec1ccb2257fe27b3b2f273c41e,Ruisseau - Ordener,18026,10,15,25,25,53,"[48.89299462568024, 2.340144887566567]"
2026-04-14 05:32:53,9074b704689104b9778656882d9ab5ea3b42ab6f,Enfants du Paradis - Peupliers,21021,5,3,8,31,40,"[48.833122686454, 2.2571459412575]"
2026-04-14 05:32:53,297712cf07957a905113f1c2ae8670d3de5525e8,Vivienne - Montmartre,2108,0,6,6,46,54,"[48.871347597383, 2.3414588347077]"
2026-04-14 05:32:53,f48b2d7e25b61953025a14a631b3e902b512e8d9,Gabriel Péri - Jules Ferry,31202,17,5,22,3,25,"[48.926182814311, 2.3912295762525]"
2026-04-14 05:32:53,cd7797cf228b65ebc08f5e7a7be113f03ff5e06e,Les Juilliottes,47002,7,5,12,9,21,"[48.804356733455, 2.4434815704655]"
2026-04-14 05:32:53,e8c904dc591e6169a5255e16170d35a3b8f1e286,Volontaires - Lecourbe,15013,9,15,24,7,31,"[48.84351378799, 2.3065522313118]"
2026-04-14 05:32:53,819c49531e34ce50b0c29be5af17bb9dc240d632,Tolbiac - Boussingault,13204,7,21,28,12,41,"[48.826177754027, 2.3420378552202]"
2026-04-14 05:32:53,5cd571ca87cdc0a4683ae36469feab3e52636791,Choisy - Tolbiac,13035,5,0,5,13,20,"[48.82591155587, 2.3602393269539]"
2026-04-14 05:32:53,d56ccf5d96ed5e03d375cad26885423dd64fdf20,Convention - Lourmel,15062,2,19,21,15,36,"[48.842055041656, 2.2859910875559]"
2026-04-14 05:32:53,2a987e96fabdacd54ed7097c0e1201d3c0b93749,Liberté - Vert-de-Maisons,47007,1,10,11,9,20,"[48.790147809608, 2.4328628182411]"
2026-04-14 05:32:53,c92d1d8769e0474d21bde84b84a3e028ff9fe3ab,Place Farhat Hached,13202,3,4,7,21,28,"[48.825487045602, 2.3816306985827]"
2026-04-14 05:32:53,1a7f056f918af07c555f9cbaa02352497cf9f4b0,Halle Freyssinet - Parvis Alan Turing,13051,2,4,6,31,37,"[48.832846814471, 2.3711421713233]"
2026-04-14 05:32:53,b562be192ed65ad16a2dc0a309d13f96b2b04cbf,Les Planètes,47008,5,3,8,13,21,"[48.80929410761, 2.4596271973784]"
2026-04-14 05:32:53,20455e01a80dcdc41858d2856d6b1907541ae089,Pont de Suresnes,21501,3,13,16,2,18,"[48.867415092322, 2.2258946679617]"
2026-04-14 05:32:53,78277db0b1adb1197cfabb0b696b0a383757dcec,François 1er - Montaigne,8038,3,1,4,49,53,"[48.866887649978, 2.3066755757207]"
2026-04-14 05:32:53,5c2a87e0e63d5286bfd4d7353993e33b6b910272,Rampal - Belleville,19204,7,0,7,12,20,"[48.873114661405, 2.3798409114805]"
2026-04-14 05:32:53,228dad027ff4ad0535054aa8c43fce4c29f57f5d,Cloys - Ordener,18209,0,0,0,38,38,"[48.89353865165, 2.3364427977844]"
2026-04-14 05:32:53,83b1c161630b95d14e99644e6c94117c3bf334a9,Albert Kahn - Duhesme,18206,2,4,6,32,38,"[48.895623001056, 2.345815078896]"
2026-04-14 05:32:53,3533365c33b509f085cfac3a07c2c56d74c52279,Place Pigalle,18042,3,1,4,16,21,"[48.8827555, 2.3361566]"
2026-04-14 05:32:53,1dad6b29ff900f6c459caaea50df19181a4686b3,Fabre d'Eglantine - Place de la Nation,12157,16,5,21,46,68,"[48.8471116, 2.3956204]"
2026-04-14 05:32:53,a689337da7a2ddd286138408da22a5d87c2506e1,Jean Jaurès - Presles,35002,8,7,15,14,31,"[48.907134414988, 2.3960057280531]"
2026-04-14 05:32:53,b5acf80604f962d8328de6e587eb8452a0643fc6,Colisée - Champs-Elysées,8039,1,1,2,15,24,"[48.870475399387, 2.3076190799475]"
2026-04-14 05:32:53,34926cc7bd38116d2763e786665533e302b58b0a,Place Joffre - Frédéric le Play,7109,5,20,25,13,38,"[48.853754486938, 2.3044242337346]"
2026-04-14 05:32:53,a3408454ed72859d7a428777d8b806c35c254880,Hoche - Tilsitt,8057,1,0,1,31,33,"[48.874836457837, 2.2971323132515]"
2026-04-14 05:32:53,f89c2efcae2aaca0faf30e76cadcb33b872f7993,Place de la République - Voltaire,11046,4,6,10,7,19,"[48.866830968942, 2.3654810339212]"
2026-04-14 05:32:53,f4b9dbbd3ee86c34583d7ac3815fb6e953c7711b,Place de la République - Temple,3004,0,3,3,12,18,"[48.867211201859, 2.3635464370545]"
2026-04-14 05:32:53,08301932c2690094b1e2abf8256086a5cb0267ac,Faubourg Du Temple - Republique,11037,2,20,22,15,38,"[48.867872484749, 2.3648982158072]"
2026-04-14 05:32:53,119476468f21a48975e39471e40a4ab391830754,Bourdonnais - Tour Eiffel,7023,15,34,49,10,60,"[48.860897797941, 2.295599598447]"
2026-04-14 05:32:53,c143ea492e3133cd2e471011c3fa6207d53640e1,Richard Lenoir - Voltaire,11011,2,17,19,5,25,"[48.86164273878, 2.3727491497993]"
2026-04-14 05:32:53,6d2b79a5ca38e38ff01995d427a5772c25780ae7,Fédération - Suffren,15105,4,13,17,8,25,"[48.852828153442, 2.2978776320815]"
2026-04-14 05:32:53,3f90078fa24205262683a2f50a4086ca77119ced,Taitbout - Châteaudun,9025,4,2,6,47,54,"[48.876383969379, 2.3353566779335]"
2026-04-14 05:32:53,02013d82763b6226224030c1d6e381b562988744,Octave Gréard - Tour Eiffel,7025,2,11,13,20,33,"[48.856502977696, 2.2931787543289]"
2026-04-14 05:32:53,aef9b6b638d2c95221ad8a198cfd5777731ef793,Préfecture de Créteil,40007,0,1,1,25,27,"[48.783680285918, 2.4544713672215]"
2026-04-14 05:32:53,2fa27460863240af3d402d43bd0f73addc8ca7ad,Haut du Mont-Mesly,40010,9,0,9,12,21,"[48.780191921646, 2.4685737495183]"
2026-04-14 05:32:53,23260ce98a29ebadf029d00168f3d907c713158a,Bineau - Louise Michel,23011,9,8,17,9,26,"[48.88666162207, 2.2843274474144]"
2026-04-14 05:32:53,010307d509fdbc39e0b8143ef255df77d0f8a714,Sebastopol - Rambuteau,4104,2,6,8,7,16,"[48.86181809267, 2.3501381278038]"
2026-04-14 05:32:53,e83c7e8e3a230599755fc8f679a07be28b2e279a,Raymond Poincaré - Place Victor Hugo,16005,5,0,5,20,25,"[48.87030612437, 2.2850745414202]"
2026-04-14 05:32:53,51d541d6fc8144fcd23ebfe4bd92dcec07444180,Dugommier,12201,10,11,21,29,53,"[48.838811048815, 2.3896577954292]"
2026-04-14 05:32:53,a1737f25752cf286dea053f9971e3ac9c3d623f9,Centre Hospitalier Intercommunal de Créteil,40003,12,1,13,4,17,"[48.797078298909, 2.463801423807]"
2026-04-14 05:32:53,e724e5f0d1dffb399418629062fe39f06a51ff51,Créteil Village,40004,20,3,23,1,25,"[48.79122395576, 2.4642198533952]"
2026-04-14 05:32:53,d14d8294479eb2091c0e7afeceeb1a1505573f50,Wilson - Landy,32004,0,0,0,40,40,"[48.915167262214, 2.3576332256198]"
2026-04-14 05:32:53,6eaf28a03dcb0e405d05c3712721390cdf3b3fbb,Gare de Chaville Rive Gauche,23703,2,0,2,16,18,"[48.805160304345, 2.188277207315]"
2026-04-14 05:32:53,330b6e882772b0f30433913e984c8697901ba508,Créteil Pompadour,40008,19,20,39,5,44,"[48.773011623355, 2.435166164893]"
2026-04-14 05:32:53,aad3d9ce491d1a51be7b7e44ca01696412a75c83,Iles de Loisirs de Créteil,40015,5,9,14,9,24,"[48.780258200618, 2.4455094301232]"
2026-04-14 05:32:53,290f4e061aeea890cd43be155359a1903a9be49e,Bobillot - Paulin Mery,13106,13,0,13,10,23,"[48.829899841747, 2.3543356766749]"
2026-04-14 05:32:53,ff3a966762b675aafb910cd34b23b008d2e8bc9a,Yves Farges - Route d'Enghien,51005,10,16,26,8,35,"[48.95756799268, 2.2834496977978]"
2026-04-14 05:32:53,bce883adfa728a2985c71e2f2cf93e5782c46382,Pierre-Simon Girard  - Paris,30006,0,0,0,35,35,"[48.901342171637, 2.4560186601176]"
2026-04-14 05:32:53,3e89fb9b28a35f330361de14e976ddf29d360dc8,Louis Blanc - Aqueduc,10031,20,3,23,14,37,"[48.882030182599, 2.363561578095]"
2026-04-14 05:32:53,59e01affc0fd582ea0839e40325eb376d30546c0,Borrégo - Gambetta,20137,7,0,7,18,25,"[48.87330497045532, 2.4014145880937576]"
2026-04-14 05:32:53,c539fc61cc815b872eea20a634e50432119a3195,Noisy le Sec - Jean-Baptiste Clément,31708,16,1,17,5,22,"[48.874515389637, 2.4152836203575]"
2026-04-14 05:32:53,21ecd9ee6361acbe4463899a6615072f999bbda5,Gare de la Garenne-Colombes,27004,8,10,18,9,28,"[48.909752, 2.239145]"
2026-04-14 05:32:53,6604ad603184a138e3e79f989d8e68e0d153c85c,Vincennes - François Debergue,31029,2,0,2,22,24,"[48.857497590947, 2.4375258284792]"
2026-04-14 05:32:53,b167471bcf37a46ffda3dbd40fd6475c620dd695,Cauchy - Cévennes,15103,3,20,23,28,51,"[48.843372571022, 2.2751328349113]"
2026-04-14 05:32:53,ffa93782e55231d0d10df388df5b57b4ddc29ca6,Bir Hakeim,15026,1,7,8,24,33,"[48.853844054334, 2.289705348222]"
2026-04-14 05:32:53,80d012cb6768fff89306eee0c92cc3af1614a54c,Mstislav Rostropovitch - Berthier,17123,3,3,6,12,18,"[48.892120821173975, 2.309234105050564]"
2026-04-14 05:32:53,3dd4d039004d814ca94bee5005442b0841155df7,Grande Armée - Brunel,17038,5,3,8,52,62,"[48.876116, 2.288124]"
2026-04-14 05:32:53,b2f01ef317e691de6ebbfd43fe4bcdce8e3a827c,Dr Calmette,43102,6,5,11,9,18,"[48.745456776386, 2.4089241218595]"
2026-04-14 05:32:53,8bc1cb77e82cbe5ee4e013f7e1d6e42c87deb259,Gaston Roussel - Commune de Paris,32308,0,0,0,1,1,"[48.894440646006, 2.4323074841326]"
2026-04-14 05:32:53,e777d65520da744f98f7961307a62a9ee69488fd,Suresnes - Place du Souvenir Français,23805,2,1,3,13,16,"[48.847007898514, 2.1941100043056]"
2026-04-14 05:32:53,5d8f6c6d3a08245ba09bed05d44635b0db97af5c,Carrefour Pleyel,32012,7,13,20,45,68,"[48.92034156960326, 2.3438543826341625]"
2026-04-14 05:32:53,897ed9fee0b08e2368d900945277c56bccccae9d,Institut du Monde Arabe - Saint-Germain,5020,4,13,17,20,40,"[48.849063299501, 2.3558086529374]"
2026-04-14 05:32:53,156402690d5af15b37c93650484b8065bb1c1542,Hôtel de Ville - Adrienne Bolland,30001,9,23,32,2,33,"[48.905280057722, 2.4455443018674]"
2026-04-14 05:32:53,72a4ad983b707a5e858714d188c05ee883661386,Quai de Seine - Pont de l'île-Saint-Denis,34501,4,2,6,18,25,"[48.935421446598, 2.3408389473018]"
2026-04-14 05:32:53,3d5a807acc5c08e693f4520d13dce0b305c56198,BNF - Bibliothèque Nationale de France,13123,2,27,29,12,42,"[48.8350268238, 2.3760157451034]"
2026-04-14 05:32:53,69a75bf4bafdac0bbcab59e0eb2d23b3e2dce9b9,Buisson Saint-Louis - Saint-Maur,10208,0,0,0,30,30,"[48.872274029222, 2.3733284860819]"
2026-04-14 05:32:53,dfe9efa8bdc848e366a49688a918da43997c8f96,Adrien Raynal - Verger,43101,6,17,23,7,30,"[48.743385629116, 2.4025604826094]"
2026-04-14 05:32:53,e19f27ff4d5bd801290798698a65eb8c1026bc5c,Grilles - Honoré d'Estienne d'Orves,35022,0,0,0,23,23,"[48.890439299703, 2.4066777712134]"
2026-04-14 05:32:53,fc6f38fcebb53edfd610819efa2216677c2ae8bd,Danton - Serpente,6016,3,2,5,28,36,"[48.852297362582, 2.3414132371545]"
2026-04-14 05:32:53,1b11e0faa88542110289d7e98fabb36539024ea6,Avenue de la Paix - Chaillon,23904,0,12,12,6,19,"[48.935291060802, 2.3260894310459]"
2026-04-14 05:32:53,45a3f36cc3e2b7fcf6e1a2b089468fb31f5b6b78,Balzac - Champs Elysées,8052,7,1,8,20,30,"[48.872699639621, 2.3001953959465]"
2026-04-14 05:32:53,32bd17e0f2432791ed6be9023efbfd16a203a8e1,Chemin Des Mèches - Marc Seguin,40018,0,15,15,10,27,"[48.784426530213, 2.4370886462938]"
2026-04-14 05:32:53,f6424ffdc38397df6710568ea2ac22564a661070,Léon - Doudeauville,18014,12,1,13,0,13,"[48.888324218452, 2.3535733726386]"
2026-04-14 05:32:53,5b54724d7c5257a4d17f2f028918bf73b402b436,Bleuets - Bordières,40002,11,4,15,4,19,"[48.802117531472, 2.4543687905029]"
2026-04-14 05:32:53,f1bf5665ba6eaba69284b11e0aaf493521bae089,Place des Ardoines,44018,2,16,18,28,46,"[48.782903985673, 2.406949982641]"
2026-04-14 05:32:53,3facfc3374240473c49cb4d211399fe0145055f1,Daumesnil - Picpus,12010,4,15,19,2,21,"[48.8374688, 2.401765]"
