Timer,ID,Station,Code Station,Ebikes,Mechanical Bikes,Bikes Available,Docks Available,Capacity,Coordonnees Geo
2026-06-20 00:15:56,835ab6dae773dedf7f3918daffe4b6adcb486407,Benjamin Godard - Victor Hugo,16107,0,0,0,34,35,"[48.865983, 2.275725]"
2026-06-20 00:15:56,97671b61b9ac1d97343129d438f91f121e945ffa,Toudouze - Clauzel,9020,1,0,1,19,21,"[48.87929591733507, 2.3373600840568547]"
2026-06-20 00:15:56,c0e4f32c548d2280081c76b9f16a195d9641621b,Jourdan - Stade Charléty,14014,2,8,10,48,60,"[48.819428333369, 2.3433353751898]"
2026-06-20 00:15:56,422cc45ac45c823257a9a9d4ad30036ba8f84259,Basilique,32017,4,3,7,15,22,"[48.93626891059109, 2.3588666820200914]"
2026-06-20 00:15:56,1c559406581c399a14254c11199273f45df61a09,Charonne - Robert et Sonia Delaunay,11104,2,2,4,15,20,"[48.855907555969, 2.3925706744194]"
2026-06-20 00:15:56,79265680a267c330afc63fb5256a5e3c8b8fad79,Saint-Sulpice,6003,1,18,19,2,21,"[48.85165383178419, 2.3308077827095985]"
2026-06-20 00:15:56,15e5de1d717a150dfd2e45ff6f6b2d694ffbebe9,Vaneau - Sèvres,7002,1,7,8,27,35,"[48.848563233059, 2.3204218259346]"
2026-06-20 00:15:56,bc282a5c51fca4b89310854e503803f9cf867fbf,André Karman - République,33006,0,1,1,29,31,"[48.91039875761846, 2.3851355910301213]"
2026-06-20 00:15:56,92a1f5a9dc7229ee43bfa85e206068098418981d,Pierre et Marie Curie - Maurice Thorez,42016,2,2,4,22,27,"[48.81580226360801, 2.376804985105991]"
2026-06-20 00:15:56,3064e64425d28e7b5741bbb96da332b00667e116,Place Nelson Mandela,25006,2,5,7,13,22,"[48.862453313908, 2.1961666225454]"
2026-06-20 00:15:56,a54aeacf995a40ea3f4a3dda6935af24e95b96a9,Bas du Mont-Mesly,40011,2,1,3,24,27,"[48.779751, 2.460837]"
2026-06-20 00:15:56,6acda135dfa558471c23ff794c3e29097d4e39a6,Froment - Bréguet,11025,2,26,28,15,43,"[48.8570414504784, 2.37289470306807]"
2026-06-20 00:15:56,fea7eeba85aa6a517134fdd025915575b5907afb,Jouffroy d'Abbans - Wagram,17026,1,1,2,37,40,"[48.881973298352, 2.301132157445]"
2026-06-20 00:15:56,b28b230a70a38f6a59800dda1410416f646de101,Mairie du 12ème,12109,1,23,24,6,30,"[48.840855311763, 2.3875549435616]"
2026-06-20 00:15:56,e58134ca4f3dd80100d31821e136fcba56ab89df,Beaux-Arts - Bonaparte,6021,5,10,15,4,20,"[48.856451985396, 2.3348518833518]"
2026-06-20 00:15:56,2c6e6c536708d7e4455fb1644fa2c07e4319f27d,Croulebarde - Corvisart,13101,2,18,20,12,34,"[48.830981659316855, 2.3481646925210953]"
2026-06-20 00:15:56,22f853cb41839df9196af27ee7e604151f150a74,Le Brix et Mesmin - Jourdan,14108,0,1,1,19,21,"[48.82234096593411, 2.327861653302471]"
2026-06-20 00:15:56,0228f8f404aa6c90574e9fe50816d96a07cf3261,Romainville - Vaillant-Couturier,31024,1,1,2,36,38,"[48.86785, 2.446748]"
2026-06-20 00:15:56,b25d1f83507e5304db4fbcf655ecb98cd1683159,Mairie de Clichy,21108,6,25,31,20,51,"[48.903653634661, 2.3059353232384]"
2026-06-20 00:15:56,2e5169b1fb6b551220b2fdb4b142ca7b6e217a5a,Porte de Saint-Ouen - Bessières,17044,1,13,14,27,42,"[48.89792240854517, 2.32851451022192]"
2026-06-20 00:15:56,56ec705c48ea74f334df1bba92a943a69213b28c,Chazelles - Courcelles,17025,2,1,3,32,35,"[48.879406604954, 2.3034455627202988]"
2026-06-20 00:15:56,bac88ec5b60948112d8a11eed9dcb872a73a8853,Moulin de Pierre - Abbé Grégoire,21326,0,0,0,20,20,"[48.822036188382, 2.2754641655975]"
2026-06-20 00:15:56,39dd8d0c0c744ccdff7c3230f632662d42d17f93,Ramponeau - Belleville,20143,6,2,8,36,44,"[48.871031137596, 2.379056852114]"
2026-06-20 00:15:56,6f8541e5b63d1aa695e984d639106e8f4a36c895,Lagny - Victor Basch,43002,1,7,8,15,26,"[48.84884147189881, 2.426325418925233]"
2026-06-20 00:15:56,4f3bc40cfac74dca97209ca1cbd6b1e5d5ebd422,Saint-Cloud - Hippodrome,16138,1,1,2,26,30,"[48.85772148887421, 2.2549109905958176]"
2026-06-20 00:15:56,de52ff9f0447e94eb69eadfa49dc4e45de7a6267,Théâtre des Amandiers - Palais des sports,92002,1,8,9,14,23,"[48.892648526839, 2.2136941552162]"
2026-06-20 00:15:56,1e55b232dcfcc0f51c16d76dffcee659ad5e2e30,Caire - Dussoubs,2017,4,10,14,25,40,"[48.86785342111862, 2.349364310503006]"
2026-06-20 00:15:56,5c48ddf0978402cafafd507c12923b4b3f064012,Tour d'Auvergne - Rodier,9008,2,1,3,14,17,"[48.879161, 2.343698]"
2026-06-20 00:15:56,01693e552cf95e0d83b5c7121789692256514a07,Liard - Amiral Mouchez,14013,5,3,8,19,28,"[48.8214169, 2.342167]"
2026-06-20 00:15:56,ac60790a9e0a6aad8853d344d9005747d82ef9af,Regnault - Patay,13118,0,58,58,2,63,"[48.82435782216384, 2.377065159380436]"
2026-06-20 00:15:56,07413bacd47f11120a9e680104589b0a5100148c,Félix Ziem - Armand Gauthier,18111,4,0,4,21,25,"[48.88949630486821, 2.333393658804396]"
2026-06-20 00:15:56,875dca158d7377111f368f8deb1581b6f651c9c2,Abbeville - Faubourg Poissonnière,9002,1,2,3,10,14,"[48.879223, 2.349147]"
2026-06-20 00:15:56,b2e9e0608265722cec947850f79ed6e14b4c348a,Youri Gagarine - Karl Marx,48003,0,4,4,18,22,"[48.78448485079149, 2.35908430069685]"
2026-06-20 00:15:56,7f05023ae0354317803843fe914c032e8bb5934d,Octave Feuillet - Albéric Magnard,16110,6,1,7,14,21,"[48.86106902949534, 2.2730283066630363]"
2026-06-20 00:15:56,10a7f955e3ef20588f360269ad9f1560d23498d3,Granges aux Belles,10115,5,1,6,20,27,"[48.8761373390584, 2.3680844979417]"
2026-06-20 00:15:56,fc16a2719a8d11cce2ec0fe7b761b90995b84f05,Gare de Nogent-le-Perreux,41303,18,12,30,2,32,"[48.83842553348809, 2.493693307042122]"
2026-06-20 00:15:56,61bd989b5ca710797db9a38bc259410fd9339919,Gabriel Lamé,12031,4,32,36,0,36,"[48.8351212784276, 2.385534569621086]"
2026-06-20 00:15:56,34c7ada7912ac75a4a86d4e28f8a4f349b6cb81d,Quai de l'Horloge - Pont Neuf,1001,5,12,17,0,17,"[48.857058739111, 2.3417982839439]"
2026-06-20 00:15:56,bd11d4406a0c12d0908b4d7f44aabae21159428c,Gare Saint-Lazare - Isly,8009,3,4,7,19,27,"[48.874777677621296, 2.326515804784655]"
2026-06-20 00:15:56,566b71f101f55924f0b2860f844199427ad7146d,Gay Lussac - Saint-Jacques,5005,3,2,5,36,42,"[48.844730256132, 2.3419239448664]"
2026-06-20 00:15:56,1c5da7698a70fd7d1777ec05b722a0ceda1f133c,Douai - Bruxelles,9038,3,3,6,19,27,"[48.883207841228, 2.3308449949029]"
2026-06-20 00:15:56,d18d9565be110da57e8707b7f17f78747e7646e7,Henri Barbusse - Stalingrad,22409,5,1,6,10,16,"[48.814183748660554, 2.2872862592339516]"
2026-06-20 00:15:56,b5ebea9d06516fcacbfed5ab5f5048a5d23a6602,Rossini - Laffitte,9022,2,0,2,28,33,"[48.87334627510507, 2.337980867701675]"
2026-06-20 00:15:56,9806a6a03f08a29a79bbff39fd7a7b19ae1a8b85,Argenteuil - Voltaire,26003,6,8,14,2,16,"[48.918648659556, 2.281411215663]"
2026-06-20 00:15:56,e40d7ed6fa0d65f4d16d3a15fdd9a70979a9aed3,Gare de Lyon - Place Louis Armand,12151,6,11,17,41,60,"[48.845515089794, 2.3726498446286]"
2026-06-20 00:15:56,61860eb2471304f1e8f294fc71688f24cd2e340d,Pesaro - Préfecture,92007,9,1,10,11,22,"[48.89577046284005, 2.223908342421055]"
2026-06-20 00:15:56,7b91ce38a8d0715d97648d3bcf16ee5b03823fab,Ranelagh - Mozart,16026,1,2,3,20,23,"[48.8554439, 2.2704418]"
2026-06-20 00:15:56,a9c0902b44bd3db9ff43688a1a3c284d9ca7a482,Moncey - Blanche,9028,4,0,4,12,17,"[48.88006587474148, 2.3310810327529907]"
2026-06-20 00:15:56,4f7338d46da2a69daf24de3d0fca8052bf162323,Redoute - Les Courtilles,26002,4,22,26,13,40,"[48.929867194519, 2.2836696356535]"
2026-06-20 00:15:56,dd3f7ff262a0a1d842bacc3e8cfdc05a5382ee4c,11 Novembre 1918 - 8 Mai 1945,45003,18,4,22,12,36,"[48.80889533774377, 2.5382421165704727]"
2026-06-20 00:15:56,8242a668f1e8428c01ee8f36d114ac39a7ca0fb3,Roquette - Thiéré,11002,6,12,18,5,23,"[48.85507930579506, 2.3733686318721463]"
2026-06-20 00:15:56,0ac40af8e8ee0bdce3675ec37e59a84c214a70a7,Delphine Seyrig - Général Leclerc,19043,0,1,1,51,53,"[48.893923963057865, 2.39790290594101]"
2026-06-20 00:15:56,fd6935977930458041507eb889db56f8b63c44d6,Place Jacques Bonsergent,10010,11,2,13,20,33,"[48.870948218595, 2.3612049221992]"
2026-06-20 00:15:56,b3475ddcb7ddd297a2fd411ecb41750e3241530e,Chartres - La Charbonnière,18107,7,1,8,26,34,"[48.8847601, 2.3534657]"
2026-06-20 00:15:56,69b0e3a1aa9aefd4d2456fd427fd46a03c4b9d16,Saint-Maur - Roquette,11023,2,1,3,42,46,"[48.858688774063, 2.3835539945715]"
2026-06-20 00:15:56,13ac25b779098f2fdcac3bb5e040a90ebb3e5678,Desaix - Edgar Faure,15067,3,8,11,1,12,"[48.852804604940296, 2.293077029857222]"
2026-06-20 00:15:56,2f66777208ca3f24b938bc51a1523847c0e317b5,Liège - Moscou,8010,4,1,5,12,17,"[48.8795431, 2.3264628]"
2026-06-20 00:15:56,55e099008ea8c2ba35eab4dff75bb18122d4e4ba,Récollets - Square Villemin,10016,7,4,11,4,17,"[48.875034655883944, 2.359801238597928]"
2026-06-20 00:15:56,28c291c086385746c57d461a0f8532d930e28cb3,Charles de Gaulle - Beauté,41302,15,4,19,30,49,"[48.83649602312711, 2.479562651149885]"
2026-06-20 00:15:56,8f44833d7f0d84663e36272711af3b2de9ebf95d,Henry Farman,15042,0,3,3,13,16,"[48.83372430280548, 2.2713854536414146]"
2026-06-20 00:15:56,9e661b54bb20013ea7b4c8ffed73886e0bcc00ca,Pajol - Place Herbert,18011,8,0,8,29,39,"[48.8927825, 2.3635598]"
2026-06-20 00:15:56,609e19771f138b43474a2bb6089ad3ef4e551e99,Marne - Germain Dardan,21212,1,0,1,21,22,"[48.81217465201, 2.3035024699104]"
2026-06-20 00:15:56,a04c8c61dbaa67ea16614403109dd884342ee02a,Concorde - Stalingrad,44006,10,3,13,22,35,"[48.7985844, 2.3821302]"
2026-06-20 00:15:56,978b572609e4e000e5b8d3ad914e28567485cccf,Square Simon Bolivar,19101,5,0,5,16,24,"[48.875089888322, 2.3826304078102]"
2026-06-20 00:15:56,0edcc82bf9e7deb67e5bb51cc3f435eaa6a1ae39,Pereire - Rennequin,17030,1,2,3,19,23,"[48.883647828876, 2.2952447086573]"
2026-06-20 00:15:56,40030d97342e6effffd7536ea08a79f004ea9869,Paul Bodin - Clichy,17204,4,15,19,12,33,"[48.892594758409, 2.3171403311203]"
2026-06-20 00:15:56,014d120d2d58323b430884d9c36d32259c6f0519,Porte de Vanves,14138,2,2,4,28,32,"[48.828012849445, 2.3056878894567]"
2026-06-20 00:15:56,4e74fcf904e0532664954ea542dddf9365d461c8,Rocher - Laborde,8017,2,1,3,62,65,"[48.87590240712654, 2.322616316378116]"
2026-06-20 00:15:56,0c98c4819a32bd13a1db04ddc2f263e6f6363ce7,Lecourbe - Jean Maridor,15054,1,18,19,0,19,"[48.83796366147599, 2.2877392172813416]"
2026-06-20 00:15:56,46823be803b8bb9208480a0b503ade7ebcafc5cf,Marc Sangnier - Porte de Vanves,14106,0,0,0,21,21,"[48.825218683556734, 2.3107116669416428]"
2026-06-20 00:15:56,41e69de94e2292d4dda18517885299e43cb1777e,Cambon - Rivoli,1020,6,4,10,25,40,"[48.866143390992, 2.3251800647137]"
2026-06-20 00:15:56,f2e2e9d77ec7888b6497e3af1ecd94498bb501ea,Boissière - Etienne Dolet,31102,3,0,3,17,21,"[48.876111, 2.4677312]"
2026-06-20 00:15:56,6fade5fa9a6aa2aa57490e3f4fdb48fc78f3d022,Marcadet - Barbès,18022,1,2,3,32,37,"[48.890451120965, 2.3490573929687]"
2026-06-20 00:15:56,c8cea5786421d7bc1f9755a3c477ebccbb3714d5,Bertie Albrecht - Hoche,8054,3,2,5,27,32,"[48.87614039826388, 2.301303138307601]"
2026-06-20 00:15:56,b6bb8c38612c881a8001b3d7144500a1c4d0be85,Cevennes - Bergers,15109,4,22,26,1,29,"[48.84240765130395, 2.281037718057633]"
2026-06-20 00:15:56,5d8e02bedf947e5dffb976f015af95972ab0da07,Enghien - Faubourg Poissonnière,10042,10,4,14,16,33,"[48.872420063053, 2.3483952362828]"
2026-06-20 00:15:56,6efbb34f41e82af8e29e41ce8faa3933708e672c,Place de la Porte de Champeret,17203,8,11,19,8,28,"[48.886062068226, 2.2917001576821]"
2026-06-20 00:15:56,5aa51dd9a1e99c09a376d11f56b206848bb30807,Place Marcel Cachin,42014,1,27,28,3,32,"[48.81411442356866, 2.39090770483017]"
2026-06-20 00:15:56,86fa03dbbbc9db4e501f9885881ffd74945b92b3,Hôtel de Ville de Boulogne Billancourt,21005,5,17,22,4,26,"[48.834958851668, 2.2416803240776]"
2026-06-20 00:15:56,50766edda63b1801c27a3fb1a07b13fb0c88e6d3,Victor Cousin - Cujas,5203,3,0,3,16,19,"[48.847909849567, 2.3424898070094]"
2026-06-20 00:15:56,bed1f9c6cff424fb929c9acebc0baa51905c9d0f,David Weill - Parc Montsouris,14124,5,1,6,16,22,"[48.821092374256104, 2.333725690841675]"
2026-06-20 00:15:56,be820b189ce068753bb50266666f284435208d9d,Saint Lambert - Blomet,15133,7,10,17,9,27,"[48.83659148147257, 2.2930556908249855]"
2026-06-20 00:15:56,aa79138453db2ada97eb248fff5b732627d4995a,Gabriel Péri - Danielle Casanova,44003,4,6,10,9,20,"[48.790114, 2.4025777]"
2026-06-20 00:15:56,b07467052c45e74cec6660de71bd1503ba4b8016,Censier - Jardin des Plantes,5028,3,1,4,23,28,"[48.84107178161383, 2.355475388467312]"
2026-06-20 00:15:56,859cf8f235f05d1149a9e2420dd846d71e98399e,Karl Marx,48010,2,1,3,13,16,"[48.784527937293184, 2.3646667979455587]"
2026-06-20 00:15:56,0a58104cd6e9f9961119fceff5fc95aa7fddad83,Louis Lumière - Porte de Bagnolet,20115,8,5,13,7,20,"[48.86431136, 2.4105210229754]"
2026-06-20 00:15:56,c194d5338e728bbb21a7e517277aa8425220cadb,Victoire - Chaussée d'Antin,9116,0,0,0,23,24,"[48.875065791004396, 2.3316738009452824]"
2026-06-20 00:15:56,f3067e7064f2dc023fbf18854995fafc891f4085,Assas - Rennes,6025,3,14,17,14,32,"[48.8492084999386, 2.32851454623001]"
2026-06-20 00:15:56,367ae6360061fff6c017d2dca9d575e33643e3f4,Chemin Vert - Saint-Maur,11026,4,3,7,37,45,"[48.86112461407359, 2.381299026310444]"
2026-06-20 00:15:56,4b6e41fa5153cb8fa76a6e03ceab20e26fb49104,Square du Théâtre du Garde-Chasse,32604,2,0,2,47,50,"[48.881287375060616, 2.420119643211365]"
2026-06-20 00:15:56,953d24c2a3668f4a19217710e86268ac2c008e97,Jules Guesde - Alsace,23006,9,9,18,5,25,"[48.890566275506, 2.2950777411461]"
2026-06-20 00:15:56,1a5a9fb8124e6d5471c0128b8b3bfb1a302e90dc,Joseph Liouville - Croix Nivert,15021,4,42,46,16,64,"[48.844835471244416, 2.297508493065834]"
2026-06-20 00:15:56,5c0a8375fb9b8b584b3609838b89bd6345fbb557,Rochechouart lamartine,9010,3,2,5,18,24,"[48.876719895109, 2.344393021854]"
2026-06-20 00:15:56,cd5fe645f514de11626e204580bb1601624e21d2,Jean-François Lépine - Stephenson,18009,0,1,1,20,22,"[48.88611466796807, 2.356855627529275]"
2026-06-20 00:15:56,cc36edef3270f89c8f46bc65dae1988e54e4dfb4,Villette - Belleville,19032,20,2,22,22,48,"[48.8726877314, 2.376461327076]"
2026-06-20 00:15:56,e024b809a4f99b3aac43bccab3e02f6d624cb9cb,Place de Barcelone - Mirabeau,16030,1,50,51,4,55,"[48.847623027364, 2.2735664248466]"
2026-06-20 00:15:56,643dc28fbe7710f26350c9bc1bf2a3a3393ccff6,Larmeroux - Baudelaire,21701,4,2,6,23,29,"[48.816939911292, 2.2809894804846]"
2026-06-20 00:15:56,f26bd263cec151b69909b393e01d03eb2b017c23,Mairie du 11ème,11024,15,22,37,13,51,"[48.858925, 2.3789759]"
2026-06-20 00:15:56,b7059e053c0046add584a71834381336b8507ef8,Marché Secrétan,19022,6,2,8,17,26,"[48.88125496379482, 2.373463287949562]"
2026-06-20 00:15:56,e9d8e55a6005f2e05b2d218ffd458e0e6ad0a8c6,Quai Panhard et Levassor,13050,7,35,42,15,57,"[48.828374828097, 2.3842737458056]"
2026-06-20 00:15:56,02fd8f3adf4b97af37826623ee8c7d9e3455445b,Parmentier - République,11105,11,13,24,25,50,"[48.8644954, 2.3750124]"
2026-06-20 00:15:56,2b8dc085a7e5ccaeb05243de166a098ee59bd05a,Victor Hugo - Galliéni,21008,8,17,25,7,34,"[48.838020154411, 2.2460845112801]"
2026-06-20 00:15:56,69a30065548eb094cbfc49201da863f7d0a19d40,Carnot - Général Lanrezac,17033,4,0,4,25,30,"[48.875443870736, 2.2938242935036]"
2026-06-20 00:15:56,13086724936e553549b09239b74de49c67c64c5c,Lieutenant Chauré - Etienne Marey,20134,3,1,4,16,20,"[48.86746195408435, 2.405970990657807]"
2026-06-20 00:15:56,38fd28df352182271d6602df0d938c9c67425471,Chemin Vert - Fraternité,32302,4,0,4,10,20,"[48.877141208359035, 2.4461565166711807]"
2026-06-20 00:15:56,6b29e6c52f3dda1da2616a0ae0b11f0ed53960da,Parmentier - Abel Rabaud,11035,5,5,10,42,52,"[48.86921273836114, 2.371688821240712]"
2026-06-20 00:15:56,ddbf91aec945ec8b415a7f47f4f664079b65261e,Mairie d'Ivry-sur-Seine,42010,10,38,48,4,53,"[48.81057120969284, 2.3842826485633855]"
2026-06-20 00:15:56,97fe4ddaaa7bba69fc1b72a4033f1bb3f0651163,Place Paul Eluard,46001,4,2,6,12,19,"[48.7672039733195, 2.4144977331161503]"
2026-06-20 00:15:56,98487c58d42af50e852894e06c53d115716c7b97,Exelmans - Michel-Ange,16040,5,11,16,17,33,"[48.84309486651855, 2.2597770800669053]"
2026-06-20 00:15:56,ee581d83f0f0ce8893ce5d531188a4aa42a41cef,Aristide Briand - Gare de Bagneux,42302,3,5,8,14,22,"[48.79387269664978, 2.321148812770844]"
2026-06-20 00:15:56,3e71a3ef5179a02c43a3705946ddecccfeb6e8e2,Seine - Flandre,19029,10,7,17,1,19,"[48.886785741479684, 2.3746193200349808]"
2026-06-20 00:15:56,bbcfd8e15975ab433974dbaf55e360e7347007bb,Mathurins - Auber,9032,1,8,9,25,36,"[48.872988840744, 2.3294984212276]"
2026-06-20 00:15:56,e950b6b024d2198daccf2f24ee8dcc7d1768256e,Madame de Sanzillon - Mozart,21104,1,11,12,10,22,"[48.90379820774301, 2.3187401890754704]"
2026-06-20 00:15:56,287c1a88b3c48969f701040ef8a5a2475aadfe91,Grand Prieuré - Crussol,11042,3,15,18,28,49,"[48.864660627935, 2.3692265531829]"
2026-06-20 00:15:56,0d62cb386b79226e5aa2242301c56eb22a7af3f9,Square d'Anvers,9005,6,1,7,22,33,"[48.882633484311, 2.3448844062122]"
2026-06-20 00:15:56,5918e0fee4f0d6c8f1eba714c2c462058afe2fab,Miromesnil - La Boétie,8025,0,2,2,33,35,"[48.873722412917, 2.3158480972052]"
2026-06-20 00:15:56,130c783f8028cda5929936b90162b169051a8b42,Mairie du 7ème,7102,2,10,12,35,48,"[48.8577967, 2.3192664]"
2026-06-20 00:15:56,a5e37604180a640a359fcb07e75e2ea977aa13a9,Boyer - Ménilmontant,20121,8,0,8,10,19,"[48.868895162679, 2.3919824145635]"
2026-06-20 00:15:56,2bec94d57853de21ba0ab96411bcc270887774c0,Hôpital Bégin,43003,3,14,17,7,26,"[48.84571672113, 2.4272462725639]"
2026-06-20 00:15:56,565852e56926f8f243b53e27660f4262c086c912,Quai du docteur Dervaux,26013,3,16,19,7,26,"[48.910482, 2.297998]"
2026-06-20 00:15:56,89084bdbae8e12b858227559ce743c2d7080ad05,Charonne - Avron,20043,4,2,6,20,27,"[48.851602665222, 2.3984030470379]"
2026-06-20 00:15:56,81f21f73ef0fd5ae03702a80e22d84bab91c4a08,Stalingrad - Désiré Chevalier,31010,17,4,21,21,42,"[48.85670169739857, 2.445072233676911]"
2026-06-20 00:15:56,8db615368196dd6b574695e9a8dc24e6113dad91,Charonne - Faubourg Saint-Antoine,11004,9,15,24,10,34,"[48.852191909696, 2.3740932717919]"
2026-06-20 00:15:56,971a2c8c6dba249ba56b21d112bcc874d6b1e56e,Tristan Tzara -  Tchaïkovski,18201,3,7,10,22,33,"[48.89490221746837, 2.3648490384221077]"
2026-06-20 00:15:56,04b92b80dec8fc230c1c2069074d497299627eff,Victor Hugo - Ecoles,41402,11,12,23,1,25,"[48.80476007936134, 2.4180373930262093]"
2026-06-20 00:15:56,d5e8c6fbbc4018e4a95858d5e4dc633408020403,Général Delambre - Prebuard,51004,10,4,14,12,29,"[48.93870344444, 2.2234171606307]"
2026-06-20 00:15:56,febc52759573ac9354e13ba688b5bd2160b89dc5,Stephenson - Doudeauville,18012,4,2,6,30,36,"[48.888537048944826, 2.3561610281467438]"
2026-06-20 00:15:56,74ee34d8793adaab2ccc797d9463cd4f1b007f7b,Boulard - Daguerre,14036,5,0,5,40,45,"[48.83446472680611, 2.3293386027216907]"
2026-06-20 00:15:56,08b93d4959ddb150885c49868f31e03d149c5c73,Charenton - Diderot,12009,1,16,17,1,18,"[48.846171461187, 2.3793068155646]"
2026-06-20 00:15:56,f6df3cf08da45b21acd3aef77c40d8f76f2f69a4,Henri Barbusse,31203,5,4,9,21,30,"[48.932092978246, 2.3982878482409]"
2026-06-20 00:15:56,d2e5d02e6c59158cc877802c42998b0f73dce582,Flandre - Alphonse Karr,19008,13,6,19,4,26,"[48.89465, 2.381868]"
2026-06-20 00:15:56,6b0d2bd56775e00a7a1eb2fa417c51e41fa6cc4a,Saint Georges - d'Aumale,9021,2,0,2,21,23,"[48.87778639599673, 2.337429821491241]"
2026-06-20 00:15:56,a13f0b90e0c63c330df878b1e49c53e3a98594b5,Anatole France - Louise Michel,23009,4,2,6,43,50,"[48.88873214926474, 2.2881576418876652]"
2026-06-20 00:15:56,f5e237958ecaeb1552ff4c9127b81c159098abcc,Montgallet - Charenton,12027,2,13,15,0,16,"[48.842647778701, 2.3861649278137]"
2026-06-20 00:15:56,e40d9c24269768eb0e1c80414169e589c5f08341,Stalingrad - Germaine Tailleferre,42029,8,10,18,9,28,"[48.80257200481316, 2.3786691203713417]"
2026-06-20 00:15:56,4b52b1c33671cc55197923efffe47fa0ae7cd607,Bienfaisance - Place de Narvik,8035,1,1,2,34,36,"[48.87660163459077, 2.3129771277308464]"
2026-06-20 00:15:56,8d0b6cb43c43890c84a98c5674f0296ec4ce1839,Guynemer - Séverine,21313,4,10,14,11,26,"[48.83091743371036, 2.2790706530213356]"
2026-06-20 00:15:56,bf0ec2508263253255a5e6192fd5b83a24a00bb0,Alfred Roll - Berthier,17102,0,3,3,24,28,"[48.887808570529, 2.3000952981763]"
2026-06-20 00:15:56,2c1a69a3a1320a6fa576382d7775d59783a1f836,Richard Wallace - Place du 8 Mai 1945,28001,5,9,14,16,30,"[48.87866794788021, 2.2420343756675725]"
2026-06-20 00:15:56,b850c55660cc3b74327643fe75dcb21036174349,Square Gilbert Thomain,26007,6,4,10,8,20,"[48.90717373809284, 2.2695400938391685]"
2026-06-20 00:15:56,0aebce988399c2f5964cc1051e0ef6204ecc5505,Departement - Pajol,18110,1,0,1,17,19,"[48.886674849730184, 2.3613611608743668]"
2026-06-20 00:15:56,432c928db14532a81f87823501240085909b13e8,Flandre - Riquet,19005,10,4,14,5,21,"[48.888013281448, 2.3737595955229]"
2026-06-20 00:15:56,d8302e7c986f0ec374243cfab8497827f65f812a,Place des Ternes.,17045,2,1,3,41,46,"[48.878438631226516, 2.297727763652802]"
2026-06-20 00:15:56,4ed830b511df78b56f96c915a60a25133497bf5b,Place de Verdun,43402,3,16,19,18,40,"[48.8202823, 2.473775]"
2026-06-20 00:15:56,e85d566b6d2a1c401da0049fc734684ab5a54164,Edouard Poisson - Victor Hugo,33018,2,3,5,17,30,"[48.91118557052621, 2.379864752692811]"
2026-06-20 00:15:56,d940e14c75d1eafaa4dacc075db1bb88a4b662ee,Montgallet - Reuilly,12013,3,4,7,8,15,"[48.844291, 2.3896481]"
2026-06-20 00:15:56,ea0fdeb147ce615aeca0efbd9e03c8a9ff862759,Montreuil - Gonnet,11115,9,12,21,2,24,"[48.850500564921, 2.3890856287864]"
2026-06-20 00:15:56,2630d0b51abc54d334b4cf9add4fab573e5ebe88,Jussieu - Fossés Saint-Bernard,5021,6,22,28,9,39,"[48.847185510023, 2.3534858599305]"
2026-06-20 00:15:56,7fbb92fc35a6db6127c2747e1689c47614499d4a,Porte de Vincennes,12115,3,17,20,12,33,"[48.846454, 2.415514]"
2026-06-20 00:15:56,69c51603588ec7fe283db01dd7db9b474d9b4b66,Varenne,7015,3,5,8,38,47,"[48.857202661803, 2.3152771219611]"
2026-06-20 00:15:56,13b78dc05c91e555f9b83e0e8b385b7940663b89,Porte de la Chapelle - Boulevard Ney,18204,0,0,0,50,52,"[48.900097357789, 2.3586005020149]"
2026-06-20 00:15:56,ae6fe50d5821248cbda447ebc176b0e722632b16,Jardin d'Acclimatation,16121,4,7,11,21,33,"[48.878772242510465, 2.270772233605385]"
2026-06-20 00:15:56,bfe6cc5b1645f1f7c1dd4d994c0dcde64a53626f,Square Cambronne,15010,0,37,37,18,59,"[48.84756654526, 2.3025691509247]"
2026-06-20 00:15:56,b1b6cc1cbe5eb04e80a9688c8f7dabafef2f5bf4,Bayen - Pereire,17037,3,6,9,13,22,"[48.881804409079656, 2.2921088710427284]"
2026-06-20 00:15:56,8fc7d403ce824b3708201d24e8ddebe41b3f4aa2,Bordier - Félix Faure,33003,8,0,8,39,48,"[48.90390751882016, 2.3830059170722966]"
2026-06-20 00:15:56,716fb6b615e907cfb3d4da2136b5e567ccd81e3b,Mairie de La Garenne Colombes,22505,5,2,7,14,22,"[48.90663823468682, 2.24679596722126]"
2026-06-20 00:15:56,6b33039d965e1ca82ccab3a139ab449901811523,Jean Colly - Tolbiac,13045,3,1,4,31,36,"[48.827817291597846, 2.3705490678548813]"
2026-06-20 00:15:56,c72c85fe0cd4a7af166f7e7cabd461d0e4d9b567,Porte de la Villette,19115,6,8,14,12,27,"[48.89835196548483, 2.386150136590004]"
2026-06-20 00:15:56,9464ad371c675299ddd2397ea5a23bc5a048fb69,Place aux Étoiles,32010,4,0,4,34,40,"[48.91835629408464, 2.3523425683379173]"
2026-06-20 00:15:56,4a5b97c5b7a02661f995b4e2805c9fac9f73fcdf,Flandrin - Henri Martin,16018,1,2,3,14,18,"[48.8643275, 2.2724174]"
2026-06-20 00:15:56,edf26a2d8740bc78577f56c1884de377ff9ec281,Pirogues de Bercy - Libourne,12034,10,27,37,11,49,"[48.832308, 2.38637]"
2026-06-20 00:15:56,6b50eae880b98b6c1802d0686807ac4552c96095,Victor Hugo - Magasins Généraux,33001,1,1,2,32,34,"[48.903281401126755, 2.368072383105755]"
2026-06-20 00:15:56,279dbc0ba948b8b184f3fc94a1ff3bdc535e494d,Porte d'Auteuil,16034,3,8,11,22,33,"[48.8479394142243, 2.2608396783471107]"
2026-06-20 00:15:56,b8ba513b57a9972a7ce6534791c5fe1daa012c40,Jules Ferry - Faubourg du Temple Paris,11036,10,21,31,22,58,"[48.868397, 2.3678933]"
2026-06-20 00:15:56,63083ec4da290d0f288ca3d81303a1b08408f5f7,Assemblée Nationale,7009,5,4,9,66,76,"[48.861411014652, 2.3201214185208]"
2026-06-20 00:15:56,0ad1e183509aad45002a524259aef2b82b9bf9e4,Commandant Rivière,8033,3,0,3,39,42,"[48.872933, 2.309796]"
2026-06-20 00:15:56,215f7985e21aa3e87d632c169485032cb2eb55fd,Gare Montparnasse - René Mouchotte,14117,6,3,9,32,41,"[48.839203843292, 2.3208839446306]"
2026-06-20 00:15:56,a99f5e4bf159fdfda44b1ac89be4dd76ec3c73b4,Place Jean-Baptiste Clément,42707,2,1,3,21,24,"[48.81240466867336, 2.3617091774940495]"
2026-06-20 00:15:56,2e10d85deb34df3093669cc2e09be7244b42236f,Chanzy - Sud-Est,92003,3,11,14,11,25,"[48.888912037698766, 2.195632159709931]"
2026-06-20 00:15:56,493b3c82cba58d4b8f059be72b85976fca37fda0,Jussieu - Guy de la Brosse,5119,3,3,6,34,40,"[48.845665, 2.355653]"
2026-06-20 00:15:56,61f3427a1ff6f5ce3bca21ac41365162c6fb16cd,Courcelles - Place des Ternes,8055,9,2,11,19,31,"[48.878199928923124, 2.2992860188665043]"
2026-06-20 00:15:56,675f9fd678780a4a4806bf66d8e9622e5a47774c,Gare de Bercy,12024,0,28,28,7,35,"[48.839794573906, 2.3826066032052]"
2026-06-20 00:15:56,86be289cafb28e1909369a21fa62c9eb39d72b76,Anatole France - Jean Lolive,35019,8,7,15,13,28,"[48.8949922, 2.4253764]"
2026-06-20 00:15:56,609ed3fac1d29df498f676ae68e0586d2671b594,Champeaux - Gallieni,31705,7,0,7,37,50,"[48.864459134684644, 2.4161778017878532]"
2026-06-20 00:15:56,437f25a24ad475639650395065fe347fa2152f94,Raymond Poincaré - Allée de la Marche,23802,8,1,9,13,23,"[48.838634069623, 2.1724102640451]"
2026-06-20 00:15:56,8ce2f226af166ee5d25b51e0bc2145b60996b177,Tardieu - Chappe,18005,4,0,4,13,18,"[48.884146759782, 2.341845408082]"
2026-06-20 00:15:56,35ed8b4db29e2ccf62b71e5cb62ff65fced6a20e,Petites Ecuries - Faubourg Poissonnière,10005,5,2,7,10,17,"[48.87397217237368, 2.348388757504776]"
2026-06-20 00:15:56,dedcd110c743b798fb5645d860bec92a501e62e3,Lamennais - Washington,8102,0,3,3,37,40,"[48.873529900265, 2.303444892168]"
2026-06-20 00:15:56,78f27878673c4d459544307bd387cee0c0958560,Francoeur - Marcadet,18020,3,0,3,17,20,"[48.89104123261663, 2.340014585442034]"
2026-06-20 00:15:56,6d5d73f573d5aaa1f7a2f88ab81fea269c061122,Henri Chevreau - Couronnes,20136,3,0,3,24,27,"[48.87033205312931, 2.388777695596218]"
2026-06-20 00:15:56,d4a585a15968b731a622769dc407d000cdf088cf,Vignerons - Minimes,43006,7,19,26,1,29,"[48.841486, 2.430793]"
2026-06-20 00:15:56,ae63a721defd5298a4deba7f26451e676cdd8dd2,Vladimir Ilitch Lénine - Andrée Chedid,42503,8,3,11,20,31,"[48.813240124373, 2.3319716067039]"
2026-06-20 00:15:56,ad0c3e1b303905b63b5d5fbf48b80e9fe5da0d87,Professeur René Leriche - Général Leclerc,21111,0,17,17,33,50,"[48.90782845483013, 2.307887971401215]"
2026-06-20 00:15:56,745d5f5de9e2f58d63e3453a0fc07a008b98895e,Ledru-Rollin - Charonne,11114,4,10,14,16,32,"[48.85345855607243, 2.3772463581947094]"
2026-06-20 00:15:56,3c8e8493a3f275a3acb1acf1c74853025a43361e,Quai Voltaire,7006,4,17,21,9,32,"[48.858942986179, 2.3314182047146]"
2026-06-20 00:15:56,379c0b144c81daa4979a9e28fa7bea4cd5137c9a,Batignolles - Place de Clichy,8012,6,3,9,38,47,"[48.883474535757, 2.326493114233]"
2026-06-20 00:15:56,51185de0dc76fd7c5f7e8b39a972f93cb0a705a2,Château -République,22508,3,11,14,2,17,"[48.905905048494, 2.2534525632894]"
2026-06-20 00:15:56,728e5eb52d1aceaeed7844fd1405fc0e59ccddd1,Berthier - Porte de Clichy,17106,1,16,17,7,24,"[48.894222687781, 2.3125872006816]"
2026-06-20 00:15:56,b860d987c19bb6cc2487990be1cdfdb297bd10a0,Parc de Belleville - Julien Lacroix,20040,5,3,8,18,26,"[48.8703459, 2.3842214]"
2026-06-20 00:15:56,5b02a436f36712900790093397f79bf8dc8f0e4f,Gare de l'Est - Verdun,10023,8,2,10,4,14,"[48.876156054271, 2.3609149083206]"
2026-06-20 00:15:56,1d14cc8f9ab48aaffb1aa47682d8482bf73a4e0c,Place Jean Delay,13026,4,7,11,24,35,"[48.823316, 2.354336]"
2026-06-20 00:15:56,c67a484ff7baa72ca09fbe5363c7fc0c6f713cfb,Pitié-Salpêtrière,13102,2,11,13,38,51,"[48.83748810318667, 2.365213818848133]"
2026-06-20 00:15:56,bdf0036c6fc3001717d8c8c2b99cb3df3d862eef,Jonquoy - Didot,14130,2,0,2,28,30,"[48.82890454823947, 2.31648076325655]"
2026-06-20 00:15:56,e64c570f2bce28c0ffc83263d4dd43cb0a871c05,Bara - Henri Farman,21308,0,14,14,44,58,"[48.833218027457846, 2.2677567601203923]"
2026-06-20 00:15:56,45584eb851f29c3cb5fd3415463f5b05caad1fb6,Place Adolphe Cherioux - Vaugirard,15038,6,7,13,48,63,"[48.83959442800459, 2.3010657727718353]"
2026-06-20 00:15:56,9a2eb541d7142d634516eff779553fe012387be8,Indre - Prairies,20021,9,0,9,29,38,"[48.86254398506782, 2.403290458023548]"
2026-06-20 00:15:56,25ba39aec07413fea108201b810b62ce134bb0c5,Edouard Vaillant - Paul-Adolphe Souriau,21019,1,18,19,9,28,"[48.834845858829, 2.2479459643364]"
2026-06-20 00:15:56,185b3309fff6bf2eeee674e2a375741778d84029,Morice - Général Leclerc,21105,3,7,10,14,25,"[48.90245471981591, 2.3128929734230046]"
2026-06-20 00:15:56,207843970c644ad9ad25917bdaadec86b27e4b47,Sèvres-Gallieni,21032,3,21,24,1,27,"[48.837809408957, 2.2281519323587]"
2026-06-20 00:15:56,23abea7c6a61e371eff8016171d4c7abac334b33,Labouret - Saint-Denis,27008,8,1,9,15,24,"[48.924066621513, 2.2539156570765]"
2026-06-20 00:15:56,8731c1efbd6fbee3c71098061f9c4d4ac053e70f,Vincennes - Douy-Delcupe,31019,13,1,14,23,38,"[48.85493692155721, 2.436049282550812]"
2026-06-20 00:15:56,8d04830fc6c2c919af50d8ae80881612ba204d99,Porte de Saint-Ouen - Henri Huchard,17124,3,2,5,19,26,"[48.898708366365064, 2.3295360803604126]"
2026-06-20 00:15:56,812113c8abc28bf29ec4f5dc3647637461c19061,Génie - Mozart,44012,4,5,9,10,19,"[48.794902381218904, 2.3734183609485626]"
2026-06-20 00:15:56,1bf25f8cc9190afde97ce83464ab3e5437090b3a,Filles Saint-Thomas - Place de la Bourse,2009,0,0,0,54,58,"[48.868899890853, 2.3397543845203]"
2026-06-20 00:15:56,594c2986266e6ea9e6c68e69116fca4cc3b1d379,Lucie Aubrac - Franklin,31016,7,7,14,22,36,"[48.86223916006812, 2.4435862898826604]"
2026-06-20 00:15:56,70d0da4892774712f1e0d1a2cb9609b66cd378d7,Hôtel de Ville d'Argenteuil,51003,6,3,9,20,30,"[48.946504, 2.2496396]"
2026-06-20 00:15:56,e2775e2f461583f2a54d99e3c06324183e67cbec,Dunois - Clisson,13043,2,4,6,45,51,"[48.832294, 2.3674523]"
2026-06-20 00:15:56,35a930cd01ee6367f85953b1dfb540d1469711ea,Edouard Pailleron - Simon Bolivar,19039,1,0,1,22,24,"[48.87979886049996, 2.374839261174202]"
2026-06-20 00:15:56,6ae8b3940d8963bb63bf35c25141747ee20c941a,Jean Jaurès - Jean Baptiste Clément,21003,2,32,34,2,39,"[48.84576261454011, 2.2369650006294255]"
2026-06-20 00:15:56,b7a1a9efdfbb8fa53e626c7a0a886ec0bffb4448,Bridaine - Lamandé,17122,3,0,3,26,29,"[48.8862074, 2.3206239]"
2026-06-20 00:15:56,7956724d5b051f1ee61f8dfd1e699ffde71f7030,Porte de Ménilmontant,20027,0,0,0,15,15,"[48.8691543609174, 2.40932246879487]"
2026-06-20 00:15:56,c76f07f7b75eb325b95acc32b2d061f3e9868c14,Colonel Monteil - Brune,14122,5,6,11,8,19,"[48.82650293311, 2.3092747998272]"
2026-06-20 00:15:56,e19bfbc95b0b52f3b2876eb337c0a407c91e070f,Mahatma Gandhi,16123,2,1,3,21,26,"[48.876356, 2.264205]"
2026-06-20 00:15:56,1195341b49395cc3b3c9aeb9340c5ac01daf75b0,Batignolles - Rome,8051,7,0,7,7,15,"[48.881823370567, 2.3202589899302]"
2026-06-20 00:15:56,2b5e99bf8b0b0c1caf5b5809670a3955434238e6,Paris - Désiré Préaux,31007,19,2,21,27,49,"[48.85742876694898, 2.4323049187660217]"
2026-06-20 00:15:56,fe52c4af50329bdac99595c84bc79c071c4605ed,Belleville - Télégraphe,19040,2,1,3,37,41,"[48.8756045, 2.3995549]"
2026-06-20 00:15:56,19da413e2af40f7abb5e839da61c2f47ec7a9c9c,Square des Epinettes,17121,3,1,4,36,40,"[48.89383909781389, 2.325953990221024]"
2026-06-20 00:15:56,27e38b8586fbc1a022002916f13bfc09dc74305a,Emile Blemont - Poteau,18029,5,1,6,31,39,"[48.8943782, 2.3415122]"
2026-06-20 00:15:56,4c9595a71e37a114a7990c6a1eb6a5c112630e77,Toffier Decaux - Cartier Bresson,35017,3,1,4,14,18,"[48.90165072551549, 2.4017545580863957]"
2026-06-20 00:15:56,8e1f20ca439f386fa6fc8f3c3e5be81a8cbb0212,Orteaux - Mouraud,20118,7,3,10,14,24,"[48.85558642847872, 2.408762907764669]"
2026-06-20 00:15:56,01a3073021b74209002be041dd5847d2bbbbf1b2,Provence - Chaussée d'Antin,9031,3,0,3,21,25,"[48.87428447542072, 2.332976511564311]"
2026-06-20 00:15:56,691885df214de4256415b4eca8a6b231afa57797,Edgar Quinet - Raspail,14002,11,6,17,29,46,"[48.83940266673835, 2.32971478253603]"
2026-06-20 00:15:56,4e28e1d17921a9f881b612dec20f546b58dbfb59,Hôtel de Ville de Saint-Ouen,34010,2,2,4,43,48,"[48.911380185786, 2.3340076807601]"
2026-06-20 00:15:56,51b9fb0c14d81c7f17dadd933d62e01e5b50134a,Mac-Mahon - Brey,17046,0,1,1,23,25,"[48.87753208413, 2.2945125360529]"
2026-06-20 00:15:56,8269862cbd9abd4b8db09e7cc3ed5c825a79f81c,Nanterre - Université,92004,0,2,2,18,20,"[48.901365, 2.212693]"
2026-06-20 00:15:56,9847660a6d22bd3a447d3c38da5bada0975b7897,Gabrielle Josserand - Edouard Vaillant,35003,5,3,8,16,25,"[48.90271566255436, 2.3933270573616032]"
2026-06-20 00:15:56,0c38558e038e10a1b6ea9b207a86a98b0b65dff2,Hameau Fleuri - Marché,21014,4,8,12,10,22,"[48.831448892608314, 2.2412404417991643]"
2026-06-20 00:15:56,8748a1c1521daf746c17838a38e37799f251c331,Square René Viviani - Montebello,5121,2,30,32,11,47,"[48.851904891406, 2.3478421568871]"
2026-06-20 00:15:56,b413c88489673299d3138009f99c0e3e4212853f,Bassano -  Iéna,16015,1,0,1,13,15,"[48.868144510482075, 2.296149600985935]"
2026-06-20 00:15:56,461e069d21e8e23f402f9559d4ba9f6fea8996f9,Stade Auguste Delaune,47004,8,13,21,0,21,"[48.80896378683884, 2.4345204234123234]"
2026-06-20 00:15:56,f8916d7a42fcf57dcbf2b966c58465a31f33b9dd,Jean-Baptiste Pigalle - La Bruyere,9026,1,0,1,16,17,"[48.87939826447722, 2.333709173337285]"
2026-06-20 00:15:56,0df9201947861a92276cf1dbc556204e5af8e66f,Belliard - Damrémont,18033,4,1,5,29,34,"[48.89669238777841, 2.338023450388167]"
2026-06-20 00:15:56,6490be944f883006ed926c42b8e410dcfe232f44,Boulets - Faubourg Saint-Antoine,11010,4,11,15,27,43,"[48.849259262115, 2.3917546141943]"
2026-06-20 00:15:56,22181a3e08dffeb70927e92db00fe7041d938a74,Maine - Antoine Bourdelle,15002,9,4,13,3,17,"[48.84308531746595, 2.320263946784738]"
2026-06-20 00:15:56,94ef0137106b1751ab0423a27cbd4c0616d0243b,Pyrénées - Maraîchers,20016,11,0,11,21,33,"[48.85714001395299, 2.4043509364128113]"
2026-06-20 00:15:56,91d8b2aea4bcf3b6cc607b6c77c5e46fc1b105b7,Place de Passy,16043,3,1,4,8,15,"[48.85780291711202, 2.277500546942199]"
2026-06-20 00:15:56,1fbe5a8b591dee03c92d4ca76e351f4359243e5b,Haies - Réunion,20116,3,3,6,16,22,"[48.85386896766491, 2.402426162238911]"
2026-06-20 00:15:56,edff61a9497cc966d191881d4b15ed774eb8281e,Place Alphonse Deville,6107,1,15,16,6,23,"[48.850188262662, 2.3275961726904]"
2026-06-20 00:15:56,444c92bb029094ccb335ae43fd14617b6466f08f,Maison de Radio - France,16029,2,41,43,4,47,"[48.85132886434057, 2.277785539627075]"
2026-06-20 00:15:56,185d345545f45c0224810ca0e7950f779c0704f2,Lallier - Trudaine,9017,10,1,11,17,29,"[48.88109246617963, 2.3408224806189537]"
2026-06-20 00:15:56,0be2da9178acc07c6a188861a81764cada63efd9,Square Léon,18008,4,1,5,27,33,"[48.88667396788626, 2.353205569088459]"
2026-06-20 00:15:56,1f05b401a2328484b4300a53681cb9ddac4fd6e7,Villersexel - Saint-Germain,7008,2,1,3,13,16,"[48.858297001218, 2.3237934708595]"
2026-06-20 00:15:56,845d56fd247455f663a3646d31af7abd652d82ac,Pernety - Raymond Losserand,14030,2,2,4,28,32,"[48.834254627953, 2.317609339387]"
2026-06-20 00:15:56,6d8b6418f615ffead6ede438af3b455439f8c93a,Eugène Reisz - Davout,20201,0,1,1,18,20,"[48.85631874632638, 2.410396970808506]"
2026-06-20 00:15:56,32283f49e3a4b4b58ebfdef0d58fc4b126dc8485,Pereire - Place de Wagram,17022,2,0,2,42,46,"[48.887070607581215, 2.304111124531457]"
2026-06-20 00:15:56,44dfe396a1d3138356f38864a1b320d23b6650dd,Champ de Mars - Cler,7020,7,20,27,12,40,"[48.856691550115315, 2.306646779179573]"
2026-06-20 00:15:56,3adc0950cc7d8dd7bb447729db2e6d83748b8270,Mairie de Sceaux,23304,1,11,12,19,33,"[48.778916905132, 2.2887361764861]"
2026-06-20 00:15:56,c6848dc5d24360f5a82efc048ec015d4f492f443,Diderot - Reuilly,12161,5,28,33,7,44,"[48.847208456061, 2.3861273378134]"
2026-06-20 00:15:56,ab6e1ffb4e502223c7d1f9c027d4b226789134a8,Palais des Sports,15107,3,2,5,17,22,"[48.833468517426, 2.2858720645308]"
2026-06-20 00:15:56,89483fb89ad1251127feb226df9e51aa26dbb7f1,Cadet - La Fayette,9101,3,3,6,13,19,"[48.875601632672, 2.3435704037547]"
2026-06-20 00:15:56,20ff72c9fd44c6a871d59cfb6737d808ca8dd2c0,Caulaincourt - Place Constantin Pecqueur,18017,16,1,17,25,44,"[48.889677905028, 2.3381787144261]"
2026-06-20 00:15:56,c6057caa354e090bccf5d257200c6ee17deff9b3,Place Pasdeloup,11043,3,12,15,5,21,"[48.862654215631, 2.3670325062844]"
2026-06-20 00:15:56,6dc71281abfdfc97f78faee0f3368533539e9617,Calmette,32603,2,0,2,28,32,"[48.88104925098552, 2.424993216991425]"
2026-06-20 00:15:56,320da8fc5435fdc0f3349803781e2399b4273b0a,Porte Maillot - Perreire,17201,3,8,11,37,51,"[48.878021154637, 2.2842371277102]"
2026-06-20 00:15:56,17719baffffeb32dee3d226f3eeca05a9c91d3ef,Chateau,23403,5,2,7,14,22,"[48.774661399959, 2.3135878035462]"
2026-06-20 00:15:56,9efbee76a9de7c42761981df76c40094a0cdfee4,Stade Gaston Bouillant,23903,12,5,17,13,30,"[48.939958667023, 2.3279571813836]"
2026-06-20 00:15:56,2c79b0d8964ca477e8611f366270f8c782a75dac,Vieille du Temple - Francs Bourgeois,4013,8,3,11,16,29,"[48.858256413365815, 2.35821794718504]"
2026-06-20 00:15:56,f3113b71f0a769ae02676ad43b6087ec33377c69,Hôtel de Ville de Champigny sur Marne,45001,13,5,18,1,21,"[48.813810628405, 2.5096759200096]"
2026-06-20 00:15:56,7c82727742a5a9e64efd62ed00d5c37d96a1de56,Place François Mitterand,31023,2,0,2,32,34,"[48.86492782016328, 2.442958317697048]"
2026-06-20 00:15:56,24a281e4e2779b2a0f1ff7691b7f8086cddde90a,Faubourg Poissonniere - Delta,9118,4,3,7,27,36,"[48.882555807626765, 2.3497482016682625]"
2026-06-20 00:15:56,ca426d176f9905d12b1236a801cf19ebfccf5f65,Billancourt - Général Leclerc,21024,4,15,19,2,22,"[48.8322649, 2.2380413]"
2026-06-20 00:15:56,e61c6cd0024a13f3939e8a2e323b6ad70fc89088,Manin - Simon Bolivar,19023,3,0,3,22,26,"[48.876499654127, 2.3794073625991]"
2026-06-20 00:15:56,c39b988ddd5e64e729e0e044b326308a1630af8e,Raspail - Chomel,7101,1,21,22,27,49,"[48.852233164303, 2.3266580700874]"
2026-06-20 00:15:56,9112cd39e628486e0949a7664c6fe0f5c2c847d4,Reims - Porte d'Asnières,17116,1,9,10,15,26,"[48.891834448210986, 2.300144659954865]"
2026-06-20 00:15:56,80e7338616eaa1e7762f134d7b90b11ddbc25cc3,Tourlaque - Damrémont,18208,2,0,2,14,16,"[48.887912943261, 2.3328311485014]"
2026-06-20 00:15:56,61aea91ac8b8c0c05e1f52a2ade80e9c7f0c7fcc,Surcouf - Université,7016,15,14,29,27,58,"[48.861273016278, 2.3094535509142]"
2026-06-20 00:15:56,c502b67b8409d694d66189bb7185084f37c250be,Bois de Vincennes.,12041,4,3,7,53,60,"[48.8338064, 2.4132221]"
2026-06-20 00:15:56,310e32374733fdda65363d964be8f7107ae9a15b,Bercy.,12108,11,53,64,2,66,"[48.839966914994, 2.3788625746965]"
2026-06-20 00:15:56,adc69ab1d290adc3287afc393f3961465794f7a3,Saint-Jacques - Tombe Issoire,14006,0,1,1,22,23,"[48.833206330538864, 2.3369108140468597]"
2026-06-20 00:15:56,1478b0e551537c3fa982adc18fdf5657ea9b12df,Centenaire - Sorins,31013,6,1,7,37,45,"[48.85853523359734, 2.4273508787155156]"
2026-06-20 00:15:56,90e3e421f7a8c52fb1c00d991df661e5f76b1bf8,Gare Arcueil - Cachan,42301,4,4,8,17,26,"[48.799824, 2.328171]"
2026-06-20 00:15:56,77457096ceed39af3d97ea453db32c1c8b0f716d,Square Raymond Souplex,18019,5,1,6,46,52,"[48.89183721478911, 2.335426103165901]"
2026-06-20 00:15:56,55e342d1d9111f29c299c2a2a971044d2d320330,Mairie du 15ème,15020,2,26,28,17,46,"[48.8417762, 2.2986539]"
2026-06-20 00:15:56,4a39031c2e6e6e0432925db548de3ce726b1fbf5,Place des Larris,41206,3,1,4,30,34,"[48.8568363, 2.4780236]"
2026-06-20 00:15:56,c1cb6eea0d5e37985f31f885a5ec65310662d7c5,Manin - Crimée,19031,3,0,3,20,23,"[48.8831217743719, 2.3863670602440834]"
2026-06-20 00:15:56,56a5ded2c38eba0f3848f63f826615ad2b53cde7,Square Desnouettes,15061,2,4,6,16,22,"[48.83476837934194, 2.284142297394666]"
2026-06-20 00:15:56,446bf4b431520d64b6d0ddec7083250b81a7c61d,Hôtel de Ville de Levallois Perret,23008,3,10,13,13,26,"[48.89314451997415, 2.2888818383216862]"
2026-06-20 00:15:56,16ed3b50aaaae681e2ebd63123a4de0f735270ae,Convention - Saint-Charles,15063,4,19,23,0,23,"[48.843156111116, 2.2831090539694]"
2026-06-20 00:15:56,4de2832481c1f760e627a1329db2255abdc6b44a,Gambetta - Michelet,31018,0,2,2,31,33,"[48.85273792380526, 2.429966032505036]"
2026-06-20 00:15:56,0a36b5a38ed909a95c5ba97398f99359cc3fa8a9,Jeûneurs - Mulhouse,2110,8,9,17,10,28,"[48.868997, 2.346925]"
2026-06-20 00:15:56,fa58ab439834cbf2d65859aa2b10867a36831e47,Poissy - Saint-Germain,5019,4,20,24,1,25,"[48.84969649427, 2.3529685288668]"
2026-06-20 00:15:56,0e17555ba88d824f5ea4076347b7ca1e7f5059a7,Ferrus - Saint-Jacques,14007,1,3,4,30,34,"[48.8313878, 2.3408563]"
2026-06-20 00:15:56,7d74028dfef24a07a0c6ec5eaec4a5adfb7eaf07,Faidherbe - Dahomey,11107,5,36,41,2,44,"[48.851358329771806, 2.383823134795429]"
2026-06-20 00:15:56,0921c508723a982e7755e06f2da1bcf2eb7660bf,Bleue - Trévise,9113,5,7,12,15,30,"[48.87578906564573, 2.347289621829987]"
2026-06-20 00:15:56,104ef7e81a34e490f42a4fd068f839247f5e5c8c,Mornay - Sully,4109,3,12,15,0,15,"[48.84970399548416, 2.364460788667202]"
2026-06-20 00:15:56,9a3ca7e75169e1fbcd380086990e955f74123fb0,Georges V - François 1er,8049,0,0,0,22,22,"[48.87034, 2.30082]"
2026-06-20 00:15:56,eb107cffc64cade84ca50623c9e276bbfe91c3ae,Place Mireille Havet,11048,4,32,36,1,43,"[48.850533, 2.383756]"
2026-06-20 00:15:56,61d06df7616e2615bdefa570e421f52cfda5ce33,Bachaumont - Montmartre,2101,3,7,10,22,33,"[48.86617395079137, 2.3449775576591496]"
2026-06-20 00:15:56,db8bf79a0981888f156130db6791cb87f94abf4c,Square Georges Melies,12154,1,20,21,15,40,"[48.84070239213081, 2.409667745232582]"
2026-06-20 00:15:56,fbbcd8c9d5587957b370962eb99e885c811b844d,Mairie du 19ème,19021,8,0,8,17,27,"[48.88256264247959, 2.3812624812126164]"
2026-06-20 00:15:56,b28d6a6f77936bbb1f4dd7c84bc347fc3074937f,Jean Jaurès - Reine,21004,2,26,28,2,31,"[48.84009622558849, 2.239872515201569]"
2026-06-20 00:15:56,c453ca294eed49df36d38054c0725f3c173415fc,Butte aux Cailles - Esperance,13022,8,1,9,22,36,"[48.82758774190948, 2.3492151126265526]"
2026-06-20 00:15:56,4ae1d83f9b65426772b9299edb8dd8b2ac061811,Louis Ganne - Davout,20045,3,1,4,26,30,"[48.86338720692607, 2.409725748002529]"
2026-06-20 00:15:56,e3e216d13005ceeb8eeb0505267c28d0b498207d,Fernand Braudel - Vincent Auriol,13019,6,20,26,8,36,"[48.83637852318147, 2.3723404482007027]"
2026-06-20 00:15:56,275dfa283b252b037913b49e8758cb9bba96667c,Versailles - Claude Terrasse,16041,9,11,20,26,46,"[48.840219338074, 2.263834191153]"
2026-06-20 00:15:56,367b97e82c0327bf9c05c86c48a86aef68a32bdc,Place Tony de Graaff,21952,6,27,33,9,42,"[48.8181645, 2.2458109]"
2026-06-20 00:15:56,8ff8628e94c2c1348edab1029b0d028d1f9e9360,Lamartine - Faubourg Montmartre,9015,1,13,14,13,32,"[48.876613982891, 2.3397656902671]"
2026-06-20 00:15:56,b056b9149e2145d24bfd98537f9d1330ca23b6d0,Hippodrome de Paris Vincennes,12507,1,2,3,97,100,"[48.820484866661, 2.4502807724015]"
2026-06-20 00:15:56,25a286a3cf6bd51096f7f5e0941043923f678598,Vignes - Boulainvilliers,16031,2,2,4,17,21,"[48.856399483950504, 2.275240458548069]"
2026-06-20 00:15:56,92f422ecee5b453b464cd4cb891310b98a543c38,Terroirs de France - Lheureux,12153,6,20,26,29,55,"[48.83212027074841, 2.388618104159832]"
2026-06-20 00:15:56,5906014261eda76fa40eebcf135b76728b726d8e,René Coty - Parc Montsouris,14016,4,3,7,46,55,"[48.82479134498032, 2.336124926805496]"
2026-06-20 00:15:56,4e89596da16b338cd4d40c6c795f1bc69877afa8,Sèvres Rive Gauche,23105,3,13,16,17,33,"[48.821443218278, 2.2150785306885]"
2026-06-20 00:15:56,340f2ce12db32c53f3b626cee1ea8a2957913f55,Suffren - Pérignon,15009,3,26,29,17,46,"[48.84717561492764, 2.307052147596786]"
2026-06-20 00:15:56,65a357e1a9b929cc71e310da90003e7e6957101f,Saint-Fargeau - Mortier,20117,0,0,0,30,31,"[48.87266656122256, 2.407912909984589]"
2026-06-20 00:15:56,8b67dfc350bf123673a54f13854dbed2820ec2f7,République - Auguste Perret,48009,5,12,17,12,30,"[48.78695280952244, 2.3518594354391094]"
2026-06-20 00:15:56,e677da223d14229fade057b63c0ab258cd23e7a9,Boutroux - Porte de Vitry,13047,1,46,47,1,49,"[48.822632, 2.377738]"
2026-06-20 00:15:56,5469f4a6d7b4fa29dc791967326478ff7c74ac76,Pont De Charenton,44103,2,14,16,0,18,"[48.8179685, 2.4199531]"
2026-06-20 00:15:56,a91679c93d2943bfc65037fa0be6842b99da4771,Pierre Brossolette - Adolphe Pinard,22403,0,0,0,24,24,"[48.821772279548, 2.3131558299065]"
2026-06-20 00:15:56,920e15e4a9bf54b970d4da44c9676ec0cab482f2,Mairie du 9ème,9013,3,2,5,17,24,"[48.873267137583, 2.3407534480528]"
2026-06-20 00:15:56,06a4ce913cd23a61c660dc195de6d0f6d3f0456f,Place Marcel Sembat,21017,10,40,50,3,56,"[48.833288650307, 2.2441747784615]"
2026-06-20 00:15:56,3b2e28856701e3c50dabf275c2fc6dcfa5a813f5,Véron - Lepic,18114,3,0,3,16,23,"[48.885261233953, 2.3345598578453]"
2026-06-20 00:15:56,e52d6a880c04b8f3a5d0cccbc4d77b3d00373bde,Place Centrale,21951,0,1,1,21,22,"[48.78740167690531, 2.2278830409049992]"
2026-06-20 00:15:56,7bb5af992bd166d9a78288b808880ce040616b58,Gare de Nanterre Ville,92005,6,23,29,13,43,"[48.8950295, 2.1957932]"
2026-06-20 00:15:56,ad103508d20c1a5b18f88e6f519f105aad054ecc,Senard - Charles Blum,22103,5,3,8,16,24,"[48.857315824799, 2.221091687679291]"
2026-06-20 00:15:56,217efed91ea741735247956809c04dd822e6cf1b,Gergovie - Vercingétorix,14128,6,3,9,20,29,"[48.83453413883994, 2.313154547426182]"
2026-06-20 00:15:56,84f25a96fbef1c4527d43b4f913a0e2c4c784731,Hôpital Robert Debré,19036,3,0,3,29,33,"[48.88005222200894, 2.4008650346327003]"
2026-06-20 00:15:56,2755421d356a90df4893862cd00de168bc778738,Jules Guesde - Laennec,31101,9,1,10,8,19,"[48.87628983900398, 2.5006942078471184]"
2026-06-20 00:15:56,80dc3165a6c63e8b39238b357e68b1b4c5991837,Guy Môquet - Saint-Ouen,17001,5,3,8,43,53,"[48.892777719023975, 2.3270335793495183]"
2026-06-20 00:15:56,91ad9dd315b5a2da8d35a8902c197d84c29751e0,Bois de Vincennes - Porte Jaune,12129,14,12,26,9,35,"[48.838751246689455, 2.4605489149689674]"
2026-06-20 00:15:56,dde1bad272dae466c3d9e3ae363f507dea894f35,Place du Président Salvador Allende,35004,7,3,10,50,60,"[48.897307310356055, 2.40079153681279]"
2026-06-20 00:15:56,f729d7798638e16c994b7a94d2904834f2949c87,Edouard Vaillant - Galliéni,31707,1,1,2,46,49,"[48.858462881661, 2.4147954583168]"
2026-06-20 00:15:56,c44d81e07efaa6e934e4e6ec0cc9068a069ee5ae,Clapeyron - Moscou,8011,2,1,3,11,15,"[48.88078819514121, 2.324815057218075]"
2026-06-20 00:15:56,95180d5053203742bbcf90798c7c6163e253bd61,Averroès - Aimé Césaire,35015,7,2,9,9,19,"[48.91405323432864, 2.412636950612068]"
2026-06-20 00:15:56,14a09aa0de23924d36647a86b969b5b69eb87786,Rapp - Place du Général Gouraud,7024,8,18,26,3,31,"[48.858102885107, 2.3004072904587]"
2026-06-20 00:15:56,eb9948a9dd8b55abc5f5ff78e175f5f1f5f1ba3f,Jacquard - Ternaux,11031,5,6,11,28,39,"[48.8646605, 2.373162]"
2026-06-20 00:15:56,68ee1e8c0b74fcd21055cd7c6f19a65af5e3ddf1,Pyramide - Parc Floral,12125,9,16,25,25,50,"[48.837442, 2.440452]"
2026-06-20 00:15:56,41104eb5f070af51cb7b56d02747dfda34208917,Demi-Lune - Aristide Briand,31026,5,0,5,15,20,"[48.8762638192, 2.4562818557024]"
2026-06-20 00:15:56,83e7575500ea13408bacfb4967606ec6300aca2a,Cimetière d'Issy-les-Moulineaux,21316,5,0,5,19,24,"[48.817699773925, 2.2609312087297]"
2026-06-20 00:15:56,77ddfc6c06dd7771257979197d83b691a73f97b5,Parc Suzanne Lenglen,15125,1,17,18,33,52,"[48.833250690537874, 2.2765403240919113]"
2026-06-20 00:15:56,84b2b4e0db0627f3702bfacf1cfa94d1e5423e6b,Pierre Demours - Laugier,17029,2,1,3,33,37,"[48.8813072, 2.294846]"
2026-06-20 00:15:56,6c306b9002e17568efa04d5e514f3413dbdb3ec2,Metz - Faubourg Saint-Denis,10004,4,24,28,15,48,"[48.870893, 2.353521]"
2026-06-20 00:15:56,11fdca214c44223486d6085dfa49df41d4b6bbea,Saint-Didier - Raymond Poincaré,16009,2,0,2,15,17,"[48.86642312020962, 2.285863497192411]"
2026-06-20 00:15:56,a097bb8a2210fc16c590837d36de6a2b1194cb02,Longchamp - Place d'Iéna,16007,6,2,8,31,40,"[48.864917233434, 2.2926748171449]"
2026-06-20 00:15:56,5417cc643fb918a489c64ce1c646b7c3a8017733,Mairie de Neuilly sur Seine,22013,5,2,7,24,31,"[48.884947287658, 2.2677031159401]"
2026-06-20 00:15:56,dbcd40288668ae69270570f3fa5c7e0c3623590d,Square de la rue Pixérécourt,20002,6,0,6,39,45,"[48.8736824, 2.3960278]"
2026-06-20 00:15:56,5f769be73c895582daf135fd0d79ff0166c4f101,Quai de Valmy,10037,0,0,0,0,0,"[48.881269515794, 2.3681860417128]"
2026-06-20 00:15:56,3c7de087decd18d4991cb412bf60e351bb02729f,Gare SNCF Vanves-Malakoff,21702,7,3,10,40,51,"[48.819002163836444, 2.292150005103606]"
2026-06-20 00:15:56,672eaf93e45b34c84ca0afa6761a993719a95741,Marc Sangnier - Division Leclerc,42304,6,6,12,11,24,"[48.78599652305309, 2.329955510795116]"
2026-06-20 00:15:56,3a12ff1ddfcc65f499dc837a9084092bf372a473,Résistance - Hoche,31021,4,0,4,25,29,"[48.864273423741956, 2.435784414410591]"
2026-06-20 00:15:56,7c7b1e87b524bdd908ff4ab9f9d4cc3a05c15e45,Raffet - Montmorency,16115,4,0,4,38,42,"[48.85258670812, 2.2629252456151954]"
2026-06-20 00:15:56,744953aaffc2be086ac1e770fd7f7a13aaae0aff,Brancion - Lefebvre,15043,7,1,8,2,11,"[48.82900222785569, 2.301431038163409]"
2026-06-20 00:15:56,93e1d2faaa7d24c26eac026fdea45d72f57b9aa2,Place Saint-Ferdinand,17039,7,3,10,27,38,"[48.87815529789739, 2.288518047864942]"
2026-06-20 00:15:56,c11dcbb12b0ba6ceb5a61813a919a31816a4a8ea,Hôtel de Ville de Fontenay-aux-Roses,22604,3,1,4,28,34,"[48.790844603480856, 2.2871455930319455]"
2026-06-20 00:15:56,cd633e54c6c18ee06a1998917c4aa20e6e9ce93e,Malakoff - Place de la Porte Maillot,16101,1,1,2,24,28,"[48.876733496638, 2.2834577411413]"
2026-06-20 00:15:56,1fb8920113fcdc6b72e9cb01ab45ae6eb02fbe85,Bruneseau - Quai d'Ivry,13121,0,31,31,13,46,"[48.824945637583, 2.3885661363602]"
2026-06-20 00:15:56,5883aa4ff488c61760844c52f35fbd0133a9fcbc,Vinaigriers - Magenta,10012,1,8,9,12,25,"[48.8731167, 2.3593052]"
2026-06-20 00:15:56,f13e7c2b8e521c7aa90fb3507587e95cf93b0d6c,Wurtz - Tolbiac,13048,3,10,13,14,28,"[48.82631195621, 2.344585955143]"
2026-06-20 00:15:56,841ef2794a8d40e571c1681451bd1008b32a00bc,Quai aux Fleurs - Pont Saint-Louis,4003,5,15,20,1,21,"[48.852915956209, 2.3521957173944]"
2026-06-20 00:15:56,76f40363f95760896183c9f6cb7b242055714a19,Square Alban Satragne,10018,7,3,10,19,30,"[48.875388227727, 2.3559567333359]"
2026-06-20 00:15:56,ed6b0d44bebffb24ca95f13693df1a1ec4b8fb8f,Jardin de l'Hospice Debrousse,20108,1,3,4,19,23,"[48.861451061938, 2.40568600595]"
2026-06-20 00:15:56,a5b7421220ac4e673bebbde2cffda3e01dce44ec,Amaury Duval - Gabriel Péri,21219,0,16,16,20,36,"[48.81718759671675, 2.323841750621796]"
2026-06-20 00:15:56,06e0ecf37c7d7c3304e3819b82226e350302de38,Jean Calvin - Tournefort,5014,0,0,0,27,28,"[48.84158856925782, 2.348489575088024]"
2026-06-20 00:15:56,f67e8de133a9321c9326216f715dd2f5a5f1d07d,Place de la Porte de Passy,16020,4,0,4,30,36,"[48.857341095470794, 2.2644165538827115]"
2026-06-20 00:15:56,f9ac070595faf8136439e9bf52121c8d77e7f22b,Place Nationale - Château-des-Rentiers,13126,6,0,6,11,18,"[48.829268, 2.365212]"
2026-06-20 00:15:56,db6bf60c0fe73595f6661b03c1a7152b54038037,Gare Montparnasse - Edgar Quinet,14101,2,8,10,20,33,"[48.841487851079, 2.3233232282801]"
2026-06-20 00:15:56,13536fc370ff62c7c8098c7ba11f1ca0a9d45418,Place de Lévis,17015,2,3,5,36,48,"[48.883546851533254, 2.3131933808326726]"
2026-06-20 00:15:56,e388d49f827fecc06d6d109db2f5d6aefe1c5806,Hôpital - Campo-Formio,13011,2,1,3,7,11,"[48.835405, 2.358218]"
2026-06-20 00:15:56,6c885e4115c749d6354049045e35c541fa95d1c0,Daumesnil - Hébrard,12043,1,36,37,1,40,"[48.8429, 2.38474]"
2026-06-20 00:15:56,7c150c58d0265ddb80d66d9b49f2444a832b50ba,Place Fernand Forest,15072,2,26,28,3,33,"[48.849269143836, 2.281863167882]"
2026-06-20 00:15:56,b6da236603ef11c00e25ceae8e62482b56b96816,Gaston Tessier - Rosa Parks RER,19108,3,2,5,30,37,"[48.8963765, 2.3743692]"
2026-06-20 00:15:56,428ccb43d868c156798c0ca5414eb90ac6289cdf,Jacques Kellner - Saint-Ouen,17003,3,7,10,34,45,"[48.895809485802886, 2.327897409164145]"
2026-06-20 00:15:56,d47594dc31b8a599592c7b8ebf8fa5589f482b29,Estienne d'Orves - Henri Ginoux,21204,2,1,3,27,31,"[48.815388220397274, 2.320886790760933]"
2026-06-20 00:15:56,c9b686a853bb0b21543c2a6a407c1f051daf9164,Louis Pasteur - Albert Petit,22206,3,0,3,28,31,"[48.796261, 2.317289]"
2026-06-20 00:15:56,9e85b3382bc3c7d3232658b3dcde505c9daf9bc3,Victor Hugo - La Pompe,16011,2,1,3,38,41,"[48.86795222470859, 2.28146318346262]"
2026-06-20 00:15:56,994337c754e32f8d7dcbd47e80e41d27045b1986,Place Mongolfier,44101,8,11,19,19,39,"[48.815160030060376, 2.4592879414558415]"
2026-06-20 00:15:56,c6a2f0765476932fb3f9d769d08f9c45cac92366,Italie - Jardin Joan Miro,13032,1,1,2,23,26,"[48.81990914045756, 2.3592948541045193]"
2026-06-20 00:15:56,b3d8bf9b9c438e255887e0f838128918962ec2a0,Javel - André Citroën,15064,4,32,36,8,45,"[48.846276485475, 2.2786368057132]"
2026-06-20 00:15:56,29ad3e4e4e6ee6ffa9ee680ede71f41e4fb98546,Jean Moulin - Place Victor et Hélène Basch,14010,2,0,2,36,41,"[48.82764910241, 2.3261967301369]"
2026-06-20 00:15:56,9dbfe4f3ad8f663626a717db5fd8b99c7c16ea31,Quai de la Gare - Pont de Bercy,13128,2,13,15,12,30,"[48.83730787972, 2.3740861260598]"
2026-06-20 00:15:56,3259df046944bda9449971af08e547f27c4f849e,Batignolles - Beudant,8020,4,3,7,36,44,"[48.882164014664, 2.3198529705405]"
2026-06-20 00:15:56,fc24278d37bef8139996997d7824af28a841116a,Cimetière de Montmartre,18003,8,1,9,34,43,"[48.886472466142, 2.3328901827335]"
2026-06-20 00:15:56,80e1d9eca955ce2c98ba2a06a224577263f493f3,Voltaire - Anatole France,23010,1,4,5,22,27,"[48.891999360256904, 2.284262739121914]"
2026-06-20 00:15:56,e9c1b3c04733b7b22d4d5d58b465ae519442963a,Goutte d'or - Barbès,18007,1,2,3,17,20,"[48.885124323627, 2.3496962338686]"
2026-06-20 00:15:56,09a9ccdf7f146b8b525842e88ea9df2721d25ac3,Quai de l'Oise - Aisne,19128,8,8,16,12,30,"[48.8906231, 2.3833701]"
2026-06-20 00:15:56,c01cba41aa125dc9d6b08613604d318e5bdf4f66,Mairie de Clamart,21401,6,0,6,27,33,"[48.800612, 2.262151]"
2026-06-20 00:15:56,2b98855e00fccb53290a7f448574891376aacb23,Place Jeanne d'Arc,13044,4,1,5,30,36,"[48.829575, 2.369126]"
2026-06-20 00:15:56,e111bb68244fc2e6b57f6af49eddfe461488c578,Bessières - Porte de Clichy,17108,4,12,16,17,33,"[48.89611762451474, 2.31790903955698]"
2026-06-20 00:15:56,cde94f069a0f39141e7e3c76e7a3b20e8f7c1116,Place Edmond Michelet,4020,7,8,15,8,23,"[48.860134890542, 2.3500636965036]"
2026-06-20 00:15:56,f483de821c933cfe4ac972f7008875ccff01f959,Place du 14 Juillet,22408,2,2,4,18,22,"[48.819266959525, 2.3011998832226]"
2026-06-20 00:15:56,2b63744b52879ab51af1982ef609bb8434a3f919,Douai - Pierre Fontaine,9027,8,1,9,15,25,"[48.882291011481, 2.3332412168384]"
2026-06-20 00:15:56,ed1d7f39a966a093de155aac12b6dc3ffcf95c7f,Delizy - Louis Nadot,35006,1,6,7,15,22,"[48.896212845581346, 2.4094578623771667]"
2026-06-20 00:15:56,014218ae869fe6a8f48a58ae7adc00790ec0ce46,Maréchal Joffre - Verdun,41205,3,0,3,15,20,"[48.85385, 2.470307]"
2026-06-20 00:15:56,cd7e70fac078d267be051b40f74d1e3694f8381f,Île de la Jatte,22015,12,9,21,2,23,"[48.894036161302104, 2.2666339203715324]"
2026-06-20 00:15:56,f75f55078aa18ecb1e6e0f65174176ef68b8bfed,Place Saint-Just,44005,8,13,21,1,22,"[48.790379518724265, 2.3895226791501045]"
2026-06-20 00:15:56,006477aa52b2ac2aeb0f9b970849f5badfc479e6,Toqueville - Cardinet,17119,1,3,4,29,33,"[48.88490187110713, 2.3109393194317818]"
2026-06-20 00:15:56,b870cc7c19497927069fb0a41f089b10ad9739c9,Porte des Lilas - Faidherbe,32601,3,0,3,34,39,"[48.87861855668978, 2.4120327830314636]"
2026-06-20 00:15:56,765d1c9bfc19c65f78283ba9a9d6bd2601b5c73d,Alexandre Parodi - Quai de Valmy,10162,13,1,14,7,24,"[48.879359419425, 2.3665961623192]"
2026-06-20 00:15:56,6e7a2252a3515ed22ddaeadc888f39c0678f35bb,Gare du Stade,27005,7,11,18,2,20,"[48.9312676, 2.2603778]"
2026-06-20 00:15:56,034c0dfa6c96f8df713260fe5f89f8a5e67f58e9,Balzac - Olympes de Gouges,44016,3,12,15,13,28,"[48.778503324868, 2.4006786569953]"
2026-06-20 00:15:56,01c6d72ad472415c1fcaeeffe809985627f7325b,Taitbout - La Fayette,9024,6,2,8,45,53,"[48.8733298892, 2.3352625966072]"
2026-06-20 00:15:56,e462a649943950677055ea035f6fc9e64e51913c,Arsène Houssaye - Friedland,8201,2,0,2,27,29,"[48.874510616163, 2.2994716674148]"
2026-06-20 00:15:56,dd181e4b1b9be5c65851ee009f7e059ab2bbe308,Place des Fêtes - Solitaires,19210,1,0,1,28,29,"[48.876644633122, 2.3920327806309]"
2026-06-20 00:15:56,6d685a3dbb461c9c9a58ac440ab81147f1bb8b7f,Londres - Place d'Estienne d'Orves,9102,0,3,3,22,25,"[48.876693805756986, 2.3305362090468407]"
2026-06-20 00:15:56,2055bc5ee9eef5f3b79d15935a715af0eb0cc28c,Square Denise Buisson,31005,3,4,7,37,45,"[48.8562322730982, 2.426436245441437]"
2026-06-20 00:15:56,f2aa467da6447f94497f43f545b05cb43d056f87,Crozatier - Faubourg Saint-Antoine,12005,8,31,39,2,42,"[48.850440013405, 2.378901366211]"
2026-06-20 00:15:56,5c269814433a9ce0db877fd83f1934d51f383abe,Glacière - Soeur Catherine Marie,13516,1,27,28,10,40,"[48.829522989420596, 2.343570403754711]"
2026-06-20 00:15:56,c98c3b8288dfb75bfd8ccbbf16faeda299a58c0d,Vivaldi - Antoine-Julien Hénard,12028,2,10,12,14,27,"[48.841923663276546, 2.389728979467376]"
2026-06-20 00:15:56,3a96ad24798badd635b33e67852223d9e5a93c20,Marché Saint-Quentin,10021,4,1,5,9,15,"[48.877356057652, 2.3545114456374]"
2026-06-20 00:15:56,af84185c58fb1ee4cdaf02b7695c697120d91a78,Constant Coquelin - Invalides,7202,0,3,3,25,31,"[48.848283157236, 2.315749520203]"
2026-06-20 00:15:56,e24c93143e8cdb10a4a615b8000a42eb6b894afd,Louis Xavier de Ricard - Ancienne Mairie,41211,6,2,8,26,34,"[48.84629899065091, 2.472420372068882]"
2026-06-20 00:15:56,84a4c796c021d3f0cdd146c986c98bd700008907,Square Etienne Jarousse,21707,1,2,3,22,25,"[48.82485182597129, 2.2925933450460434]"
2026-06-20 00:15:56,d405d15bd611f965718bfe885370b78240137b2e,Cloître Saint-Merri - Renard,4019,8,16,24,7,32,"[48.858835448898, 2.3518279194832]"
2026-06-20 00:15:56,4bbe2fe46591c56ff478ed97df9550e33b28cad2,Harpe - Saint-Germain,5001,12,25,37,5,45,"[48.851518815017, 2.3436703160405]"
2026-06-20 00:15:56,c08efd2fad5102ed22f55fe3b413a3652dd1cbf2,Bourg l'Abbé - Saint-Martin,3102,7,13,20,40,61,"[48.863933319493, 2.352406270802]"
2026-06-20 00:15:56,bb103709eabab9e7c95a3b9f9913723da5f48733,Barrault - Place de Rungis,13206,3,43,46,1,49,"[48.822658791556, 2.3467585146383]"
2026-06-20 00:15:56,58f2a9ae7f5b8dcbc353a769661dd7ac084ded5e,Jules Guesdes - Général de Gaulle,21315,2,0,2,22,24,"[48.81930581291959, 2.278934195637703]"
2026-06-20 00:15:56,c437a56daee641da7f62f9787feecdd2717b5803,Hôtel de Ville de Sèvres,23102,8,6,14,15,32,"[48.824363561289, 2.2131047397852]"
2026-06-20 00:15:56,8f23f9c2c92248dc9cacae640a60d71cc5a1f3d2,Cherche-Midi - Hôpital Necker,15006,5,5,10,28,38,"[48.84461063309956, 2.317914068698883]"
2026-06-20 00:15:56,055e8b4f0fbd5f7e2f4c0538a6c4bee0cd74ea9e,Leredde - Tolbiac,13052,0,10,10,34,44,"[48.82887629664, 2.3744382709265]"
2026-06-20 00:15:56,fd3764e8c9d21f59abdd7884c323c475cae67657,Gare RER - Malleret-Joinville,41403,4,11,15,4,20,"[48.802936, 2.42531]"
2026-06-20 00:15:56,0f4fe3f08145851b2ec605adcbf730d588a82fd4,Parc Eli Lotar,33014,2,2,4,15,20,"[48.91844993053703, 2.3727085813879967]"
2026-06-20 00:15:56,a3bbaece24e5a83a5ba1293a1fb275cbef5c971b,Balard - Montagne de la Fage,15070,2,18,20,15,36,"[48.838507403334, 2.2782871127129]"
2026-06-20 00:15:56,987481f9096ec7b09b25e6d1d121d42986ce955f,Benoît Frachon - République,20105,4,1,5,24,30,"[48.85230729014318, 2.415605485439301]"
2026-06-20 00:15:56,58f27048aba87fb494214e3f19807644988b98d3,Mairie du 14ème,14032,5,1,6,26,32,"[48.83254578123, 2.3254923149943]"
2026-06-20 00:15:56,16fe9dd6bf4d54b711944656bb267c2a0ac7589b,Place des Droits de l'Enfant,14011,2,2,4,35,39,"[48.8274804, 2.3319217]"
2026-06-20 00:15:56,a36385480877fa413e8c7d824cc014233d121755,Marne - Charles de Gaulle,41401,8,10,18,8,27,"[48.815071719544434, 2.4121668934822087]"
2026-06-20 00:15:56,8aa27d3647d039a708bda449742cafa1d26d1b93,Didot - Place de Moro-Giafferi,14031,2,0,2,20,22,"[48.8337, 2.3215]"
2026-06-20 00:15:56,6ac6243cf6da3d2592fe07f603cc94dc949f15ef,Porte de la Muette,16019,4,2,6,29,36,"[48.86302317841182, 2.2687188170157406]"
2026-06-20 00:15:56,3af6f815e00c4df090250f6bd9d715fd13208a8b,Landy - Heurtault,33012,3,5,8,21,30,"[48.915096534520316, 2.375951372087002]"
2026-06-20 00:15:56,61f0740e10f419c9c33b1cc1061755cd4d0931f7,Pavé Grignon - Bretagne,43202,6,1,7,13,20,"[48.757398255499, 2.4012465523091]"
2026-06-20 00:15:56,a82687fc46b5b2a744d76ae7d2f84613e2a8865f,Stalingrad - Rigollots,41203,11,4,15,35,51,"[48.84997403844251, 2.45557576417923]"
2026-06-20 00:15:56,073834313a913ceae91df3c1889e7ed25c0c287a,Gare du Nord - Saint-Vincent de Paul,10033,0,1,1,22,24,"[48.880955741648, 2.3524305148385]"
2026-06-20 00:15:56,04fae863ca53aab68ec800529f0d2ee9a7fe19e6,Université Paris Est Créteil,40006,4,10,14,27,43,"[48.787714467944, 2.4461909509055]"
2026-06-20 00:15:56,0000abbdb6089d3708e0a1212c25227336bea331,Porte de Bagnolet,20022,1,9,10,21,33,"[48.864707139122984, 2.408344637349607]"
2026-06-20 00:15:56,cc3c162944bcad7d8a2ea743727bdceb85ecd057,Reuilly - Place Felix Eboue,12036,15,7,22,19,42,"[48.84030274499962, 2.394630398715453]"
2026-06-20 00:15:56,ed6ca2bab8a2ccd701ea2b2fc4ba12d7e739e141,Cité Riverin - Château d'Eau,10008,11,4,15,0,18,"[48.870702423554306, 2.358739863900845]"
2026-06-20 00:15:56,7dc8bcc75c377ae776d4790725315c64e7a137d6,Flandrin - Longchamp,16012,5,4,9,33,42,"[48.86877849178477, 2.274354539176829]"
2026-06-20 00:15:56,935a88e8ddbd7aa69db232fa6adf18d72ed03106,Charles Frérot - Albert Guilpin,42505,1,24,25,5,30,"[48.8155839183714, 2.3505029082298283]"
2026-06-20 00:15:56,fff694ca4fde2627d550fa1e50147182caaa8dc7,Claude Vellefaux - Hôpital Saint-Louis,10032,16,4,20,10,32,"[48.872859139003, 2.3700717069851]"
2026-06-20 00:15:56,93c8ef5d3f395b2b1c594ce77d877b67a89b3487,Place de la Nation - Picpus,12015,3,1,4,32,36,"[48.846821681548, 2.4001130461693]"
2026-06-20 00:15:56,bc6635796363b420d026510a91843995c63afbeb,Maxime Gorki - Louis Aragon,48004,4,3,7,12,20,"[48.78909814728443, 2.368387877941132]"
2026-06-20 00:15:56,b1bdca549950bb7b2a6ba0ed68d16cd580d7df9c,Edgar Quinet - Gaité,14001,8,2,10,17,27,"[48.841160928966, 2.324595451355]"
2026-06-20 00:15:56,0fd9259927b0e215bbebbdaf0c3e1ec28740fd40,Poissonniers - Championnet,18139,6,4,10,18,28,"[48.89543299733937, 2.3530178144574165]"
2026-06-20 00:15:56,023f3e7e699b04c9ee29b36df089162246764d76,Ecoles - Carmes,5007,0,0,0,36,36,"[48.848904447989, 2.3473486304283]"
2026-06-20 00:15:56,749bcaef19dd0e6ad94abf8185a14bd3cddece88,Sèvres - Lecourbe,15008,2,52,54,8,62,"[48.8447677, 2.3110086]"
2026-06-20 00:15:56,265f398015d6b7e588abb0b9d04acab6d825c4d6,Square Claude Bernard,19110,5,4,9,21,30,"[48.89876016219984, 2.375325746834278]"
2026-06-20 00:15:56,c24ef67260a9f0c13aa38981cc5adfe8f6e34505,Henri Ravera - Gabriel Péri,22201,6,1,7,23,30,"[48.79722273833844, 2.302115857601166]"
2026-06-20 00:15:56,1742897cc9676977b2691681690e4a2377fafba4,Jules Vallès - Charonne,11112,3,8,11,11,23,"[48.854284379935, 2.3847674578428]"
2026-06-20 00:15:56,c8df0d12d2a6bb462f91bfaa0d9c9e792bace140,Diane Arbus,18202,8,5,13,25,38,"[48.898800717199, 2.3524022474885]"
2026-06-20 00:15:56,c0a5afe174832953b3c86ed48b6db32b13892ef5,Perle - Vieille du Temple,3008,4,7,11,24,36,"[48.8601346, 2.3611206]"
2026-06-20 00:15:56,7282f90f32dd89acf34fecef63051748b32676c5,Cadix - Hameau,15128,3,3,6,29,37,"[48.8340107632249, 2.289516180753708]"
2026-06-20 00:15:56,dabf0df73922bd455bae9c4f6bc92beb5a443409,Camille Risch - Paul Armangot,44014,2,2,4,21,25,"[48.774703, 2.373685]"
2026-06-20 00:15:56,ce29523345c74859434c09d498e098c8079c8c9f,Place des Abbesses,18004,4,2,6,6,12,"[48.884542726149725, 2.3386867716908455]"
2026-06-20 00:15:56,9a560f488d1dac97ac2977c617c6d3edfe4e1b8b,Cité Vaneau,7012,4,7,11,14,26,"[48.8542210666207, 2.319614924490452]"
2026-06-20 00:15:56,37e359627c25bd0f2384a89539fce4541a65533c,Pyrénées - Avron,20008,9,5,14,17,32,"[48.853246898211985, 2.405871044529538]"
2026-06-20 00:15:56,2b4168fcbe950af8fc90cb58d82e4088d46c27b1,Leibniz - Jean Dollfus,18034,7,3,10,22,32,"[48.896328348515986, 2.333390423834684]"
2026-06-20 00:15:56,ac14218f455eedaa74821b9656441a9aa7e6c029,Gare de Reuilly - Picpus,12019,8,3,11,16,28,"[48.84267354116789, 2.3972943797707558]"
2026-06-20 00:15:56,45519b8a278d63bbf269ee7d4c5444fce44a228c,Beaubourg - Michel-le-Comte,3010,7,7,14,3,17,"[48.862534941806, 2.3543103039265]"
2026-06-20 00:15:56,eddfc7d672237f1ff543d43068509973aee1697f,Niger - Soult,12156,6,4,10,11,24,"[48.84369906369085, 2.410361237220498]"
2026-06-20 00:15:56,e432ac65f6c9123edae7a17b32553d071cdf757a,Porte de Clignancourt - Ney,18140,5,1,6,31,40,"[48.899641123987095, 2.344321422278881]"
2026-06-20 00:15:56,13b80cdee61a8c8eee3eec39fa0c2db4ad8a8a8c,Square Montholon,9009,0,1,1,17,21,"[48.876620377545024, 2.3457641154527664]"
2026-06-20 00:15:56,260e4c631abe126a552e05dee077ee0b515fca0a,Louis Blanc - La Chapelle,10034,3,0,3,17,21,"[48.884008964514, 2.3599335551262]"
2026-06-20 00:15:56,72d7c6ba5c8c390a4006d054669299a545c110db,Centre Georges Pompidou,4021,5,6,11,14,26,"[48.861419, 2.352581]"
2026-06-20 00:15:56,ed9a5a9664a2fe4bb6b274c2ddee1a0d41887d65,Place de la Nation - Charonne,20001,6,5,11,25,36,"[48.848364667777, 2.3997623859813]"
2026-06-20 00:15:56,372bacfc18b561b501f4e5a1421b0ada0d044d10,Pyrénées - Plaine,20006,1,1,2,10,12,"[48.85026702458, 2.4062821269035]"
2026-06-20 00:15:56,0766ad6a15e11a4372e2a52acc3551e969bc0e55,Bourse du Travail,10011,4,5,9,6,17,"[48.868976638826, 2.3623438552022]"
2026-06-20 00:15:56,60226a06a13c6b9f0f54b06d330d8469b699e336,Maurice d'Ocagne - General Maudhuy,14137,0,0,0,30,30,"[48.82414282524159, 2.3158789426088333]"
2026-06-20 00:15:56,3f53d0a9dce240be0a4e5eecc108d5e1c42dca68,Place de la Fraternité,31709,8,1,9,11,22,"[48.85716405838368, 2.422847449779511]"
2026-06-20 00:15:56,b8bdbac8fc9178c4fb853a45f96fafbc50644bce,Petites Ecuries - Faubourg Saint-Denis,10006,2,2,4,23,28,"[48.872871205898, 2.3542150855064]"
2026-06-20 00:15:56,dd9d96096362a2694f40df202c38020d233b8466,Dunkerque - Alsace,10027,8,0,8,9,20,"[48.879355, 2.358379]"
2026-06-20 00:15:56,9c00f297fdd06b294908eecf1f2665cf3162cd9d,Charles de Gaulle - Plateau de Vanves,22401,1,1,2,30,33,"[48.82233088973263, 2.298571803412886]"
2026-06-20 00:15:56,d84602a6703cc3b1c62079f2f24401bee07b3e50,Lacuée - Lyon,12002,5,8,13,1,16,"[48.849268481958, 2.3704585433006]"
2026-06-20 00:15:56,a3efb336cb2b18a68d1d8fcc2ace78aaf13f6d15,Archives - Rivoli,4103,8,11,19,3,25,"[48.857346707443, 2.3539767041802]"
2026-06-20 00:15:56,0d0a7484bd8ec069e292eff89615cc41914cac9a,Maine - Liancourt,14103,5,0,5,22,27,"[48.835064363954, 2.323731449974]"
2026-06-20 00:15:56,bd37ee30cbf3cc70c74ae31bd1bb9bf194d5b484,Beaumarchais - Saint-Gilles,3001,14,27,41,7,51,"[48.8580378, 2.3679352]"
2026-06-20 00:15:56,633e4eec903208c04e6749775ecd8831815dacb8,Saint-Denis - Université,32013,7,4,11,12,24,"[48.94563430946964, 2.3638297989964485]"
2026-06-20 00:15:56,e14195af68337257a4de32f3292d0682a56cbec4,Saint-Denis - Réaumur,2003,9,15,24,8,32,"[48.8661116315789, 2.3507790675507594]"
2026-06-20 00:15:56,81fd6b37327be7edb3b543a00a91c65e4163adad,Nationale - Vincent Auriol,13017,1,0,1,31,33,"[48.83252708397293, 2.362354410392119]"
2026-06-20 00:15:56,be9e75e42735dde99602ae1b4e311ad95a474734,Olivier de Serres - Leriche,15111,1,2,3,21,25,"[48.83460221715206, 2.2957482933998112]"
2026-06-20 00:15:56,0dd40979b4a17a8d939f5f820bfdb9db944daf31,Mairie du 3ème,3006,0,0,0,32,32,"[48.864461781391, 2.3617628216743]"
2026-06-20 00:15:56,80667fdaae7c15a7c2f6c43b912dbe55c511e6f7,Adolphe Lalyre - Armand Silvestre,24006,18,2,20,20,40,"[48.90406266961591, 2.273416221141815]"
2026-06-20 00:15:56,3dec67e2f477b3af1156c3df0d43e2fb19832dff,Bézout - Général Leclerc,14132,1,1,2,26,30,"[48.82884804502439, 2.3285973072052]"
2026-06-20 00:15:56,3fd3d8ea05b6924b90ef324d8e9b5befdc38f3ab,Parc Roger Salengro,21110,4,23,27,6,35,"[48.905303858642, 2.31055945158]"
2026-06-20 00:15:56,a6bc4d82eeddc40161cd253a513d312630d5be38,Montmartre - Etienne Marcel,2005,3,5,8,8,16,"[48.86502194581, 2.3450684401448]"
2026-06-20 00:15:56,afdc8bb77f6a4874161e35e8c005210a1c288c05,Hôtel de Ville de Chaville,23702,0,1,1,19,20,"[48.80887149094033, 2.188134044408798]"
2026-06-20 00:15:56,bf5301fe66a01c3f9d5663d7614a23b0e484448d,Didot - Mariniers,14022,3,1,4,31,35,"[48.82650543613106, 2.313136198271666]"
2026-06-20 00:15:56,5e191f34d6df924cb72a326a96c839a0faca2240,Lally-Tollendal - Armand Carrel,19012,3,1,4,23,28,"[48.88270066221072, 2.374717555940151]"
2026-06-20 00:15:56,9c3cb6faa8a63fb10a09c834670b55f58a09bbcb,Lagny - Auguste Blanqui,31001,0,3,3,24,27,"[48.84922568052601, 2.4218603968620305]"
2026-06-20 00:15:56,04a946886372b85dcf467ec5b2ea593f7ee51f4f,Place du 17 Octobre,22306,5,11,16,4,20,"[48.91962690034779, 2.2978286134199792]"
2026-06-20 00:15:56,e369ac212fc4187cb10640be77a634089163c454,Kléber - National,22502,6,4,10,8,20,"[48.906333898712234, 2.2393910586833954]"
2026-06-20 00:15:56,7d34ee4c07285c1ad2f2445b41b8c69513c4c1da,Haxo - Darcy,20205,4,0,4,18,22,"[48.870493041975, 2.404957212224]"
2026-06-20 00:15:56,dcbfdd0f2ec87e0c21022517f542be459c559a3c,Saint-Michel - Luxembourg,5122,4,1,5,23,29,"[48.84501507626, 2.3394941166043]"
2026-06-20 00:15:56,0523ae1a66f2c13168fcd5c0afdd3f88a30a2e4b,Lisbonne - Monceau,8036,5,0,5,42,47,"[48.877455676814, 2.3096942214195]"
2026-06-20 00:15:56,64ee8a5f3135228cbaec7033f921f335a876f7e3,Verdier - Jean Jaurès,21215,0,0,0,29,33,"[48.81614048711214, 2.3123561963438988]"
2026-06-20 00:15:56,f68a7e0c67641bbf80aa7fe836268a62e71cd088,Jean Bleuzen - Square du 11 Novembre,21706,4,1,5,43,49,"[48.8232579, 2.2965213]"
2026-06-20 00:15:56,9ab29ad0bcf0e09117616a6285ae5c592d1e93b2,Barbès - Monique Maunoury,42026,3,8,11,28,40,"[48.81552718820216, 2.3687169334905405]"
2026-06-20 00:15:56,f53a12e63811d6540743e6a89b86c7f02e2e9183,Saint-Gilles - Turenne,3002,1,6,7,8,18,"[48.858158956779, 2.3647149920992]"
2026-06-20 00:15:56,31832a9300199f1a1d3b6c377aafe9d072eb3226,Pau Casals - Neuve Tolbiac,13054,1,28,29,48,78,"[48.8311602, 2.3774395]"
2026-06-20 00:15:56,a8e96f2ed0129b8f3a01aecfe288787708b45a55,Place Paul Delouvrier,19130,16,8,24,16,42,"[48.89197621431365, 2.3851288855075836]"
2026-06-20 00:15:56,5a990bc8a564db56ed6d41bb25ce2036b58df267,Aboukir - Alexandrie,2016,5,5,10,10,21,"[48.86868344444473, 2.3502043269474897]"
2026-06-20 00:15:56,37c5be2a0a738cc05fb1dc7c61ffd89182ea54ee,Place de la Bastille - Bourdon,4007,5,25,30,2,35,"[48.852364355271, 2.3681089282036]"
2026-06-20 00:15:56,181de2120488e8a200f42b18113ef3ced1df0860,Commandant Schloesing - Pétrarque,16202,9,0,9,20,30,"[48.861773096259, 2.2838841134601]"
2026-06-20 00:15:56,ba9840f7200efb872f309a91e017abf2812e568a,Saint-Jacques - Val de Grâce,5004,6,1,7,12,19,"[48.8417514, 2.3413893]"
2026-06-20 00:15:56,6e05f376de3e38c25b3f0a6613ff1cd6c35aa37e,Choiseul - Quatre Septembre,2012,2,2,4,7,44,"[48.869935533187, 2.3359975218773]"
2026-06-20 00:15:56,ab865df089106e3bffe80170bdbb19fd04c24c97,Bastille - Beaumarchais,4101,4,17,21,1,23,"[48.853833463852, 2.3685702681541]"
2026-06-20 00:15:56,59e531108d25ea22b8d97bdee7147bc15e7abd00,Waldeck Rochet - Germaine Tillon,33020,6,1,7,21,31,"[48.91105960199651, 2.3676301538944244]"
2026-06-20 00:15:56,19e3a09502a283864fac423b6ae77fe8dbde85e2,Place du 8 mai 1945.,32019,4,15,19,8,30,"[48.938882272105, 2.3566243797541]"
2026-06-20 00:15:56,7767fdceb6ba10ee5dde0a0ddb2ee2baaf25a046,Chaussée d'Antin - Haussmann,9039,0,3,3,24,28,"[48.87243, 2.33359]"
2026-06-20 00:15:56,809ed89e6c3206e7ee7a188ecc7666573a4ea518,Oratoire - Rivoli,1025,9,3,12,5,18,"[48.861342760889, 2.3400047421455]"
2026-06-20 00:15:56,6f91814c3051c6f7f08ba6faf582284b2c772236,Alger - Rivoli,1018,2,3,5,16,21,"[48.864773553495, 2.3294493936128]"
2026-06-20 00:15:56,81739d65e16e9172555d3809740f133fba5efcad,Place du Lieutenant Henri Karcher,1026,2,3,5,24,30,"[48.863490871724466, 2.3400671035051346]"
2026-06-20 00:15:56,85daa5b1b36c6a8650275eab39434d6b442eb476,Grande Rue - Europe,23101,3,6,9,14,25,"[48.8218104687602, 2.205879874527455]"
2026-06-20 00:15:56,c2921fa953385c238cddfb73465569c07728da4f,Custine - Ramey,18015,13,1,14,25,41,"[48.888735896947, 2.3469526693225]"
2026-06-20 00:15:56,2c93cccfa1644cd9433d9ae72c05a578bb6781d5,Gare de Sèvres - Ville d'Avray,23107,8,0,8,14,22,"[48.826262366227, 2.2001516849313]"
2026-06-20 00:15:56,bc464c69ea621cf92cad86f568e572a3190e3488,Amédée Huon - Fort d'Ivry,42018,6,8,14,16,31,"[48.805131376899986, 2.388489693403244]"
2026-06-20 00:15:56,49f46536e574ee4db3441ac59b76813c2b65bf44,Saint-Honoré - Musée du Louvre,1023,3,11,14,17,32,"[48.863443132848, 2.3348781846405]"
2026-06-20 00:15:56,7f93de63fc35da72a743a1b3783bedfd3fa22b3c,Guy Môquet - Parvis Georges Marchais,48008,3,0,3,25,30,"[48.79518840095975, 2.35943466424942]"
2026-06-20 00:15:56,c029defe4bb062190129c82886e7c4f21ffe2314,Decrès - Alésia,14201,6,0,6,23,30,"[48.832200060759, 2.3139070151575]"
2026-06-20 00:15:56,1af1981dec72fa51ce37f876c90197b8bf652d45,Le Goff - Gay-Lussac,5003,2,0,2,33,35,"[48.846102400979, 2.3412207886577]"
2026-06-20 00:15:56,a4f915b29dad86ffec38223485ce45554346eb65,Charlot - Stade Gabriel Voisin,21323,4,19,23,7,31,"[48.827228120536, 2.268122527474]"
2026-06-20 00:15:56,2ce9d647698ba0cabfcc29e4b300146f0e493948,Nicolaï - Charenton,12203,3,12,15,28,44,"[48.835478791995, 2.392894725661]"
2026-06-20 00:15:56,c70a881b4b18dad97ad8a3cfaf31f9b009769ebe,Archives - Pastourelle,3007,4,10,14,13,28,"[48.8623615, 2.3595041]"
2026-06-20 00:15:56,f2d1aa4e252a91c43a31e673c0e189fc6dc75ce4,Jean Jaurès - Paul Lafargue,28005,6,11,17,10,28,"[48.884933177666, 2.2484488785267]"
2026-06-20 00:15:56,7160fffd560af74e89d83ba3e9535567b39f5582,Quai de l'Aisne - Général Leclerc,35005,5,2,7,17,27,"[48.895713, 2.400571]"
2026-06-20 00:15:56,02c5df8db995a367168c2635cb841b5c101b74c6,Arthur Ranc - Hôpital Bichat,18112,1,1,2,24,26,"[48.8978712500682, 2.333521842956543]"
2026-06-20 00:15:56,5afdf4e5da99b6dd53a7d38508cb5d76d934557a,Suresnes - Muette à Neuilly,16139,0,3,3,27,30,"[48.868570404348, 2.266000919044]"
2026-06-20 00:15:56,e95644f367984521d0212831c50aaa2cbffc40e9,Parc Floral du Bel Air,12166,10,7,17,6,25,"[48.839285711865735, 2.438560165464878]"
2026-06-20 00:15:56,ec3bf9a1f32b896be0e18f5587eede15ac8c27e4,Belfort - Victor Hugo,21119,4,1,5,18,24,"[48.9018492, 2.3172724]"
2026-06-20 00:15:56,b7123f60b8fb717a8f5cc36bd3bd6bd26e1cc04b,Belles Feuilles - Place de Mexico,16010,0,0,0,22,23,"[48.865804746474, 2.2829206287861]"
2026-06-20 00:15:56,0caf0465280adf3e355bbe71c626ac0764a62f0d,Lampes,42019,4,23,27,15,43,"[48.81152481985875, 2.4017931148409843]"
2026-06-20 00:15:56,d387a916bd031b6373104f2c464206cf26296719,Les Halles - Saint-Eustache,1008,2,12,14,18,32,"[48.86362695901683, 2.342623919248581]"
2026-06-20 00:15:56,35ecfdc23aec0d7c48106cd38f961027f6f24cd4,Place des Victoires,2006,3,5,8,15,24,"[48.8660354, 2.3420333]"
2026-06-20 00:15:56,f5052d000b10894429c8de8f8a5361d3e4d9631c,Victor Massé - Jean-Baptiste Pigalle,9019,4,1,5,12,18,"[48.8811043724, 2.3366955667734]"
2026-06-20 00:15:56,6f96e32786d1eb99c460c2255234312464be1141,Place de l'Eglise - Vitry-sur-Seine,44004,2,17,19,7,28,"[48.791922819921815, 2.395057752728462]"
2026-06-20 00:15:56,b86bfdb6dc78f49b3ff480530adf901f56561ce2,Magenta - Chabrol,10201,4,1,5,19,24,"[48.876495350882, 2.3560990020633]"
2026-06-20 00:15:56,ae670e2337b6895680091e72a46ff36562af7e80,Bréa - Raspail,6007,0,3,3,21,24,"[48.842738478258, 2.3297942217634]"
2026-06-20 00:15:56,bf22a2b1997342bf70fa88322eb2844df2e29365,Victor Hugo - Paul Eluard,42210,18,7,25,7,32,"[48.819602554907, 2.4114319673051]"
2026-06-20 00:15:56,0a2dc37dc315b15fd0df5cceaa016a724e53c0f5,Blanqui - Docteur Bauer,34013,5,10,15,12,28,"[48.907735489085, 2.3407192814591]"
2026-06-20 00:15:56,dd62b20a72c5f0ebb2d2f4ad5d5d9ff24b33e6ba,Youri Gagarine - Commune de Paris,44008,9,8,17,16,33,"[48.782427463041, 2.3939734697342]"
2026-06-20 00:15:56,12641862a67db94686db289699e16b894f74584e,Les Blagis,23301,0,0,0,27,27,"[48.785205, 2.302526]"
2026-06-20 00:15:56,ef6f4aa320f80bd374eb884a7c99a0a2d7363b35,Silly - Louis Blériot,21011,4,3,7,15,23,"[48.83219045374266, 2.2340199351310734]"
2026-06-20 00:15:56,b345581c36ee65a8061fead007f083b617e13258,Jardin Modèle - Pierre Boudou,26012,7,9,16,2,18,"[48.914866710946, 2.3057010525935]"
2026-06-20 00:15:56,ef5d0d0d68c428714fd8e040061f7f87a16522e5,Bagnolet - Place Saint-Blaise,20048,15,1,16,11,28,"[48.85973, 2.40334]"
2026-06-20 00:15:56,404d992cf516c6cc9f66c493100b4a34afecf48b,Strasbourg - Saint-Denis,10166,3,2,5,8,16,"[48.869601642433, 2.3542908579111]"
2026-06-20 00:15:56,84abdc217d83e0fc829d2f20c062c7c0112e9cb2,République - Louis Loucheur,45004,11,10,21,15,37,"[48.823549261189, 2.5101865455508]"
2026-06-20 00:15:56,0b7a3897725ebd0a66d8523140de0dd3dd57ea52,Vincent Auriol - Louise Weiss,13049,0,4,4,18,22,"[48.834001935501, 2.3703888058662]"
2026-06-20 00:15:56,2cf5dfb343532c63878671c07e3a89a9c5175648,André Mazet - Saint-André des Arts,6015,6,46,52,3,55,"[48.85375581057431, 2.3390958085656166]"
2026-06-20 00:15:56,f55fb8db73705dbb81ad3bddb6863c0445a3a7ea,Mariotte - Batignolles,17202,4,1,5,15,20,"[48.884571659595, 2.321469503475]"
2026-06-20 00:15:56,1d9ca4979cc3c92bd0258e780656d2611694fe60,Londres - Europe,8202,1,0,1,23,27,"[48.878618556803, 2.3248164693922]"
2026-06-20 00:15:56,a0ed153c48e22ac042c01756387247729fa54601,Stade de France - Francis de Pressensé,32011,5,7,12,31,44,"[48.919141953558, 2.3620655760169]"
2026-06-20 00:15:56,b7312a43a245b5f58352d608c42d9442cfd2e0e0,Charenton - Wattignies,12202,7,32,39,0,40,"[48.836919119234, 2.3916775206425]"
2026-06-20 00:15:56,b43d87168237aa0dd8511fa439b45b6aa2f4e20d,Béranger - Félix Faure,23206,4,1,5,23,28,"[48.80404828621485, 2.2848263373723436]"
2026-06-20 00:15:56,64ad32e63458b6bd7e04d16102531f29444cc815,Stéphanie Bouvard - Gambetta,42030,3,4,7,23,30,"[48.814548138856, 2.4024386957288]"
2026-06-20 00:15:56,bda27a65192f716b698b123db3bd676951172801,Saint-Augustin,8018,0,3,3,42,45,"[48.8762009747008, 2.319786250591278]"
2026-06-20 00:15:56,60b8766fc3ea56ec25d3284b41c547643ccf2b9f,Pierre Charron - Champs-Elysées,8040,3,1,4,26,32,"[48.870103359864, 2.3043501377106]"
2026-06-20 00:15:56,f56beb71b83e63c000acd2dcfcdef41663f8d487,Chastenet de Géry - Marcel Paul,48001,0,1,1,24,25,"[48.800123, 2.3567359]"
2026-06-20 00:15:56,56230bc2ab8aa01d198c816020602477777e9240,Martyrs de Châteaubriant - Jean Grandel,51008,3,0,3,32,38,"[48.951432, 2.211214]"
2026-06-20 00:15:56,258e751f4f5e76f1d600a63e0bc58713de81ccc1,Place Charles de Gaulle,24101,0,0,0,24,24,"[48.826073335699, 2.1894485725692]"
2026-06-20 00:15:56,3c4d3ffc96a89c58e9ef71dc67391c1f02c347a9,Belleville -  Pré Saint-Gervais,19121,5,1,6,28,35,"[48.875565910073, 2.3930460959673]"
2026-06-20 00:15:56,91ceaf444e00b375afcbd9ffe1eaf554a723dfa1,Manin - Secrétan,19114,3,1,4,14,20,"[48.8791665, 2.3787959]"
2026-06-20 00:15:56,780566644bd41cd2d7c2312c2b3af46d5cf83331,Château de Vincennes,12123,16,19,35,17,52,"[48.84423193255657, 2.439209537709179]"
2026-06-20 00:15:56,32766b3c20d65f24f42a6aeeebb94147c9faaa61,Place Denfert-Rochereau,21002,3,13,16,3,20,"[48.843252536286684, 2.245987951755524]"
2026-06-20 00:15:56,edcbaad3034e3df31e9b9b9bcd038d369a348d6d,François Ponsard - La Muette,16021,5,8,13,8,23,"[48.8583666, 2.2744515]"
2026-06-20 00:15:56,4af52c067f648cf6986f31279c669f6874b3618f,Général Leclerc - Bièvre,23041,2,0,2,23,25,"[48.782414428747316, 2.3166695237159733]"
2026-06-20 00:15:56,acb5167a4498abd09796e97153016327b2f866ca,Danielle Casanova - Ledru-Rollin,42024,6,21,27,0,28,"[48.815783497876815, 2.383259721100331]"
2026-06-20 00:15:56,65aa3c611a4a3f08e6d29539aa04a3d5d999b19e,Place du Docteur Yersin,13116,2,0,2,47,50,"[48.82010494991975, 2.3725583776831627]"
2026-06-20 00:15:56,358cf5b96cfc2f33fa2bb9460c8c495d048a7e64,Maxime Gorki - Paul Vaillant-Couturier,48006,4,1,5,15,20,"[48.79673508795443, 2.3683342337608337]"
2026-06-20 00:15:56,8b9a74a776ae66690dae87bdd4f447517562023b,Cambronne - Mademoiselle,15012,2,57,59,7,67,"[48.843277330035214, 2.30230766886348]"
2026-06-20 00:15:56,85790712976a11abd81d5c2294a69449b656cc57,Francoeur - Caulaincourt,18016,3,0,3,31,34,"[48.8899944409612, 2.342529706656933]"
2026-06-20 00:15:56,e82ded821200a9c31e56e935920ea8c6da5b13f9,Roquette - Auguste Laurent,11022,5,2,7,8,16,"[48.858001906023, 2.3817977026508]"
2026-06-20 00:15:56,59c189c83b666083d009ee09a56749e3515b5eba,Pyrénées - Cours de Vincennes,20003,8,1,9,11,21,"[48.847796779935, 2.4061721563339]"
2026-06-20 00:15:56,4ef033be2b8a5a8ce811cfb2343ada69da3dce50,Hauteville - Bonne Nouvelle,10003,8,7,15,2,17,"[48.87077436024, 2.3496496368327]"
2026-06-20 00:15:56,45bc9f29194b86dd972b2eaf4db95ab91b871760,Gouthière - Poterne des Peupliers,13028,2,17,19,14,33,"[48.820507, 2.351342]"
2026-06-20 00:15:56,be41bbdba91fad70c23e055f9acb899dd0e4649c,Buzenval - Vignoles,20012,1,0,1,16,17,"[48.853858171688, 2.4000040814281]"
2026-06-20 00:15:56,a1a312b3ceb5be1fbab41bbe31ca1add807a11f4,Place Eustache Deschamps,42303,3,17,20,0,20,"[48.793855, 2.336637]"
2026-06-20 00:15:56,b03c52c135eaabba3a3c20b9fb81f48506935702,LCL Campus - Place Oscar Niemeyer,48002,6,0,6,30,37,"[48.805342480621576, 2.363983690738678]"
2026-06-20 00:15:56,fac320922c3accb01f01c77bf533628122b7cbf4,Moscou - Edouard Vaillant,30003,4,4,8,20,30,"[48.90755810177, 2.4689837335263]"
2026-06-20 00:15:56,d578e1e04ebded8ee7d0d62127b94d288d23e99d,Guillaume Tell - Parc Henri Barbusse,35013,2,2,4,16,20,"[48.88958925894009, 2.4198862910270695]"
2026-06-20 00:15:56,5f62919ca7cde820a5d17312de571dffc6c1c04a,Pyrénées - Charles Renouvier,20020,2,2,4,25,29,"[48.86095933229224, 2.400421852042113]"
2026-06-20 00:15:56,17e9b131bd6d2218ac266197c91bad9298dde269,Suffren - La Motte-Piquet,15024,1,14,15,8,23,"[48.850881230919, 2.3012199997902]"
2026-06-20 00:15:56,5ef0f7c9b0a72a753083ccd82969ac41784fa716,Mairie du 10ème,10009,5,8,13,5,19,"[48.872089449907, 2.3575825989246]"
2026-06-20 00:15:56,dc13a92d5e246be1e32bfaea48c0bc92ccf2dba8,Sydney Bechet - Jacques Gautier,23803,3,1,4,16,20,"[48.844373437692, 2.1882475733068]"
2026-06-20 00:15:56,f27e2846d5b73a7b4f1b374711b59433b743faae,Léon Frot - Charonne,11111,14,10,24,11,38,"[48.854963800335, 2.387217085372]"
2026-06-20 00:15:56,47402e73c68589e313f24d694964cf03383b01f9,Montreuil - République,43004,4,3,7,16,25,"[48.85026349463687, 2.4345204234123234]"
2026-06-20 00:15:56,3a5fb26ec7e6e0e75d0edd58bf3cfd82c3ab5234,George Sand - Jean de La Fontaine,16116,3,13,16,12,29,"[48.84986918764119, 2.268257387525699]"
2026-06-20 00:15:56,83be7fe448b9fabdc84c9809e78d35e1f9c5eebb,Alexandre Dumas - Place de la Réunion,20013,7,5,12,32,45,"[48.85533710742046, 2.3997703687646292]"
2026-06-20 00:15:56,86af9fa459d0975e3079272aba70e517340b0e37,Porte de la Plaine,15045,1,2,3,31,35,"[48.82805169605981, 2.2924277186393742]"
2026-06-20 00:15:56,2d84feebbbe5f8614b67c89657075c80614c1283,Marcel Pourtout - Édouard Manet,25004,9,15,24,0,24,"[48.87555620763429, 2.1655967831611638]"
2026-06-20 00:15:56,c200ea9d3e8f9faf62062919e97152230a3b371f,Sahel - Général Michel Bizot,12022,2,35,37,8,47,"[48.840872964793355, 2.4044444784522057]"
2026-06-20 00:15:56,67d4819083389c2b6277e8d75b50c415e8bae608,Duhamel - André Gide,15027,3,2,5,14,20,"[48.8365662244334, 2.312707121097412]"
2026-06-20 00:15:56,94e65cc958784faab6b2923d1ae424b5c42f9bb5,Ancienne Mairie - André Morizet,21023,3,5,8,15,25,"[48.838311, 2.234077]"
2026-06-20 00:15:56,528a5e3d519dbb846fce814dae5f1d7537a61c81,Place Aristide Briand,42205,2,0,2,32,35,"[48.82189236575831, 2.413003742694855]"
2026-06-20 00:15:56,ede4c91f711f7595336ccd37ee14e5082a301f2d,Charonne - Alexandre Dumas,20014,9,0,9,26,35,"[48.856077415056, 2.3948693275452]"
2026-06-20 00:15:56,a835556eef70cd7d7d9eeb493bdf1ad2dd592524,Mairie de Bagnolet,31701,3,1,4,24,28,"[48.868421318555, 2.4179587885737]"
2026-06-20 00:15:56,5249c908f436c951efe6eddabbfea4a5b74226df,Quai de la Seine,19003,8,9,17,7,24,"[48.884492238408, 2.3703941702843]"
2026-06-20 00:15:56,b374ba1fb8ac4978a98aaf28476ec8ef1bd26a84,Jean Jaurès - Place de la Libération,30004,19,2,21,5,29,"[48.90617751921, 2.4391458057475]"
2026-06-20 00:15:56,f5d7e20a47fcb740871eb4ce7b69ee1c5a563d37,Marceau - Président Wilson,8046,7,6,13,19,32,"[48.8652359, 2.3002513]"
2026-06-20 00:15:56,9360693f7fd7d5c173e0911da3559a5ad5ed22e7,Gambetta - Tourelles,20110,1,0,1,19,20,"[48.875337902264, 2.4059921130538]"
2026-06-20 00:15:56,eeae0e239c5c53ccf967e9d6723118e36612b2bf,Verdun - Carnot,32306,11,8,19,9,29,"[48.883814948134, 2.4402657783125]"
2026-06-20 00:15:56,320ee1f4bda5396d728d973ac5f74a0d1b7e769e,Gabriel Péri - Place de la Libération,21218,4,0,4,13,18,"[48.819828421929, 2.3117361743705]"
2026-06-20 00:15:56,bb265cbc468b242b924debc6770b11076cfbfc0d,Verdier - République,21207,4,3,7,17,29,"[48.815403766277, 2.31739372015]"
2026-06-20 00:15:56,c65989a43723e72147446dd191657c94cf507ab3,Philippe-Auguste,11016,3,3,6,42,48,"[48.851853488265, 2.3932945355773]"
2026-06-20 00:15:56,e026b580fe011c0bffba447c98206861820f2ed3,Marché d'Auteuil,16033,4,7,11,19,32,"[48.84842761367387, 2.265253821160005]"
2026-06-20 00:15:56,b5d7ee4a4e64dac15511ec4c6341d594529d5158,Passy - Place du Costa Rica,16023,5,1,6,27,33,"[48.8584893, 2.2839655]"
2026-06-20 00:15:56,6f4a808ea8b9f44f773173ea760f7470b442e41f,Jean-Baptiste Charcot - Sainte-Geneviève,24007,3,14,17,3,21,"[48.90310883721567, 2.278892956674099]"
2026-06-20 00:15:56,78c107d92b9166eab91ac88913927db4b4632c81,M.- A. Lagroua Weill-Hallé -  F. Dolto,13055,6,4,10,64,74,"[48.828595283857425, 2.380220606266108]"
2026-06-20 00:15:56,53f59f6562fd25e5d7c6fa24dbadddde58ef3b50,Victor Hugo - Bineau,22014,1,11,12,13,25,"[48.88758225888669, 2.2783890366554265]"
2026-06-20 00:15:56,679c43fff85ff70c5365568d8420ee88718a3e1d,De Gaulle - Moulin,28002,6,3,9,14,23,"[48.885816808239, 2.229607694148]"
2026-06-20 00:15:56,bd1faad9b41cb3af3182cb1655e4eb5b6a36960f,Hôtel de Ville de Rueil-Malmaison,25002,5,3,8,12,20,"[48.878194, 2.181724]"
2026-06-20 00:15:56,33e45fa342b6a9080b9c9cecdeabefb9351d5b3e,Arsonval - Falguière,15113,1,1,2,23,25,"[48.84040040365445, 2.313117867297474]"
2026-06-20 00:15:56,24cfd38d842ad27b38639b077097bb0dcc8efa9f,Jean Bologne - Passy,16022,1,0,1,17,19,"[48.857566889784465, 2.280027395306772]"
2026-06-20 00:15:56,36558f84c14986d0206edbb52e53bf876c10a45c,Dantzig - Lefebvre,15044,3,0,3,30,33,"[48.83013921586756, 2.295934036374092]"
2026-06-20 00:15:56,90368663bc7bf6af8f2df949ac5bee23124cb2c1,Bobillot - Moulin des Prés,13023,1,1,2,25,28,"[48.828657346203, 2.353020646317]"
2026-06-20 00:15:56,4b3eeef2e8e0f919800685324cfad1d674bc064e,Pyrénées - Dagorno,20011,8,1,9,11,20,"[48.855425770695, 2.4051643162966]"
2026-06-20 00:15:56,9d57f148142f41a1ac0a95c672e6935e12e5148a,Geoffroy-Saint-Hilaire - Saint-Marcel,5105,1,12,13,3,17,"[48.83907826424974, 2.356877340669728]"
2026-06-20 00:15:56,f50eb50d50f3ab32b67e65216e0723657a9cfd2c,Lacépède - Linné,5031,4,6,10,44,54,"[48.8437035476636, 2.354651279747486]"
2026-06-20 00:15:56,ec3a61721d9722667c8a86d970aa92b229ea8bad,Guynemer - Jardin du Luxembourg,6009,4,2,6,30,36,"[48.8466127, 2.3325478]"
2026-06-20 00:15:56,0684be23e3f516f3f53d8f78952f0a69872eb942,Paul Valery - Victor Hugo,16104,1,0,1,16,23,"[48.87137406080164, 2.2887128591537476]"
2026-06-20 00:15:56,8ee326fc3dc1576b9fba7fc50d35433c810090de,Fontaine du Tertre - Calvaire,21510,4,1,5,19,24,"[48.8702539, 2.2187778]"
2026-06-20 00:15:56,3fe39180464b5074a72901f52339df86f3b90a7d,Résistance - Romain Rolland,51007,6,2,8,18,28,"[48.950873482371, 2.2310190077797]"
2026-06-20 00:15:56,ce9559598e8a241df0d92a6034d65c81e00ec1b7,Place Tristan Bernard,17036,0,3,3,21,28,"[48.8794936, 2.2915423]"
2026-06-20 00:15:56,5dea7b98a426fe45d18be2f7e4de064217a1f4b4,Place d'Italie - Soeur Rosalie,13008,0,1,1,49,52,"[48.831908520394, 2.3546943448098]"
2026-06-20 00:15:56,a51b60ff3ae6318caee92c618222d53889e9b68f,Temple - Charlot,11038,10,13,23,22,45,"[48.865709343796, 2.3652737250724]"
2026-06-20 00:15:56,b3fa548ee73f576826fa1446d8672314b2155aca,Perrault - Place du Louvre,1201,6,15,21,7,28,"[48.860273568996, 2.3412468419093]"
2026-06-20 00:15:56,62f47e10f53083c2e75754cead424deefe4a55ba,Place Jean Mermoz,22703,5,12,17,12,30,"[48.9220937, 2.2718348]"
2026-06-20 00:15:56,49efe0fbd6f3c77d98090f92ba6cdd2d38007233,Place des Arts - Jean Mermoz,25009,6,6,12,7,20,"[48.880391139734, 2.1832160452221]"
2026-06-20 00:15:56,43ad2a96ffdd518ce52d75d19c8c990ae5c11c0f,Paul Doumer - Stalingrad,41101,5,12,17,7,24,"[48.806518992199, 2.3368880152702]"
2026-06-20 00:15:56,e7b86af322a150f6ba4d8caae756260bb5b886ed,Louis Armand - Bernard Palissy,26010,8,8,16,3,21,"[48.916974, 2.313384]"
2026-06-20 00:15:56,64ac04118af7f676935e16fe02f720b08a95cac0,Hippodrome de Longchamp,16140,3,10,13,16,30,"[48.86413226532, 2.239905372262]"
2026-06-20 00:15:56,f70fe6baceb440df78e6877eae1c854dee1e9e34,Georges Pompidou - Verdun,21508,8,4,12,12,26,"[48.875481, 2.232443]"
2026-06-20 00:15:56,da7db8b57775a6882af6d7387ea3354b77347028,Saint-Lazare - Place d'Estienne d'Orves,9029,0,0,0,34,39,"[48.8768345, 2.3329067]"
2026-06-20 00:15:56,80fddfcc683973380c18963b9c8897a409e5005f,Nungesser - Santé,41212,10,1,11,11,22,"[48.852335, 2.448967]"
2026-06-20 00:15:56,6931ad69eae81042752ee8ed7f2601d325c63b59,Dora Maar - Nadia Guendouz,34009,3,16,19,11,30,"[48.905452421305, 2.3220406472683]"
2026-06-20 00:15:56,dcfa5cd9b13d9485acaf45d08745896afd448eef,Port - Maurice Chevalier,41304,10,15,25,5,30,"[48.832474421632, 2.490257616467]"
2026-06-20 00:15:56,1526fda36f190c50078283e04118cbfa64825dda,Galilée - Vernet,8003,0,3,3,44,47,"[48.871715878697, 2.2985444962978]"
2026-06-20 00:15:56,0ab4d61f27f926a6ec03d738f8c7449cc6ef36a9,Ménilmontant - Père Lachaise,20030,7,3,10,30,41,"[48.863287291502, 2.3869940266013]"
2026-06-20 00:15:56,3cfccec55e404fe925356acdf84effc6c90a7c45,Ménil - Argenteuil,26011,3,12,15,4,20,"[48.925901818305, 2.2741496502338]"
2026-06-20 00:15:56,aa55881f3f8dd3cb88366536d63eaedbd14b482c,Stalingrad - Général de Gaulle,45005,3,3,6,19,26,"[48.823450589614, 2.4965062363218]"
2026-06-20 00:15:56,7e7a8fc9876d7cee308c0645fad6186a025bff14,Pierre Ginier - Clichy,18045,12,1,13,2,16,"[48.8867667, 2.326228]"
2026-06-20 00:15:56,b826c090070b3b7b7eb0183725328cb60fcbd9b7,Abbé Carton - Plantes,14110,0,0,0,25,25,"[48.827673823166, 2.3209181427956]"
2026-06-20 00:15:56,686a75545bdc30b1d5b2c69eaaadfe7471bfff7c,Carpeaux - Place Jacques Froment,18018,5,0,5,13,19,"[48.8906542, 2.3309428]"
2026-06-20 00:15:56,17654cdd46840ff1047e5504c9c136f58b356f6c,Jemmapes - Ecluses Saint-Martin,10025,8,2,10,4,15,"[48.87748519186726, 2.3660067468881607]"
2026-06-20 00:15:56,e3c4f78d3f4ef091cf51e02506349c98fa8dc3b5,Val-Fleury,21954,0,0,0,23,23,"[48.807671407991, 2.2407217696309]"
2026-06-20 00:15:56,6475cac9d00e6365363efd22a8a87df2db2255df,Gare de Lyon - Roland Barthes,12106,0,51,51,16,68,"[48.84395729494058, 2.3790882155299187]"
2026-06-20 00:15:56,664e3d47c658525c2354abc36e050288c2b40276,Avenir,23201,3,1,4,39,45,"[48.8103438, 2.3003776]"
2026-06-20 00:15:56,eb384221ce68c8e292c9b7bd9a3ff095ec61497c,Bastille - Biscornet,12001,8,47,55,6,62,"[48.851355779579, 2.369220033288]"
2026-06-20 00:15:56,a62bb64ee806d2e9d89f931833231c0ad39a01c3,Uzès - Montmartre,2010,6,3,9,20,29,"[48.870790980241, 2.3431010171771]"
2026-06-20 00:15:56,5e695e1a61712b79bb5945b53f544e3f0d248392,Gare du Nord - Demarquay,10163,1,4,5,24,30,"[48.881154, 2.358411]"
2026-06-20 00:15:56,d7104616e671f4e288cd131dfaa752ee53456799,Hélène et François Missoffe - Emile Borel,17126,6,7,13,18,32,"[48.89990653843488, 2.321543991674844]"
2026-06-20 00:15:56,29a95bec63559ce094b58ba1dbd31bd1c8f7179d,Henri Barbusse - Bourguignons,26008,8,10,18,16,34,"[48.91301722799713, 2.2734212270774417]"
2026-06-20 00:15:56,4f94508e6ec9c33843d657e36b51acf0e4f1a766,Garibaldi - Gabriel Péri,34008,3,7,10,20,30,"[48.905741911394, 2.3316044208059]"
2026-06-20 00:15:56,61fdb9bc78f156d0e924ee138b89fb3b6bb1b367,Bateliers - Quai de Seine,34012,3,19,22,4,26,"[48.915817585516, 2.3239533298594]"
2026-06-20 00:15:56,0bd105605915bb0f4b3f849fd8597be97c43fe36,Gare RER,31301,14,6,20,8,30,"[48.896280181078, 2.4581568985227]"
2026-06-20 00:15:56,2d2c8ec5470feabcee6d31c5881920706663ecce,Lauriston - Copernic,16006,2,0,2,17,19,"[48.86926, 2.289918]"
2026-06-20 00:15:56,f6e5206f9df9a76de46f14b562f818dba9359371,Saint-Antoine Sévigné,4010,4,18,22,0,26,"[48.8550222, 2.3612322]"
2026-06-20 00:15:56,1a7154630bd77478ec030ed0ef6256536628794e,Vivienne - Montmartre,2108,4,5,9,43,54,"[48.871347597383, 2.3414588347077]"
2026-06-20 00:15:56,c9ec7ce4e3a5cd8767c84671120271c78eb6175f,Joseph Sansboeuf - Saint Lazare,8008,3,1,4,27,32,"[48.875315630653, 2.3229019716382]"
2026-06-20 00:15:56,fa0467b01328817caac2058e843d8934b2c06e41,Les Juilliottes,47002,6,10,16,3,21,"[48.804356733455, 2.4434815704655]"
2026-06-20 00:15:56,f49fb5aea42918631bc53ee36b74bf8081ccb665,Place De Fontenoy - Saxe,7201,1,2,3,15,18,"[48.850270554523, 2.3069813815839]"
2026-06-20 00:15:56,e9b9b6c3627e7b5d9d5a4e276585fb8846a63292,Charles de Gaulle,22019,5,5,10,7,18,"[48.885368380902, 2.2595618686871]"
2026-06-20 00:15:56,9994b63858ddd06add2258d49c936a03c35b4988,Suzanne Masson,31201,4,3,7,29,37,"[48.923306888013, 2.3847292397611]"
2026-06-20 00:15:56,e66734a2a178839cede62f0a51f230ded77544aa,Volontaires - Lecourbe,15013,3,15,18,13,31,"[48.84351378799, 2.3065522313118]"
2026-06-20 00:15:56,21b7b31fb9715c274d0deb3d973580b884072e3d,Ney - Porte de Clignancourt,18134,1,2,3,22,25,"[48.8978867, 2.3458001]"
2026-06-20 00:15:56,94de7f595ec8eb4e598766ab4ae1e4ff3fe00ddb,Square de Choisy - Eastman,13203,2,0,2,22,24,"[48.828543456283, 2.3583075090494]"
2026-06-20 00:15:56,752021ff615bfe43e7dbc369a4bfe32efae1efed,Liberté - Vert-de-Maisons,47007,12,6,18,2,20,"[48.790147809608, 2.4328628182411]"
2026-06-20 00:15:56,1e30afdd9e3cdf3fe93b289e86a825140e9d68ad,Halle Freyssinet - Parvis Alan Turing,13051,0,3,3,34,37,"[48.832846814471, 2.3711421713233]"
2026-06-20 00:15:56,162cd296e87b6aa59bb3d3708637ee54881f8759,Rampal - Belleville,19204,13,2,15,4,20,"[48.873114661405, 2.3798409114805]"
2026-06-20 00:15:56,e299c3258eac48da40b51b3ad6d4aa67d3d85eb7,Saint-Jacques - Soufflot,5201,3,0,3,12,16,"[48.846280383395, 2.3430785379567]"
2026-06-20 00:15:56,7d42cd658c77a2d8686954d4c77a8a73b806e4fc,Dunkerque - Faubourg Saint-Denis,10203,11,2,13,33,51,"[48.879591377764, 2.3570314097411]"
2026-06-20 00:15:56,c6461304c69c9d0a7c7ac3fc03ccf25ef9654a1c,Place Pigalle,18042,12,1,13,7,21,"[48.8827555, 2.3361566]"
2026-06-20 00:15:56,b13e698b12d2213476c2f0e40999a7268bba1585,Place de la Nation - Taillebourg,11014,7,0,7,36,47,"[48.8488408, 2.3973043]"
2026-06-20 00:15:56,c0a159df05d4ba50f160986a1921883b6bcc4b29,Traktir - Foch,16103,1,1,2,19,22,"[48.872755334614, 2.2915497802487]"
2026-06-20 00:15:56,fbf8949bee12b0758b0e4aedbbac388d20421e2b,Hoche - Tilsitt,8057,1,0,1,32,33,"[48.874836457837, 2.2971323132515]"
2026-06-20 00:15:56,a87a38397fb10973e9c9771daf08754a2e273c9b,Fabre d'Eglantine - Place de la Nation,12157,4,6,10,56,68,"[48.8471116, 2.3956204]"
2026-06-20 00:15:56,39a4728f45dfc460407d0a714aafe34eec7175a4,Vanne - Général de Gaulle,21213,1,0,1,24,25,"[48.815007, 2.328318]"
2026-06-20 00:15:56,c1f1444ff593b84102fc52d7675a0f6dd9b7e31f,Boulets - Voltaire,11009,8,12,20,17,38,"[48.85218705621, 2.3890301585197]"
2026-06-20 00:15:56,adf5c15debe2f9c39e068db7ebe06274663192ec,Place de la Montagne du Goulet,15060,4,10,14,6,21,"[48.8443415, 2.2773844]"
2026-06-20 00:15:56,4fcf8262dfad3167c148f373346a3609fbacaad6,Belfort - Voltaire,11020,18,15,33,20,53,"[48.8563358, 2.3829901]"
2026-06-20 00:15:56,87d77567db03215cd22bf131c3d4b631e3611cee,Bourdonnais - Tour Eiffel,7023,15,40,55,5,60,"[48.860897797941, 2.295599598447]"
2026-06-20 00:15:56,b1dd2f6abc7c713a9f694cbd606cde3c693dd43e,Fédération - Suffren,15105,2,16,18,7,25,"[48.852828153442, 2.2978776320815]"
2026-06-20 00:15:56,f9468985284cf6d9338e173782a7955d32a04ac9,Octave Gréard - Tour Eiffel,7025,10,16,26,7,33,"[48.856502977696, 2.2931787543289]"
2026-06-20 00:15:56,97e0d388a32de4e12b33f79dddbe732848ac466b,Taitbout - Châteaudun,9025,3,1,4,45,54,"[48.876383969379, 2.3353566779335]"
2026-06-20 00:15:56,3db72433bd2e52c31cfb904bd7d695c0f59afaf8,Colisée - Champs-Elysées,8039,0,4,4,12,24,"[48.870475399387, 2.3076190799475]"
2026-06-20 00:15:56,277f42020698919139255ca63c8e837c27597b33,Quai de Béthune - Pont de la Tournelle,4108,5,18,23,1,25,"[48.85097433194, 2.3563072085381]"
2026-06-20 00:15:56,4c4ed6b10b7d8e6caaa476767dea86833ae39972,Préfecture de Créteil,40007,6,3,9,18,27,"[48.783680285918, 2.4544713672215]"
2026-06-20 00:15:56,0305d46f053de7edda5db0680d263280825feaaa,Stade de la Habette,40012,7,1,8,7,16,"[48.774397033806, 2.4668785263921]"
2026-06-20 00:15:56,5983a70042f573b9bf6f9b9c3faa4f1537cabb44,Diderot - Pierre Bourdan,12107,1,14,15,6,21,"[48.847648620797, 2.3902582749724]"
2026-06-20 00:15:56,7da82285797310423d3649ea4793d8dcc4709ee7,Sebastopol - Rambuteau,4104,6,10,16,0,16,"[48.86181809267, 2.3501381278038]"
2026-06-20 00:15:56,b7bff4789b1f4752ce817933295fa84b5f1a7fdf,Bineau - Louise Michel,23011,3,2,5,17,26,"[48.88666162207, 2.2843274474144]"
2026-06-20 00:15:56,50f1b219df603cfd37ad05474621bcba0c574be9,Dugommier,12201,5,19,24,28,53,"[48.838811048815, 2.3896577954292]"
2026-06-20 00:15:56,2e1f01c830ec92994899db35089aed240f8ec22f,Stade Pershing,12164,2,2,4,22,26,"[48.829107826857, 2.4583535268903]"
2026-06-20 00:15:56,471b857adcdc2f4b3b1792164e71ea479c62fafa,Hôtel de Ville d'Asnières sur Seine,26005,11,12,23,6,30,"[48.90999330025577, 2.288238108158112]"
2026-06-20 00:15:56,6c669a89ec8907d87bd0e7c2a8523ec3ee097ac4,Roossevelt - Impasse du Marché,23305,0,0,0,0,0,"[48.777117364904, 2.2968097761411]"
2026-06-20 00:15:56,627a87274440f114d5edbce51757bed5429e7a70,Place de la Gare,23801,6,2,8,12,20,"[48.838513582184, 2.1866139007512]"
2026-06-20 00:15:56,1a0ab53dca7e09a166ae6b0e2b22a11712eed17d,Gare de Chaville Rive Gauche,23703,7,0,7,9,18,"[48.805160304345, 2.188277207315]"
2026-06-20 00:15:56,20faa9fb172eedd59425a73606b9be3dc4a9cca2,Gare Montparnasse - Arrivée,15001,16,21,37,6,43,"[48.843827994315, 2.3225811123848]"
2026-06-20 00:15:56,03ac5c58468e5bb6192f3a68dc2e5e0783a6b675,Réaumur - Montmartre,2202,0,0,0,38,38,"[48.86791186523, 2.3448715883461]"
2026-06-20 00:15:56,ce024b4a56bf30b8d441089e70a0e3c823a1a4d9,Charles de Gaulle - Jean Lolive,35014,12,2,14,12,26,"[48.8932644350857, 2.4126765131950383]"
2026-06-20 00:15:56,8881454306c7d795873ea144b1ed3857142e20fe,Vincennes - François Debergue,31029,2,1,3,17,24,"[48.857497590947, 2.4375258284792]"
2026-06-20 00:15:56,18eabba3e660cf1d9dd75cb2f5ae154d5268e555,Alibert - Jemmapes,10013,16,37,53,4,60,"[48.871044051984, 2.3661044619878]"
2026-06-20 00:15:56,5de59205391b8e71851f9ebf9554db7002e94724,Bir Hakeim,15026,18,11,29,3,33,"[48.853844054334, 2.289705348222]"
2026-06-20 00:15:56,90827a8e48a30ced5533c4ec1427085213975195,Jean Jaurès - Gare de Clamart,21404,2,3,5,14,20,"[48.81321981219, 2.2716768079163]"
2026-06-20 00:15:56,57048db50e065ebf442dd18e30972b573f9f74a9,Mstislav Rostropovitch - Berthier,17123,3,3,6,11,18,"[48.892120821173975, 2.309234105050564]"
2026-06-20 00:15:56,d4f76b051dc65b5ab20bd953eb172c28e8fa45dd,Victoria - Place du Chatelet,1002,9,4,13,7,22,"[48.857992591527, 2.3469167947769]"
2026-06-20 00:15:56,1b6d6fb4a092208465bb6d5f2de50574b8ce095e,Grande Armée - Brunel,17038,1,0,1,60,62,"[48.876116, 2.288124]"
2026-06-20 00:15:56,7e215e49b40c8616da37ab629961d34fe6688915,Grilles - Honoré d'Estienne d'Orves,35022,3,2,5,17,23,"[48.890439299703, 2.4066777712134]"
2026-06-20 00:15:56,2d97388639b0243c165fb7324747d225c2018add,Buisson Saint-Louis - Saint-Maur,10208,9,9,18,12,30,"[48.872274029222, 2.3733284860819]"
2026-06-20 00:15:56,37bd741f9256f7437dad5bf2260d4f328223bfbb,Balzac - Champs Elysées,8052,0,1,1,29,30,"[48.872699639621, 2.3001953959465]"
2026-06-20 00:15:56,9c7794a71a49a45b775ec8be50c3daf550dddd42,Institut du Monde Arabe - Saint-Germain,5020,11,27,38,1,40,"[48.849063299501, 2.3558086529374]"
2026-06-20 00:15:56,68d5d7ad0ab096ad00de2cdbf198775f25e445a6,Gaston Roussel - Commune de Paris,32308,3,3,6,43,50,"[48.894440646006, 2.4323074841326]"
2026-06-20 00:15:56,ddb788d32b173eedcd09354722c3bd90a6d11e4e,Hôtel de Ville - Adrienne Bolland,30001,14,13,27,6,33,"[48.905280057722, 2.4455443018674]"
2026-06-20 00:15:56,0fdb33f1d483f48048238154e21263a6fb5ec744,Quai de Seine - Pont de l'île-Saint-Denis,34501,0,3,3,22,25,"[48.935421446598, 2.3408389473018]"
2026-06-20 00:15:56,bf5e817b94cf69b25c1480d0836cda87169e408b,Adrien Raynal - Verger,43101,24,5,29,1,30,"[48.743385629116, 2.4025604826094]"
2026-06-20 00:15:56,a801ceeff7433bad1fb4863fa39b574ac3a492fc,Danton - Serpente,6016,4,27,31,5,36,"[48.852297362582, 2.3414132371545]"
2026-06-20 00:15:56,fa39fcc61edf1549345459280281c1b78ae73881,Suisses - Colonel de Rochebrune,23806,3,0,3,12,16,"[48.85440659426, 2.1975097137701]"
2026-06-20 00:15:56,35ccdb6e27b223e5e7a9a4ee6e24975d00fc351a,Carrefour Pleyel,32012,3,0,3,64,68,"[48.92034156960326, 2.3438543826341625]"
2026-06-20 00:15:56,0ebb453d3727caa9f0c590cfccc3a76c3e7e4931,Daumesnil - Picpus,12010,9,8,17,4,21,"[48.8374688, 2.401765]"
2026-06-20 00:15:56,77060419722168cd7a910670653d2b9162abd77b,Bleuets - Bordières,40002,8,3,11,8,19,"[48.802117531472, 2.4543687905029]"
2026-06-20 00:15:56,cac31668a0731a4f643a9df4048ac6e9587bec25,Madeleine Vionnet,33019,2,3,5,26,34,"[48.902519074064, 2.3740895837545]"
2026-06-20 00:15:56,75d931cdd03bc3eedc2336a0d5d931c11f742960,Aristide Briand - Place de la Résistance,21302,8,29,37,0,25,"[48.82124248401006, 2.2511002421379094]"
2026-06-20 00:15:56,3d60c4e83b5b577867b1fde8452b146c71ae1373,ZAC des Louvresses,22304,7,1,8,24,32,"[48.943681749651, 2.3057864216906]"
2026-06-20 00:15:56,9a8430db884eca51c374e8fb0af24432a630b85f,Square Bela Bartok,15204,4,18,22,1,24,"[48.850984480382, 2.2844360220351]"
2026-06-20 00:15:56,7ab91ccc581523b250a9c5bfb295946f5ba9321b,Cité de la Musique,19018,17,2,19,39,60,"[48.888796556487, 2.3925811931922]"
2026-06-20 00:15:56,4205e87b5ee874ffe0de16befe629d74fb1f49f3,Caumartin - Provence,9104,3,1,4,16,22,"[48.874422773426545, 2.3284685611724854]"
2026-06-20 00:15:56,88a8d5b096ed1c6065973633f86238ca99738694,Clichy - Place Blanche,18043,3,0,3,17,20,"[48.883601088297, 2.3332237824798]"
2026-06-20 00:15:56,53388866c86111401c2559342655c93f507cf542,Tremblay - Lac des Minimes,12127,4,13,17,36,48,"[48.834131261494, 2.4547516554594]"
2026-06-20 00:15:56,0cac3b5e967147a406572f05cfdb0609e5f1a344,Malesherbes - Place de la Madeleine,8004,3,1,4,62,67,"[48.870406028483, 2.323243509808]"
2026-06-20 00:15:56,6d5dfba8e5270e66eae5c7f10a51c4c2f954b5bf,Bercy - Villot,12105,8,16,24,10,33,"[48.841795009027, 2.3767850184816]"
2026-06-20 00:15:56,9ca5d461744796f5014feb9eda0dac9ce7a6ca57,Place Balard,15056,1,11,12,17,22,"[48.836395736424, 2.2784192115068]"
2026-06-20 00:15:56,d94b21579e575520be43502940e02a5121b5a5f6,Matignon - Faubourg Saint-Honoré,8203,1,3,4,31,35,"[48.871499100264, 2.3138961727427]"
2026-06-20 00:15:56,557b2cad4ca97b564d81fd672854ed49dcd18177,Hôpital Mondor,40001,6,1,7,21,28,"[48.798922410229, 2.4537451531298]"
2026-06-20 00:15:56,9e43ec629950cd72a04b7f858d8b56ebfa1de0e9,Charcot - Benfleet,32304,2,1,3,25,28,"[48.878370277021, 2.440523876268]"
2026-06-20 00:15:56,4a352aaa3c614afd49a81eb72c12b2bae237930d,Cassini - Denfert-Rochereau,14111,0,1,1,22,25,"[48.837525839067, 2.3360354080796]"
2026-06-20 00:15:56,60afc499d4690cd4c0cce9dcc66eeecdfd74a435,Messine - Place Du Pérou,8026,1,1,2,9,12,"[48.875448033960744, 2.315508019010038]"
2026-06-20 00:15:56,bd4b4ea5177e3139fa95d1080e85219fc3e1f703,Lacépède - Monge,5110,3,0,3,20,23,"[48.84389286531899, 2.3519663885235786]"
2026-06-20 00:15:56,c1bea037367e0a234042109500cc0a8474a8e34c,Saint-Romain - Cherche-Midi,6108,1,7,8,7,17,"[48.84708159081946, 2.321374788880348]"
2026-06-20 00:15:56,96afe510974d2e52578930cf8a1e039a52bd6774,Jean Rostand - Paul Vaillant Couturier,30002,35,4,39,0,40,"[48.908168131015, 2.4530601033354]"
2026-06-20 00:15:56,20bd7c3d18fa0e365b5aacda620ee9bb278a385d,Square Boucicaut,7003,0,2,2,57,60,"[48.851296433665276, 2.325061820447445]"
2026-06-20 00:15:56,7b99591b491029c9478c54315bb8f5218fc6fa7b,Guersant - Gouvion-Saint-Cyr,17041,4,4,8,25,36,"[48.88287775178599, 2.287667370814871]"
2026-06-20 00:15:56,8c61e5994f59f72724f1b0031acef717cb535b51,Morillons - Dantzig,15047,3,1,4,48,52,"[48.83310149953933, 2.299380004405976]"
2026-06-20 00:15:56,4b4fec1dd17e009c5aa64dd8a52c2672fdec4781,Bracion - Périphérique,15202,5,1,6,22,30,"[48.826103771275, 2.3004549373748]"
2026-06-20 00:15:56,6ee5f5dfc80ed869fea7f010d50f9e2729b47665,Le Brun - Gobelins,13007,0,3,3,44,48,"[48.835092787824, 2.3534681351338]"
2026-06-20 00:15:56,ddd574f26ba1925d3933d37af4955c74857957ce,Place des Marseillais,42208,4,4,8,27,35,"[48.826605522232, 2.4059119927899]"
2026-06-20 00:15:56,5a4a041d68f15a06e79de9c26594e1bd91d10477,Thouin - Cardinal Lemoine,5016,4,0,4,13,17,"[48.845047166615, 2.3494647851273]"
2026-06-20 00:15:56,d0a9dd11544c91a7e892ca13061594d3647c0678,Silly - Galliéni,21010,6,12,18,7,25,"[48.835583838706, 2.2325500845909]"
2026-06-20 00:15:56,d724ad88a2b5c3974580e04304e36b6ff22e447e,Saint-Fiacre - Poissonière,2022,4,9,13,21,35,"[48.870828911558, 2.3459213599563]"
2026-06-20 00:15:56,10c76a1bf1be3d0db77515ba2b3a04a37d00c580,Cambrai - Benjamin Constant,19033,3,2,5,37,43,"[48.89594736851349, 2.381133802246315]"
2026-06-20 00:15:56,0183b2d25df978aabeea28f649491b4b1d2fa74f,Louis Lejeune - Barbès,21216,0,1,1,24,25,"[48.81807418981508, 2.3267009854316716]"
2026-06-20 00:15:56,5ca8efbcdad7fb70c8aa5d46a501c58dd31b2538,Général Martial Valin - Pont du Garigliano,15068,3,2,5,11,16,"[48.83823094269141, 2.270506024360657]"
2026-06-20 00:15:56,f0220be621074af93fc2367a79543a06f51b48d7,Rond-point du Dr Albert Schweitzer,22207,1,1,2,20,22,"[48.78980918988166, 2.3143940046429634]"
2026-06-20 00:15:56,f9de76f3834cd33a236b95d5baca67758559d401,Raspail Barbès,31028,4,7,11,17,28,"[48.8529945, 2.4247387]"
2026-06-20 00:15:56,716a91a74a213fc9f1624ca47af4f3280382ba92,De Toqueville - Terrasse,17048,5,0,5,25,30,"[48.882428, 2.314002]"
2026-06-20 00:15:56,c4dd1af5671300bbea7b25d6e86660d517dc34aa,Jules Guesde - Pont du Port à l'Anglais,44017,10,13,23,7,30,"[48.79628807093802, 2.417212128639221]"
2026-06-20 00:15:56,fa583e5660c49599146ca108203d2ac62100ccc3,8 Mai 1945 - 10 Juillet 1940,44010,20,4,24,6,30,"[48.784567029674, 2.3979035764933]"
2026-06-20 00:15:56,4c8064eea1b64c824930c4e3dc27bbe3276ae86d,Michel-Ange - Parent de Rosan,16118,2,5,7,19,26,"[48.840579923690115, 2.2584119439125065]"
2026-06-20 00:15:56,bfe8c3ecc96ec23ec4ccac79e2c7dfd634e4211b,Marceau - Chaillot,8048,0,0,0,21,21,"[48.868834023334, 2.2986030816809]"
2026-06-20 00:15:56,c0936996e7791e87d850f66178762a3323f526a7,Vigée-Lebrun - Anselme Payen,15112,1,1,2,22,24,"[48.838683941628375, 2.3110422492027287]"
2026-06-20 00:15:56,2754821dfbb4ad66813d3688e4b39619117a6920,Italie - Tolbiac,13030,7,1,8,13,21,"[48.82557229464416, 2.3576171323657036]"
2026-06-20 00:15:56,67f7fcfbc74d7e7b3c27730c0d0866c00e023181,Sarrazins - Saussure,40016,9,2,11,12,22,"[48.769626617432, 2.4717841148376]"
2026-06-20 00:15:56,19ffca38f63ea488b31f185b5d798b1fce41003b,Rouget de L'isle - Watteau,44015,7,7,14,6,20,"[48.778192750803, 2.3963020229163]"
2026-06-20 00:15:56,06f64ba698b32657966d351415eb9b8b97b2655d,Place Jean-Spire-Lemaître,43009,18,12,30,20,50,"[48.8468428626593, 2.452062070369721]"
2026-06-20 00:15:56,bfd498316cced0c107ab03a0a8d2d6a63b62dbdc,Bellefond - Poissonnière,9001,2,1,3,14,17,"[48.87759897050706, 2.348463758826256]"
2026-06-20 00:15:56,1b76524cf5d9846d1e28f6834582449aa1794cf6,Jean Oestreicher - Porte de Champerret,17032,0,15,15,4,21,"[48.88655580065981, 2.288640439510346]"
2026-06-20 00:15:56,b87cd88e5c22f5f759faf7ddd49552627ee590be,Square Louis XVI,8016,3,5,8,17,29,"[48.87320440102894, 2.323658830743138]"
2026-06-20 00:15:56,ffbde9cd86ba3f3c757bbda1406d47f730cdc5f2,Dunkerque - Rocroy,10029,3,0,3,21,24,"[48.880726, 2.351464]"
2026-06-20 00:15:56,7a5a04614389d992fb53f1335d69bbac84755eca,Gare de l'Est - Faubourg-Saint-Martin,10161,5,4,9,22,32,"[48.875642647477, 2.3594588041306]"
2026-06-20 00:15:56,9f059d4d3dc7be68e001aec870600ebac848ab80,Boulangers - Cardinal Lemoine,5022,5,1,6,13,20,"[48.8462904, 2.3521495]"
2026-06-20 00:15:56,ccb6eff6457baa122b0affb100afe73c4694a7e5,Verger - Colonel Guichard,21328,2,0,2,27,29,"[48.816376985087, 2.2670380088932]"
2026-06-20 00:15:56,0683bfcc234c701dac81d3056dc44ed5be284b0d,Jean Jaurès - Bouret,19207,25,4,29,1,32,"[48.883144703938, 2.3712364995651]"
2026-06-20 00:15:56,dc438326b7c50dac0dcaa8ce32fab0a1a9317ae4,Gare d'Austerlitz - Quai Saint-Bernard,13104,5,20,25,0,27,"[48.84369030864, 2.3657163977623]"
2026-06-20 00:15:56,52ffb8fff06bc37a826a29786a3c66feb3bde963,Gare Rosny-Bois-Perrier,31103,9,0,9,24,35,"[48.88115023337061, 2.480436824262142]"
2026-06-20 00:15:56,2a44500e5ab6a1916519e9b79964b234cede7b90,Porte Pouchet-Bessières,17008,0,8,8,13,23,"[48.8978765, 2.3230632]"
2026-06-20 00:15:56,95f7601a7896228b3e0cf60d5f01be2b862a74eb,Ségur - d'Estrées,7018,4,9,13,5,19,"[48.851419978983, 2.3097044974566]"
2026-06-20 00:15:56,88c95599dc27105ed6af7395491fe96a19c48aa1,Versailles,24102,0,0,0,1,1,"[48.818290758107, 2.1655421457014]"
2026-06-20 00:15:56,438b69201e9341c46d1ada0fafb6f0e17ce298ce,Place Georges Guillaumin,8053,1,0,1,28,29,"[48.874750203957, 2.301771435326]"
2026-06-20 00:15:56,d96460de2f8aac746efe430174f401e409418ba3,Boudreau - Auber,9106,1,1,2,26,28,"[48.87219, 2.329423]"
2026-06-20 00:15:56,e728299c20fa15198e23f6c1b5cff6619a84ddb5,Bateliers - Hippodrome,34016,0,0,0,0,0,"[48.911261665705, 2.328868198505]"
2026-06-20 00:15:56,56d8817efa734b3c30502331dc1845c026367272,Ambroise Rendu - Porte Brunet,19105,6,0,6,10,17,"[48.883667, 2.395733]"
2026-06-20 00:15:56,c55f3df389124a0f08630e69ae05b38fb4f6ff27,Château - République,31706,16,3,19,5,26,"[48.862923800596, 2.4155035614967]"
2026-06-20 00:15:56,fda4ca445642afcd14610ffecc635b8cf71be6db,Thionville - Ourcq,19015,8,3,11,12,24,"[48.88917613743794, 2.3833653330802917]"
2026-06-20 00:15:56,0c71085279704f3f24bd3342098120e29b8e2831,Lieutenant Colonel Prudhon - Repos,51006,3,0,3,22,26,"[48.946800700149, 2.2380727982588]"
2026-06-20 00:15:56,490637c5d2427c471056a517f2a604112f6ae6f9,Gare du Nord - Hôpital Lariboisière,10107,2,0,2,46,49,"[48.881949, 2.352339]"
2026-06-20 00:15:56,20a830e7ae7bf7054d39d51adaca8283afa80252,Belidor - Gouvion-Saint-Cyr,17043,0,5,5,33,39,"[48.88022154052015, 2.2854680567979813]"
2026-06-20 00:15:56,0560bddb81f02e47d3e248885d133c8ffb97d40a,Place de Rhin et Danube,19026,2,0,2,22,30,"[48.88192765861766, 2.392586767673493]"
2026-06-20 00:15:56,8b0f54747cea92152e613e4b604d9a01c46ffafb,Exelmans - Versailles,16039,6,6,12,37,49,"[48.84097491091973, 2.264390252530575]"
2026-06-20 00:15:56,74235d2bf25d6f7f99392a9842227ea6e0d3cec6,Claude Decaen - Cannebière,12111,7,0,7,38,45,"[48.83761417037952, 2.397253782195704]"
2026-06-20 00:15:56,c251b41211edc72b3d62c059c765d018c89011cf,Berri - Haussmann,8034,0,1,1,47,49,"[48.874746047357135, 2.3082953318953514]"
2026-06-20 00:15:56,5d658be749e8d3c1f0739f22b1892a1eb0c4178a,Amelot - Saint-Sébastien,11047,12,10,22,6,30,"[48.861142162761, 2.3677996181077]"
2026-06-20 00:15:56,4a24f8a38e3abefdb15396d05e21ba6970c6d53f,Panthéon - Valette,5032,6,1,7,42,51,"[48.847020571652, 2.3464982619671]"
2026-06-20 00:15:56,30a509b430cf7f4f5aac0c99d0909b944a76b0a7,Jean Mermoz - Champs-Elysées,8031,5,4,9,37,49,"[48.869689856852, 2.3107324540615]"
2026-06-20 00:15:56,bef467b5644f53621d59697efae47bd83ba22eb7,Sablons - Georges Mandel,16108,2,2,4,34,38,"[48.863875, 2.28189]"
2026-06-20 00:15:56,21a238c0e686e9e47d74479ba8f9b267dd7b40c0,Notre-Dame-des-Champs - Stanislas,6006,1,0,1,16,19,"[48.84479928858768, 2.329337755887181]"
2026-06-20 00:15:56,88e5cb776192dd259bf6f03d983c852cf9256fd4,Saint-Ambroise - Parmentier,11027,7,11,18,20,38,"[48.862147844548, 2.3772348091006]"
2026-06-20 00:15:56,0c3e1cbe490310d00c3bc5bbb35a3c8a704b4fbc,Pyramide - Ecole du Breuil,12128,16,4,20,14,34,"[48.82237977153955, 2.4586871266365056]"
2026-06-20 00:15:56,d42f059028b1ecf799aa1913e6ed0d294423e4c8,Mairie de Montreuil,31022,3,2,5,47,52,"[48.86131452758348, 2.440614402294159]"
2026-06-20 00:15:56,bdce86fba45e0ddc4599590fe4b1ec986d69558f,Rouget de Lisle,46002,21,8,29,6,35,"[48.764615483395254, 2.4071189761161804]"
2026-06-20 00:15:56,1675c3113a3f72d853a50d401603f7b43909f61c,Coysevox - Lamarck,18207,0,0,0,0,0,"[48.891072411961, 2.3293416172542]"
2026-06-20 00:15:56,4edcbaa1de9428fe08d58f2af11087c394bd52bf,Place Du Général De Gaulle,31009,7,0,7,19,26,"[48.8687591, 2.4329931]"
2026-06-20 00:15:56,aea6849ad1183542264e5d5ff2659352202ab673,Cimetière de Montrouge,14020,4,10,14,44,58,"[48.821466904768, 2.3215785772007]"
2026-06-20 00:15:56,5568858ab0400605ca358b6c04211fd4b6bfdbe9,Anatole France - President Roosevelt,33017,10,2,12,17,29,"[48.9155156, 2.3814103]"
2026-06-20 00:15:56,d389181ac59205739fed1a2568b3e3e20ac71a90,Gabriel Péri - Francisco Ferrer,33102,3,1,4,12,18,"[48.88633710236977, 2.407338917255402]"
2026-06-20 00:15:56,7f1d2364064513593df0f2e7063fbc29febb0c35,Roger Salengro - Fontainebleau,42706,3,0,3,22,25,"[48.814548697325, 2.3611663654447]"
2026-06-20 00:15:56,7da679a4d4e34c60394b60399b2bdbc92442d9d9,Carducci - Place Hannah Arendt,19120,3,0,3,23,27,"[48.877436681515796, 2.3860743641853337]"
2026-06-20 00:15:56,cdb26cf26e0e0dd7984dff889f32c3860e90568c,Pyrénées - Emmery,20042,7,0,7,33,40,"[48.87202880542, 2.3918598091484]"
2026-06-20 00:15:56,c3f4180a53c573caee028d05acdb7ce45b00cf32,Richard Lenoir - Republique,11113,2,13,15,41,58,"[48.8667175, 2.3692541]"
2026-06-20 00:15:56,f4d1ed096b3fc029bd269c235b3715227097b40c,Hôpital Européen Georges Pompidou,15104,0,46,46,32,78,"[48.837695319163, 2.2753742337227]"
2026-06-20 00:15:56,3821abc201864acafb9044627cd1207d06f0226f,Schoelcher - Raspail,14003,6,4,10,39,50,"[48.83681733526843, 2.3312794080411474]"
2026-06-20 00:15:56,ee06ce0a862f15dd5235b2e17a63da16faffc77b,Fontenay - Libération,43008,7,6,13,12,25,"[48.847803063647, 2.4451419711113]"
2026-06-20 00:15:56,345fcb361c44fa5a428caad63045b5a9b4103eb4,Mutualité,5018,9,24,33,3,37,"[48.848225572724, 2.3502873256803]"
2026-06-20 00:15:56,0a6a96562e0e31053e8576ee736031b176df7eac,Victor Hugo - Jeanne Jugan,12114,4,9,13,15,28,"[48.843949064031825, 2.415081394834419]"
2026-06-20 00:15:56,5051b4fd66cb53993431605c25619e6c4ceaf001,Cimetière de Fontenay-sous-Bois,41209,3,0,3,12,15,"[48.84706173362218, 2.4787822365760808]"
2026-06-20 00:15:56,0dae0e76b8754d9a361594754b5818f03c851701,Lucie Aubrac - Fort,21312,0,0,0,30,30,"[48.818144834008976, 2.271184623241425]"
2026-06-20 00:15:56,faba196d6f64349329b364892fabae78c6be83f1,Mouton Duvernet - Général Leclerc,14008,0,0,0,26,28,"[48.831632518293, 2.3293121159077]"
2026-06-20 00:15:56,f8e62862c5033bf906f6049b840f12070774ccf7,Grenelle - Violet,15106,1,17,18,17,35,"[48.84993035512154, 2.294612042605877]"
2026-06-20 00:15:56,bdc6aea8a4fa65a2e65bb74ad7612a61770f5129,Erasme - Ulm,5124,1,0,1,23,24,"[48.84264375274712, 2.3445946723222733]"
2026-06-20 00:15:56,b9423a1228ac2dfaf983338fd1c68ed16bfbedbb,Etienne Jodelle - Saint Ouen,18046,10,2,12,17,33,"[48.88794016394694, 2.326124420314341]"
2026-06-20 00:15:56,658090bc9f01219df6bc70a0eeb2bbc280cb8aa1,Guy Môquet - Etienne Dolet,22406,8,4,12,11,23,"[48.81527009991819, 2.298078276995073]"
2026-06-20 00:15:56,9e259cd409a3e429db3cac2aa300da1fee7a8f71,Chabanais - Petits Champs,2111,4,8,12,18,30,"[48.86703740186721, 2.336716018617153]"
2026-06-20 00:15:56,96b9b18ad6e94af7c9d5f1779c90484f404eec47,Molière - République,21209,4,3,7,23,30,"[48.81111581390707, 2.3145738624448158]"
2026-06-20 00:15:56,461b2d1af689faf15fa05ef7cea6253c93fa38bd,Sibelle - Alésia,14012,0,1,1,36,37,"[48.826701758539215, 2.3384983465075493]"
2026-06-20 00:15:56,9f1767872b7538808ca8003153fe47ed3321ec4a,Place de la Reine Astrid,8045,6,10,16,39,58,"[48.864920982538, 2.3025491823859]"
2026-06-20 00:15:56,9470408f0752f1e2d20685f26f74f9968f6c7ba9,Manin - Carrières d'Amérique,19103,0,2,2,16,20,"[48.884672142095, 2.3919698596001]"
2026-06-20 00:15:56,6f572534a753c3f90958edd3512c721556a461c8,Arsène Houssaye - Champs-Elysées,8028,1,0,1,0,0,"[48.873409276267, 2.2977904602885]"
2026-06-20 00:15:56,c8778c258e73dc7652f6b6556282e562eaa247c3,Place Robert Guillemard,15110,0,6,6,16,24,"[48.836191728066666, 2.2811267160086417]"
2026-06-20 00:15:56,b7432495a8f8957b7b324252216221ba38e5a8d1,Marcelin Berthelot,21006,6,17,23,3,27,"[48.8415473058801, 2.233161628246308]"
2026-06-20 00:15:56,32747d4ec7c87cc18a2a87be92de6af296e0cfa4,Edouard Tremblay - Julian Grimaux,44013,7,4,11,19,30,"[48.781383825117, 2.3723508417606]"
2026-06-20 00:15:56,d1ce8fc592b87a5637c31f10f610110cf9766f33,Repos - Cimetière du Père Lachaise,20131,2,0,2,31,33,"[48.859358523593, 2.3896131366845]"
2026-06-20 00:15:56,6e8e40aad27beefc7c9f74f6bbad4e17fe302027,Hoche - Jean Lolive,35010,2,4,6,17,24,"[48.891102392008, 2.4028435349464]"
2026-06-20 00:15:56,b7ae7f9ab779ac7de88396849c49b226192c91a2,Nationale - Place Jules Guesde,21015,6,12,18,4,23,"[48.82753962462998, 2.2416052222251897]"
2026-06-20 00:15:56,ee783200a568b4b9ed248c10ae10e62e79c2994f,Lakanal - Commerce,15034,4,34,38,13,53,"[48.84442462786544, 2.294059172272682]"
2026-06-20 00:15:56,dcbff98da70a54c02b67058c2acd75714fe71cab,Tertres - Fontaine,22203,2,0,2,25,28,"[48.787553654715644, 2.306235730648041]"
2026-06-20 00:15:56,7f0f37bc15267a70a27ee23dcf6701b9865e00e1,Gare Rer de Fontenay sous Bois,41202,10,28,38,22,61,"[48.8436279, 2.4630465]"
2026-06-20 00:15:56,0260ad339cfa90732a9b999cb1ac9c761a2a562f,Raspail - Manufacture des Oeillets,42021,7,12,19,11,32,"[48.8094458, 2.3903009]"
2026-06-20 00:15:56,cc22240fea822792d6bcd271dbf0d39c873588a2,Cossonnerie - Sébastopol,1119,13,9,22,1,24,"[48.86132665908402, 2.349419631063938]"
2026-06-20 00:15:56,f60d017567466afb97ce2184cedd3be486c68779,Marcelle - Thalie,35020,0,0,0,19,20,"[48.8835462, 2.4137883]"
2026-06-20 00:15:56,d9c6d40e11386eb26763375a929c586ec42f2d22,Henri Ste-Claire Déville - Paul Héroult,25003,6,6,12,12,24,"[48.892663, 2.172411]"
2026-06-20 00:15:56,0bf7f2dc700353914d66bbd3cbf561bbf0322cd6,Paris - Emile Zola,31003,8,2,10,19,30,"[48.854898095789295, 2.4186685681343083]"
2026-06-20 00:15:56,c01f97a081275828b12ae05976075b77faad56ef,Jean Jaurès - Salvador Allende,22402,2,0,2,41,43,"[48.821475594736775, 2.3026576638221745]"
2026-06-20 00:15:56,21989a7519d99e4c3848206b5c9468bdd04d5fdd,Oberkampf - République,11030,10,10,20,4,24,"[48.86531608707, 2.37611478491]"
2026-06-20 00:15:56,70a52d6be820623552c16c292a58330e6cb6745c,Quai des Célestins - Henri IV,4201,5,3,8,1,12,"[48.851290697625, 2.3624387532495]"
2026-06-20 00:15:56,edf2e43e633d23d31ad373809fc915c33e4ab4eb,Richard Lenoir - Jean-Pierre Timbaud,11039,5,7,12,23,36,"[48.865804276686, 2.3693370749669]"
2026-06-20 00:15:56,e94c917d681515c2d15691d3a7ace88bc2a5fc84,Legendre - Dulong,17013,3,1,4,18,23,"[48.885325169402904, 2.316423766314984]"
2026-06-20 00:15:56,1a2b8363d671586888acd069f9de09adc7a1852f,Botzaris - Parc des Buttes Chaumont,19024,3,0,3,17,20,"[48.877951, 2.381464]"
2026-06-20 00:15:56,67624f837ec986e11a1275deddd65ef48e241f5b,Général De Gaulle - Alouette,41601,7,4,11,13,26,"[48.839109, 2.4175664]"
2026-06-20 00:15:56,7a6d1848b92926ec1296204d588693c5ea262a17,Place Madeleine Daniélou,17105,1,14,15,26,42,"[48.883498, 2.282015]"
2026-06-20 00:15:56,6f621b2690c982490fa310a84084ce87d6d95ad2,Championnet - Vauvenargues,18028,3,8,11,21,33,"[48.89401874744574, 2.3319872841238976]"
2026-06-20 00:15:56,9fca62c10ffa71d583cc3b3a6ace69a4b06fde70,Marie-Georges Picquart - Pereire,17125,0,0,0,31,32,"[48.88863669349711, 2.3111706599593163]"
2026-06-20 00:15:56,e5abf373938e70ce82431c1b53cfe0e64efe12b4,Gare RER de Vincennes,43005,13,5,18,33,51,"[48.847563015126106, 2.433383166790009]"
2026-06-20 00:15:56,f86d01f0a4ae640a91eae97269163b8a0599d0d5,Théophile Gautier - François Millet,16136,5,24,29,1,30,"[48.85034821320644, 2.273029983043671]"
2026-06-20 00:15:56,81eff18f2af15083568d5e9180e5673b5c4ccaa2,Galilée - Kléber,16008,2,1,3,29,32,"[48.867411865714, 2.2907813801148]"
2026-06-20 00:15:56,390133213fd290a3f343ece0bda055da2ed15b97,Beffroy,22003,0,7,7,17,26,"[48.886591074488, 2.2613945603371]"
2026-06-20 00:15:56,a7f484e26d0f92df03dbeb420b9c86db2774f3b2,Arche - Léonard de Vinci,24001,1,0,1,26,28,"[48.89790972494496, 2.2383723043644914]"
2026-06-20 00:15:56,d01402948a700f9eb83b94c92b4a4ae9fe1d6abe,Charles de Gaulle - Sablonville,22016,1,2,3,23,26,"[48.87991924860035, 2.2763770446181297]"
2026-06-20 00:15:56,28484d9c1155bb158609d36499d24b23f2125034,Place Daydé - Ile Seguin,21034,0,0,0,0,31,"[48.822959442715, 2.2362314489433]"
2026-06-20 00:15:56,d9d3663a9f2b88f4126c7aeeef3cb2f6f6d3a8b1,Auguste Cain - Jean Moulin,14136,3,13,16,22,40,"[48.82577028927573, 2.3210415244102482]"
2026-06-20 00:15:56,bd400c4dd816b94c24d7afa2e88494ddcddf00f9,Marseille - Beaurepaire,10014,17,29,46,7,55,"[48.871624306962985, 2.3639265082738348]"
2026-06-20 00:15:56,57c157ce82e46c5c04fa2bd986d5e58727eb8519,Parc Georges Brassens - Brancion,15046,5,1,6,23,29,"[48.83227829269761, 2.3022570088505745]"
2026-06-20 00:15:56,5ed68dccd4229f2a675974cc9245ec5d5fabc381,Pierret - Madrid,22006,4,6,10,16,28,"[48.882976576876565, 2.260125767248034]"
2026-06-20 00:15:56,0a25d4d4d56ac0a6c01b472faad4266b3b1dd144,Reims - Raymond Pitet,17028,4,6,10,27,37,"[48.8888, 2.296319]"
2026-06-20 00:15:56,5893a6766f6e7c29397a34268d87bb37c1ac8da9,Saint-Vincent - Verdun,21301,2,27,29,4,34,"[48.819211549234495, 2.254007756710053]"
2026-06-20 00:15:56,086d1d5dc50ca9a1b53c419a4ecd7bba59c827c3,Hautpoul - Jean Jaurès,19016,5,5,10,20,32,"[48.886393679436, 2.3865414544355]"
2026-06-20 00:15:56,6afc55a7c4e0f15284227124fb527f3fa51bb656,Wilson - Métallurgie,32003,6,9,15,11,28,"[48.909423010092326, 2.3584435880184174]"
2026-06-20 00:15:56,dbf5b6e45366454aee8eab1ec0538bf97c4a22a7,Leroy des Barres - Médiathèque,32026,3,0,3,20,26,"[48.928253687082, 2.3681719727966]"
2026-06-20 00:15:56,2ff1cd20e795c0ab946f9edbe4ec0abac56acabf,Beaujon - Wagram,8056,1,0,1,28,29,"[48.875352455985, 2.2964416444302]"
2026-06-20 00:15:56,87d331ded9706d3277112cbe8e657784fa1d0337,Arago - Glacière,13002,8,6,14,13,27,"[48.83486054775774, 2.3445770524322067]"
2026-06-20 00:15:56,966571b9ef5037478f6ed2468e5cd16c7473137a,Prague - Théophile Roussel,12204,2,19,21,4,34,"[48.850330563516, 2.3758223011125]"
2026-06-20 00:15:56,f3422071fb0c8a92f665f5942b40e853cdc0339b,Laumière - Petit,19013,14,5,19,12,34,"[48.88467368538326, 2.380039058625698]"
2026-06-20 00:15:56,04a7a7195824f92564cc9ff1ef7c06e6a38e868e,Gare RER de Gentilly,42504,3,1,4,26,30,"[48.814280450380224, 2.3410347104072575]"
2026-06-20 00:15:56,5d097b8f87fab10160e9eb626deddc3b9cdce55e,Villiers de l'Isle Adam - Pyrénées,20111,2,0,2,17,20,"[48.867362, 2.396222]"
2026-06-20 00:15:56,ce0bea117ce71796890973f6f127a36ba705eb4a,Place Jean Ferrat,42015,1,2,3,22,25,"[48.8184945213025, 2.3744174838066106]"
2026-06-20 00:15:56,b3576e65afd4b693ad5b43f096f3299ee47dd71a,Place de la Porte de Paris,32016,5,1,6,33,40,"[48.93009363207303, 2.3564037680625916]"
2026-06-20 00:15:56,54b9390c370eff23cf76cf48585dcd4535aeefb3,Place Amédée Gordini - Lefebvre,15201,2,4,6,32,38,"[48.83061737745, 2.2920634208276]"
2026-06-20 00:15:56,dd6dd737a29db870b0af5f39441eeb2459f14ef0,Hôtel de Ville de Nanterre,92008,8,4,12,25,38,"[48.892371898250424, 2.205548956990242]"
2026-06-20 00:15:56,fe1b1c1b281e254cf6edcdfea6c09c78473aad66,Place de l'Édit de Nantes,19125,14,9,23,3,30,"[48.88879, 2.3785]"
2026-06-20 00:15:56,5f21d4e134902221d6c0d17341c6f092e41b0eda,Simon Bolivar - Henri Turot,19205,8,0,8,15,23,"[48.877475489801, 2.3739709492211]"
2026-06-20 00:15:56,4450491cf7781c5bbac1e40b46bcca28a0d51489,Saint-Germain - Thenard,5123,12,6,18,12,31,"[48.850571, 2.3471015]"
2026-06-20 00:15:56,ea489e4e646c939d2f2996adffd2c2f71edba58d,Mairie du 4ème,4015,18,20,38,3,44,"[48.855949910497, 2.3563823103905]"
2026-06-20 00:15:56,c35565b6ff6f0f81852e4890f6541b6e1fc03fc2,Boétie - Ponthieu,8050,3,7,10,33,45,"[48.871417284355, 2.3076787590981]"
2026-06-20 00:15:56,2683d4b33fc849fbd65bfe3d00a9281c8670167e,Dupleix - du Guesclin,15025,2,27,29,17,47,"[48.85147910413369, 2.296709530055523]"
2026-06-20 00:15:56,67799f02ae82d8f053b282732e6ddea2db83c9ba,Ancien Canal - Hélène Brion,35018,11,9,20,0,23,"[48.89484799296163, 2.4188338592648506]"
2026-06-20 00:15:56,5343c016891cb3854969a32bb9789cd567ec5e5b,Parmentier - Hôpital Saint-Louis,10113,5,12,17,26,43,"[48.871379874257, 2.3698963836667]"
2026-06-20 00:15:56,a345ab4f678896f316d8f68976124700d2bea713,Pasteur - Gambetta,41606,2,1,3,16,19,"[48.84572797384512, 2.4236011505126953]"
2026-06-20 00:15:56,5e197116075f75d8f1c3233899d4c5e7a545be96,Place Jacques Madaule,21305,2,18,20,4,25,"[48.823933787309, 2.2606918215752]"
2026-06-20 00:15:56,c9f3adc169fee05954a76e68c645bfd8853204a0,Faustin Hélie - Desbordes-Valmore,16111,1,0,1,30,33,"[48.859403, 2.276522]"
2026-06-20 00:15:56,dd6d114e2aed1d1ed12794539d5ce14cd970ad24,Jean Macé - Faidherbe,11007,6,66,72,5,78,"[48.85337548426, 2.3828620836139]"
2026-06-20 00:15:56,938751d28a9e587798a6868e3eacdce0193281bc,Jacques Callot - Mazarine,6013,5,21,26,2,28,"[48.855280175332, 2.3375743255019]"
2026-06-20 00:15:56,90c9e4b9e9f21267432bb573d3336860113eb92b,Paul Vaillant Couturier - Chaptal,23001,1,3,4,32,39,"[48.893479576183, 2.2775253653526]"
2026-06-20 00:15:56,8ccdb6bc4d27f4e43fb78a00245349f9cf65b597,Gare de Laplace,41102,3,7,10,32,43,"[48.80893199114179, 2.3349460959434514]"
2026-06-20 00:15:56,b3fd94e1de7d614f0b7998a39780b161d4f71436,Clignancourt - Sofia,18141,6,3,9,9,19,"[48.88511992309783, 2.34719488842051]"
2026-06-20 00:15:56,1bcc0aed1abdf8397153811d4d2685ad86b922f2,Route de Sèvres - Porte de Bagatelle,16124,3,48,51,15,66,"[48.87525984132485, 2.249415814876557]"
2026-06-20 00:15:56,065e0e78671e6e5c1812e5a39b221cc6e73d7dc1,Félix Faure - Sadi Carnot,33009,3,8,11,17,33,"[48.90812110228388, 2.378623187541962]"
2026-06-20 00:15:56,dec61a062cb2d96d3e623f202ea5c67127847804,Place Violet,15033,4,32,36,7,45,"[48.844878938365, 2.2905756533146]"
2026-06-20 00:15:56,e8e2b7e21ef2098c3b7d7585ee4129d8da29f64a,18 juin 1940 - Buzenval,25005,6,13,19,6,25,"[48.868807, 2.185428]"
2026-06-20 00:15:56,34c5741238ef0c03c945715814dc0250098b1243,Ouest - Château,14034,1,1,2,39,41,"[48.83617286014242, 2.319392143923804]"
2026-06-20 00:15:56,97e5f6a82975ab1514fccbd6ad1e8db21e8f2565,Place du 8 Mai 1945,25008,4,0,4,14,18,"[48.871552174017, 2.2025031970585]"
2026-06-20 00:15:56,bda8fbb50e9e32483d4d7b19dcab93457426f4bb,Grands Moulins de Pantin,19044,31,6,37,13,50,"[48.89738369720229, 2.3959985375404362]"
2026-06-20 00:15:56,baefeae85df6f72f4e14b2b67f7d66e55f5818c0,Gare de Courbevoie,24002,11,1,12,21,35,"[48.8993867, 2.2506506]"
2026-06-20 00:15:56,67245ee08d993b04f586079923a0d7ba75df54cc,Carnot - Pâquerettes,41404,5,14,19,7,26,"[48.79592939432515, 2.4261841177940373]"
2026-06-20 00:15:56,47f2f7c29310fc3940c485c5416d4044b29fdee8,Réunion - Avron,20132,6,1,7,19,26,"[48.852566752033766, 2.403928068708116]"
2026-06-20 00:15:56,10b74bc786d4e99f63a60af2810dfa7912033b75,Gare du Nord - Place de Valenciennes,10152,10,2,12,29,44,"[48.879089, 2.354235]"
2026-06-20 00:15:56,b00f282d15e1265cb1d9e57639857884add51ae7,Jean Lolive - Parc Stalingrad,35009,6,7,13,9,22,"[48.89206174403158, 2.4091735482215886]"
2026-06-20 00:15:56,b4d8410a8642aef494eb9bbed2be1e1e8f8e5c09,René Boulanger - Lancry,10206,9,3,12,17,33,"[48.868769331741, 2.3598745346052]"
2026-06-20 00:15:56,34d51b8d8f31a0b914e35b3f90b1e7b3074c2573,Parc Pierre Lagravère,27002,15,11,26,3,30,"[48.92650488131725, 2.239069678491417]"
2026-06-20 00:15:56,3469fb2ceaa7bbaf40c35308bf7092f34e45e8b9,Guichet - Jean Jaurès,21109,4,18,22,6,28,"[48.905169868129036, 2.3023840785026555]"
2026-06-20 00:15:56,628da00c35d89ec53a18c627bfbb319f622d415e,Parvis Robert Schuman - Roger Salengro,23701,4,0,4,19,24,"[48.812657470558754, 2.1921751275658607]"
2026-06-20 00:15:56,8e18188c8bcc95c4e09d3c231cf754689da8bab4,Navier - Epinettes,17007,0,1,1,53,54,"[48.89587780769155, 2.3226776719093327]"
2026-06-20 00:15:56,71442c055f21b363cffa848b20f5cb6e5e984dde,Verdun - Place Henri IV,21502,2,6,8,18,26,"[48.870797375639214, 2.2277003154158592]"
2026-06-20 00:15:56,c5570116ceded0707ab1b5fe536c6143a5db2c39,Place Carnot,31012,12,2,14,12,25,"[48.85593932186797, 2.441531717777252]"
2026-06-20 00:15:56,3f5cb5eb5a51ce15cf956376d45b8036c707f897,Ceinture du Lac Inferieure - Saint-Cloud,16129,7,12,19,21,42,"[48.86218070933143, 2.2617871686816216]"
2026-06-20 00:15:56,307f083229683e9e0b20e617a1eba5715acb3577,Boyer-Barret - Raymond Losserand,14104,2,3,5,18,23,"[48.83329880233322, 2.3173383995890617]"
2026-06-20 00:15:56,e109950d6d50289c9066dbc9b9678e5d500e7a76,Piat - Parc de Belleville,20113,4,0,4,17,21,"[48.87195626635528, 2.384981390278095]"
2026-06-20 00:15:56,fa4fd3b35d55fab4fcce2fac9081f6d1e6f5d868,Square des Saint-Simoniens,20119,6,0,6,19,25,"[48.8701796, 2.3967273]"
2026-06-20 00:15:56,72319a172d289faa32f5bff73d9521813ae04bc8,Assas - Vaugirard,6030,6,0,6,29,35,"[48.848274111398, 2.3292413726449]"
2026-06-20 00:15:56,d696cb53a89549e2f04e1a253a75909b6a8001a5,Gravelle - Route du Bac,12126,7,17,24,26,51,"[48.824407, 2.418455]"
2026-06-20 00:15:56,d20024df90a058d15837dd362f14b2b3aa04717f,Ménilmontant - Pelleport,20036,3,0,3,27,32,"[48.870682633845, 2.3989596023316]"
2026-06-20 00:15:56,8f0a417885fb07ab252e2a25fbbcca81fd49d6bb,Petit - Manin,19019,7,3,10,10,22,"[48.886506875343, 2.3938155401308]"
2026-06-20 00:15:56,7e6e4f2a58cdc61409cde9e33622f255adbdd8ae,Lagny - Joffre,41604,3,1,4,26,31,"[48.84930687084088, 2.417949736118317]"
2026-06-20 00:15:56,7133e9d55cb593daf6b36a177f88ffc4ba4a0ae4,Emeriau - Place de Brazzaville,15029,5,46,51,0,51,"[48.850785261674964, 2.2871585190296173]"
2026-06-20 00:15:56,6121e9760e9112f566712d2e188a2f67f05e1521,Parc Monceau,17018,6,0,6,12,18,"[48.881077914129, 2.3095492646098]"
2026-06-20 00:15:56,4973efd3b25ca43e084b17a32ccd86024dd03ac4,Gare d'Asnières sur Seine,26001,6,6,12,12,24,"[48.90636459217474, 2.2835066914558415]"
2026-06-20 00:15:56,16c3c79b2dd4f7116c3df885475d3f92f9831fcd,Place Falguière,15017,2,3,5,18,23,"[48.83629973941847, 2.3104464635252953]"
2026-06-20 00:15:56,69fba31c59ba4a06ff2b4a35600f5b9a44f08972,Pascal - Claude Bernard,5026,2,4,6,43,49,"[48.839061952159746, 2.3499782010912895]"
2026-06-20 00:15:56,3eb5ad63621579be55b9d0e3424fcc2498c7dbaf,Grenelle - Dr Finlay,15028,11,42,53,16,71,"[48.851315406715976, 2.2919502854347233]"
2026-06-20 00:15:56,b63d96aebd9d84ac5db82ab6c5f1b79d31c637c1,Porte d'Orléans,14018,1,0,1,46,48,"[48.8227639, 2.3249313]"
2026-06-20 00:15:56,f5d0702910cfbabcc7ec9cac12119e608858af2e,Pierre et Marie Curie - Julien Grimau,31702,1,0,1,17,18,"[48.870714014863225, 2.424097023904324]"
2026-06-20 00:15:56,632b6a05b315ee20210b6d77a706484ab7eba84b,Raspail - Varenne,7004,5,7,12,5,18,"[48.853147816545, 2.3263905197382]"
2026-06-20 00:15:56,ee23e866e37309e66f7effc59c46a19931c7ba3d,Pierre Grenier - Pont de Billancourt,21013,2,1,3,18,21,"[48.8258020742942, 2.2487989068031315]"
2026-06-20 00:15:56,7653a2c9f0179dbbe40f2007838a0d6832404336,Place Valhubert,5116,9,37,46,2,51,"[48.844182577315, 2.3640366643667]"
2026-06-20 00:15:56,3de588fc317faaa39fabf0fda5dd8d3754da4c42,Saint-François-Xavier,7014,1,6,7,33,42,"[48.85154484769, 2.3146149516106]"
2026-06-20 00:15:56,bffad1c90b1e9fa6d480541a259452514c7b9e88,Sommerard - Saint-Jacques,5002,5,6,11,23,34,"[48.850310432924, 2.3450158352986]"
2026-06-20 00:15:56,ebb06d2a22cddfdb5360191a4ee3a0d9899bff4d,Gare de Pont-Cardinet,17017,3,5,8,25,34,"[48.88713901475306, 2.314494143994255]"
2026-06-20 00:15:56,296c26004f702c04b425765240378de2b8c008da,Capitaine Glarner - Gabriel Péri,34002,2,9,11,16,27,"[48.902449900418745, 2.3304807533425724]"
2026-06-20 00:15:56,bc3f987920ba294910e77d6c0de6b093c0f16504,Pont de Levallois-bécon,23002,6,15,21,28,50,"[48.8984179, 2.2791311]"
2026-06-20 00:15:56,226468390e40d657e2fafbf494a67cefce7111c7,Pierre Larousse - Raymond Losserand,14139,2,3,5,25,30,"[48.83059564231877, 2.3119183257222176]"
2026-06-20 00:15:56,7e792836f439e19cf579ba5d9af2c350b2e79273,Dunkerque - Maubeuge,10204,3,1,4,31,35,"[48.880432768947, 2.3528900992907]"
2026-06-20 00:15:56,5872388bdb106f66147c27e97d248a2f5cbb82c5,Charles Delescluze,11101,6,39,45,3,49,"[48.85242200848887, 2.380632497370243]"
2026-06-20 00:15:56,cfa5824c8563679ab66de339ee32815ca954f62f,Vasco de Gama,15055,1,32,33,19,54,"[48.83671783466264, 2.283664085650799]"
2026-06-20 00:15:56,597ba3cf88983f8ab4915187fbb6b209997d0fc3,Lucien Sampaix - Récollets,10015,24,2,26,19,46,"[48.874330377560476, 2.3621229082345963]"
2026-06-20 00:15:56,1208b3071a890a38229c6ed7321bc22e84f8f3db,Place du Général de Gaulle,41207,5,3,8,18,28,"[48.8525288, 2.4877332]"
2026-06-20 00:15:56,80f4f0dd176eeb10ead94f2b9b4c7bf2eac43964,Charenton - Place du Col Bourgoin,12011,2,32,34,1,35,"[48.844867319554, 2.3825789350545]"
2026-06-20 00:15:56,b7bcc64f67b121dffe4b500eb0259b6c7a0432d9,Porte Dorée,12032,8,19,27,9,36,"[48.8354337, 2.4077132]"
2026-06-20 00:15:56,a8225abb2e51cc8932ddb91062df632d4cf6df19,Belleville - Porte des Lilas,19037,0,1,1,29,32,"[48.87660391892763, 2.404769691129476]"
2026-06-20 00:15:56,891726e6458093547be7c9455ad23e4ac2db224e,Mézières - Rennes,6103,1,8,9,44,55,"[48.85023459321703, 2.3303819820284843]"
2026-06-20 00:15:56,9d5d6ff31536f20e805041dd57eab260c4b8f95d,Raspail - Bac,7005,2,12,14,38,52,"[48.855628721101, 2.3256602883339]"
2026-06-20 00:15:56,73b0eb55fd9e4824a320b7fb8ab5fa380f084056,Michelet - Assas,6018,8,0,8,10,18,"[48.842741502832, 2.3350211977959]"
2026-06-20 00:15:56,8a39c71f952d61784da3c38ec28df935fa2bba64,Tanger - Place du Maroc,19109,0,1,1,17,19,"[48.8862524447104, 2.3689296841621403]"
2026-06-20 00:15:56,71e07f082b71c34a101588d4e518285b45b614ff,Place du Cornillon - Stade de France,32014,3,0,3,30,34,"[48.92540695835961, 2.3644426837563515]"
2026-06-20 00:15:56,c81e16bd124a2f64e2d98b77cbb88b0d026407a5,Porte de Clignancourt.,18032,3,1,4,51,56,"[48.897488, 2.343996]"
2026-06-20 00:15:56,e199dc52ef75fc2612cf2e190bbabc74f60d621d,Place du Maréchal Juin - Péreire,17027,4,4,8,37,46,"[48.885263, 2.298286]"
2026-06-20 00:15:56,70b454ba60f6f4bd85854ca4c269c44c2bd0af28,Gare Routière de Saint Cloud,22101,10,12,22,7,31,"[48.84288183896324, 2.222245037555695]"
2026-06-20 00:15:56,8af79e7c27b7d13f9c2d1ec07599cde945c70e37,Primo Levi - Frigos,13016,9,24,33,1,34,"[48.83094844846017, 2.37965351592796]"
2026-06-20 00:15:56,d9b49bcef62766a3a6deb8cd1af8a2c9e75ea0f4,Verdun - Adrien Damalix,44102,11,6,17,6,26,"[48.8222334178559, 2.4215328320860863]"
2026-06-20 00:15:56,e9d75f653ea2bf3a3a3de5014e4bef3fc580e0f6,Milton - Manuel,9115,3,1,4,18,22,"[48.878249, 2.341181]"
2026-06-20 00:15:56,15a3b3fdb93847cf68b2796e6f6aa2709ce60bd8,Eglise d'Auteuil,16032,2,7,9,12,21,"[48.84749841771691, 2.26848387135299]"
2026-06-20 00:15:56,a62803d7b8751dbf8858c15c3aadf4d26da422b0,Château - Bineau,22001,7,3,10,13,23,"[48.890404028589806, 2.270106375217438]"
2026-06-20 00:15:56,0338d47faa1830eeb51b23a72af28877e9d899d1,Mairie du 18ème,18025,1,0,1,38,40,"[48.892939296937605, 2.3445510864257812]"
2026-06-20 00:15:56,69021715b0186666cfb944b2a69c379ddc928695,Laffitte - Italiens,9023,1,0,1,32,33,"[48.871815737396, 2.3372015478451]"
2026-06-20 00:15:56,6ad43b87cb5a84ba4804646483c16e22098fb74c,Lourmel - Marie Skobtsov,15108,2,27,29,5,36,"[48.844974, 2.287283]"
2026-06-20 00:15:56,c905811fc7bfb190210a8b08b39152a93279fec0,Courcelles - Pierre Demours,17047,3,4,7,18,26,"[48.883769733273496, 2.29858466343129]"
2026-06-20 00:15:56,80f1662a116a0d6754161ac0e1a04f8513840375,Pelleport - Belgrand,20023,2,1,3,11,15,"[48.865000818477, 2.4039808363775]"
2026-06-20 00:15:56,682a0643d6733f9ded3d29dbcbebb3106a469bc3,République - Danton,41204,6,2,8,12,20,"[48.85249172181667, 2.462034523487091]"
2026-06-20 00:15:56,47a40732f803ec39c8bd34589b948ef8bab0f910,Cité des Sciences et de l'Industrie,19009,13,8,21,8,30,"[48.89659571178903, 2.384599149227142]"
2026-06-20 00:15:56,354ee635c51b4bfdce2a5e7726322d2650238ecb,Pajol - Riquet,18109,1,0,1,46,47,"[48.88960028134536, 2.3628534749150276]"
2026-06-20 00:15:56,90a0937c649d751cc8776889c33a5e78258a2d07,Lassus - Delouvain,19038,3,0,3,15,20,"[48.8755044846, 2.3890327325519]"
2026-06-20 00:15:56,ced75c8e74979957bb2eef71fa38e0b84b3685a1,Square du Carrefour de l'Insurrection,21703,1,1,2,21,23,"[48.820864559770676, 2.291113436222077]"
2026-06-20 00:15:56,64e7ad80833d3b09963389d0421873a7e1d19082,Fragonard - Porte de Clichy,17011,2,14,16,36,55,"[48.894155633419, 2.3143893107772]"
2026-06-20 00:15:56,6d8aea1f4f7a2fefcf8a00633f72c4d49b72cd25,Bellefond - Maubeuge,9117,2,1,3,24,31,"[48.878255397645, 2.3452642187476]"
2026-06-20 00:15:56,dee79bb1be3fa1f3b11265e21d81151a7c488fd6,Place Etienne Pernet,15035,1,32,33,10,43,"[48.84243457133779, 2.2921819612383847]"
2026-06-20 00:15:56,d0e6805b131a097376e7a1754728406abbba130a,Porte d'Aubervilliers,18049,4,11,15,39,55,"[48.89859661942376, 2.3689722642302513]"
2026-06-20 00:15:56,fd3f65583ddb6bbc8a6959ff76c748ce796fc24e,Chabrol - d'Hauteville,10020,2,2,4,5,11,"[48.877018388033, 2.3513179644942]"
2026-06-20 00:15:56,83ea4fdba7f7633be45b60e6a2ae5dc7e7bba5b7,Lepic - Armée d'Orient,18113,1,1,2,22,24,"[48.887536403814, 2.3343077301979]"
2026-06-20 00:15:56,24f7de8c836fc59a4cc3101b673733abf0eeaea6,Square Saint-Ambroise,11041,3,17,20,20,43,"[48.860934, 2.375841]"
2026-06-20 00:15:56,1ff722e61f048b95c9bcea06a9530cce86686c1b,Sadi Carnot - François Mitterrand,31703,2,1,3,22,27,"[48.87532687671517, 2.4241617321968083]"
2026-06-20 00:15:56,81b911cb0f627f84fa9a5f544f3c0d4b8674f3c4,Paul Signac - Aristide Briand,31025,1,0,1,33,35,"[48.869502621564, 2.450226098299]"
2026-06-20 00:15:56,62ff222d4a5413c661e87e68393709a681c2acf2,Théâtre - Lourmel,15031,3,47,50,2,53,"[48.8482070397636, 2.2898658737540245]"
2026-06-20 00:15:56,f27bb5f9660d3f95cc668e0d13d70179c8b355c5,Ledru-Rollin - Place du Père Chaillet,11006,3,25,28,9,37,"[48.856433706943704, 2.379020587761426]"
2026-06-20 00:15:56,43cc05111bd833525c554be30cff0ceb12faa664,Ecole Vétérinaire,47005,10,24,34,2,36,"[48.81488859822486, 2.4224362157778994]"
2026-06-20 00:15:56,0ad067daf6932572f2648cc1f913242668561c8f,Aubervilliers - Curial,19127,2,4,6,11,23,"[48.89088305227546, 2.3688579350709915]"
2026-06-20 00:15:56,bc99dac92b67333ce91ea8e26c6543aea92633f4,Pereire - Ternes,17040,1,4,5,42,48,"[48.87973954830735, 2.288012132048607]"
2026-06-20 00:15:56,f7f46573501eeac08a72e40f745f59b25d1352ff,Lavandieres Sainte Opportune - Rivoli,1120,3,12,15,11,27,"[48.859279702476, 2.3466217517853]"
2026-06-20 00:15:56,fb5e940fd193beeded0b108e77effa4ee7fde618,Méchain - Faubourg Saint-Jacques,14112,1,0,1,15,16,"[48.83586772099485, 2.33798034198275]"
2026-06-20 00:15:56,e3b06a8cc4381e6d60c3d21296641f2e4b4ec05f,Transvaal - Charles de Gaulle,21001,5,8,13,12,27,"[48.848280403628806, 2.2373420120857195]"
2026-06-20 00:15:56,2725eb473664597c3fbf43356a627b9825f8856e,Route de la Muette - Porte de Neuilly,16122,3,7,10,39,50,"[48.8798926, 2.2587671]"
2026-06-20 00:15:56,8f6f0b5dd6ee86aa63ac2a0243733c3be654e640,Kléber - Gouverneur Général Eboué,21310,3,14,17,6,24,"[48.826885843069796, 2.2723413258790965]"
2026-06-20 00:15:56,2daaceca18a4463f1b58b4a1dca5ec68dadbff76,Président Wilson - Jean Jaures,23007,1,17,18,7,27,"[48.89034054052266, 2.2920683026313786]"
2026-06-20 00:15:56,2edf8d75ad32b463f4c40e2f94be36b3cb263994,Gare RER de Saint-Denis,32015,11,17,28,11,40,"[48.93554324248177, 2.3471488058567047]"
2026-06-20 00:15:56,e4a1be6e05ae6cf5b5b54c56e12fca756c57a4e6,Faubourg Montmartre - La Fayette,9014,2,5,7,28,35,"[48.875254549053, 2.3408536612988]"
2026-06-20 00:15:56,767f2c3dcbc462e2f56993baa73b8eea7b1cbf7a,Mozart - Jasmin,16027,2,13,15,45,62,"[48.85286124871689, 2.268483570651513]"
2026-06-20 00:15:56,2491dc81672726ed9257e34169479242d7ec3fa0,Naples - Rome,8019,8,1,9,16,26,"[48.879960700846226, 2.321358695626259]"
2026-06-20 00:15:56,68bf653bd0cf0bde69de1e5f9949ec6b7c1195b8,Chernoviz - Raynouard,16112,9,4,13,23,37,"[48.8569864146289, 2.282173218142987]"
2026-06-20 00:15:56,aa241c06ad2165c4019f87618d119d8d0d6ee49f,Fontainebleau - Edmond Michelet,42703,1,5,6,39,45,"[48.80956436844049, 2.3626908659935]"
2026-06-20 00:15:56,1f55fdac4a5a027135dc443520a885e59f114ed1,Eugène Oudiné - Dessous Des Berges,13046,0,3,3,40,44,"[48.8256423, 2.3750226]"
2026-06-20 00:15:56,e58e58d542d489ea7406243f108beda0fd78ccc0,Mont Valérien - Michel Salles,22102,1,3,4,19,24,"[48.8561915, 2.2152966]"
2026-06-20 00:15:56,3ae73360bcad199f4746f1c7bf22b8b72bc21084,Gare Montparnasse - Vaugirard,15003,36,3,39,26,66,"[48.8418071798797, 2.31951002690117]"
2026-06-20 00:15:56,18f0dce7c5e253641b91b4195a63340ca3d54e1a,Neuve Saint-Pierre - Beautreillis,4110,8,8,16,3,20,"[48.85355351439652, 2.3639122769236565]"
2026-06-20 00:15:56,2ce337b53b704c2d4086c7cd543891ae760626ab,Sabot - Rennes,6032,2,17,19,7,26,"[48.852575112948415, 2.331552766263485]"
2026-06-20 00:15:56,941f7454b4ac8d35992b096b895fff39bec80792,Sénat - Condé,6017,10,15,25,6,33,"[48.84954227788459, 2.337939441204071]"
2026-06-20 00:15:56,290ce7de064db52cbb4b1261e0dfd024f8d78b13,Belleville - Pyrénées,19041,9,0,9,29,42,"[48.8741908, 2.3860039]"
2026-06-20 00:15:56,d170bc12f6fe69830e9421fbbb400019176db333,Pont Neuf - Rivoli,1117,8,3,11,16,27,"[48.860089892617, 2.344057559967]"
2026-06-20 00:15:56,98906def7cb36a9acf15b4013303f044379c714f,Hôpital Pitié Salpêtrière,13103,3,6,9,41,50,"[48.8377016, 2.3604946]"
2026-06-20 00:15:56,abd3600d87fe1abf63637c4e28304069cfda2c5f,De Gaulle - Castelnau,45502,0,0,0,18,18,"[48.772695647197, 2.3403334480725]"
2026-06-20 00:15:56,539008d79a0a7c210bd215b5c7f86f839b9b2d86,Aqueduc - Villette,10036,3,5,8,22,28,"[48.883886063895, 2.367198803315]"
2026-06-20 00:15:56,c048fb3b21caaea44a1e9b3aebe9b2246e605a04,Parc André Citroën,15059,3,36,39,25,65,"[48.840639944297, 2.2780618071556]"
2026-06-20 00:15:56,07a6380f6a02612a574ffc3b17d3afecd414800b,Blaise-Desgoffe - Vaugirard,6027,0,0,0,32,32,"[48.846128877747, 2.3242672160268]"
2026-06-20 00:15:56,2a9610d64e37d34e68c74f55b20fc06ae8ddf803,Alexandre Dumas - Voltaire,11102,5,12,17,55,74,"[48.852888670365, 2.3891476408096]"
2026-06-20 00:15:56,f332a388cbaa1f00fd7442813f68448867c1eafb,Jeanne Hornet - Girardot,31704,2,1,3,25,29,"[48.873802681432146, 2.427820265293122]"
2026-06-20 00:15:56,7c5fb843adb69cb05875a46a271ba7beffd20be8,Greneta - Sebastopol,2001,9,21,30,0,32,"[48.865242333228, 2.3516669869423]"
2026-06-20 00:15:56,43617ba9de9f0888d34f70515e34971bb9c9dc48,Place du Maquis du Vercors,20019,1,0,1,28,31,"[48.877321579493575, 2.4083782732486725]"
2026-06-20 00:15:56,d3388de8d6706fec694716dac21cd27a8ca85cd4,Poissonniers - Nord,18137,1,3,4,24,28,"[48.892511213520656, 2.3522228747606277]"
2026-06-20 00:15:56,53d06ad47d2a7e9cba13683036a45b1d2e2c5ea2,Station Paris Basketball - Ney - Charles Hermite,18138,2,3,5,15,20,"[48.898748039775, 2.3645754531026]"
2026-06-20 00:15:56,dd5d82c3cd8914bc1ad59a9b657ba56fb70bf855,Porte d'Ivry,13041,0,0,0,49,50,"[48.821768747596, 2.3688706755638]"
2026-06-20 00:15:56,6ebc68696fc75af918e73edd603ba067ec1bbc92,Hôtel de Ville - Pont-Marie,4011,16,16,32,3,36,"[48.853899645527, 2.3569472506642]"
2026-06-20 00:15:56,5cda5fbe95bcd6561c5f61da1887865fe1dbfad1,Duroc - Place de Breteuil,7013,3,10,13,23,42,"[48.847460641142, 2.3126140236855]"
2026-06-20 00:15:56,054d599ac9eeb9a39dd3c12322fa01b0b1240612,Parvis Corentin Celton,21311,2,49,51,3,55,"[48.827472525227, 2.2784319519997]"
2026-06-20 00:15:56,c30cc1f450145f9eb5b267375b58d2828b89abe1,Charles Robin - Grange aux Belles,10207,5,0,5,18,23,"[48.877376705016, 2.3698456519833]"
2026-06-20 00:15:56,797e6b1c1ed7bd6e5d2a27eba4d18ef0b52aa73e,Gustave Eiffel - Parc des Impressionnistes,21114,11,7,18,11,30,"[48.90390619651018, 2.2946908324956894]"
2026-06-20 00:15:56,1d0dce2e5679c650b067f2062887f1d93edae4d5,Franciade - Gabriel Péri,32018,3,3,6,17,26,"[48.93261499331498, 2.355954498052597]"
2026-06-20 00:15:56,8c3d2ed1bef16aeb608ade6fcdc324a196912702,Dupont de l'Eure - Gambetta,20202,0,0,0,31,31,"[48.8679385, 2.4003649]"
2026-06-20 00:15:56,c8105fccb9d85505f06d15154a7645c2789a963b,Keller - La Roquette,11003,6,24,30,4,34,"[48.8555508, 2.3752778]"
2026-06-20 00:15:56,46765409f2f11b1b651741496983c5670ec6904e,Roquépine - Malesherbes,8015,3,2,5,44,53,"[48.873450733908, 2.3204044997692]"
2026-06-20 00:15:56,97b82410aefe2615ccb545bd77bf15ec8e04966e,Parmentier - Fontaine au Roi,11034,13,4,17,31,48,"[48.86787670551736, 2.372705978671471]"
2026-06-20 00:15:56,0e82d0c008f0283970c672ed948b6849845267da,Rougemont - Poissonnière,9012,6,7,13,31,44,"[48.871611569354755, 2.345873080193996]"
2026-06-20 00:15:56,1b5e7383cd08f66b7b8ff8262369a640a1796248,Vistule - Choisy,13113,1,0,1,30,33,"[48.82365543660611, 2.3615723848342896]"
2026-06-20 00:15:56,ec5a037bdca7a022e37266f0c4f61b77c96ca165,Nationale - Marcel Duchamp,13114,4,5,9,12,23,"[48.82463749337136, 2.3678014799952507]"
2026-06-20 00:15:56,c878b2b710184c9014b2023a404f7216d7f79781,Saint-Blaise - Mouraud,20017,0,1,1,26,27,"[48.85696177597818, 2.40869477391243]"
2026-06-20 00:15:56,55f67cf1b5a231b25cc6219cabd6527001e81f7b,Charonne - Philippe-Auguste,11019,7,1,8,24,32,"[48.855603162026, 2.39054639062]"
2026-06-20 00:15:56,ba0aa3bd3d685fb29cb9ff7aba71bfaa323bd1c1,Pont de Lodi - Dauphine,6014,6,16,22,0,23,"[48.855296898603285, 2.339947307565249]"
2026-06-20 00:15:56,6d79000b21c7203ffa15edb9e04e1a75aab7172d,Romain Rolland,14116,0,2,2,23,25,"[48.820215229662765, 2.3234144234418346]"
2026-06-20 00:15:56,79cc9fdcd809437d115e536f60f7cc53c12d54ea,République - Henri Barbusse,33005,3,7,10,22,32,"[48.90661553626751, 2.389432489871979]"
2026-06-20 00:15:56,acf81b39c71e5c211ab73afdfb1bd8a50f898df8,Place de Finlande,7026,8,12,20,4,25,"[48.862408335967, 2.3113624379039]"
2026-06-20 00:15:56,e6e3a1c49ce7de8f70157af5124cbf00b326b573,Thérèse - Opéra,1016,2,4,6,19,25,"[48.866483514509, 2.3344334212238]"
2026-06-20 00:15:56,c43b08e834392106cd8fd310a6e1740a769e1002,Cléry - Montmartre,2021,7,3,10,46,58,"[48.867458, 2.3445211]"
2026-06-20 00:15:56,0243a33185fec49d0026b4af349af04e2342bfa8,Claude Vellefaux - Sambre et Meuse,10164,8,6,14,20,34,"[48.875022, 2.370478]"
2026-06-20 00:15:56,bbd2eb441e547922c6d3443661e3d90cd34a89f1,Le Vau - Maurice Bertaux,20103,1,0,1,24,25,"[48.86803439043193, 2.411030612453627]"
2026-06-20 00:15:56,c0b3f0ebc97bc770b9474597255865b3b2027516,Daunou - Louis le Grand,2014,1,0,1,30,32,"[48.869113, 2.332515]"
2026-06-20 00:15:56,988db17aa853b2357ed13ad0f02a7f92b91ed589,Porte Saint-Martin,3101,9,9,18,12,34,"[48.86860172112996, 2.35570102930069]"
2026-06-20 00:15:56,640b34c69ab027b7e3a9e5ef98ef341aebb444e8,Place du Canada,8029,3,18,21,34,58,"[48.865346269363, 2.3101937879648]"
2026-06-20 00:15:56,e7e57897b287c404ef9a9a82eed36f0663b7ff25,Charles de Gaulle - Louis Philippe,22017,2,15,17,10,28,"[48.881742142181, 2.2710045335353]"
2026-06-20 00:15:56,9ad6afcaf41e5112dbe94d8a95862b19496ba564,Jardin Marguerite Long,17104,3,3,6,16,22,"[48.8816985773914, 2.2836575657129288]"
2026-06-20 00:15:56,c6435deda20b60823ce3052919835ac1f9770a43,Melun - Jean Jaurès,19030,2,5,7,18,28,"[48.8837796723475, 2.376477420330048]"
2026-06-20 00:15:56,5e657342c0976ad1ec253c6efd14acbbaa367759,Argenson - Château,22002,5,17,22,1,25,"[48.888559314669514, 2.2642001509666447]"
2026-06-20 00:15:56,96a897937aab3c3aaf3ec927848d01f3ecf6f990,Place de l'Eglise - Pantin,35008,11,4,15,14,30,"[48.892809461520265, 2.4124351143836975]"
2026-06-20 00:15:56,7c0c58b34c2994ef4898d8deb23b213eeb93f1c4,Square du Bataclan,11044,2,13,15,4,20,"[48.8633762, 2.3711327]"
2026-06-20 00:15:56,61e32b26c30818246f3adb1acb2b809b99be62cd,Sorbonne - Ecoles,5030,5,1,6,51,69,"[48.849686566191, 2.3434996604919]"
2026-06-20 00:15:56,7028c38188a12c0933c31d2218a88f7639314a28,Place du Palais Royal,1013,2,19,21,46,67,"[48.862382970647, 2.3384822532535]"
2026-06-20 00:15:56,0b132340d5860ac93635d790f11a3f5d3374befb,François 1er - Lincoln,8105,0,0,0,31,31,"[48.869517979344, 2.3024262188416]"
2026-06-20 00:15:56,49e219f73067fecbfcaf12bbee60790a9ef3a0d6,Roquette - Folie Regnault,11110,4,0,4,48,52,"[48.859246959155, 2.3865536235787]"
2026-06-20 00:15:56,60587b7a46bc9401bee7015927dbc456b1ac92e5,Brochant - Clichy,17005,4,3,7,46,53,"[48.89032998912038, 2.319730559929781]"
2026-06-20 00:15:56,2820b931111a957708648e53f3f5d4ef7b73fa69,François Truffaut - Saint Emilion,12033,4,44,48,14,66,"[48.83372354344807, 2.386601903271428]"
2026-06-20 00:15:56,6ec5a927bc20adf6131b0c823c00dcd837d1dd3b,Madeleine Michelis - Roule,22012,0,19,19,5,25,"[48.88260431301364, 2.2773634269833565]"
2026-06-20 00:15:56,01e695042440bded0e8d9f2537ad02781b3f29ec,Jessaint - Marx Dormoy,18142,2,2,4,22,30,"[48.88484543106364, 2.358930408954621]"
2026-06-20 00:15:56,eb16722436c4559892e7eef75d44eb9b0c5c5c12,Lac Daumesnil - Saint-Maurice,12120,17,9,26,23,50,"[48.82774555743318, 2.4183654785156246]"
2026-06-20 00:15:56,9403f36d96a58bd92914a5fd4aae48c65a0c7da2,René Binet - Porte de Montmartre,18035,5,5,10,27,37,"[48.89905109950848, 2.3365534096956253]"
2026-06-20 00:15:56,d709008a3caa0a57e428bb6ceceab55913ed102a,Moulin de la Pointe,13110,0,0,0,22,22,"[48.82092946051445, 2.3563179373741145]"
2026-06-20 00:15:56,8866623ec3c883c08eda77436f9b9372f48a4211,Gare de Clichy-Levallois,23005,3,7,10,16,26,"[48.89679827481989, 2.2984680533409123]"
2026-06-20 00:15:56,6476fdf4d1470e6d5940ce331685fbadbb60fff1,Docteur Calmette - Martre,21120,2,6,8,20,30,"[48.898969358483, 2.3086513252383]"
2026-06-20 00:15:56,9b55d267fea9b97c19e43e95934c63f15ceaf860,Dareau - Broussais,14125,1,2,3,19,24,"[48.8307758, 2.3361804]"
2026-06-20 00:15:56,ac08eab5adcab34bcb4c04097cd6371490201773,Le Corbusier - Jean Jaurès,21009,3,35,38,7,46,"[48.83780830557548, 2.2408381104469304]"
2026-06-20 00:15:56,24a2ae073a17bf5bcef94950f9f26812ef536917,Jean Moulin - Paul Doumer,31017,7,0,7,12,20,"[48.8622179854695, 2.45533436536789]"
2026-06-20 00:15:56,32dd4f93de96baa7116d7dd98f83102f8b27fce4,Beaumarchais - Pas de la Mule,4107,4,14,18,0,18,"[48.855580507049, 2.3684333673431]"
2026-06-20 00:15:56,6f025e27609953b597910f5d6a6276cf7a7d2086,Quai Marcel Boyer - Victor Hugo,42011,6,16,22,6,29,"[48.822556366667, 2.3920395970345]"
2026-06-20 00:15:56,c24f584611f196418885bc6379b158ec1e1ea80b,Cours de Vincennes - Davout,20047,1,0,1,47,48,"[48.847238029966, 2.4107042336225]"
2026-06-20 00:15:56,b98660108251e09e8d7f7cdee478d66326fa82e0,Monte Cristo - Bagnolet,20204,13,1,14,21,36,"[48.85656581187, 2.3972699046135]"
2026-06-20 00:15:56,59921993be0dadc1fd3b3840ce7e977eca5796fe,Odessa - Départ,14127,5,1,6,32,39,"[48.842885590081, 2.3244281485677]"
2026-06-20 00:15:56,da08d54e8774800a7104639ee67089260f747cc2,Vivienne - Petits Champs,2201,0,0,0,0,30,"[48.867331390877, 2.3391437530518]"
2026-06-20 00:15:56,03fbf0eda7bd98d02318b8f52715fce6b2fb0cc0,Pré Saint-Gervais - Lilas,19113,1,0,1,26,28,"[48.877870626988, 2.3959073424339]"
2026-06-20 00:15:56,7604cccf0ebb1ef6ce0470d42c7da01e882ed990,Sambre et Meuse - Villette,10039,17,2,19,4,25,"[48.874405666217, 2.3738072379951]"
2026-06-20 00:15:56,a7ca2fc944286a5acbde144733df73c6266808fa,Paul Klee - Place Augusta Holmes,13020,1,11,12,31,43,"[48.838946417408025, 2.3704235663952966]"
2026-06-20 00:15:56,87f41c197caee1cc7bef34b945ac174a78f5804f,Alexander Fleming - Belvédère,19124,3,0,3,28,31,"[48.88179064200294, 2.4030599377642674]"
2026-06-20 00:15:56,f477818f667f95d4014f3641bfd128198662ee22,Constantine - Université,7010,10,32,42,23,65,"[48.860680473738, 2.3148481955842]"
2026-06-20 00:15:56,44de39ab58bad17ca49ab9c296a89a63c721a16e,Santé - Arago,14113,1,0,1,37,38,"[48.83507657562064, 2.3415737262044938]"
2026-06-20 00:15:56,5eabcc19938d846a023d69216fe0fdb715e79bb9,Versailles - Résistances,43203,2,1,3,14,17,"[48.75695884522, 2.3885755413796]"
2026-06-20 00:15:56,b1fec2fc175f7800294e393eed208afea4f80c9b,Place du Front Populaire - George Sand,32021,3,8,11,54,65,"[48.90680713698062, 2.364541214992642]"
2026-06-20 00:15:56,cdcc9c4e52e34c6a28cc7c8a954f5f4e9c3c0105,Paul Barruel - Vaugirard,15019,3,3,6,30,39,"[48.84014918546239, 2.3044332861900334]"
2026-06-20 00:15:56,5f240195c01d1f5a7c65e99002cb89786dbb8a7a,Evariste Galois,20203,0,0,0,21,21,"[48.873341356228, 2.4133544409574]"
2026-06-20 00:15:56,5616e599fa5daad1d817feebdc92fee5cbf95c37,Commandant l'Herminier - Gallieni,20004,1,3,4,13,17,"[48.847040552603, 2.4160453677177]"
2026-06-20 00:15:56,2fd6a20addde07925c7a1903571c1522324d558a,Bastille - Quai de la Rapée,12150,8,16,24,0,27,"[48.84682410855, 2.3669364675879]"
2026-06-20 00:15:56,21e2ce7f7f48bb486cce434e7c877ebddca1fbd2,Auguste Blanqui - Glacière,13515,4,14,18,36,60,"[48.831151602964, 2.343822196126]"
2026-06-20 00:15:56,2568ec947323f409a95e51a8de34f182de624940,Choron - Martyrs,9016,5,1,6,22,29,"[48.877851443503, 2.3396701365709]"
2026-06-20 00:15:56,5a5cd5713276f55655393e9bc8494fce6d06b905,Charles Lecocq - Lecourbe,15131,2,33,35,12,48,"[48.84044, 2.294867]"
2026-06-20 00:15:56,899056d29b9b49ec7c6dce8b674a5ce0dc1ba33a,Athènes - Clichy,9036,2,0,2,18,20,"[48.878113787876, 2.32956021945824]"
2026-06-20 00:15:56,9e275628cc9526cacbf20fa5bbb89143e4626923,Stade Georges Carpentier,13117,2,0,2,37,40,"[48.820482438381, 2.3668321967125]"
2026-06-20 00:15:56,ad9ec0605900ab4414fc87597693d4ac8d75718f,Mazagran - Pierre de Coubertin,13027,0,0,0,15,15,"[48.816218640260445, 2.344226874411106]"
2026-06-20 00:15:56,a7202f06df5af11f9f035494f924f53d6530231a,Neuilly - Petit,21118,2,3,5,11,16,"[48.898965361341254, 2.29627937078476]"
2026-06-20 00:15:56,c8f41f2913afbf86f72410bdfa6a35fe643a34e3,Place Jules Ferry,21203,1,0,1,25,28,"[48.812107928414775, 2.325837314128876]"
2026-06-20 00:15:56,bd4630f8c6f7b753d67e8df417059abd61f25802,Censier - Santeuil,5034,2,4,6,63,69,"[48.840658921385234, 2.3537524044513702]"
2026-06-20 00:15:56,0867567c17e4fe467c9df179237817fb0048f8bb,Gare de l'Est - Fidélité,10017,9,4,13,0,15,"[48.874575, 2.356796]"
2026-06-20 00:15:56,c7eb656cf1f2fda6da2a44ce9353ec0e3802b7ee,Cours de l'Ile Seguin - Parc Billancourt,21029,6,11,17,11,29,"[48.82714055843935, 2.234234511852265]"
2026-06-20 00:15:56,cd6721ed15ce881011f97295faf7a92aeb24bb76,Botzaris - Crimée,19025,9,1,10,10,21,"[48.87959698690176, 2.3887913337477067]"
2026-06-20 00:15:56,e0fe179b074c3b785c2a31a3944fc156ed771383,André Maurois - Joseph et Marie Hackin,16003,1,3,4,24,29,"[48.8778983, 2.2789591]"
2026-06-20 00:15:56,a66a93e702cacf7c49533af2039138e67642e9ab,Sérurier - Alphonse Aulard,19208,3,0,3,13,16,"[48.880528901839, 2.398028970957]"
2026-06-20 00:15:56,27ae38d141f3c14c2402f44a715ac20bb73e536f,Eylau - Trocadéro,16014,2,5,7,17,24,"[48.863354122371, 2.2864209115505]"
2026-06-20 00:15:56,43cdd1bf44e1e2838364fbf8663bea6e29c47df1,Pelée - Alphonse Baudin,11103,2,14,16,21,38,"[48.8600265, 2.3710541]"
2026-06-20 00:15:56,1c8ba4849ddac46f6933788b424d3d9d97e927db,Louis Blanc - Jemmapes,10110,7,3,10,18,31,"[48.879330755297, 2.3684485629201]"
2026-06-20 00:15:56,41d36c51b8a302d7b58016b337c66fe9636743b2,Chancé Milly - Cimetière Communal Sud,21115,1,13,14,18,32,"[48.89687189382465, 2.303922325372696]"
2026-06-20 00:15:56,3c3ff405360fcfe23e591f52133a68f71981282d,Belleville - Couronnes,20039,6,3,9,41,50,"[48.868831082877, 2.3809862136841]"
2026-06-20 00:15:56,0dbfefc56c64ac240fb73ab84957202279696716,Marcel Yol - Jullien,21708,3,2,5,25,30,"[48.82537611802588, 2.287235018058929]"
2026-06-20 00:15:56,f42130596bea711dc4232053e78dd826faf489c3,Victor Cresson - Telles de la Poterie,21307,4,25,29,1,31,"[48.822698842979, 2.2686498274964]"
2026-06-20 00:15:56,9619e775a7e38d98cc33eb76278e8d946c8aaef9,Hôtel de ville de Fontenay-sous-Bois,41210,4,0,4,16,20,"[48.84949749106274, 2.4750164151191716]"
2026-06-20 00:15:56,36ef70c3cde723b76897a582febe109d5d50d1ae,Pierre Levée - Fontaine Timbaud,11109,11,6,17,6,23,"[48.86632723374305, 2.3711163550615306]"
2026-06-20 00:15:56,c014a747454eb6f4a1b6b2441c4d419e5afffd6e,Paul Vaillant-Couturier - Gare RER,44002,4,11,15,8,26,"[48.80108159069614, 2.402097210288048]"
2026-06-20 00:15:56,8a69b03301c6181fc6535a766a9c5ccf749ee87d,Commerce - Letellier,15123,2,37,39,2,44,"[48.84797660373612, 2.2966245196598805]"
2026-06-20 00:15:56,0eb232d5a8de8fffa01a11275f559a1eff8b0fa6,Ivry - Simone Weil,13039,2,0,2,16,18,"[48.823283932030755, 2.3659095168113713]"
2026-06-20 00:15:56,24bc5b5f2516ed4dba0f02b93354d73b82f8c1e0,Fessart - Château,21030,1,12,13,4,20,"[48.84245, 2.23989]"
2026-06-20 00:15:56,3aa4f5a3eeec218c2dc39f13d9faad57dca39a03,Cimetière de Boulogne-Billancourt,21031,7,24,31,8,40,"[48.830764, 2.252024]"
2026-06-20 00:15:56,e09a2c0314b38a2c35e2727dd4c6fd19ce5428b2,Ranelagh - Maison de la Radio,16024,3,7,10,9,22,"[48.85293603169479, 2.280449643731117]"
2026-06-20 00:15:56,e10cec6952b33eeb71315908616b76a0077c92ed,Vanne - Saussaies,42305,8,2,10,10,20,"[48.786404, 2.338848]"
2026-06-20 00:15:56,3ea15083a1acb83a13af1015cd9c366ec15b78ec,Jean-Pierre Timbaud - Vaucouleurs,11032,15,22,37,10,47,"[48.867937, 2.377885]"
2026-06-20 00:15:56,1acbe33efb96531e84797a2e1b0ebf6e6a7a5f62,Vaugirard - Verrerie,21955,2,5,7,18,26,"[48.820881336842, 2.2367222622987]"
2026-06-20 00:15:56,dab3e33cff1fc4f093cd2335bc794733a191e8f5,Petit Palais,8001,4,13,17,28,46,"[48.8667692, 2.3157655]"
2026-06-20 00:15:56,2126347997bc5c810a9f5f22919a47d6cd9ac78b,Martignac - Grenelle,7203,2,10,12,12,25,"[48.858278471985, 2.3187066793468]"
2026-06-20 00:15:56,0f2d22e5f49a5098ecda7f6fa83f890f5dbe112b,Pierre Lefaucheux - Traversière,21028,2,18,20,13,35,"[48.82435208303827, 2.2417913004755974]"
2026-06-20 00:15:56,230bc1eab22634ba4a9c480ae950395a72eddb95,Mairie de Romainville,32301,4,0,4,11,17,"[48.885109, 2.435679]"
2026-06-20 00:15:56,9800cb6c378b10afc3faa5973010419a87f57053,Arcole - Notre-Dame,4001,8,4,12,0,14,"[48.853883541328, 2.3493797332048]"
2026-06-20 00:15:56,1ee03406c4e241e9d84e83f22574f9c48e8ccb99,Marignan - Champs-Elysées,8013,3,1,4,36,40,"[48.869495661232, 2.3066138139003]"
2026-06-20 00:15:56,74f940bfe66071132b9c39568fecf46112d1648d,Gallieni - Lycée Charles Petitet,23902,1,3,4,40,45,"[48.927640283627, 2.3308986340524]"
2026-06-20 00:15:56,07156f10726fbd534c02d011e6b80658f962fb25,Buzenval - Avron,20007,6,2,8,40,50,"[48.851617204999, 2.4015135973077]"
2026-06-20 00:15:56,fb394c5441f9535cf3ca0c7cb2fc1668eb22e855,Porte d'Italie,13033,1,1,2,10,13,"[48.817161987718954, 2.360236309468746]"
2026-06-20 00:15:56,ab37d1212850451d42842334c0a67660d81faea3,Charles Gide - Fort de Bicêtre,42701,6,0,6,22,30,"[48.8071937956922, 2.353984415531159]"
2026-06-20 00:15:56,6d1caa944197bc06ef20fdaa6dd5adf3bafcdbc0,Vitruve - Davout,20122,4,0,4,18,23,"[48.86053161154489, 2.4091592812626543]"
2026-06-20 00:15:56,7bd4367a51acbc6071596d4f66ccb98ee387cba2,La Motte-Picquet - Grenelle,15023,0,23,23,11,34,"[48.84858321339195, 2.299347817897797]"
2026-06-20 00:15:56,14f7d3054ec4417cdd6acd0373e8d2b4eef9bb55,Théâtre de La Garenne,22501,0,1,1,19,20,"[48.905658361454, 2.2345951981176]"
2026-06-20 00:15:56,df494fa60e9322aef1c03b61743f224fd31f11aa,Place de l'Insurrection d'Août 1944,42003,3,20,23,7,30,"[48.81477852751594, 2.398074567317963]"
2026-06-20 00:15:56,6b43eb7408eb16095c6edcb39c3b37fd3b10ea28,George V - Christophe Colomb,8549,0,0,0,24,24,"[48.87046, 2.30104]"
2026-06-20 00:15:56,adbd60e7eabf11a1e9d09b0e5bcecf0819314c6f,Lycée Saint Exupéry - Juliette Savar,40009,28,0,28,1,30,"[48.783021513972, 2.4637357216879]"
2026-06-20 00:15:56,2604f59646aaca7493945bf178c64d81d6640029,Président Wilson - Baudin,23003,3,12,15,12,28,"[48.89826887103676, 2.2849336266517644]"
2026-06-20 00:15:56,8a98b2995aaa964232f7603fc83331334bea173a,Jourdan - Monticelli,14131,1,1,2,27,30,"[48.822032, 2.329095]"
2026-06-20 00:15:56,db94a844831e2e76516b514cd9d6186bfc19a502,Porte d'Asnières,17023,3,3,6,28,36,"[48.89035817610495, 2.3036286234855656]"
2026-06-20 00:15:56,3f07b944feee80613cf293eb5d7e308fc7777f83,Camille Groult - Guy Môquet,44007,6,7,13,8,22,"[48.787482746521306, 2.3976725712418556]"
2026-06-20 00:15:56,caaa4edd46534bb1021b8f2ec639c405e94aa1b1,Marché aux fleurs,4002,4,13,17,5,23,"[48.855258115391, 2.3473754525185]"
2026-06-20 00:15:56,a21cb21dcbd67507c45434dcb1476f7588a34d90,Mazagran - Bonne Nouvelle,10105,4,9,13,11,25,"[48.870047123655, 2.3511248454452]"
2026-06-20 00:15:56,3e02c99d57abd40c222b0d1b1681f9454ba247eb,Raspail - Albert Schweitzer,42501,3,7,10,18,28,"[48.81031545, 2.34395871]"
2026-06-20 00:15:56,8c3c976ba7a6141d08e26645f12d51bd8d2a05d7,Assas - Luxembourg,6008,2,2,4,27,33,"[48.843734468779, 2.3334283818759]"
2026-06-20 00:15:56,c60741f5eee614b34990dadd082e99a88ec9033b,Brillat-Savarin - Küss,13109,3,16,19,0,21,"[48.822203, 2.350422]"
2026-06-20 00:15:56,19f137a3caa2137c929aa9b275f3b97e7edd1a30,Place de l'Europe - Quai de Bercy,42209,2,10,12,4,17,"[48.82529858840266, 2.3945679143071175]"
2026-06-20 00:15:56,4e19c9429ccb05f1058e48b714f7db5a3fbc2af7,Charonne - Pierre Bayle,11021,4,0,4,18,23,"[48.858445054262, 2.3903981223891]"
2026-06-20 00:15:56,23a30d323730746471988604873ee85691c20651,Louis Rolland - République,21217,5,3,8,17,26,"[48.81710889740748, 2.3193106434955717]"
2026-06-20 00:15:56,8d4645914f75ae528652056c738de6f625f4315b,Emeriau - Beaugrenelle,15030,8,53,61,10,74,"[48.84791249714942, 2.2843059897422795]"
2026-06-20 00:15:56,70955b5d0cd6d906c2018f72d24b81d6bda51821,Faubourg Poissonnière - Dunkerque,9114,0,0,0,29,30,"[48.880883445404436, 2.349934279918671]"
2026-06-20 00:15:56,96aa4579f2fba29ca0029a4ae0ab792e78975f94,Gare de Lyon - Chalon,12007,2,29,31,14,45,"[48.845666194202, 2.3741452395916]"
2026-06-20 00:15:56,608ed644df2e97dbe0ec3cc1780b37a0712bd026,Colmar - Victor Hugo,25001,6,10,16,16,32,"[48.88652251096166, 2.173960916697979]"
2026-06-20 00:15:56,63eb2b319115109b1298b26bfa491533574507ef,Benjamin Delessert - Jean Lolive,35007,15,5,20,1,21,"[48.89392043619345, 2.417981922626496]"
2026-06-20 00:15:56,b41ef5614d2370238ee3bbbbbfa1ba170c0dde81,Place de la Gare,47001,8,31,39,6,46,"[48.80253358011283, 2.4275037646293645]"
2026-06-20 00:15:56,03f5a5da8a5aa20c073731a010fe9e00d4dfa35e,Gare de l'Est - Place du 11 Novembre 1918,10165,4,4,8,29,40,"[48.876327, 2.3585464]"
2026-06-20 00:15:56,ea13be13db7f031d003d125035061f80accf47bd,Paris - Laitières,43001,3,2,5,17,22,"[48.846302741513, 2.4207553267479]"
2026-06-20 00:15:56,221323b7f5ab6b0c5c1c94745d33ece6dad3faee,Lucien Lanternier - Le Luth,22303,4,1,5,20,27,"[48.93159430558871, 2.2889783978462224]"
2026-06-20 00:15:56,fe08ef1167e15c1afa1943a03fa6572189ea80de,Conservatoire Marcel Dadi,40005,1,11,12,14,26,"[48.790090379157, 2.4535970427243]"
2026-06-20 00:15:56,e100ff7a0379af639adc2ae22063a133b2845d31,Mairie de quartier du Plateau - Mont-Valérien,92001,2,1,3,16,20,"[48.8799933, 2.2072437]"
2026-06-20 00:15:56,e2c03799b71509c05413816a857aa2692e1183e0,Berthier - Place Stuart Merril,17107,7,5,12,24,37,"[48.885927922355044, 2.2933450341224675]"
2026-06-20 00:15:56,9ebd5f11634aaa98c571696a2c080108b70b752a,Lucien Bossoutrot - Général Martial Vallin,15057,1,11,12,26,39,"[48.836956046311, 2.2741072252393]"
2026-06-20 00:15:56,91ca8fdf4d744be6736189c744aebdf91e9ff795,Pergolèse - Malakoff,16002,3,0,3,35,38,"[48.87521088779225, 2.2842781618237495]"
2026-06-20 00:15:56,e6489120fd3b6a15d311ee8c09c1bb3160652ae1,Vaugirard - Pasteur,15004,1,1,2,19,21,"[48.84040868803496, 2.3154367133975033]"
2026-06-20 00:15:56,368d6954b6dfd80dac136daeaffb087a0cac5505,Place Jacques et Thérèse Tréfouël,15005,4,2,6,36,43,"[48.842726498317, 2.3125657439232]"
2026-06-20 00:15:56,eb464673104e7832035a69051f7286820cdae111,Square Louise Michel,18006,10,4,14,22,36,"[48.884687354509, 2.3441386967897]"
2026-06-20 00:15:56,203b88520e2fa49aa49c19ef9897d7ce7c7b8423,Monceau - Malesherbes,8037,1,4,5,29,38,"[48.8795079, 2.3145456]"
2026-06-20 00:15:56,1f775e71294e7063bbf4a18f73a0a9a716560aab,Emile Zola - Fondary,15022,1,30,31,10,42,"[48.847051143113745, 2.2953405976295476]"
2026-06-20 00:15:56,2eba2fed8ff0b81659962449168ccb6e3aa34d03,Paul Vaillant-Couturier - Victor Hugo,23004,4,14,18,16,36,"[48.89819702263572, 2.293848017974069]"
2026-06-20 00:15:56,132eaafee29260eb4c7f3b6a1ed4d9e06161de12,Estrapade - Ulm,5012,1,2,3,13,16,"[48.84512772828, 2.3454568170362]"
2026-06-20 00:15:56,8f48ecbcaf3908382450122cf74dcde3d275dd39,La Jarry - Place Diderot,43010,8,3,11,14,25,"[48.849726940367, 2.4520137906075]"
2026-06-20 00:15:56,1209d200f8d981633e589e65817925405e63905c,Charonne - Bureau,11017,5,0,5,42,47,"[48.854176, 2.396093]"
2026-06-20 00:15:56,9b5d525ac6ebf607519ddd77574d25470ee0626f,Place Lafayette,21306,2,5,7,51,62,"[48.829654975522, 2.2638675570488]"
2026-06-20 00:15:56,8933d01e8ca0bf3306a80ca38de2d519cafc1fcc,Halles - Bourdonnais,1021,3,9,12,7,20,"[48.860448992575, 2.3460162431002]"
2026-06-20 00:15:56,2fd08a88f7072e9cc8b74afdc967ab1d5c3c5612,Charles Tillon - Cimetière Communal,33015,4,16,20,9,30,"[48.91844023641836, 2.3935630917549138]"
2026-06-20 00:15:56,6562bbd7343257615f7b1a37217adc9bc33996e7,La Motte-Picquet - La Tour Maubourg,7017,3,16,19,21,40,"[48.856926701847, 2.3096215831203]"
2026-06-20 00:15:56,06ad28f52d6958b2d103f5b6fe9d7b9bcfac6dca,Saint-Mandé - Fabre d'Eglantine,12018,4,2,6,28,34,"[48.8453579, 2.3965022]"
2026-06-20 00:15:56,3f56e9011f1c3a0f7c3b018325738b8c533b4c6a,Cambronne - Villa Croix Nivert,15011,5,27,32,30,62,"[48.845847561366, 2.3017574474216]"
2026-06-20 00:15:56,d6a3327cfc1807905a669eeef2e14253ae88a1f4,Gérando - Rochechouart,9004,3,1,4,17,21,"[48.88294340845, 2.3464846238494]"
2026-06-20 00:15:56,4cdd88a07be29afac91ba660d8b78144693cfa96,Placette Grégoire Collas,51002,11,0,11,9,25,"[48.94342014002797, 2.2487476095557213]"
2026-06-20 00:15:56,24f25b6a2e3f4f753f6a11bc60d555f7ec9d844b,Suffren - Champ de Mars,15071,5,17,22,1,23,"[48.8547194, 2.2952168]"
2026-06-20 00:15:56,72e1f71f8a3056a39c03c0b383c54014411c4d3e,Fort d'Aubervilliers,33016,4,2,6,14,22,"[48.91502382370325, 2.4035281687974925]"
2026-06-20 00:15:56,da0dce848a5638f7430a0287208e7ee5bc9f15b8,Place Ginette Hamelin,12026,12,31,43,7,51,"[48.837853, 2.382064]"
2026-06-20 00:15:56,ed1ddf608bef4cfef6c4f6dbe5313e880ee3beeb,Saint-Germain - Ciseaux,6012,9,8,17,0,18,"[48.853305277595, 2.3344654618827]"
2026-06-20 00:15:56,16d1eb35639e5e95e736f6477efe92547c250a00,Auguste Blanqui - Corvisart,13009,4,6,10,16,26,"[48.8300989, 2.3502726]"
2026-06-20 00:15:56,38293c56ab99d0bd7b5bfdf5d6a9dba154191c28,Quai du Président Roosevelt - Pont Aval,15311,2,16,18,11,30,"[48.834388367639, 2.2656820714474]"
2026-06-20 00:15:56,ba341eb9ea087719f9b79e8955799aba5aebf459,Conservatoire de Musique,46003,2,3,5,20,25,"[48.770935866676, 2.4034014344215]"
2026-06-20 00:15:56,65ba67357256d395c3e7506ea29f396af935bfd7,Lemercier - Cardinet,17111,2,7,9,15,24,"[48.890097168851746, 2.317377626895905]"
2026-06-20 00:15:56,6e94238a297a6a0274903b9a6ca87b3061bee2f7,Dunkerque - Trudaine,9006,1,0,1,10,16,"[48.88215166773376, 2.3463253676891327]"
2026-06-20 00:15:56,ff9c5a8f5434467a4f9b32e3712acb0cf7d7b3b3,Joseph Dijon - Ornano,18030,4,3,7,29,37,"[48.89374453351521, 2.3476678133010864]"
2026-06-20 00:15:56,f47c70bfdb28682f077b29263adba6036e052f30,Place Nelson Mandela,92006,0,3,3,26,30,"[48.897874318180556, 2.2182820737361912]"
2026-06-20 00:15:56,e61371ffa143675e47d5fed2eafe12b624988e01,Place Monge,5024,2,1,3,17,21,"[48.842761803051, 2.3524079471827]"
2026-06-20 00:15:56,e74f5306d1403294a904b8fc0adec1cca8f29d45,Chemin de Bretagne,21314,6,14,20,7,29,"[48.824753068884, 2.2588385956052]"
2026-06-20 00:15:56,857b696f8ac2dd8ca1a9523e451026d7940d7f4d,Picpus - Louis Braille,12038,4,4,8,50,58,"[48.839988788912, 2.4005256685521]"
2026-06-20 00:15:56,c03f9d7d4327129c4d7fc35f36544a7c334bda32,Rottembourg - Général Michel Bizot,12155,2,38,40,1,43,"[48.83787825992554, 2.4044052511453633]"
2026-06-20 00:15:56,15338b6b7706b931a5fc80120b891121d780f5a2,Geoffroy - Marie,9011,2,3,5,14,20,"[48.873781940593325, 2.344513876337893]"
2026-06-20 00:15:56,9b6b3ed11f84c9fa729ec75fc1ddcbdb3037e6d1,Godot de Mauroy - Madeleine,9034,1,1,2,20,22,"[48.869789, 2.326347]"
2026-06-20 00:15:56,0d0fe6845ce1c948769689f14deb6165b2114775,Madagascar - Meuniers,12035,4,11,15,30,47,"[48.83460464474706, 2.3970650508999825]"
2026-06-20 00:15:56,44853fe8d0172617ab5c50ee8a2c9a4d6d2f74a4,Buffon - Jardin des Plantes,5115,2,22,24,5,30,"[48.842668466104875, 2.3618587106466293]"
2026-06-20 00:15:56,085114b959816816ee7196e47bcc363ce1564f95,Lebrun - Colonel Fabien,44011,11,1,12,15,27,"[48.78266870733145, 2.381317801773548]"
2026-06-20 00:15:56,01be88c5261b13b0a51ff284b2a91c23db614d85,Champs-Elysees - Bassano,8116,0,0,0,25,25,"[48.871811807816, 2.300238981843]"
2026-06-20 00:15:56,3228239d80a823a363e9dd40927adb63cdfd4de6,Charenton - Prague,12101,4,20,24,1,26,"[48.848175129981, 2.3763584494312]"
2026-06-20 00:15:56,ad56b0b35c7bff11e275e33d41bdfff8b87e7396,Esplanade du Foncet - Camille Desmoulins,21319,2,15,17,10,28,"[48.827090233495, 2.2606857866049]"
2026-06-20 00:15:56,8eb8511975df27b22da8dc1a70b971080d96ad04,Charentonneau - Maison Alfort,47009,14,7,21,7,28,"[48.809972406542, 2.443241664773]"
2026-06-20 00:15:56,d60944a04fd6f585e3220a7441581dd94d10d883,Hôpital Necker,15129,0,14,14,25,40,"[48.846043490118454, 2.313245013356209]"
2026-06-20 00:15:56,9b0dfe4f5a3791f950ac469682597ea469f8a5f1,Gare d'Argenteuil,51001,4,1,5,32,40,"[48.947022436806705, 2.256898172199726]"
2026-06-20 00:15:56,d253f9c707449d9aa65166e4903c1666bb817aab,Marché Saint-Germain,6022,5,15,20,0,21,"[48.85165625855281, 2.335500307381153]"
2026-06-20 00:15:56,1214d607bed034f5347347085f0649a9e86bc492,Place Aimé Césaire,21402,7,0,7,20,27,"[48.783194713067815, 2.2429127991199493]"
2026-06-20 00:15:56,ca9dfdd6069f40c90bc1efd32cddcdd017bb1bb1,Bruant - Vincent Auriol,13018,0,6,6,18,25,"[48.834848452929, 2.3668264996271]"
2026-06-20 00:15:56,a57923b45b8e4abd86565b3a8ac7f64d5ba86817,Jean Monnet - Iles,21303,1,26,27,2,32,"[48.823393984057304, 2.2497073194874866]"
2026-06-20 00:15:56,585fd551e1a3c2e9eb12f00b3cba0dbe24b830f1,Condorcet - Turgot,9007,4,1,5,11,20,"[48.87985155789093, 2.345232367515564]"
2026-06-20 00:15:56,628eb26c134ad4d5dfd4197d6f4fba5271ad92cf,Place Charles Michels,15127,6,28,34,2,37,"[48.846401, 2.28502]"
2026-06-20 00:15:56,738122f997adebb74ac251add84828eeb58cad20,Jean Jaurès - Jules Jacquemin,33103,3,0,3,18,24,"[48.88433053604843, 2.4082902455152104]"
2026-06-20 00:15:56,3300cbfca72e63a6eafda37e7b7295b383deb55b,Saint-Benoît - Jacob,6002,7,12,19,3,23,"[48.85545136013941, 2.3334722220897675]"
2026-06-20 00:15:56,8843c2911f799759fd8cf660584641789dfe308b,Davout - Volga,20044,2,1,3,25,28,"[48.852919679957296, 2.410522909779111]"
2026-06-20 00:15:56,11c3d2b6141cef1fea2660f316566be7807f3895,Favart - Italiens,2013,2,4,6,11,17,"[48.871446353921, 2.3382901058508]"
2026-06-20 00:15:56,7fed5ed574740ee8d3bd39e65dc1770338b1ba82,Villiers - Batignolles,17024,1,0,1,22,23,"[48.881252538461, 2.3165384307504]"
2026-06-20 00:15:56,87cd21f2a1cd40384ae2fa3dbd6365f145a0c8f8,Lobau - Hôtel de Ville,4016,19,36,55,4,60,"[48.8562118, 2.3532536]"
2026-06-20 00:15:56,bf1b6aaecba5089bf9cd6fb8a2263173f28e313e,Paradis - Hauteville,10019,4,2,6,25,31,"[48.874999954666755, 2.3522757401923404]"
2026-06-20 00:15:56,263406435e1c9b55844d2385b06b81ad929c5f32,Bréguet - Sabin,11033,6,26,32,1,33,"[48.856931678257, 2.3706749462105]"
2026-06-20 00:15:56,148d9780d1e531d9ad8dedab5ba760fa9d0f927b,Place du Général Leclerc,43201,17,1,18,3,22,"[48.76529107158, 2.3926565092808]"
2026-06-20 00:15:56,e31331d8246ae8b7135e4921246c7cde90714bac,Jardins d'Eole,18039,3,1,4,16,20,"[48.8869703, 2.3668488]"
2026-06-20 00:15:56,0be9edccae947477b60e18b7a05e69a9ce2f7a5c,Plantes - Moulin Vert,14026,7,2,9,36,45,"[48.83005755305626, 2.3232302069664006]"
2026-06-20 00:15:56,cc684bf0c32077f87078c8b137775cca4f3b1303,Gare RER les Grésillons,26004,3,5,8,13,22,"[48.919898633572764, 2.31458459136273]"
2026-06-20 00:15:56,5372955f962484e44854045d1687109cd03673cd,Grande Truanderie - Saint-Denis,1006,6,22,28,2,33,"[48.8626302, 2.3498075]"
2026-06-20 00:15:56,a714aec54cc4039361b113d47b9be857824960bc,Murat - Porte de Saint-Cloud,16042,8,11,19,19,38,"[48.837508626213, 2.2577651962638]"
2026-06-20 00:15:56,4e4ce0081e4d71c55bbc076f9302659fb7ea709d,Crevaux - Bugeaud,16105,0,1,1,30,31,"[48.87080942867, 2.2811490076919]"
2026-06-20 00:15:56,ef7b3199fee4bcd1024516b4248b38585e8a410a,Place de la Madeleine - Royale,8117,1,14,15,25,43,"[48.869228052648, 2.324421107769]"
2026-06-20 00:15:56,42010d1274813de382d2b486372a707f4e6e40eb,Bourdon - Pont Morland,4006,4,43,47,2,52,"[48.8478103, 2.3659356]"
2026-06-20 00:15:56,5e449277f76e6b7c1019bfc5bc8f79f04349be58,Porte Molitor,16036,9,5,14,46,60,"[48.845247635114, 2.256901524961]"
2026-06-20 00:15:56,b26a3345f176785db20e95d2dbd98e2ae012acf3,Epée de Bois - Mouffetard,5015,0,0,0,61,63,"[48.841508690388835, 2.350066713988781]"
2026-06-20 00:15:56,5a42d63dc401fe48b056d16f087394dd5534ec0f,Roger Salengro - Général de Gaulle,45002,6,3,9,18,27,"[48.820029010376956, 2.4846760556101803]"
2026-06-20 00:15:56,e52830a7a4b1651a92919b87fdebe42a2d64de18,Reuilly - Daumesnil,12037,4,4,8,25,36,"[48.8395385, 2.3972516]"
2026-06-20 00:15:56,05baeb70fbd3c14d6b980f8d859f2945039f7a48,Turbigo - Française,1007,6,7,13,3,16,"[48.86358858111446, 2.3477794602513313]"
2026-06-20 00:15:56,c7985a702d2e1415aa4420ec443bed243ee8c53d,Mairie d'Issy,21309,9,27,36,4,41,"[48.823767792468, 2.2723111510277]"
2026-06-20 00:15:56,50c13673908aa81106551c79bac61c96d4c54db9,Tage - Italie,13208,0,0,0,30,31,"[48.822282643954, 2.3584301877038]"
2026-06-20 00:15:56,9b1a8dd040b194e0143308bf3d81ddca5f3d7d3b,Mairie du 16ème,16013,1,0,1,34,35,"[48.863936848471994, 2.2765953093767166]"
2026-06-20 00:15:56,95d77714be8b9736aa2e855557fa8bad2ab91cdb,Louis Lumière.,20104,0,3,3,19,22,"[48.86216198070008, 2.41112578185621]"
2026-06-20 00:15:56,1e85bc0a490ecc7743e46ca1e3b532c64a43ed7e,Jourdan - Cité Universitaire,14135,4,1,5,34,39,"[48.819897343156676, 2.3397007964124366]"
2026-06-20 00:15:56,8a555b6772cade5e36fd0ca5a029d7498d0c7516,Gare Saint-Lazare - Stockholm,8110,1,2,3,29,32,"[48.877127316667654, 2.322417162358761]"
2026-06-20 00:15:56,09c0a2702b86b0da8afe8e8f9558547d089a9125,Gambetta - Père Lachaise,20024,4,2,6,22,29,"[48.864295696165875, 2.398228667282044]"
2026-06-20 00:15:56,afe0a788275c5e1744f6a50ccd844b35c9a3255f,Centquatre,19002,1,1,2,40,42,"[48.889333538455, 2.3707854375243]"
2026-06-20 00:15:56,9001250a603160467f9f2cbf01f2fb05622cab4a,Herschel - Observatoire,6104,7,0,7,47,56,"[48.84342376221923, 2.3376645147800446]"
2026-06-20 00:15:56,dec5d8082d895d68b2837827d5bf0f3cd6deb80a,Pergolèse - Marbeau,16102,3,2,5,21,27,"[48.873568706869, 2.2815125225299]"
2026-06-20 00:15:56,dd845f45b440f57a1e26c5fd122a5e8bc6a04d9f,Sorbier - Ménilmontant,20034,13,0,13,10,24,"[48.868542395661, 2.3897721245885]"
2026-06-20 00:15:56,34b5e7ad61c0e4443418a2b903b50b90995d5562,Cordelières - Arago,13005,3,13,16,43,60,"[48.83548071896613, 2.348572461702221]"
2026-06-20 00:15:56,1855a4c46930cffe0ff202de2fcb84ff17ac47e0,Phalsbourg - Villiers,17019,2,1,3,16,20,"[48.88242307900951, 2.3090453445911407]"
2026-06-20 00:15:56,fa51258fd8fd8cbc78d5fea8fa58624e965b68a8,Petit - Georges Thill,19201,4,5,9,10,23,"[48.88603131999171, 2.3895753175020222]"
2026-06-20 00:15:56,646ded803791b4e0ce5d95beafcd474d485d21d9,Emile Reynaud - Porte de la Villette,19010,5,5,10,12,22,"[48.90098953630053, 2.3887022584676743]"
2026-06-20 00:15:56,e2e24c15c1e3b37ac518b0c465e49b74fa73b9d4,Chausson - Gabriel Péri,22301,5,14,19,4,22,"[48.921891003481115, 2.2952306270599365]"
2026-06-20 00:15:56,72c8a7c81e6dedc2943eff85cdda20b7b5afdac1,Bargue -  Dutot,15132,2,0,2,19,21,"[48.837884, 2.308876]"
2026-06-20 00:15:56,1c4e460f9f1318c7fcdde9c3db35eeebbb256f78,Place de l'Europe - Alfortville,41405,14,2,16,8,24,"[48.78913702405837, 2.4284800887107854]"
2026-06-20 00:15:56,d9d4f21dd7145550a6de1b04cf7ac6e3db58cbd3,Gare de Bellevue,21953,3,2,5,15,20,"[48.8192404685572, 2.2295309230685234]"
2026-06-20 00:15:56,bb978e525b31b27654c6286369f372d166504d15,Sarrette - Général Leclerc,14019,3,2,5,15,22,"[48.825030852925, 2.3264128693982]"
2026-06-20 00:15:56,6f2ce800eb0522cb94ca9098d550fc6ceec68393,Turbigo - Réaumur,3011,8,18,26,2,31,"[48.865574047531, 2.3564198613167]"
2026-06-20 00:15:56,602764d7625497f4563872e51219507116a48a23,Mairie du 8ème,8027,3,1,4,24,28,"[48.877932, 2.318264]"
2026-06-20 00:15:56,d5782e922fee9d324980b0c52c89a0bded386da4,Maurice Payret-Dortail,21506,1,0,1,21,22,"[48.87811957063342, 2.2233625128865246]"
2026-06-20 00:15:56,4f4288a2fe5e1160051dc95a82c18ede74ebad4b,Parme - Clichy,9037,1,0,1,22,24,"[48.881266424227, 2.3281970934506]"
2026-06-20 00:15:56,b03fde8b7815e78e7982d5174d2bfbeea8eb3dd9,Bosquet - Saint-Dominique,7021,6,17,23,4,28,"[48.858651709526, 2.3037165802346]"
2026-06-20 00:15:56,e5dcb1162e3b17845760a841d5eb76706e083b16,Louis le Grand - Italiens,2015,1,2,3,30,33,"[48.870508937204, 2.3340544619393]"
2026-06-20 00:15:56,c73b6c54b9b25d948c70850ef816c0776d314123,Sèvres - Général Leclerc,21026,4,9,13,17,30,"[48.830121559055, 2.2314262390137]"
2026-06-20 00:15:56,6bc973bbf460370a306af7ccf324a69a1a8a0d71,Italie - Vistule,13209,0,0,0,23,24,"[48.823439332972, 2.3582062304047]"
2026-06-20 00:15:56,0fc4542c184d0cdc2498857d59e459bf4755c86a,Frères Flavien - Porte des Lilas,20029,0,0,0,23,23,"[48.8780992764359, 2.41104629853209]"
2026-06-20 00:15:56,ca38189f5f0f4c2fba9f944f9a285f5066098c6f,Joffre - Aigle,22503,1,1,2,17,20,"[48.904033, 2.245096]"
2026-06-20 00:15:56,0b341e88846dd40ad4e2684570c31fefd0b8d5f2,Française - Etienne Marcel,1102,3,20,23,14,37,"[48.864053304653766, 2.347587011754513]"
2026-06-20 00:15:56,bfa7f2bb8c426355b02af17a3f7597c40f2ce10d,Cours de Vincennes - Soult,12020,2,0,2,42,45,"[48.846918761569, 2.4105220288038]"
2026-06-20 00:15:56,3292f99e31e358229fa06930d829e1e08d2ac157,Temple - Haudriettes,3009,2,3,5,13,19,"[48.861636880212, 2.3566960206458]"
2026-06-20 00:15:56,9b215b35bbf9d980db0e7190934cd7deda4d4d77,Blancs-Manteaux - Archives,4014,9,11,20,9,29,"[48.85941800703, 2.3559471219778]"
2026-06-20 00:15:56,ec1d8fea704cbf5749ac53bf0c3db10275320aed,Etienne Marcel - Montorgueil,2002,2,17,19,9,28,"[48.86450567259199, 2.3461959511041637]"
2026-06-20 00:15:56,be5e10d53ebd57fefb83caf525454705752374aa,Gardenat-Lapostol - Velettes,21507,0,1,1,19,20,"[48.87387, 2.224185]"
2026-06-20 00:15:56,d202e8e2ef0b73c2800247c843f1cd9b7ed1554a,Adolphe Pinard - Victor Hugo,14023,1,0,1,49,52,"[48.8236825874564, 2.3077843710780144]"
2026-06-20 00:15:56,df250463a296ed11581adb6b6b8f6a1fe0da7fea,Square Emile - Chautemps,3012,2,5,7,16,25,"[48.867433724231, 2.3536357283592]"
2026-06-20 00:15:56,bb5a3c6b6d379e94c732c02c88c95a897370add5,Fille du Calvaire - Turenne,3003,3,3,6,18,29,"[48.86210505412563, 2.3649600148200993]"
2026-06-20 00:15:56,fcd6cf14a64329ba7efd2f039c754d2132a1e4bd,Cesaria Evora - Rosa Parks,19111,2,6,8,30,40,"[48.89717672825043, 2.3745173960924144]"
2026-06-20 00:15:56,ce917a1a0f991b0e1f8c0b4351cd561bdf949285,Victoire - Laffitte,9111,1,1,2,17,20,"[48.87514373494672, 2.338118505144376]"
2026-06-20 00:15:56,3dd67d4d9ed3a0826ceb3c641e08f084c5008b6a,Gare d'Austerlitz - Pont Charles de Gaulle,13125,6,27,33,38,75,"[48.842319830109, 2.3670300096273]"
2026-06-20 00:15:56,a19eaa2b76923eb4991e0fd9bc33195b23fba370,Sainte-Elisabeth - Turbigo,3005,4,24,28,1,33,"[48.86610337431, 2.3596492409706]"
2026-06-20 00:15:56,c7564a2f2c0408c0807fd75af86966e569a4047b,Pierre Sarrazin - Saint-Michel,6031,2,24,26,6,33,"[48.850908146398, 2.342130728066]"
2026-06-20 00:15:56,6548160e7a798d6edff5e7a4f1b69e59bc6f531e,Eugène Varlin - Place de la Paix,48005,3,4,7,15,23,"[48.792862, 2.363093]"
2026-06-20 00:15:56,3f2fa3dc08baae25402da29e5aa9b04c5608cb19,Froidevaux - Boulard,14133,3,4,7,26,35,"[48.835147319625, 2.3294411972165]"
2026-06-20 00:15:56,a48fed26333e217b1381a91929163919804ade92,Tiron - Rivoli,4012,11,13,24,2,28,"[48.855692253233, 2.3579058051109]"
2026-06-20 00:15:56,7d3e06f41c4f099448e8d523cce0222c3b9c59ba,Alouettes - Maréchal de Lattre de Tassigny,41208,10,4,14,8,22,"[48.85511009293948, 2.4930700287222862]"
2026-06-20 00:15:56,268e1b4d3605409d5b0b77ec7f1a7a5e6f8e9a04,Mairie du Kremlin-Bicêtre,42704,2,0,2,22,25,"[48.81191981537702, 2.3570189997553825]"
2026-06-20 00:15:56,3657f53f81fc79255d3e71d301edee44193f9df7,Rivoli - Musée du Louvre,1014,1,4,5,17,24,"[48.86364636851945, 2.33409583568573]"
2026-06-20 00:15:56,3404aaebdc5873fc6798d73127e89063082b410a,Place de l'Hôtel de Ville,4017,5,6,11,2,14,"[48.8573314, 2.351458]"
2026-06-20 00:15:56,4825ae70f6f3a29d255f9ee10bc52722f6237599,Bas - Gabriel Péri,26006,5,16,21,8,30,"[48.91585580539625, 2.2948095202445984]"
2026-06-20 00:15:56,ab75810bbd68ab8089bbd94bce363537072bc61d,Séminaire de Conflans - Liberté,42211,5,2,7,17,26,"[48.823194, 2.404179]"
2026-06-20 00:15:56,62734665f068d0a3b22f6b402e9281ca8e1c112a,Hippodrome Paris-Vincennes,12163,19,18,37,4,42,"[48.82048387758518, 2.446271181106568]"
2026-06-20 00:15:56,35653aea6794fefabc2016b74c866a45390e2ca7,Gardenat Lapostol - Franklin Roosevelt,21509,0,1,1,23,24,"[48.871839, 2.222505]"
2026-06-20 00:15:56,5cff85645654094e827d6d57eebe390287c65fa2,Jean-Jacques Rousseau - Deux Ecus,1012,2,8,10,11,22,"[48.86297805972131, 2.3414635285735126]"
2026-06-20 00:15:56,9089829c14f9f3f29cbd32deeedebd2a96599462,Candale - Mehul,35012,11,1,12,12,25,"[48.8893935006175, 2.414379715919495]"
2026-06-20 00:15:56,86070f40c8a0971f0db656c59e1f6f624f5819c7,Édouard Vaillant - Place Jean Jaurès,21505,3,0,3,21,24,"[48.86265537999924, 2.2089037319128613]"
2026-06-20 00:15:56,9528d3d284fe3c84b1f71f31ab5aa8e1063f1047,Square Pierre Lazareff,2004,7,5,12,5,17,"[48.867141720746, 2.3483933508396]"
2026-06-20 00:15:56,a828acb21b9be9cc73cd50cdd08065d5d8680af4,Saint-Bon - Rivoli,4018,7,21,28,3,31,"[48.857999643315, 2.3502172809763]"
2026-06-20 00:15:56,ec8bb165cdba18af70de95291994f3eb9cb04952,Quai Jules Guesde - Saint-Simon,44001,5,21,26,4,30,"[48.80391487219, 2.4089661620274]"
2026-06-20 00:15:56,6ace1f654c85a5e7ed3b957cedddb9d0e25f89e2,Village Saint-Paul,4009,19,4,23,2,28,"[48.852639866625, 2.3607301712036]"
2026-06-20 00:15:56,90fbb7558f1b285fdd2a656fd5e98e48711ddf7e,Gare du Nord - La Chapelle,10041,2,0,2,15,18,"[48.884178287286, 2.3561057075858]"
2026-06-20 00:15:56,c60bde5ba9aba6e853c4e23ef88b81dfd18070df,Gare des Vallées,22506,8,11,19,0,20,"[48.913179, 2.257726]"
2026-06-20 00:15:56,a2d42b2a4fdbbe584c79880d3ee8ca251373a526,Square Victor Basch,27001,11,2,13,6,20,"[48.914304862261, 2.2289156913757]"
2026-06-20 00:15:56,de46ec188ba2cf5cb711d5eaafeba94bacb8bef4,Mairie du 2ème,2008,1,0,1,26,28,"[48.8672190355135, 2.3404625437747044]"
2026-06-20 00:15:56,5f373b8ff586dae8c5ad13f8717e9b513b23a649,Ventadour - Opéra,1116,1,4,5,22,27,"[48.866810653323, 2.3343884482519]"
2026-06-20 00:15:56,22f29fdbe5250463faa9d4942f258c6a94fc3ecc,Port - Confluence,32024,8,9,17,9,26,"[48.936093926526, 2.3436167797955]"
2026-06-20 00:15:56,1e0baa726de8ad4969c770dfd1a357cff95028a1,Saint-Honoré - 29 juillet,1017,3,1,4,15,20,"[48.86557114282421, 2.330567417577153]"
2026-06-20 00:15:56,60a0148af5863748da02c8171e83aa32ecab532f,Saint-Amand - Labrouste,15040,4,3,7,28,36,"[48.834097274832295, 2.3087677359581]"
2026-06-20 00:15:56,c86af53cb8c1d7f253368ada2e39c0cbee22496c,Saint Pères - Saint Germain,6201,5,3,8,12,22,"[48.853729675265, 2.3300181032703]"
2026-06-20 00:15:56,52f3edfe77040922f1ac9c78de0067bd73870136,Saint-Placide - Cherche Midi,6026,1,34,35,27,66,"[48.8490535919234, 2.325317971408367]"
2026-06-20 00:15:56,15ddc62a997b0fb5eaab989661bba1c28740cab5,Marx Dormoy - Château Sainte-Barbe,22601,3,5,8,14,22,"[48.791782341055324, 2.297856844961643]"
2026-06-20 00:15:56,b90d111e2531be711e62232c09aae2a2b6ed4c43,Marseillaise - Grenade,19202,5,5,10,34,45,"[48.889371092747, 2.3979396821544]"
2026-06-20 00:15:56,c103df0255680251d817282e7a6bc1da23ad7125,Jouffroy d'Abbans - Villiers,17021,0,0,0,32,34,"[48.884215547037, 2.3056533560157]"
2026-06-20 00:15:56,dfe7325dcf57387c42210086ed72cac015992e3f,Gare RER - Canadiens,43403,4,1,5,35,40,"[48.819659244971, 2.4644082766769]"
2026-06-20 00:15:56,0117db06f4d1cf4015afa122afdaa00657461488,Résistance - Parmentier,31020,4,0,4,30,35,"[48.85965138131299, 2.436705082654953]"
2026-06-20 00:15:56,3a1a1754e7d82b1ef48229a26c5a5d25d7377822,Verdun - Carnot,42028,11,0,11,17,28,"[48.808439376064946, 2.373795211315155]"
2026-06-20 00:15:56,b56c6057266dc49553c761a0970aed6ffccd87c4,Place de la Division Leclerc,22603,2,0,2,31,34,"[48.793824988636516, 2.2731140430551027]"
2026-06-20 00:15:56,098e1aa2a6db8552232fb83d7ddefc0d8767aff0,Cardinal Lavigerie,12113,9,33,42,4,46,"[48.832934193699835, 2.402636749399156]"
2026-06-20 00:15:56,64ac8037f4f0dd89422d253f1c715ae9656f55f0,Porte Dauphine,16201,0,0,0,64,65,"[48.871139344351, 2.2749781616017]"
2026-06-20 00:15:56,d5c08b64a37aa0b1560e75e705162671e18cd78a,André Theuriet - Blagis,23042,5,9,14,13,30,"[48.77977325745441, 2.3130525648593903]"
2026-06-20 00:15:56,fcc08e1ea6b963db08ec836e977e0927be2c5e01,Henri Barbusse - Marcel Cachin,32022,8,14,22,11,37,"[48.93742089281, 2.3720374971659]"
2026-06-20 00:15:56,d707541ffd056b21761a26e0e77c021c7fe040c4,Jules Guesdes - Carnot,32020,5,8,13,2,16,"[48.93828169931872, 2.3508992046117783]"
2026-06-20 00:15:56,cab9e5e65409f88e68b136fd1820c1ecff7a3c10,Victor Hugo - Gare,27006,6,3,9,12,22,"[48.923133952658, 2.2600970417261]"
2026-06-20 00:15:56,d546e67443815e03de9038a8e628202db99aaee1,Place André Malraux,1015,7,12,19,16,37,"[48.863925158727, 2.3356226831675]"
2026-06-20 00:15:56,a20dfc9faf24da52e91e99a07ecb37e2eb1f3ba4,Coquillière - Louvre,1024,1,5,6,15,21,"[48.863795909662, 2.3425736278296]"
2026-06-20 00:15:56,f5d25534d6d2abe3ebf226400a5729ed37683324,Porte de Pantin.,19046,9,2,11,19,33,"[48.889199725577, 2.3950181901455]"
2026-06-20 00:15:56,ca2a77688829d5ee49bc2ecfc4ca2e47b605cf34,Saint-Marc - Feydeau,2102,0,4,4,32,37,"[48.870326843044, 2.3418715826353]"
2026-06-20 00:15:56,f528b55e9a2a511568d462c2716ab76eb1d12a97,Danielle Casanova - Opéra,2020,1,3,4,16,20,"[48.867643242297, 2.3333894088864]"
2026-06-20 00:15:56,3c2960d497ee6e6b23dd2d15c1e5a0da002ca0b4,Vaugirard - Monsieur le Prince,6029,1,8,9,17,26,"[48.848951441614, 2.3411329463124]"
2026-06-20 00:15:56,917f30253415faf1a7ab432d03ca449e13d3f329,Henri Barbusse - Gabriel Péri,23202,6,0,6,20,28,"[48.801773795836, 2.2874166362216]"
2026-06-20 00:15:56,d4dab5bf47996d7a3b755b489f45e02380493ed6,Saint-Mande - Picpus,12016,3,1,4,31,35,"[48.845127728278, 2.4015686296482]"
2026-06-20 00:15:56,262dd70f9ca461a49cf0bb97fd37725f8a720a95,Quai de Sèvres - Manufacture Nationale,23104,4,4,8,20,28,"[48.828688, 2.22499]"
2026-06-20 00:15:56,da70220d1c9db2f25e80df0a8ceb0fbb2b71f9cb,Paganini - Davout,20140,4,0,4,18,22,"[48.85135, 2.412021]"
2026-06-20 00:15:56,73ea2948cb061f8827c18eeea7caf7f1fd188da6,Stalingrad - Henri Luisette,48012,10,7,17,8,26,"[48.78363092456589, 2.366935946761926]"
2026-06-20 00:15:56,c1a5a166003d2610cd8dd659f56bda951fccff84,Gare de Robinson,23303,0,2,2,28,30,"[48.7799259211605, 2.281828634440899]"
2026-06-20 00:15:56,0328eb834fd658d1e823ccde0960d6f88e0bc98d,Sorbier - Gasnier-Guy,20010,1,0,1,31,34,"[48.865217631011, 2.3936596512794]"
2026-06-20 00:15:56,e3803242d9d5fac8994674e983136824c3402a2a,Gare RER - Maurice Grandcoing,42022,2,17,19,18,37,"[48.813881, 2.392429]"
2026-06-20 00:15:56,eae2c57a4d832c800f5c0e88cd9e4b3ac42b6ba1,Dutot - Place Alleray,15018,2,2,4,52,56,"[48.836826091766, 2.3071701095578]"
2026-06-20 00:15:56,cf4f329f2ec9a419c5c2c558af292bf2e5b49e39,Mairie,32605,2,0,2,17,20,"[48.87914304162, 2.4163350908311]"
2026-06-20 00:15:56,d4df3e70323b8ddefac245b231c753a0179d1e17,Jouffroy d'Abbans - Malesherbes,17020,1,1,2,24,27,"[48.8850134, 2.3070717]"
2026-06-20 00:15:56,14938d483f0f46e3c8fa8502be4f0e890facc022,Bichat - Grange aux Belles,10202,9,15,24,1,30,"[48.873688, 2.365015]"
2026-06-20 00:15:56,371efc974000f7d7f0dcbe0d68f4064dcc6c128a,Mûriers - Père Lachaise,20142,3,2,5,14,20,"[48.864130509668044, 2.39164982067019]"
2026-06-20 00:15:56,4c61f94450018e77ff6d03ed74a238190940769e,Riquet - Marx Dormoy,18010,9,2,11,23,36,"[48.89021003702, 2.3601756244898]"
2026-06-20 00:15:56,cd19feb786a9417c68f6cbbbdbc9a258150feaa6,Ney - Porte de Montmartre,18135,4,1,5,19,24,"[48.897918, 2.3364872]"
2026-06-20 00:15:56,2bf11e0d33ba05ca3a6c7780cd819d975c714a69,Clef des Champs - Albert Dhalenne,34011,3,3,6,22,28,"[48.914938, 2.330665]"
2026-06-20 00:15:56,3047efc08afc737394730408214c97f7d5c7d1cf,Gare - Aristide Briand,21329,0,24,24,4,29,"[48.821410564722, 2.2555950104387]"
2026-06-20 00:15:56,9d0bdf518d40022ab17e011220d1a7cff7619169,Place du Maréchal de Lattre de Tassigny,21704,6,13,19,8,27,"[48.821707715257055, 2.2853431485432423]"
2026-06-20 00:15:56,32ac0cebea47eed193c71305ccdd7afc021f86fa,Chevaleret - Louise Weiss,13015,1,11,12,23,35,"[48.832586513351, 2.37121138812]"
2026-06-20 00:15:56,ed779c38259dc50254214d6b561ef28a8e994877,Bons Raisins - Voltaire,25007,1,0,1,23,24,"[48.87282451461399, 2.1947155570850896]"
2026-06-20 00:15:56,ab75ba62d38623cc64617f70f09c3e2ac533a72e,Bobillot - Tolbiac,13024,2,2,4,29,33,"[48.8255961335041, 2.350204177200794]"
2026-06-20 00:15:56,d3932d278d3e7e4d7128b3f0ab6d01da3f8007bf,Edith Cavell - Volta,24005,2,3,5,27,33,"[48.901616564286975, 2.269354350864887]"
2026-06-20 00:15:56,cd4749e25b2eb9f1cb8c533f55d0018a69dccd7b,Mairie de Rosny-sous-Bois,31104,21,3,24,3,30,"[48.871256519012, 2.4865807592869]"
2026-06-20 00:15:56,508a3c119ea5118cba36ca03569ac419be80ce4c,Gobelins - Port-Royal,5027,5,20,25,14,40,"[48.837135900263, 2.3515201359987]"
2026-06-20 00:15:56,06d25235eba9febf47dafdf554a39fa799ced706,Porte de Versailles,15203,2,3,5,22,28,"[48.832324016657, 2.2875617349045]"
2026-06-20 00:15:56,f05c36fd4baa7694639600a3709b6bcd0629c209,Euryale Dehaynin - Loire,19117,13,5,18,8,30,"[48.886248917304805, 2.3774591088294987]"
2026-06-20 00:15:56,aed49f6cb5650023d23805cf5d724baa354e0889,Lecourbe - Convention,15053,7,26,33,12,46,"[48.83923319241899, 2.2915197908878326]"
2026-06-20 00:15:56,58b36ea47aca18aaaf11861c5373caf4298a56eb,Dôme - République,21022,5,9,14,11,25,"[48.832681, 2.250257]"
2026-06-20 00:15:56,ea22403bb2423297dfc0809f813539fc5606458a,Franquet - Labrouste,15041,1,2,3,33,37,"[48.83287705011431, 2.306762784719467]"
2026-06-20 00:15:56,a4882553ead9ab325d3cd7503204a8ed530121f6,Place de la vache noire,41103,4,1,5,16,25,"[48.81040517059777, 2.327060401439667]"
2026-06-20 00:15:56,b931963af4c1147c874465ecab36b7e593f5a247,Place Charles Digeon,41602,12,9,21,10,32,"[48.84354203133597, 2.418427169322968]"
2026-06-20 00:15:56,c33d0d2a704dc6e2a358d504bb55abcad2c28e15,Félix Faure - Convention,15069,1,39,40,1,44,"[48.841249336041, 2.2883866008495]"
2026-06-20 00:15:56,90e692e26deb2204b4914bbd1c3c0bbc748b258e,Gergovie - Alésia,14027,5,1,6,48,54,"[48.83088717455243, 2.318882101207347]"
2026-06-20 00:15:56,b95feecf577a915fd187ff4ad9b97458525a2df1,Général De Gaulle - Vivien,41605,3,4,7,15,22,"[48.83607420090204, 2.4189166724681854]"
2026-06-20 00:15:56,032212cad8ebca144cb4328568ddfbdfcdc700f7,Hector Malot - Daumesnil,12008,5,46,51,2,54,"[48.84693552991762, 2.3770876228809357]"
2026-06-20 00:15:56,d00b0c8b4101d94588ea708d6f3f08f6d6058e77,Bercy - Traversiére,12102,5,21,26,2,30,"[48.846192642574, 2.3703800886869]"
2026-06-20 00:15:56,172f26762a9fe9e7091021931029e3460eea1af8,Pierre Joseph Desault,13120,4,14,18,0,19,"[48.82110230800372, 2.378775402903557]"
2026-06-20 00:15:56,7f689c4ae81f8ca05e57829947d88ea92feb3189,Dom-Pérignon - Gravelle,12119,11,2,13,37,50,"[48.825481574435, 2.409880310297]"
2026-06-20 00:15:56,6ab268b682b4289dd4dd93ad22d417b24a5ce482,Duméril - Jeanne d'Arc,13006,6,14,20,19,40,"[48.838151608087, 2.3571084495564]"
2026-06-20 00:15:56,36d7f457b8a9f66f9bd5a6ef4c9b910ee3227e7c,Port Royal - Hôpital Cochin,14004,2,1,3,18,23,"[48.838608030238, 2.3406994164846]"
2026-06-20 00:15:56,dbf1e5155275010dcc071b821b37d9452d9094c8,Hôtel de Ville de Vincennes,43007,1,4,5,22,27,"[48.84827609706963, 2.4398955702781677]"
2026-06-20 00:15:56,1497c852f31c54095340945f0faffdd9113c8537,Dominique Pado - Croix Nivert,15050,3,17,20,1,22,"[48.83648798164934, 2.2897250577807426]"
2026-06-20 00:15:56,ab1489a82baecf7d71520f18b7016fb42a80a275,Jean de la Fontaine - Boulainvilliers,16025,1,34,35,32,68,"[48.85264791461651, 2.2758664190769196]"
2026-06-20 00:15:56,37065ba1e475f21f8dad8fedef68c9d857094fe9,Olympiades,13036,4,2,6,30,36,"[48.826764665199, 2.3650860786438]"
2026-06-20 00:15:56,36316cf545a59ff635af34919a18655734e1cdfb,Tombe Issoire - René Coty,14009,0,0,0,34,36,"[48.830512876709, 2.3343613743782]"
2026-06-20 00:15:56,888d3b5553eb13a653783359c44038e3fc9804e6,Pereire - Saussure,17117,0,6,6,26,32,"[48.888229075478, 2.3101296275854]"
2026-06-20 00:15:56,1640aeaacdfa67518148cb97abfad4871b10c910,Siam - La Pompe,16017,2,2,4,12,16,"[48.861720329027264, 2.275346568555312]"
2026-06-20 00:15:56,1ed414c983fd68f444811059598951610426e574,Marcadet - Ramey,18021,2,2,4,35,39,"[48.890875, 2.3449019]"
2026-06-20 00:15:56,0a9f692877e17c2260fdc71d9ed2933b8da02b73,Saint-Séverin - Saint-Michel,5033,5,23,28,2,30,"[48.852731305488, 2.3440927639604]"
2026-06-20 00:15:56,507da3aa52d9a7558aa77e52dcbe2c3b65df395b,Lavoisier - Missak Manouchian,31105,7,3,10,8,18,"[48.86286468896063, 2.495676465332508]"
2026-06-20 00:15:56,4ab514158ea4423920f7e2ed1253e798e27c8e68,Général Leclerc - République,22701,21,7,28,2,30,"[48.915885074177, 2.2682306702811]"
2026-06-20 00:15:56,e6958fa82611d1ad73a7e8f24b25242489452104,Legendre - Nollet,17110,3,1,4,26,30,"[48.887742186754224, 2.320293079881375]"
2026-06-20 00:15:56,3ac6d5a3f0f295462658831e9c6b0e6a75a4850f,Pierre Brossolette - 12 Février 1934,22404,3,1,4,21,25,"[48.8176962416867, 2.3076123744249344]"
2026-06-20 00:15:56,ce5ce65f63a16faeabc9f5cfd26d846babec658d,Square des Amandiers,20032,5,0,5,20,26,"[48.86615630668046, 2.3891324177384377]"
2026-06-20 00:15:56,b7e63da3116766c6951116f0221b79ef9fac1588,Maine - Jean Zay,14035,6,12,18,31,50,"[48.837925263898, 2.3225428909063]"
2026-06-20 00:15:56,c03cb2fb2adf4a4576854e2303999dffb52a609c,René Coty - Place Denfert-Rochereau,14005,3,3,6,29,36,"[48.833056477316, 2.3329411447048]"
2026-06-20 00:15:56,423be310305b5069eac2fbed972334497c87ed15,Rome - Provence,8007,1,2,3,27,30,"[48.874230055580306, 2.325570111724113]"
2026-06-20 00:15:56,95f611b802c2a1ff8a5160629800b162f4dd279e,Guy Môquet - Compoint,17006,2,10,12,21,36,"[48.89213559044868, 2.32321947813034]"
2026-06-20 00:15:56,eeed169559717a0d35c2c9ebf5eb6d7dee6036d5,Championnet.,18101,3,1,4,17,22,"[48.8953643, 2.3498166]"
2026-06-20 00:15:56,9bbe2005c0ebca23ec5db260a13778d06d63282f,Quatre Vents - Carrefour de l'Odéon,6028,2,31,33,3,37,"[48.851751374458864, 2.338161695134053]"
2026-06-20 00:15:56,d229ab45d051686a80c3aca3b832e242a7913814,Reynaldo Hahn - Lagny,20005,5,2,7,11,19,"[48.849266043601794, 2.412330328844772]"
2026-06-20 00:15:56,ee03689437a176324d270aa60677b239fe5eda15,Bois de Vincennes - Polygone,12122,0,1,1,49,51,"[48.83544491617421, 2.431421081436563]"
2026-06-20 00:15:56,098c58d522982d20470206566bdcb2aad655c195,Colonel Pierre Avia,15120,4,22,26,1,29,"[48.8296843300915, 2.275342586850291]"
2026-06-20 00:15:56,75408059e1e6a91309fe2c05fa67c965a5937115,Arthur Auger - Jean Jaurès,21205,1,1,2,24,26,"[48.813736445585235, 2.3069277405738835]"
2026-06-20 00:15:56,d8450bd30ac17bfddcf07c42df644e37bae32525,Regard - Rennes,6004,2,8,10,36,46,"[48.847385404956, 2.3268555477262]"
2026-06-20 00:15:56,9a2ccda5184e2fde2e651515ca58ff2a0c7470af,Pasteur - Cotentin,15114,4,0,4,28,33,"[48.8389284, 2.316356]"
2026-06-20 00:15:56,0206b723c6c6b63522ae7dd802bbaf82c4fbae4f,Lorraine - Jean Jaurès,19014,9,8,17,1,19,"[48.8863865, 2.3825772]"
2026-06-20 00:15:56,69542a4258a5a7e7337a6d044df9642de54873db,Volontaires - Vaugirard,15014,1,10,11,23,34,"[48.84132050184004, 2.30808901725357]"
2026-06-20 00:15:56,ffacfe19bac3a4676b09e28beea78e013fae3974,Guillaume Bertrand - République,11028,16,3,19,19,38,"[48.863825174341, 2.380906377155]"
2026-06-20 00:15:56,abb47fa1893cfe83df4e73fb9f45ccd43d339d8c,Fief - République,21027,0,7,7,15,25,"[48.83170888166024, 2.255771979689598]"
2026-06-20 00:15:56,f5798971dc21e8165f64bda300d2980bb6394442,Crimée - Ourcq,19001,11,7,18,36,56,"[48.894104140316, 2.3729460884673]"
2026-06-20 00:15:56,32d943cdbc386d7603a5d38d0e671f1e79b9f3c6,Porte de Charenton,12040,14,12,26,39,67,"[48.831240105856, 2.3989107459784]"
2026-06-20 00:15:56,780614fddf13a4e620a1a54e933ccad689b6b0d0,Mairie du 20ème,20106,8,3,11,14,27,"[48.865302324275, 2.3990669846535]"
2026-06-20 00:15:56,722dde4d97e6b1eafa24cd57511052a270b37299,Ménilmontant - Oberkampf,11029,27,3,30,10,40,"[48.866617658681, 2.3830134404158]"
2026-06-20 00:15:56,1e0e1b7a031ff6333d4d8e8e180e73df383ab637,Montparnasse -  Square Ozanam,6005,6,2,8,40,49,"[48.843310567822, 2.3265242949128]"
2026-06-20 00:15:56,5f92fa95064d93efa940478ccf0f63933ada7295,Place Saint-André des Arts,6020,1,5,6,5,13,"[48.852886173881, 2.3426544293761]"
2026-06-20 00:15:56,537944e145b92b8bda43a22be25e3786594b6cda,Rond-Point Rhin et Danube,21007,3,43,46,2,53,"[48.840452820991764, 2.2280225157737736]"
2026-06-20 00:15:56,0ce679de6773b7457b29600b0cf5431958356da4,Flandre - Ourcq,19007,5,3,8,19,30,"[48.89260159189023, 2.3790915682911873]"
2026-06-20 00:15:56,0fe9eba3f93464eb1cf0ddf6a7797f4fb21a718f,Point du Jour - Jean Jaurès,21016,0,11,11,29,40,"[48.828753141436465, 2.245911467014621]"
2026-06-20 00:15:56,9fcd43e7258e02fd263a288daa77c53373cce0a5,Saint-Maur - République,11018,0,0,0,50,50,"[48.864185861455, 2.3783174157143]"
2026-06-20 00:15:56,c1661f7ee51ef50dc315c05865ef13b1339b3440,Metz - Marne,19123,25,6,31,0,33,"[48.891163, 2.3865705]"
2026-06-20 00:15:56,f55cae206f5b2eaa4b7d65e7efb91eb1e4c946c7,Bertrand Sincholle - Henri Barbusse,21107,3,8,11,12,23,"[48.89925982394349, 2.3042294383049016]"
2026-06-20 00:15:56,c5bb999e028c7631e4bdd5cc0eef3a6df46f606a,Commandant Charcot - Bretteville,22007,2,23,25,10,36,"[48.87530570765423, 2.2558460757136345]"
2026-06-20 00:15:56,c01cd706eb636d71ab2a8bf8c339d44717c9ddfa,Ivry - Baudricourt,13037,2,1,3,16,20,"[48.824695995415006, 2.363106073577468]"
2026-06-20 00:15:56,1e1ed1f9e00006c97da6b6ce08d55dd80895a3df,Saint-Mandé - Docteur Arnold Netter,12017,6,27,33,18,53,"[48.84462585769668, 2.404946386814118]"
2026-06-20 00:15:56,0018d58e902fa25fa36ba68125218101791c51f1,Jacquier - Didot,14025,1,0,1,28,30,"[48.82953336292279, 2.318179272115231]"
2026-06-20 00:15:56,d65476695c08103da2994959c9bb82a0191a13cc,Verdun - Pierre et Marie Curie,42027,8,2,10,16,26,"[48.812822398263286, 2.3707106709480286]"
2026-06-20 00:15:56,3ab361f2aead729352f10a78011f716812581fc9,Etienne Dolet - Place Maurice Chevalier,20033,14,4,18,29,47,"[48.86798303359366, 2.3851405311143026]"
2026-06-20 00:15:56,f5163eda31fd0d7286c9607a4dbb891b6691fffc,Convention - Campus de Bobigny,30005,9,9,18,8,32,"[48.914920058264, 2.4172238067445]"
2026-06-20 00:15:56,17953e335904954155137df5510f513967c87a93,Batignolles - Abel Truchet,17050,9,8,17,7,28,"[48.883103904582, 2.3238347490884]"
2026-06-20 00:15:56,15105eb5709fa52035e5095e76cb2fb93a00309c,Saint-Marcel - Hôpital,13013,1,19,20,0,21,"[48.839504424583, 2.3609894170229]"
2026-06-20 00:15:56,72cc68173139dede0c30f582728124668829f7ff,Alfred de Vigny - Place du Général Brocard,8044,0,2,2,29,33,"[48.87836138361425, 2.305254448220567]"
2026-06-20 00:15:56,217b2f61594a862bc10b9315c07da37994765b71,Temple - Jean-Pierre Timbaud,11040,3,15,18,17,36,"[48.86446597201, 2.3660597205162]"
2026-06-20 00:15:56,9679d9b5647e95a6e052d9b294dd71cd94050da4,Général Michel Bizot - Claude Decaen,12039,6,19,25,24,50,"[48.834812629825, 2.4009277881277]"
2026-06-20 00:15:56,af0e810c9d7cdb5e7fc2f895917d12d8b14dc8ee,Marcel Monge - Marcel Dassault,21511,1,13,14,32,46,"[48.86096384533371, 2.2246733296048142]"
2026-06-20 00:15:56,6096a4e974bf5b2c262f8a1b33b9772493a4a78c,Pablo Picasso - Olympiades,41213,5,7,12,24,36,"[48.855203, 2.48724]"
2026-06-20 00:15:56,c660919b8e3a4e777dcfd1985d2179475d9de294,Sèvres - Maréchal Juin,21033,1,15,16,2,18,"[48.8324305, 2.2292812]"
2026-06-20 00:15:56,04c51a10ab2b6f3b28d311730784db378d6bae78,Legendre - Clichy,17004,3,2,5,34,40,"[48.888961618559, 2.3225289750944]"
2026-06-20 00:15:56,c93cf3412c27f0b5925d821a07381549146705c7,Claude Debussy - Marc Bloch,21112,6,9,15,40,56,"[48.910388180512, 2.3117771744728]"
2026-06-20 00:15:56,54717b8942d89619b71e3fb58862f203e1baea81,Charles de Gaulle - Rue de l'Alma,24010,11,7,18,6,28,"[48.896620592993, 2.252313240191]"
2026-06-20 00:15:56,4493404712aeed47b018bbfebe7c2ef78e6c7a7a,Payenne - Square George Caïn,3201,3,3,6,16,24,"[48.8578329, 2.3622643]"
2026-06-20 00:15:56,d100aa44d1b834dd93054b7aabf9cb9d252aeab1,Pyrénées - Ménilmontant,20035,1,0,1,25,26,"[48.8693268535238, 2.395084574818611]"
2026-06-20 00:15:56,587f79ae4a1eed52d77106d4514b3b562f3a4e71,Pavé des Gardes - Charles Vaillant,23106,0,0,0,20,20,"[48.81168551728, 2.2111820107205]"
2026-06-20 00:15:56,0690671c741b50adbd71fb792e5b44282165abf8,Félix Faure - Lourmel,15032,1,28,29,29,58,"[48.83868901709515, 2.2818081825971603]"
2026-06-20 00:15:56,39a3d626530bfbbeb14da23fca81d4c77dc63c5c,Gambetta - Saint Fargeau,20037,1,0,1,23,24,"[48.871244610447015, 2.4039056897163396]"
2026-06-20 00:15:56,7e120e5005a45f75ebe34ca1e4e06dc596ac7f90,Macdonald - Césaria Evora,19045,16,7,23,39,67,"[48.89883, 2.37933]"
2026-06-20 00:15:56,2417b28e07300642d8ca89190e75e03c35247505,Gare RER - Général de Gaulle,22302,13,18,31,9,41,"[48.933548439566, 2.3064726536317]"
2026-06-20 00:15:56,1316b380ef536e45d7132d62949bc4df73410b14,Chevaleret - Tolbiac,13053,0,10,10,24,35,"[48.82941, 2.375934]"
2026-06-20 00:15:56,fbbc6a5b4978a266d260163a67ef4be2ba313f24,Epi d'Or - Chevilly,48011,0,2,2,17,20,"[48.781109786782, 2.3549050362061]"
2026-06-20 00:15:56,767533ddfed1bad2dbe82cd4551d9272127d5c1c,Musée d'Orsay,7007,3,11,14,50,65,"[48.859726157909, 2.3258604481816]"
2026-06-20 00:15:56,9669c4e3fad39dbf4b6dea4afdd52a99d734e255,Abbé Groult - Convention,15039,0,0,0,27,27,"[48.83596927866069, 2.302064039509349]"
2026-06-20 00:15:56,d6c6b542da823c9cb1bea5f4ff45c30bf3f4cd5e,Stalingrad - Barbara,22208,0,2,2,18,20,"[48.809223658808, 2.3175904558822]"
2026-06-20 00:15:56,cca5f68306bbd770875e72ccf5d9152c8a8d5338,Cartier Bresson - Denis Papin,35021,3,1,4,26,31,"[48.902616, 2.397814]"
2026-06-20 00:15:56,5df59ea4aeaaef14ed0f6511ca3d9f5768875fcf,Saint-Germain - Verdun,32305,1,0,1,29,30,"[48.882877330093, 2.4331868384644]"
2026-06-20 00:15:56,7797678971f71b45f8598f34a93f9d155eb513b6,Jean Jaurès - Place du Dr Roux,22305,6,13,19,16,35,"[48.927567032796, 2.2947337017374]"
2026-06-20 00:15:56,80ae8d088772779a4fe6d3febe1057189e533786,Châteaudun - Place de la Liberté,22507,10,3,13,13,26,"[48.90970830301211, 2.2454486480600626]"
2026-06-20 00:15:56,04bab519abb30ec01ebd3cba4641734cfdd1f2ae,Faubourg St-Antoine - Place de la Nation,11201,4,0,4,12,16,"[48.8487726, 2.393606]"
2026-06-20 00:15:56,7c6b34af5a260cc9f6a8458345cb94398eaf05de,Place Henri Dunant - Gare RER,22602,3,21,24,4,31,"[48.788093281931, 2.2909234046643]"
2026-06-20 00:15:56,e120b14460151db1d30aa7744117931bc0088390,Maréchal Leclerc de Hauteclocque - Marché Buzenval,25010,5,0,5,25,30,"[48.858446, 2.192077]"
2026-06-20 00:15:56,122b0c50d3f100e55180b7f1d53da3e2d3b226d6,Parc des Pierrettes,23205,6,0,6,16,23,"[48.7973062, 2.2909969]"
2026-06-20 00:15:56,e4948e27a53fefb5f0d1d901515e509fe7f58f90,Guy Môquet - Jean Moulin,32023,5,3,8,20,30,"[48.940931521020836, 2.363948999931771]"
2026-06-20 00:15:56,0f3ecc72a3253bf9df18ad4358723a24157f0352,Champs de Manoeuvre - Cartoucherie,12165,5,26,31,2,35,"[48.835261, 2.447974]"
2026-06-20 00:15:56,1b8d10397d344cfb58bde9b601b17fd81fd45b76,Charles de Gaulle - Les Sablons,22018,3,0,3,32,35,"[48.880987514929, 2.2715748726513]"
2026-06-20 00:15:56,52135e5e7c15a83eafff954e350470971e171cfc,Président Roosevelt - Rouget de Lisle,21320,4,16,20,20,40,"[48.83047518749, 2.2616135525345]"
2026-06-20 00:15:56,a2ef9a6e683083bde2b78334a6dab0f147dc5ef8,Richard Lenoir - Place de la Bastille,11001,7,34,41,9,53,"[48.8538327, 2.3697222]"
2026-06-20 00:15:56,60b8c2910c1522002059e488ed32ec1c953034b4,Jean Bouin - Gouverneur Général Eboué,21327,0,23,23,6,31,"[48.824792734266, 2.2651904328524]"
2026-06-20 00:15:56,0ac3508c6d7efa0e01ef07ccb4f7d6b8b08e8fbb,Division Leclerc - Kléber,23203,3,0,3,21,25,"[48.798666226364, 2.2833752789972]"
2026-06-20 00:15:56,75d49b4dec5b1c850495ccd064ccd1efe00be488,Gare Saint-Lazare - Place de Budapest,9035,1,0,1,42,44,"[48.877753, 2.327339]"
2026-06-20 00:15:56,914663d218881083113d6be3804c4569704caf49,Adrien Lesesne - Docteur Bauer,34005,1,3,4,25,30,"[48.90263867304635, 2.348248063431511]"
2026-06-20 00:15:56,9647179b0874f2e11d5f5805cfc4961c9c93304a,Porte de Clichy - Place des Nations Unies,17127,1,17,18,21,40,"[48.896737263309504, 2.310542999196392]"
2026-06-20 00:15:56,9e4bf5ca66b731c75908f8536b2392cac86017e1,Marceau Delorme - Pierre Brossolette,26009,7,10,17,11,28,"[48.91206062860357, 2.295897423568745]"
2026-06-20 00:15:56,c041674785f11cb73185b1bfa35ba4f3b9de30e8,Roland Garros - Jean Bouin,23204,6,0,6,22,28,"[48.809460857173, 2.2853198638301]"
2026-06-20 00:15:56,03a21adbe7d95557be1a351784bc9b5443f95c17,Place de la Paix - Abbé Saint-Pierre,21514,2,1,3,20,24,"[48.86462724459225, 2.2047570338469806]"
2026-06-20 00:15:56,1c70c46f109505b846ebb6679629e0dfb03310ae,Simone Signoret - Paris,31303,15,5,20,5,28,"[48.903600624712865, 2.465406596265139]"
2026-06-20 00:15:56,d41cff235315df33a744944d3de19a92767e233f,Convention - Vaugirard,15052,2,38,40,20,62,"[48.837676822332, 2.2955869260203]"
2026-06-20 00:15:56,edd8d6b006d239b8d2d88054f4826e68dedbc00d,Pontoise - La Tournelle,5107,8,13,21,1,23,"[48.850458009188, 2.3524542754922]"
2026-06-20 00:15:56,1608553081322d33584ab6962aec4762a0f8f762,Gare de l'Est - Chateau Landon,10026,4,1,5,52,59,"[48.879305, 2.362424]"
2026-06-20 00:15:56,43a73f95adc9b31ad98d4589c1d3068c8c252855,Jonquière - Docteur Paul Brousse,17010,4,8,12,42,54,"[48.894799816683985, 2.318705212173216]"
2026-06-20 00:15:56,b47e9ea607f229ed56ff88cf961560d145fab719,Ordener - Poissonniers,18023,1,1,2,33,35,"[48.891213890844654, 2.351288666219873]"
2026-06-20 00:15:56,4e1ed46c3a7617b60e59262654341420e53c1862,Ruisseau - Ordener,18026,7,1,8,41,53,"[48.89299462568024, 2.340144887566567]"
2026-06-20 00:15:56,5090f190313cf3b7a89b71250362741c9673322b,Clignancourt - Ordener,18024,4,2,6,28,35,"[48.891457726153774, 2.348636478060487]"
2026-06-20 00:15:56,deed50860b69f334880f27cc809251365c44e536,Choisy - Pointe d'Ivry,13205,3,0,3,21,24,"[48.822154170359, 2.3633708034878]"
2026-06-20 00:15:56,596c20d08b21cc14a3d8c887b9ea3302cfadce01,Gabriel Péri - Jules Ferry,31202,8,2,10,15,25,"[48.926182814311, 2.3912295762525]"
2026-06-20 00:15:56,ae36f42cea6daf8393cd37d89187d80ec383d751,Jourdain - Place des Grandes Rigoles,20112,2,0,2,20,22,"[48.874031137272, 2.3895947635174]"
2026-06-20 00:15:56,e43eb38555f7516b555bda617cdb4d9d9cf60dbc,Tolbiac - Boussingault,13204,0,12,12,27,41,"[48.826177754027, 2.3420378552202]"
2026-06-20 00:15:56,f21108616116f3e2c3ff8d99ad5b3339bc2d4964,Choisy - Tolbiac,13035,0,0,0,20,20,"[48.82591155587, 2.3602393269539]"
2026-06-20 00:15:56,da4486dee1901c01c3e500d1deef1c39d1975470,Convention - Lourmel,15062,0,33,33,3,36,"[48.842055041656, 2.2859910875559]"
2026-06-20 00:15:56,7886809a35f0dcdfcbbe111c7d52ee65a57f21ee,Granges aux Belles - Hôpital Saint-Louis,10114,15,7,22,38,60,"[48.874794994841, 2.366669436985]"
2026-06-20 00:15:56,6a59ff9342222ca47544822b903cae2504fe6861,Place Farhat Hached,13202,2,3,5,23,28,"[48.825487045602, 2.3816306985827]"
2026-06-20 00:15:56,dc0d3a3ff07bd61a4edb1c4fc2d3ad8fd8de3331,Les Planètes,47008,10,8,18,1,21,"[48.80929410761, 2.4596271973784]"
2026-06-20 00:15:56,f0b1435bf9aa3d12a457bce44ca0d519a1295187,Pont de Suresnes,21501,3,20,23,27,51,"[48.867415092322, 2.2258946679617]"
2026-06-20 00:15:56,b6947df3d1d84dd7efbe4a8eb23c460b2f991d3b,Cloys - Ordener,18209,0,4,4,34,38,"[48.89353865165, 2.3364427977844]"
2026-06-20 00:15:56,385ae3537567bb281da259a9c11d0a98e80405dd,Albert Kahn - Duhesme,18206,4,4,8,29,38,"[48.895623001056, 2.345815078896]"
2026-06-20 00:15:56,adcc029b358dc794834cdc1c173925307407c0c3,François 1er - Montaigne,8038,4,0,4,49,53,"[48.866887649978, 2.3066755757207]"
2026-06-20 00:15:56,b154bc9726bec3352a714f18a74c35313db0cced,Jean Jaurès - Presles,35002,5,3,8,23,31,"[48.907134414988, 2.3960057280531]"
2026-06-20 00:15:56,f37ee18cc116d62924ccd2a2507a58aa2425dda9,Place de la République - Voltaire,11046,2,8,10,7,19,"[48.866830968942, 2.3654810339212]"
2026-06-20 00:15:56,4d456d14e790faff74e876d9c57541e124429fd1,Clichy - Douai,18044,3,2,5,26,32,"[48.883687771522, 2.328063700029]"
2026-06-20 00:15:56,c61b3e0bee92f4a2a3ddb20fe8bb4119e33ba548,Place Joffre - Frédéric le Play,7109,1,5,6,32,38,"[48.853754486938, 2.3044242337346]"
2026-06-20 00:15:56,4e5406711acda555367881dffacfc145649231af,Rochechouart - Martyrs,18041,6,1,7,12,20,"[48.882193779572, 2.3405495658517]"
2026-06-20 00:15:56,d350609280fdb3ca0f1e899df77ace92e2ed1974,Montreuil - Voltaire,11012,3,0,3,31,34,"[48.850507011842, 2.3930755582745]"
2026-06-20 00:15:56,64abc4d6041814080a402e55148b10b1c70492b4,Place de la République - Temple,3004,5,5,10,5,18,"[48.867211201859, 2.3635464370545]"
2026-06-20 00:15:56,1102fe36e9e8637e276a193988555f1472d27a5f,Faubourg Du Temple - Republique,11037,7,24,31,6,38,"[48.867872484749, 2.3648982158072]"
2026-06-20 00:15:56,92052dfbeb1e04f26f327b4b1c5858dd763ad961,Jean Jaurès - Ouvrières Pivéreuses,35001,1,7,8,14,22,"[48.910423437526, 2.3995766043663]"
2026-06-20 00:15:56,7f2f28fa6792202abf5f6066eb34a228436144c5,Richard Lenoir - Voltaire,11011,2,18,20,4,25,"[48.86164273878, 2.3727491497993]"
2026-06-20 00:15:56,ecbbbc0206ac78ba778162992dad6d68d0120ac2,Mauroy - Cheminots,18205,5,4,9,22,32,"[48.897715198403, 2.357895075822]"
2026-06-20 00:15:56,86437eedba2be3874386834169585af200306045,Ecole Militaire - Place Joffre,7111,2,11,13,13,26,"[48.852060203583, 2.3017993569374]"
2026-06-20 00:15:56,7131e8638492318d2d0bd822eaf1254d6c33221d,Solidays,16200,1,1,2,1598,1600,"[48.862290331978, 2.2382658720016]"
2026-06-20 00:15:56,bce2786093d28a8785c7fd86af1821f8c1107bf1,Haut du Mont-Mesly,40010,13,2,15,6,21,"[48.780191921646, 2.4685737495183]"
2026-06-20 00:15:56,85d47234c5846aa8bf554fa8067450087ca1d729,Hôtel de Ville de Créteil,40013,1,1,2,34,36,"[48.77699496201, 2.4552552404284]"
2026-06-20 00:15:56,c1ac0af1e3716e4019858f1bb4e2e6fbe149bf05,Créteil Pointe du Lac,40014,8,1,9,19,28,"[48.769807356177, 2.4623027310281]"
2026-06-20 00:15:56,ec6fd276f604f7790887fbb77c94e87fe71f8fe1,Place Charles Vallin,15122,3,1,4,22,26,"[48.835523812041, 2.3025986552238]"
2026-06-20 00:15:56,c36569d1b01208dc34f19c7e56088d5f36e174fe,Raymond Poincaré - Place Victor Hugo,16005,0,1,1,24,25,"[48.87030612437, 2.2850745414202]"
2026-06-20 00:15:56,2b2bb238e79dc2be20cc26b6ba917d871ed9eefd,Centre Hospitalier Intercommunal de Créteil,40003,10,5,15,2,17,"[48.797078298909, 2.463801423807]"
2026-06-20 00:15:56,c67ce83617fa209de10e1dd7dbe7c9ff30e003ae,Créteil Village,40004,18,3,21,3,25,"[48.79122395576, 2.4642198533952]"
2026-06-20 00:15:56,a8beca3dd32f4b1568c3d1f5bf1dbf575764a61d,Wilson - Landy,32004,0,0,0,40,40,"[48.915167262214, 2.3576332256198]"
2026-06-20 00:15:56,bce883adfa728a2985c71e2f2cf93e5782c46382,Pierre-Simon Girard  - Paris,30006,0,0,0,35,35,"[48.901342171637, 2.4560186601176]"
2026-06-20 00:15:56,5bc6f7ca5d6f8e817f740605f44da18e252b2976,Créteil Pompadour,40008,15,6,21,23,44,"[48.773011623355, 2.435166164893]"
2026-06-20 00:15:56,5c5b47d4ccc3d8d4a115cabb8a013ac5eadceb5b,Place de la Porte de Châtillon,14021,2,0,2,57,59,"[48.8242469, 2.3186306]"
2026-06-20 00:15:56,09e2b3d988344595c5f2ae25bb79c832f3e43857,Iles de Loisirs de Créteil,40015,2,2,4,20,24,"[48.780258200618, 2.4455094301232]"
2026-06-20 00:15:56,e54df2d0841b52e72b1323732f6cd25378a03c26,Porte de Saint Cloud - Parc des Princes,16044,6,8,14,16,32,"[48.838662757066, 2.2525164484978]"
2026-06-20 00:15:56,d685cc083fa2d3927efc441a5b89aa77ae6291c2,Bobillot - Paulin Mery,13106,0,1,1,21,23,"[48.829899841747, 2.3543356766749]"
2026-06-20 00:15:56,ca2cf33200935d368efbc96f6c5ef358f8108561,Brochant - Square des Batignolles,17016,0,0,0,29,31,"[48.88818698581, 2.3168611431512]"
2026-06-20 00:15:56,2b3ca294ab9bd6a4ebe41e75cb88e7e58ea4e5f7,Yves Farges - Route d'Enghien,51005,13,3,16,18,35,"[48.95756799268, 2.2834496977978]"
2026-06-20 00:15:56,06d3b8fef7c1b6bb3c7ccff1d7a2fda9ca6bf3f1,Borrégo - Gambetta,20137,3,1,4,21,25,"[48.87330497045532, 2.4014145880937576]"
2026-06-20 00:15:56,964f9f8168c2989f6a6f924c80b50be123231112,Port-Royal - Hôpital du Val-de-Grâce,13001,3,4,7,11,18,"[48.837668272811, 2.3448138346607]"
2026-06-20 00:15:56,6ba1b6d6722e507e4dbf39768f3a9dbb5e0a6a88,Chevreuse - Montparnasse,6010,3,1,4,10,15,"[48.841739161231, 2.3315522167367]"
2026-06-20 00:15:56,0747c79ac520a1eccde9f7d012dbaf0191f3f7ef,Place d'Italie - Vincent Auriol,13010,3,0,3,37,40,"[48.831481874467, 2.3567550292319]"
2026-06-20 00:15:56,fc0a9e94f414489447c25a03964a8d6c2b6da108,Louis Blanc - Aqueduc,10031,7,1,8,27,37,"[48.882030182599, 2.363561578095]"
2026-06-20 00:15:56,dd7dc986fd820d3fa433b13e0c991b3d66594b41,Noisy le Sec - Jean-Baptiste Clément,31708,4,0,4,17,22,"[48.874515389637, 2.4152836203575]"
2026-06-20 00:15:56,c5f470deaa2bb9f9c1e40ef66d214f59da7ffc51,Gare de la Garenne-Colombes,27004,8,0,8,18,28,"[48.909752, 2.239145]"
2026-06-20 00:15:56,0dc5e6b5827d0f3e726deb2abee1ae8007074f66,Cauchy - Cévennes,15103,1,23,24,27,51,"[48.843372571022, 2.2751328349113]"
2026-06-20 00:15:56,d868cc4693862cfa3bb5a16bf376576479fefbde,Institut de France,6001,10,18,28,4,34,"[48.857615678565, 2.3358313530377]"
2026-06-20 00:15:56,8ccc2c8869e1d15f57c98b3901624a0760dc2e59,Danielle Casanova - Place Vendôme,1022,1,1,2,35,37,"[48.868266498223, 2.3304839059711]"
2026-06-20 00:15:56,ab504248bdd606a0ec0ab2d67294165427641fc6,Bois de Vincennes - Gare,41301,8,10,18,32,50,"[48.836022242887, 2.470833995083]"
2026-06-20 00:15:56,eb0fe293cbb09aad33b444e0f17d1b3f2fa73d7b,Pailleron - Bouret,19203,2,0,2,23,27,"[48.880516995482, 2.3763902374411]"
2026-06-20 00:15:56,a7836d1861fef80c519ca804cdbbbc1be4c2037c,Westermeyer - Paul Vaillant-Couturier,42004,5,13,18,10,25,"[48.819116181578764, 2.3966637253761296]"
2026-06-20 00:15:56,5c646cb1ccb253094b1fedd0503dfe2a640e13cf,Michelet - Dr Bauer,34014,6,1,7,23,32,"[48.906125424194, 2.3440374449846]"
